PARCELID,sold_date,sold_price,deed_type,acre_area,has_house,owner_state
16-03954-000,3/6/2015,155000.0,WD(WARRANTY DEED),0.46,True,AR
16-03954-000,11/3/2011,149500.0,WD(WARRANTY DEED),0.46,True,AR
16-03954-000,9/4/2008,0.0,OTHER(OTHER DOCUMENT),0.46,True,AR
16-03954-000,2/9/2007,0.0,BD(BENEFICIARY DEED),0.46,True,AR
16-03954-000,12/10/2003,165000.0,WD(WARRANTY DEED),0.46,True,AR
16-03954-000,6/5/2003,0.0,AFF(AFFIDAVIT),0.46,True,AR
16-03954-000,10/17/2002,0.0,RD(REDEMPTION DEED),0.46,True,AR
16-03954-000,9/25/2002,3000.0,WD(WARRANTY DEED),0.46,True,AR
16-03954-000,4/16/2001,84000.0,COMMD(COMMISSIONERS DEED),0.46,True,AR
16-03954-000,7/3/2000,0.0,WD(WARRANTY DEED),0.46,True,AR
16-03954-000,6/8/1998,1000.0,COMMD(COMMISSIONERS DEED),0.46,True,AR
16-03954-000,4/10/1998,0.0,RD(REDEMPTION DEED),0.46,True,AR
16-03954-000,5/6/1983,7000.0,WD(WARRANTY DEED),0.46,True,AR
16-03955-000,7/29/2019,195000.0,WD(WARRANTY DEED),0.38,True,AR
16-03955-000,3/28/2014,163000.0,WD(WARRANTY DEED),0.38,True,AR
16-03955-000,3/2/2004,154000.0,WD(WARRANTY DEED),0.38,True,AR
16-03955-000,10/3/2002,6000.0,WD(WARRANTY DEED),0.38,True,AR
16-03955-000,12/15/1981,5000.0,WD(WARRANTY DEED),0.38,True,AR
16-03956-000,7/29/2019,195000.0,WD(WARRANTY DEED),0.42,False,AR
16-03956-000,3/28/2014,163000.0,WD(WARRANTY DEED),0.42,False,AR
16-03956-000,1/9/2006,5000.0,WD(WARRANTY DEED),0.42,False,AR
16-03956-000,12/2/2002,0.0,WD(WARRANTY DEED),0.42,False,AR
16-03956-000,10/7/2002,5000.0,WD(WARRANTY DEED),0.42,False,AR
16-03956-000,10/7/2002,0.0,CERT(CERTIFICATE),0.42,False,AR
16-03956-000,10/7/2002,0.0,CERT(CERTIFICATE),0.42,False,AR
16-03956-000,11/6/2000,0.0,WD(WARRANTY DEED),0.42,False,AR
16-03956-000,11/6/2000,0.0,WD(WARRANTY DEED),0.42,False,AR
16-03956-000,11/16/1973,6000.0,WD(WARRANTY DEED),0.42,False,AR
16-03957-000,10/26/2016,0.0,BD(BENEFICIARY DEED),0.43,True,AR
16-03957-000,9/6/2005,145000.0,WD(WARRANTY DEED),0.43,True,AR
16-03957-000,10/9/2000,0.0,WD(WARRANTY DEED),0.43,True,AR
16-03957-000,10/4/2000,0.0,AB(ABSTRACT OF TRUST),0.43,True,AR
16-03957-000,5/3/1999,99000.0,WD(WARRANTY DEED),0.43,True,AR
16-03957-000,9/2/1998,100000.0,WD(WARRANTY DEED),0.43,True,AR
16-03957-000,9/28/1988,9000.0,WD(WARRANTY DEED),0.43,True,AR
16-03958-000,3/27/2020,136000.0,WD(WARRANTY DEED),0.34,True,AR
16-03958-000,11/19/2019,70000.0,CWD(CORPORATION WARRANTY DEED),0.34,True,AR
16-03958-000,4/30/2018,79000.0,COMMD(COMMISSIONERS DEED),0.34,True,AR
16-03958-000,10/9/2017,0.0,AFF(AFFIDAVIT),0.34,True,AR
16-03958-000,8/22/2013,0.0,TRD(TRUSTEES DEED),0.34,True,AR
16-03958-000,1/9/2008,86000.0,WD(WARRANTY DEED),0.34,True,AR
16-03958-000,9/27/2007,0.0,WD(WARRANTY DEED),0.34,True,AR
16-03958-000,7/14/2005,0.0,TRD(TRUSTEES DEED),0.34,True,AR
16-03958-000,3/2/2005,0.0,WD(WARRANTY DEED),0.34,True,AR
16-03958-000,3/2/2005,0.0,TRD(TRUSTEES DEED),0.34,True,AR
16-03958-000,10/17/2000,0.0,QCD(QUITCLAIM DEED),0.34,True,AR
16-03958-000,5/20/1996,46000.0,WD(WARRANTY DEED),0.34,True,AR
16-03958-000,7/1/1992,39000.0,WD(WARRANTY DEED),0.34,True,AR
16-03958-000,10/18/1991,34000.0,WD(WARRANTY DEED),0.34,True,AR
16-03958-000,4/26/1985,40000.0,WD(WARRANTY DEED),0.34,True,AR
16-03958-000,7/7/1983,0.0,CONT(CONTRACT),0.34,True,AR
16-03959-000,12/29/2020,0.0,WD(WARRANTY DEED),0.34,True,WA
16-03959-000,10/6/2014,95000.0,WD(WARRANTY DEED),0.34,True,WA
16-03959-000,3/24/2010,0.0,CERT(CERTIFICATE),0.34,True,WA
16-03959-000,3/24/2010,0.0,TRD(TRUSTEES DEED),0.34,True,WA
16-03959-000,2/5/2010,0.0,CERT(CERTIFICATE),0.34,True,WA
16-03959-000,2/4/2009,0.0,TRAG(TRUST AGREEMENT),0.34,True,WA
16-03959-000,9/30/2008,108000.0,WD(WARRANTY DEED),0.34,True,WA
16-03959-000,11/16/2007,0.0,DC(DEATH CERTIFICATE),0.34,True,WA
16-03959-000,1/7/2002,0.0,WD(WARRANTY DEED),0.34,True,WA
16-03959-000,8/8/2001,0.0,WD(WARRANTY DEED),0.34,True,WA
16-03959-000,10/17/2000,0.0,QCD(QUITCLAIM DEED),0.34,True,WA
16-03959-000,9/21/2000,0.0,CERT(CERTIFICATE),0.34,True,WA
16-03959-000,12/10/1991,3000.0,WD(WARRANTY DEED),0.34,True,WA
16-03959-000,9/15/1983,5000.0,WD(WARRANTY DEED),0.34,True,WA
16-03960-000,6/11/2019,138000.0,WD(WARRANTY DEED),0.34,True,AR
16-03960-000,10/13/2005,98000.0,WD(WARRANTY DEED),0.34,True,AR
16-03960-000,6/3/2004,0.0,QCD(QUITCLAIM DEED),0.34,True,AR
16-03960-000,6/2/2004,0.0,QCD(QUITCLAIM DEED),0.34,True,AR
16-03960-000,10/17/2000,0.0,QCD(QUITCLAIM DEED),0.34,True,AR
16-03960-000,10/31/1988,41000.0,WD(WARRANTY DEED),0.34,True,AR
16-03960-000,9/25/1980,35000.0,WD(WARRANTY DEED),0.34,True,AR
16-03961-000,10/4/2024,247000.0,WD(WARRANTY DEED),0.34,True,AR
16-03961-000,1/29/2016,64000.0,WD(WARRANTY DEED),0.34,True,AR
16-03961-000,7/16/2015,0.0,DC(DEATH CERTIFICATE),0.34,True,AR
16-03961-000,9/9/2014,0.0,BD(BENEFICIARY DEED),0.34,True,AR
16-03961-000,11/13/1993,0.0,DC(DEATH CERTIFICATE),0.34,True,AR
16-03961-000,2/20/1986,85000.0,WD(WARRANTY DEED),0.34,True,AR
16-03961-000,10/23/1985,67000.0,WD(WARRANTY DEED),0.34,True,AR
16-03961-000,4/1/1985,4000.0,WD(WARRANTY DEED),0.34,True,AR
16-03961-000,1/5/1981,0.0,WD(WARRANTY DEED),0.34,True,AR
16-03962-000,1/31/2019,197000.0,WD(WARRANTY DEED),0.34,True,AR
16-03962-000,9/5/2017,0.0,DC(DEATH CERTIFICATE),0.34,True,AR
16-03962-000,7/18/2005,162000.0,WD(WARRANTY DEED),0.34,True,AR
16-03962-000,7/19/1994,0.0,WD(WARRANTY DEED),0.34,True,AR
16-03962-000,6/22/1987,85000.0,WD(WARRANTY DEED),0.34,True,AR
16-03962-000,5/17/1984,4000.0,WD(WARRANTY DEED),0.34,True,AR
16-03963-000,4/15/2022,188000.0,WD(WARRANTY DEED),0.34,True,AR
16-03963-000,4/11/2018,0.0,DC(DEATH CERTIFICATE),0.34,True,AR
16-03963-000,1/8/2015,85000.0,TRD(TRUSTEES DEED),0.34,True,AR
16-03963-000,1/10/2008,0.0,WD(WARRANTY DEED),0.34,True,AR
16-03963-000,1/8/2008,0.0,CERT(CERTIFICATE),0.34,True,AR
16-03963-000,10/27/2006,119000.0,WD(WARRANTY DEED),0.34,True,AR
16-03963-000,8/13/1999,61000.0,WD(WARRANTY DEED),0.34,True,AR
16-03963-000,5/28/1996,0.0,DC(DEATH CERTIFICATE),0.34,True,AR
16-03963-000,12/12/1985,90000.0,WD(WARRANTY DEED),0.34,True,AR
16-03963-000,11/20/1985,71000.0,CWD(CORPORATION WARRANTY DEED),0.34,True,AR
16-03963-000,7/9/1985,6000.0,WD(WARRANTY DEED),0.34,True,AR
16-03963-000,1/24/1984,7000.0,WD(WARRANTY DEED),0.34,True,AR
16-03964-000,9/7/2021,9000.0,WD(WARRANTY DEED),0.36,False,AR
16-03964-000,11/14/2019,0.0,DC(DEATH CERTIFICATE),0.36,False,AR
16-03964-000,11/22/1982,5000.0,WD(WARRANTY DEED),0.36,False,AR
16-03965-000,4/19/2016,0.0,CERT(CERTIFICATE),0.36,True,AR
16-03965-000,4/19/2016,0.0,WD(WARRANTY DEED),0.36,True,AR
16-03965-000,4/6/2001,3000.0,WD(WARRANTY DEED),0.36,True,AR
16-03965-000,12/28/1994,7000.0,WD(WARRANTY DEED),0.36,True,AR
16-03965-000,12/28/1994,3000.0,WD(WARRANTY DEED),0.36,True,AR
16-03965-000,12/3/1982,0.0,CONT(CONTRACT),0.36,True,AR
16-03965-000,2/19/1980,6000.0,WD(WARRANTY DEED),0.36,True,AR
16-03966-000,4/13/1994,1000.0,WD(WARRANTY DEED),0.38,False,AR
16-03966-000,3/29/1988,0.0,DC(DEATH CERTIFICATE),0.38,False,AR
16-03966-000,4/25/1983,6000.0,WD(WARRANTY DEED),0.38,False,AR
16-03967-000,6/25/2019,0.0,QCD(QUITCLAIM DEED),0.35,True,AR
16-03967-000,7/30/2014,92000.0,SWD(SPECIAL WARRANTY DEED),0.35,True,AR
16-03967-000,12/4/2013,0.0,MTG-D(MORTGAGEE'S DEED),0.35,True,AR
16-03967-000,1/25/2011,0.0,DC(DEATH CERTIFICATE),0.35,True,AR
16-03967-000,4/25/1996,4000.0,WD(WARRANTY DEED),0.35,True,AR
16-03967-000,10/15/1984,0.0,CONT(CONTRACT),0.35,True,AR
16-03967-000,11/17/1982,5000.0,WD(WARRANTY DEED),0.35,True,AR
16-03968-000,6/28/2019,263000.0,WD(WARRANTY DEED),0.35,True,AR
16-03968-000,8/9/2013,239000.0,WD(WARRANTY DEED),0.35,True,AR
16-03968-000,8/1/2005,5000.0,WD(WARRANTY DEED),0.35,True,AR
16-03968-000,4/15/1996,5000.0,WD(WARRANTY DEED),0.35,True,AR
16-03968-000,8/4/1988,0.0,CONT(CONTRACT),0.35,True,AR
16-03968-000,7/23/1982,0.0,HIST(HISTORICAL),0.35,True,AR
16-03969-000,7/5/2013,238000.0,WD(WARRANTY DEED),0.49,True,AR
16-03969-000,8/16/2005,5000.0,WD(WARRANTY DEED),0.49,True,AR
16-03969-000,3/12/1999,0.0,QCD(QUITCLAIM DEED),0.49,True,AR
16-03969-000,3/12/1999,0.0,QCD(QUITCLAIM DEED),0.49,True,AR
16-03969-000,7/18/1995,0.0,QCD(QUITCLAIM DEED),0.49,True,AR
16-03969-000,7/17/1995,0.0,CERT(CERTIFICATE),0.49,True,AR
16-03969-000,6/28/1995,0.0,TRAG(TRUST AGREEMENT),0.49,True,AR
16-03969-000,4/20/1992,0.0,WD(WARRANTY DEED),0.49,True,AR
16-03969-000,4/6/1992,0.0,TRAG(TRUST AGREEMENT),0.49,True,AR
16-03969-000,6/14/1976,6000.0,WD(WARRANTY DEED),0.49,True,AR
16-03970-000,10/25/2017,0.0,WD(WARRANTY DEED),0.41,False,AR
16-03970-000,10/25/2017,0.0,CERT(CERTIFICATE),0.41,False,AR
16-03970-000,8/14/2015,309000.0,WD(WARRANTY DEED),0.41,False,AR
16-03970-000,4/30/2008,0.0,QCD(QUITCLAIM DEED),0.41,False,AR
16-03970-000,7/2/2003,2000.0,WD(WARRANTY DEED),0.41,False,AR
16-03970-000,10/5/1982,6000.0,WD(WARRANTY DEED),0.41,False,AR
16-03971-000,10/25/2017,0.0,WD(WARRANTY DEED),0.45,True,AR
16-03971-000,10/25/2017,0.0,CERT(CERTIFICATE),0.45,True,AR
16-03971-000,8/14/2015,309000.0,WD(WARRANTY DEED),0.45,True,AR
16-03971-000,4/30/2008,0.0,QCD(QUITCLAIM DEED),0.45,True,AR
16-03971-000,7/2/2003,4000.0,WD(WARRANTY DEED),0.45,True,AR
16-03971-000,1/8/1980,4000.0,WD(WARRANTY DEED),0.45,True,AR
16-03972-000,7/27/2023,45000.0,CWD(CORPORATION WARRANTY DEED),0.4,False,AR
16-03972-000,10/26/2005,0.0,CERT(CERTIFICATE),0.4,False,AR
16-03972-000,10/26/2005,6000.0,COMMD(COMMISSIONERS DEED),0.4,False,AR
16-03972-000,10/21/2005,0.0,RD(REDEMPTION DEED),0.4,False,AR
16-03972-000,1/18/2002,0.0,QCD(QUITCLAIM DEED),0.4,False,AR
16-03972-000,12/10/2001,0.0,OR(ORDER),0.4,False,AR
16-03972-000,12/28/1998,1000.0,WD(WARRANTY DEED),0.4,False,AR
16-03972-000,10/19/1990,2000.0,WD(WARRANTY DEED),0.4,False,AR
16-03972-000,6/16/1989,1000.0,WD(WARRANTY DEED),0.4,False,AR
16-03972-000,3/18/1988,2000.0,WD(WARRANTY DEED),0.4,False,AR
16-03972-000,8/19/1986,0.0,QCD(QUITCLAIM DEED),0.4,False,AR
16-03973-000,5/10/2022,0.0,BD(BENEFICIARY DEED),0.35,True,AR
16-03973-000,5/10/2022,303000.0,WD(WARRANTY DEED),0.35,True,AR
16-03973-000,12/24/2021,0.0,DC(DEATH CERTIFICATE),0.35,True,AR
16-03973-000,8/26/2009,0.0,BD(BENEFICIARY DEED),0.35,True,AR
16-03973-000,8/26/2009,0.0,CERT(CERTIFICATE),0.35,True,AR
16-03973-000,10/13/2000,91000.0,WD(WARRANTY DEED),0.35,True,AR
16-03973-000,8/14/1992,101000.0,WD(WARRANTY DEED),0.35,True,AR
16-03973-000,11/20/1991,0.0,WD(WARRANTY DEED),0.35,True,AR
16-03973-000,8/26/1991,3000.0,WD(WARRANTY DEED),0.35,True,AR
16-03973-000,11/16/1989,0.0,WD(WARRANTY DEED),0.35,True,AR
16-03973-000,1/5/1982,6000.0,WD(WARRANTY DEED),0.35,True,AR
16-03974-000,5/23/2022,400000.0,WD(WARRANTY DEED),0.39,True,AR
16-03974-000,12/15/2006,185000.0,WD(WARRANTY DEED),0.39,True,AR
16-03974-000,9/27/2005,50000.0,WD(WARRANTY DEED),0.39,True,AR
16-03974-000,12/9/2004,0.0,QCD(QUITCLAIM DEED),0.39,True,AR
16-03974-000,12/16/2003,2000.0,WD(WARRANTY DEED),0.39,True,AR
16-03974-000,7/14/1977,5000.0,WD(WARRANTY DEED),0.39,True,AR
16-03975-000,7/7/2022,0.0,BD(BENEFICIARY DEED),0.4,True,AR
16-03975-000,6/17/2003,134000.0,WD(WARRANTY DEED),0.4,True,AR
16-03975-000,9/30/2002,2000.0,WD(WARRANTY DEED),0.4,True,AR
16-03975-000,3/8/1994,0.0,MEMO(MEMORANDUM),0.4,True,AR
16-03975-000,6/12/1989,0.0,WD(WARRANTY DEED),0.4,True,AR
16-03975-000,6/8/1989,0.0,CONT(CONTRACT),0.4,True,AR
16-03975-000,5/17/1989,7000.0,WD(WARRANTY DEED),0.4,True,AR
16-03975-000,7/5/1982,0.0,WD(WARRANTY DEED),0.4,True,AR
16-03976-000,3/14/2023,0.0,ADMN(ADMINISTRATORS DEED),0.4,True,AR
16-03976-000,8/15/2022,0.0,OR(ORDER),0.4,True,AR
16-03976-000,10/6/2021,0.0,OBIT(OBITUARY),0.4,True,AR
16-03976-000,1/8/2019,0.0,OBIT(OBITUARY),0.4,True,AR
16-03976-000,10/29/2013,81000.0,SWD(SPECIAL WARRANTY DEED),0.4,True,AR
16-03976-000,2/12/2013,0.0,MTG-D(MORTGAGEE'S DEED),0.4,True,AR
16-03976-000,7/5/2001,0.0,QCD(QUITCLAIM DEED),0.4,True,AR
16-03976-000,6/19/2001,79000.0,WD(WARRANTY DEED),0.4,True,AR
16-03976-000,12/12/1985,92000.0,WD(WARRANTY DEED),0.4,True,AR
16-03976-000,12/6/1985,67000.0,CWD(CORPORATION WARRANTY DEED),0.4,True,AR
16-03976-000,6/25/1985,4000.0,WD(WARRANTY DEED),0.4,True,AR
16-03976-000,9/9/1982,5000.0,WD(WARRANTY DEED),0.4,True,AR
16-03977-000,6/18/2021,230000.0,WD(WARRANTY DEED),0.38,True,AR
16-03977-000,10/12/2017,0.0,BD(BENEFICIARY DEED),0.38,True,AR
16-03977-000,11/16/2011,0.0,QCD(QUITCLAIM DEED),0.38,True,AR
16-03977-000,8/16/2006,10000.0,WD(WARRANTY DEED),0.38,True,AR
16-03977-000,5/23/2005,5000.0,WD(WARRANTY DEED),0.38,True,AR
16-03977-000,7/14/1995,0.0,QCD(QUITCLAIM DEED),0.38,True,AR
16-03977-000,7/23/1993,0.0,CONT(CONTRACT),0.38,True,AR
16-03977-000,12/19/1990,0.0,CONT(CONTRACT),0.38,True,AR
16-03977-000,9/19/1990,5000.0,WD(WARRANTY DEED),0.38,True,AR
16-03977-000,9/19/1980,4500.0,HIST(HISTORICAL),0.38,True,AR
16-03978-000,5/2/2023,0.0,AFF(AFFIDAVIT),0.34,True,AR
16-03978-000,4/21/2023,0.0,TRD(TRUSTEES DEED),0.34,True,AR
16-03978-000,1/14/2023,0.0,DC(DEATH CERTIFICATE),0.34,True,AR
16-03978-000,6/14/2021,0.0,WD(WARRANTY DEED),0.34,True,AR
16-03978-000,6/14/2021,0.0,CERT(CERTIFICATE),0.34,True,AR
16-03978-000,12/5/2006,0.0,TRD(TRUSTEES DEED),0.34,True,AR
16-03978-000,12/5/2006,0.0,TRAG(TRUST AGREEMENT),0.34,True,AR
16-03978-000,10/12/2006,0.0,DC(DEATH CERTIFICATE),0.34,True,AR
16-03978-000,11/9/2004,5000.0,WD(WARRANTY DEED),0.34,True,AR
16-03978-000,10/4/1999,0.0,RD(REDEMPTION DEED),0.34,True,AR
16-03978-000,5/21/1985,7000.0,WD(WARRANTY DEED),0.34,True,AR
16-03979-000,10/28/2024,0.0,OBIT(OBITUARY),0.29,True,AR
16-03979-000,9/25/2014,0.0,WD(WARRANTY DEED),0.29,True,AR
16-03979-000,7/17/2014,184000.0,TRWD(TRUSTEES WARRANTY DEED),0.29,True,AR
16-03979-000,4/5/2011,0.0,WD(WARRANTY DEED),0.29,True,AR
16-03979-000,4/5/2011,0.0,CERT(CERTIFICATE),0.29,True,AR
16-03979-000,1/26/2011,0.0,WD(WARRANTY DEED),0.29,True,AR
16-03979-000,8/1/2006,169000.0,WD(WARRANTY DEED),0.29,True,AR
16-03979-000,4/22/2005,5000.0,WD(WARRANTY DEED),0.29,True,AR
16-03979-000,1/24/1978,7000.0,WD(WARRANTY DEED),0.29,True,AR
16-03980-000,3/29/2018,193000.0,TRWD(TRUSTEES WARRANTY DEED),0.28,True,AR
16-03980-000,3/29/2018,0.0,CERT(CERTIFICATE),0.28,True,AR
16-03980-000,11/4/2016,0.0,DC(DEATH CERTIFICATE),0.28,True,AR
16-03980-000,3/7/2011,0.0,SWD(SPECIAL WARRANTY DEED),0.28,True,AR
16-03980-000,3/7/2011,0.0,CERT(CERTIFICATE),0.28,True,AR
16-03980-000,4/24/2008,0.0,AFF(AFFIDAVIT),0.28,True,AR
16-03980-000,9/21/2007,0.0,CORRWD(CORRECTED WARRANTY DEED),0.28,True,AR
16-03980-000,9/17/2007,210000.0,WD(WARRANTY DEED),0.28,True,AR
16-03980-000,3/21/2003,7000.0,WD(WARRANTY DEED),0.28,True,AR
16-03980-000,5/31/1994,0.0,DC(DEATH CERTIFICATE),0.28,True,AR
16-03980-000,6/12/1987,5000.0,WD(WARRANTY DEED),0.28,True,AR
16-03980-000,1/1/1982,7000.0,WD(WARRANTY DEED),0.28,True,AR
16-03981-000,8/18/2017,0.0,CERT(CERTIFICATE),0.33,True,AR
16-03981-000,2/5/2016,0.0,WD(WARRANTY DEED),0.33,True,AR
16-03981-000,8/31/2007,105000.0,WD(WARRANTY DEED),0.33,True,AR
16-03981-000,6/19/2007,0.0,MTG-D(MORTGAGEE'S DEED),0.33,True,AR
16-03981-000,2/2/2005,115000.0,WD(WARRANTY DEED),0.33,True,AR
16-03981-000,9/24/2002,93000.0,WD(WARRANTY DEED),0.33,True,AR
16-03981-000,5/14/1993,0.0,WD(WARRANTY DEED),0.33,True,AR
16-03981-000,5/11/1993,0.0,TRAG(TRUST AGREEMENT),0.33,True,AR
16-03981-000,3/13/1993,0.0,DC(DEATH CERTIFICATE),0.33,True,AR
16-03981-000,9/6/1985,83000.0,WD(WARRANTY DEED),0.33,True,AR
16-03981-000,8/22/1985,70000.0,WD(WARRANTY DEED),0.33,True,AR
16-03981-000,4/26/1985,5000.0,WD(WARRANTY DEED),0.33,True,AR
16-03981-000,4/26/1985,6000.0,WD(WARRANTY DEED),0.33,True,AR
16-03982-000,8/29/2018,282000.0,WD(WARRANTY DEED),0.33,True,AR
16-03982-000,4/5/2005,0.0,WD(WARRANTY DEED),0.33,True,AR
16-03982-000,3/8/2005,4000.0,WD(WARRANTY DEED),0.33,True,AR
16-03982-000,11/22/1982,6000.0,WD(WARRANTY DEED),0.33,True,AR
16-03983-000,8/29/2018,282000.0,WD(WARRANTY DEED),0.33,False,AR
16-03983-000,4/5/2005,3000.0,WD(WARRANTY DEED),0.33,False,AR
16-03984-000,8/30/2022,288000.0,WD(WARRANTY DEED),0.34,True,AR
16-03984-000,7/12/2019,165000.0,WD(WARRANTY DEED),0.34,True,AR
16-03984-000,3/18/2019,0.0,ML(MARRIAGE LICENSE),0.34,True,AR
16-03984-000,9/14/2016,106000.0,WD(WARRANTY DEED),0.34,True,AR
16-03984-000,9/14/2016,0.0,MEMO(MEMORANDUM),0.34,True,AR
16-03984-000,9/14/2016,0.0,MEMO(MEMORANDUM),0.34,True,AR
16-03984-000,9/16/2015,0.0,AFF(AFFIDAVIT),0.34,True,AR
16-03984-000,3/6/2015,0.0,BD(BENEFICIARY DEED),0.34,True,AR
16-03984-000,3/30/2011,0.0,BD(BENEFICIARY DEED),0.34,True,AR
16-03984-000,8/30/1995,0.0,WD(WARRANTY DEED),0.34,True,AR
16-03984-000,8/30/1995,0.0,TRAG(TRUST AGREEMENT),0.34,True,AR
16-03984-000,8/30/1995,0.0,TRAG(TRUST AGREEMENT),0.34,True,AR
16-03984-000,2/24/1993,80000.0,WD(WARRANTY DEED),0.34,True,AR
16-03984-000,3/20/1989,63000.0,WD(WARRANTY DEED),0.34,True,AR
16-03984-000,12/10/1985,0.0,TRAG(TRUST AGREEMENT),0.34,True,AR
16-03985-000,3/12/2003,211000.0,WD(WARRANTY DEED),0.33,True,AR
16-03985-000,5/19/2000,3000.0,WD(WARRANTY DEED),0.33,True,AR
16-03985-000,5/19/2000,0.0,MEMO(MEMORANDUM),0.33,True,AR
16-03985-000,9/7/1995,0.0,QCD(QUITCLAIM DEED),0.33,True,AR
16-03985-000,10/25/1982,5000.0,WD(WARRANTY DEED),0.33,True,AR
16-03986-000,3/11/2003,211000.0,WD(WARRANTY DEED),0.36,False,AR
16-03986-000,5/12/2000,4000.0,WD(WARRANTY DEED),0.36,False,AR
16-03986-000,6/27/1994,0.0,RD(REDEMPTION DEED),0.36,False,AR
16-03986-000,11/23/1982,5000.0,WD(WARRANTY DEED),0.36,False,AR
16-03987-000,3/1/2014,0.0,DC(DEATH CERTIFICATE),0.31,True,AR
16-03987-000,7/20/2004,170000.0,WD(WARRANTY DEED),0.31,True,AR
16-03987-000,11/1/2002,136000.0,WD(WARRANTY DEED),0.31,True,AR
16-03987-000,4/5/2002,3000.0,WD(WARRANTY DEED),0.31,True,AR
16-03987-000,11/21/1983,5000.0,WD(WARRANTY DEED),0.31,True,AR
16-03988-000,12/9/2020,0.0,WD(WARRANTY DEED),0.32,True,AR
16-03988-000,8/19/2014,93000.0,WD(WARRANTY DEED),0.32,True,AR
16-03988-000,5/26/1992,76000.0,WD(WARRANTY DEED),0.32,True,AR
16-03988-000,6/11/1990,3000.0,WD(WARRANTY DEED),0.32,True,AR
16-03988-000,3/2/1989,0.0,CONT(CONTRACT),0.32,True,AR
16-03988-000,9/9/1981,0.0,CONT(CONTRACT),0.32,True,AR
16-03989-000,4/14/2023,455000.0,WD(WARRANTY DEED),0.34,True,AR
16-03989-000,4/20/2022,410000.0,TRWD(TRUSTEES WARRANTY DEED),0.34,True,AR
16-03989-000,4/20/2022,0.0,CERT(CERTIFICATE),0.34,True,AR
16-03989-000,4/23/2018,227000.0,WD(WARRANTY DEED),0.34,True,AR
16-03989-000,10/21/2011,0.0,QCD(QUITCLAIM DEED),0.34,True,AR
16-03989-000,6/25/2004,229000.0,WD(WARRANTY DEED),0.34,True,AR
16-03989-000,5/30/2002,5000.0,WD(WARRANTY DEED),0.34,True,AR
16-03989-000,2/24/2000,1000.0,COMMD(COMMISSIONERS DEED),0.34,True,AR
16-03989-000,12/29/1999,0.0,RD(REDEMPTION DEED),0.34,True,AR
16-03989-000,12/16/1989,0.0,DC(DEATH CERTIFICATE),0.34,True,AR
16-03989-000,12/4/1984,7000.0,WD(WARRANTY DEED),0.34,True,AR
16-03989-000,2/15/1984,4000.0,WD(WARRANTY DEED),0.34,True,AR
16-03990-000,11/1/2018,0.0,QCD(QUITCLAIM DEED),0.38,True,AR
16-03990-000,12/7/2013,0.0,DC(DEATH CERTIFICATE),0.38,True,AR
16-03990-000,11/4/2003,68000.0,WD(WARRANTY DEED),0.38,True,AR
16-03990-000,9/5/2003,0.0,DC(DEATH CERTIFICATE),0.38,True,AR
16-03990-000,5/29/1997,0.0,WD(WARRANTY DEED),0.38,True,AR
16-03990-000,5/29/1997,0.0,CERT(CERTIFICATE),0.38,True,AR
16-03990-000,9/27/1996,0.0,DC(DEATH CERTIFICATE),0.38,True,AR
16-03990-000,1/16/1986,66000.0,WD(WARRANTY DEED),0.38,True,AR
16-03990-000,1/12/1986,52000.0,WD(WARRANTY DEED),0.38,True,AR
16-03990-000,9/18/1985,4000.0,WD(WARRANTY DEED),0.38,True,AR
16-03990-000,8/13/1981,5000.0,WD(WARRANTY DEED),0.38,True,AR
16-03991-000,6/8/2023,375000.0,WD(WARRANTY DEED),0.33,True,AR
16-03991-000,6/8/2023,0.0,AFF(AFFIDAVIT),0.33,True,AR
16-03991-000,1/26/2021,10000.0,TRWD(TRUSTEES WARRANTY DEED),0.33,True,AR
16-03991-000,3/18/2008,0.0,QCD(QUITCLAIM DEED),0.33,True,AR
16-03991-000,3/21/2000,0.0,QCD(QUITCLAIM DEED),0.33,True,AR
16-03991-000,11/11/1975,7000.0,WD(WARRANTY DEED),0.33,True,AR
16-03992-000,12/28/2020,0.0,WD(WARRANTY DEED),0.37,True,AR
16-03992-000,12/28/2020,0.0,CERT(CERTIFICATE),0.37,True,AR
16-03992-000,8/21/2018,250000.0,WD(WARRANTY DEED),0.37,True,AR
16-03992-000,10/10/2017,0.0,BD(BENEFICIARY DEED),0.37,True,AR
16-03992-000,2/28/2012,195000.0,TRD(TRUSTEES DEED),0.37,True,AR
16-03992-000,8/23/2011,0.0,QCD(QUITCLAIM DEED),0.37,True,AR
16-03992-000,8/6/2009,130000.0,WD(WARRANTY DEED),0.37,True,AR
16-03992-000,8/6/2004,290000.0,WD(WARRANTY DEED),0.37,True,AR
16-03992-000,9/13/1999,215000.0,WD(WARRANTY DEED),0.37,True,AR
16-03992-000,3/18/1998,2000.0,WD(WARRANTY DEED),0.37,True,AR
16-03992-000,4/29/1983,5000.0,WD(WARRANTY DEED),0.37,True,AR
16-03993-000,12/28/2020,0.0,WD(WARRANTY DEED),0.38,False,AR
16-03993-000,12/28/2020,0.0,CERT(CERTIFICATE),0.38,False,AR
16-03993-000,8/21/2018,250000.0,WD(WARRANTY DEED),0.38,False,AR
16-03993-000,10/10/2017,0.0,BD(BENEFICIARY DEED),0.38,False,AR
16-03993-000,2/28/2012,195000.0,TRD(TRUSTEES DEED),0.38,False,AR
16-03993-000,8/23/2011,0.0,QCD(QUITCLAIM DEED),0.38,False,AR
16-03993-000,8/6/2009,0.0,WD(WARRANTY DEED),0.38,False,AR
16-03993-000,8/6/2004,290000.0,WD(WARRANTY DEED),0.38,False,AR
16-03993-000,9/13/1999,215000.0,WD(WARRANTY DEED),0.38,False,AR
16-03993-000,5/5/1998,3000.0,WD(WARRANTY DEED),0.38,False,AR
16-03993-000,10/30/1992,0.0,CONT(CONTRACT),0.38,False,AR
16-03993-000,8/28/1987,0.0,CONT(CONTRACT),0.38,False,AR
16-03993-000,8/11/1987,0.0,WD(WARRANTY DEED),0.38,False,AR
16-03993-000,6/17/1983,7000.0,WD(WARRANTY DEED),0.38,False,AR
16-03994-000,10/27/2021,325000.0,TRWD(TRUSTEES WARRANTY DEED),0.37,True,AR
16-03994-000,8/31/2021,0.0,CERT(CERTIFICATE),0.37,True,AR
16-03994-000,8/26/2021,0.0,DC(DEATH CERTIFICATE),0.37,True,AR
16-03994-000,5/21/2020,0.0,OTHER(OTHER DOCUMENT),0.37,True,AR
16-03994-000,10/12/2017,0.0,WD(WARRANTY DEED),0.37,True,AR
16-03994-000,10/12/2017,0.0,CERT(CERTIFICATE),0.37,True,AR
16-03994-000,10/3/2002,0.0,WD(WARRANTY DEED),0.37,True,AR
16-03994-000,5/31/2001,0.0,WD(WARRANTY DEED),0.37,True,AR
16-03994-000,5/10/2001,0.0,MEMO(MEMORANDUM),0.37,True,AR
16-03994-000,6/23/2000,7000.0,WD(WARRANTY DEED),0.37,True,AR
16-03994-000,7/21/1982,5000.0,WD(WARRANTY DEED),0.37,True,AR
16-03994-001,10/27/2021,325000.0,TRWD(TRUSTEES WARRANTY DEED),0.4,False,AR
16-03994-001,8/31/2021,0.0,CERT(CERTIFICATE),0.4,False,AR
16-03994-001,8/26/2021,0.0,DC(DEATH CERTIFICATE),0.4,False,AR
16-03994-001,5/21/2020,0.0,OTHER(OTHER DOCUMENT),0.4,False,AR
16-03994-001,10/12/2017,0.0,WD(WARRANTY DEED),0.4,False,AR
16-03994-001,10/12/2017,0.0,CERT(CERTIFICATE),0.4,False,AR
16-03996-000,1/7/2021,0.0,QCD(QUITCLAIM DEED),0.53,False,MO
16-03996-000,10/6/2020,9000.0,WD(WARRANTY DEED),0.53,False,MO
16-03996-000,8/19/2013,1000.0,SWD(SPECIAL WARRANTY DEED),0.53,False,MO
16-03996-000,4/2/2013,0.0,QCD(QUITCLAIM DEED),0.53,False,MO
16-03996-000,8/27/1992,8000.0,WD(WARRANTY DEED),0.53,False,MO
16-03996-000,8/1/1982,0.0,CONT(CONTRACT),0.53,False,MO
16-03996-000,1/26/1979,0.0,WD(WARRANTY DEED),0.53,False,MO
16-03998-000,8/30/2016,273000.0,WD(WARRANTY DEED),1.58,True,AR
16-03998-000,2/10/2012,0.0,QCD(QUITCLAIM DEED),1.58,True,AR
16-03998-000,8/20/1997,205000.0,WD(WARRANTY DEED),1.58,True,AR
16-03998-000,6/10/1997,0.0,WD(WARRANTY DEED),1.58,True,AR
16-03998-000,8/4/1995,6000.0,WD(WARRANTY DEED),1.58,True,AR
16-03998-000,3/12/1992,2000.0,WD(WARRANTY DEED),1.58,True,AR
16-03998-000,11/2/1988,2000.0,WD(WARRANTY DEED),1.58,True,AR
16-03998-000,8/25/1987,0.0,WD(WARRANTY DEED),1.58,True,AR
16-04000-000,11/29/2022,445000.0,WD(WARRANTY DEED),0.51,True,AR
16-04000-000,6/15/2021,0.0,CERT(CERTIFICATE),0.51,True,AR
16-04000-000,4/1/2020,305000.0,WD(WARRANTY DEED),0.51,True,AR
16-04000-000,2/14/2020,0.0,QCD(QUITCLAIM DEED),0.51,True,AR
16-04000-000,12/22/2010,0.0,QCD(QUITCLAIM DEED),0.51,True,AR
16-04000-000,12/4/2007,0.0,QCD(QUITCLAIM DEED),0.51,True,AR
16-04000-000,7/31/2007,0.0,CORRWD(CORRECTED WARRANTY DEED),0.51,True,AR
16-04000-000,7/20/2007,222000.0,WD(WARRANTY DEED),0.51,True,AR
16-04000-000,4/7/1998,182000.0,WD(WARRANTY DEED),0.51,True,AR
16-04000-000,11/2/1995,4000.0,WD(WARRANTY DEED),0.51,True,AR
16-04000-000,11/2/1995,0.0,MEMO(MEMORANDUM),0.51,True,AR
16-04000-000,1/12/1995,0.0,QCD(QUITCLAIM DEED),0.51,True,AR
16-04000-000,11/15/1982,6000.0,WD(WARRANTY DEED),0.51,True,AR
16-04001-000,9/26/2012,215000.0,WD(WARRANTY DEED),0.41,False,AR
16-04001-000,8/23/2011,0.0,QCD(QUITCLAIM DEED),0.41,False,AR
16-04001-000,9/20/2006,6000.0,WD(WARRANTY DEED),0.41,False,AR
16-04001-000,3/11/1988,0.0,CONT(CONTRACT),0.41,False,AR
16-04001-000,12/30/1987,5000.0,WD(WARRANTY DEED),0.41,False,AR
16-04001-000,2/1/1982,6000.0,WD(WARRANTY DEED),0.41,False,AR
16-04002-000,9/26/2012,215000.0,WD(WARRANTY DEED),0.41,True,AR
16-04002-000,8/23/2011,0.0,QCD(QUITCLAIM DEED),0.41,True,AR
16-04002-000,5/24/2004,280000.0,WD(WARRANTY DEED),0.41,True,AR
16-04002-000,2/12/2001,3000.0,WD(WARRANTY DEED),0.41,True,AR
16-04002-000,2/12/2001,0.0,QCD(QUITCLAIM DEED),0.41,True,AR
16-04002-000,2/12/2001,0.0,QCD(QUITCLAIM DEED),0.41,True,AR
16-04002-000,11/13/1996,0.0,RD(REDEMPTION DEED),0.41,True,AR
16-04002-000,11/12/1981,6000.0,WD(WARRANTY DEED),0.41,True,AR
16-04003-000,9/26/2012,215000.0,WD(WARRANTY DEED),0.41,False,AR
16-04003-000,8/23/2011,0.0,QCD(QUITCLAIM DEED),0.41,False,AR
16-04003-000,4/30/2004,6000.0,WD(WARRANTY DEED),0.41,False,AR
16-04003-000,11/12/2003,4000.0,WD(WARRANTY DEED),0.41,False,AR
16-04003-000,9/8/1988,0.0,CONT(CONTRACT),0.41,False,AR
16-04003-000,4/21/1988,0.0,CONT(CONTRACT),0.41,False,AR
16-04003-000,10/15/1984,0.0,CONT(CONTRACT),0.41,False,AR
16-04003-000,3/29/1984,0.0,DC(DEATH CERTIFICATE),0.41,False,AR
16-04004-000,8/10/2020,210000.0,WD(WARRANTY DEED),0.43,True,AR
16-04004-000,11/23/2015,175000.0,WD(WARRANTY DEED),0.43,True,AR
16-04004-000,8/25/2006,0.0,QCD(QUITCLAIM DEED),0.43,True,AR
16-04004-000,1/20/1998,1000.0,TRD(TRUSTEES DEED),0.43,True,AR
16-04004-000,1/16/1998,0.0,MEMO(MEMORANDUM),0.43,True,AR
16-04004-000,1/16/1998,0.0,MEMO(MEMORANDUM),0.43,True,AR
16-04004-000,8/3/1994,0.0,CONT(CONTRACT),0.43,True,AR
16-04004-000,9/23/1991,0.0,WD(WARRANTY DEED),0.43,True,AR
16-04004-000,9/23/1991,0.0,WD(WARRANTY DEED),0.43,True,AR
16-04004-000,8/22/1991,0.0,WD(WARRANTY DEED),0.43,True,AR
16-04004-000,5/17/1985,0.0,CONT(CONTRACT),0.43,True,AR
16-04004-000,3/24/1981,6000.0,WD(WARRANTY DEED),0.43,True,AR
16-04005-000,9/22/2022,235000.0,WD(WARRANTY DEED),0.45,True,AR
16-04005-000,9/23/2021,160000.0,WD(WARRANTY DEED),0.45,True,AR
16-04005-000,7/3/2007,124000.0,TRD(TRUSTEES DEED),0.45,True,AR
16-04005-000,7/3/2007,0.0,TRNOT(TRUSTEES NOTICE),0.45,True,AR
16-04005-000,8/7/2006,0.0,DC(DEATH CERTIFICATE),0.45,True,AR
16-04005-000,7/12/2001,0.0,DC(DEATH CERTIFICATE),0.45,True,AR
16-04005-000,8/11/1998,0.0,TRAG(TRUST AGREEMENT),0.45,True,AR
16-04005-000,7/23/1991,0.0,MEMO(MEMORANDUM),0.45,True,AR
16-04005-000,7/23/1991,0.0,WD(WARRANTY DEED),0.45,True,AR
16-04005-000,11/1/1985,0.0,DC(DEATH CERTIFICATE),0.45,True,AR
16-04005-000,11/1/1985,0.0,DC(DEATH CERTIFICATE),0.45,True,AR
16-04005-000,11/1/1985,0.0,DC(DEATH CERTIFICATE),0.45,True,AR
16-04005-000,6/9/1980,3000.0,WD(WARRANTY DEED),0.45,True,AR
16-04006-000,3/14/2025,315000.0,WD(WARRANTY DEED),0.44,True,AR
16-04006-000,11/18/2020,200000.0,WD(WARRANTY DEED),0.44,True,AR
16-04006-000,5/30/2019,161000.0,WD(WARRANTY DEED),0.44,True,AR
16-04006-000,6/11/2009,97000.0,WD(WARRANTY DEED),0.44,True,AR
16-04006-000,2/25/2008,0.0,TRNOT(TRUSTEES NOTICE),0.44,True,AR
16-04006-000,2/16/2008,0.0,DC(DEATH CERTIFICATE),0.44,True,AR
16-04006-000,3/23/2007,0.0,WD(WARRANTY DEED),0.44,True,AR
16-04006-000,3/23/2007,0.0,CERT(CERTIFICATE),0.44,True,AR
16-04006-000,7/19/1978,60000.0,WD(WARRANTY DEED),0.44,True,AR
16-04007-000,4/25/2006,133000.0,WD(WARRANTY DEED),0.41,True,AR
16-04007-000,9/3/2002,105000.0,WD(WARRANTY DEED),0.41,True,AR
16-04007-000,5/20/1994,0.0,WD(WARRANTY DEED),0.41,True,AR
16-04007-000,5/16/1994,0.0,WD(WARRANTY DEED),0.41,True,AR
16-04007-000,5/16/1994,0.0,TRAG(TRUST AGREEMENT),0.41,True,AR
16-04007-000,2/23/1988,0.0,WD(WARRANTY DEED),0.41,True,AR
16-04007-000,5/21/1986,90000.0,WD(WARRANTY DEED),0.41,True,AR
16-04007-000,1/2/1986,67000.0,CWD(CORPORATION WARRANTY DEED),0.41,True,AR
16-04007-000,7/9/1985,6000.0,WD(WARRANTY DEED),0.41,True,AR
16-04007-000,11/15/1982,6000.0,WD(WARRANTY DEED),0.41,True,AR
16-04008-000,10/5/2017,0.0,BD(BENEFICIARY DEED),0.39,True,AR
16-04008-000,11/11/2016,0.0,DC(DEATH CERTIFICATE),0.39,True,AR
16-04008-000,6/1/2005,110000.0,WD(WARRANTY DEED),0.39,True,AR
16-04008-000,2/15/2000,0.0,WD(WARRANTY DEED),0.39,True,AR
16-04008-000,2/15/2000,0.0,MEMO(MEMORANDUM),0.39,True,AR
16-04008-000,7/10/1986,90000.0,WD(WARRANTY DEED),0.39,True,AR
16-04008-000,3/3/1986,88000.0,WD(WARRANTY DEED),0.39,True,AR
16-04008-000,7/12/1985,5000.0,WD(WARRANTY DEED),0.39,True,AR
16-04008-000,11/24/1976,7000.0,WD(WARRANTY DEED),0.39,True,AR
16-04009-000,12/3/2020,155000.0,WD(WARRANTY DEED),0.37,True,AR
16-04009-000,2/13/2017,0.0,WD(WARRANTY DEED),0.37,True,AR
16-04009-000,2/13/2017,0.0,CERT(CERTIFICATE),0.37,True,AR
16-04009-000,11/18/2002,87000.0,EXD(EXECUTOR-EXECUTRIX DEED),0.37,True,AR
16-04009-000,1/29/1998,80000.0,WD(WARRANTY DEED),0.37,True,AR
16-04009-000,10/7/1997,0.0,QCD(QUITCLAIM DEED),0.37,True,AR
16-04009-000,4/3/1989,0.0,WD(WARRANTY DEED),0.37,True,AR
16-04009-000,8/7/1985,90000.0,WD(WARRANTY DEED),0.37,True,AR
16-04009-000,7/1/1985,67000.0,WD(WARRANTY DEED),0.37,True,AR
16-04009-000,3/26/1985,4000.0,WD(WARRANTY DEED),0.37,True,AR
16-04009-000,1/22/1984,0.0,DC(DEATH CERTIFICATE),0.37,True,AR
16-04010-000,8/21/2019,90000.0,WD(WARRANTY DEED),0.38,True,AR
16-04010-000,7/21/2011,0.0,BD(BENEFICIARY DEED),0.38,True,AR
16-04010-000,10/30/1998,55000.0,WD(WARRANTY DEED),0.38,True,AR
16-04010-000,7/31/1992,0.0,WD(WARRANTY DEED),0.38,True,AR
16-04010-000,7/29/1992,0.0,TRAG(TRUST AGREEMENT),0.38,True,AR
16-04010-000,4/30/1990,47000.0,WD(WARRANTY DEED),0.38,True,AR
16-04010-000,11/21/1978,6000.0,WD(WARRANTY DEED),0.38,True,AR
16-04011-000,9/19/2019,133000.0,WD(WARRANTY DEED),0.36,True,AR
16-04011-000,1/10/2017,0.0,BD(BENEFICIARY DEED),0.36,True,AR
16-04011-000,3/17/1997,86000.0,WD(WARRANTY DEED),0.36,True,AR
16-04011-000,5/15/1995,82000.0,WD(WARRANTY DEED),0.36,True,AR
16-04011-000,7/5/1990,82000.0,WD(WARRANTY DEED),0.36,True,AR
16-04011-000,6/4/1990,63000.0,WD(WARRANTY DEED),0.36,True,AR
16-04011-000,12/19/1989,3000.0,WD(WARRANTY DEED),0.36,True,AR
16-04011-000,4/22/1974,6000.0,WD(WARRANTY DEED),0.36,True,AR
16-04012-000,11/2/2016,0.0,WD(WARRANTY DEED),0.34,True,AR
16-04012-000,11/2/2016,0.0,CERT(CERTIFICATE),0.34,True,AR
16-04012-000,10/16/2009,123000.0,WD(WARRANTY DEED),0.34,True,AR
16-04012-000,2/25/2009,0.0,DC(DEATH CERTIFICATE),0.34,True,AR
16-04012-000,7/20/1998,2000.0,WD(WARRANTY DEED),0.34,True,AR
16-04012-000,9/2/1994,5000.0,WD(WARRANTY DEED),0.34,True,AR
16-04012-000,10/28/1990,0.0,DC(DEATH CERTIFICATE),0.34,True,AR
16-04012-000,10/15/1982,5000.0,WD(WARRANTY DEED),0.34,True,AR
16-04013-000,4/25/2014,0.0,TRAG(TRUST AGREEMENT),0.32,True,AR
16-04013-000,6/9/2006,0.0,WD(WARRANTY DEED),0.32,True,AR
16-04013-000,6/9/2006,0.0,CORRWD(CORRECTED WARRANTY DEED),0.32,True,AR
16-04013-000,6/3/1986,81000.0,WD(WARRANTY DEED),0.32,True,AR
16-04014-000,5/14/2020,200000.0,WD(WARRANTY DEED),0.29,True,AR
16-04014-000,12/29/2016,0.0,QCD(QUITCLAIM DEED),0.29,True,AR
16-04014-000,2/18/2015,138000.0,WD(WARRANTY DEED),0.29,True,AR
16-04014-000,9/3/2014,78000.0,COMMD(COMMISSIONERS DEED),0.29,True,AR
16-04014-000,8/12/2014,0.0,RD(REDEMPTION DEED),0.29,True,AR
16-04014-000,10/15/1996,128000.0,WD(WARRANTY DEED),0.29,True,AR
16-04014-000,9/28/1992,108000.0,WD(WARRANTY DEED),0.29,True,AR
16-04014-000,7/23/1991,5000.0,WD(WARRANTY DEED),0.29,True,AR
16-04014-000,8/22/1980,5000.0,WD(WARRANTY DEED),0.29,True,AR
16-04015-000,7/25/1997,65000.0,WD(WARRANTY DEED),0.27,True,AR
16-04015-000,8/22/1994,0.0,WD(WARRANTY DEED),0.27,True,AR
16-04015-000,8/1/1994,62000.0,WD(WARRANTY DEED),0.27,True,AR
16-04015-000,4/21/1990,0.0,DC(DEATH CERTIFICATE),0.27,True,AR
16-04015-000,9/23/1985,79000.0,WD(WARRANTY DEED),0.27,True,AR
16-04015-000,8/12/1985,50000.0,WD(WARRANTY DEED),0.27,True,AR
16-04015-000,4/30/1985,4000.0,WD(WARRANTY DEED),0.27,True,AR
16-04015-000,1/31/1985,0.0,CONT(CONTRACT),0.27,True,AR
16-04015-000,5/1/1981,0.0,CONT(CONTRACT),0.27,True,AR
16-04016-000,4/24/2017,100000.0,WD(WARRANTY DEED),0.29,True,AR
16-04016-000,6/9/2003,75000.0,WD(WARRANTY DEED),0.29,True,AR
16-04016-000,2/3/1997,0.0,DC(DEATH CERTIFICATE),0.29,True,AR
16-04016-000,11/9/1990,56000.0,WD(WARRANTY DEED),0.29,True,AR
16-04016-000,2/5/1986,73000.0,WD(WARRANTY DEED),0.29,True,AR
16-04016-000,9/30/1985,0.0,WD(WARRANTY DEED),0.29,True,AR
16-04016-000,7/29/1985,53000.0,WD(WARRANTY DEED),0.29,True,AR
16-04016-000,4/15/1985,0.0,WD(WARRANTY DEED),0.29,True,AR
16-04016-000,10/24/1980,0.0,WD(WARRANTY DEED),0.29,True,AR
16-04017-000,3/13/2013,0.0,BD(BENEFICIARY DEED),0.29,True,AR
16-04017-000,7/13/1999,0.0,QCD(QUITCLAIM DEED),0.29,True,AR
16-04017-000,3/5/1993,6000.0,WD(WARRANTY DEED),0.29,True,AR
16-04017-000,12/8/1982,6000.0,WD(WARRANTY DEED),0.29,True,AR
16-04018-000,12/18/2024,383000.0,WD(WARRANTY DEED),0.26,True,AR
16-04018-000,6/3/2022,0.0,QCD(QUITCLAIM DEED),0.26,True,AR
16-04018-000,6/27/2013,106000.0,TRD(TRUSTEES DEED),0.26,True,AR
16-04018-000,8/29/2012,0.0,CERT(CERTIFICATE),0.26,True,AR
16-04018-000,1/25/2002,0.0,QCD(QUITCLAIM DEED),0.26,True,AR
16-04018-000,1/24/2002,0.0,TRAG(TRUST AGREEMENT),0.26,True,AR
16-04018-000,6/13/2001,90000.0,WD(WARRANTY DEED),0.26,True,AR
16-04018-000,9/18/1995,94000.0,WD(WARRANTY DEED),0.26,True,AR
16-04018-000,6/29/1992,83000.0,WD(WARRANTY DEED),0.26,True,AR
16-04018-000,3/13/1992,0.0,WD(WARRANTY DEED),0.26,True,AR
16-04018-000,11/12/1991,5000.0,CORRWD(CORRECTED WARRANTY DEED),0.26,True,AR
16-04018-000,6/3/1991,5000.0,WD(WARRANTY DEED),0.26,True,AR
16-04018-000,3/19/1982,7000.0,WD(WARRANTY DEED),0.26,True,AR
16-04019-000,11/18/2020,0.0,WD(WARRANTY DEED),0.32,True,AR
16-04019-000,3/9/2010,94000.0,SWD(SPECIAL WARRANTY DEED),0.32,True,AR
16-04019-000,1/11/2010,0.0,MTG-D(MORTGAGEE'S DEED),0.32,True,AR
16-04019-000,12/27/2006,180000.0,WD(WARRANTY DEED),0.32,True,AR
16-04019-000,12/3/1993,0.0,WD(WARRANTY DEED),0.32,True,AR
16-04019-000,12/21/1988,105000.0,WD(WARRANTY DEED),0.32,True,AR
16-04019-000,10/2/1987,5000.0,WD(WARRANTY DEED),0.32,True,AR
16-04019-000,11/17/1986,2000.0,WD(WARRANTY DEED),0.32,True,AR
16-04019-000,9/4/1984,7000.0,WD(WARRANTY DEED),0.32,True,AR
16-04020-000,10/10/2005,170000.0,CORRWD(CORRECTED WARRANTY DEED),0.41,True,AR
16-04020-000,9/27/2005,0.0,CORRWD(CORRECTED WARRANTY DEED),0.41,True,AR
16-04020-000,6/30/2005,170000.0,WD(WARRANTY DEED),0.41,True,AR
16-04020-000,11/12/1997,99000.0,WD(WARRANTY DEED),0.41,True,AR
16-04020-000,5/3/1993,6000.0,WD(WARRANTY DEED),0.41,True,AR
16-04020-000,10/31/1991,5000.0,WD(WARRANTY DEED),0.41,True,AR
16-04020-000,9/17/1985,7000.0,WD(WARRANTY DEED),0.41,True,AR
16-04021-000,5/1/2020,347000.0,WD(WARRANTY DEED),0.38,True,AR
16-04021-000,8/8/2005,303000.0,WD(WARRANTY DEED),0.38,True,AR
16-04021-000,5/16/2001,173000.0,WD(WARRANTY DEED),0.38,True,AR
16-04021-000,8/4/1989,6000.0,WD(WARRANTY DEED),0.38,True,AR
16-04021-000,8/4/1989,3500.0,WD(WARRANTY DEED),0.38,True,AR
16-04021-000,8/26/1983,0.0,WD(WARRANTY DEED),0.38,True,AR
16-04021-000,6/21/1983,0.0,CONT(CONTRACT),0.38,True,AR
16-04022-000,5/1/2020,347000.0,WD(WARRANTY DEED),0.4,True,AR
16-04022-000,5/23/2005,303000.0,WD(WARRANTY DEED),0.4,True,AR
16-04022-000,5/16/2001,173000.0,WD(WARRANTY DEED),0.4,True,AR
16-04022-000,8/4/1989,0.0,WD(WARRANTY DEED),0.4,True,AR
16-04022-000,8/4/1989,120000.0,WD(WARRANTY DEED),0.4,True,AR
16-04022-000,10/25/1983,6000.0,WD(WARRANTY DEED),0.4,True,AR
16-04023-000,5/1/2020,347000.0,WD(WARRANTY DEED),0.47,False,AR
16-04023-000,5/23/2005,303000.0,WD(WARRANTY DEED),0.47,False,AR
16-04023-000,5/16/2001,173000.0,WD(WARRANTY DEED),0.47,False,AR
16-04023-000,5/17/1991,5000.0,WD(WARRANTY DEED),0.47,False,AR
16-04024-000,5/28/2021,0.0,OR(ORDER),0.41,True,AR
16-04024-000,6/15/2019,0.0,DC(DEATH CERTIFICATE),0.41,True,AR
16-04024-000,6/15/2012,130000.0,WD(WARRANTY DEED),0.41,True,AR
16-04024-000,1/24/2003,0.0,QCD(QUITCLAIM DEED),0.41,True,AR
16-04024-000,1/13/2003,0.0,QCD(QUITCLAIM DEED),0.41,True,AR
16-04024-000,8/14/2002,0.0,CORRWD(CORRECTED WARRANTY DEED),0.41,True,AR
16-04024-000,8/14/2002,0.0,WD(WARRANTY DEED),0.41,True,AR
16-04024-000,5/6/2002,0.0,CERT(CERTIFICATE),0.41,True,AR
16-04024-000,4/16/2002,130000.0,WD(WARRANTY DEED),0.41,True,AR
16-04024-000,8/19/1991,4000.0,WD(WARRANTY DEED),0.41,True,AR
16-04024-000,6/3/1981,7000.0,WD(WARRANTY DEED),0.41,True,AR
16-04025-000,10/5/2001,7000.0,WD(WARRANTY DEED),0.34,True,AR
16-04025-000,6/18/2001,7000.0,WD(WARRANTY DEED),0.34,True,AR
16-04025-000,8/25/1997,4000.0,WD(WARRANTY DEED),0.34,True,AR
16-04025-000,11/18/1982,5000.0,WD(WARRANTY DEED),0.34,True,AR
16-04026-000,10/5/2001,163000.0,WD(WARRANTY DEED),0.34,True,AR
16-04026-000,11/16/2000,153000.0,WD(WARRANTY DEED),0.34,True,AR
16-04026-000,11/26/1997,142000.0,WD(WARRANTY DEED),0.34,True,AR
16-04026-000,6/20/1997,4000.0,CORRWD(CORRECTED WARRANTY DEED),0.34,True,AR
16-04026-000,6/11/1997,4000.0,WD(WARRANTY DEED),0.34,True,AR
16-04026-000,7/1/1982,5000.0,WD(WARRANTY DEED),0.34,True,AR
16-04027-000,7/5/2013,0.0,QCD(QUITCLAIM DEED),0.35,True,AR
16-04027-000,2/27/2013,210000.0,WD(WARRANTY DEED),0.35,True,AR
16-04027-000,10/14/2009,192000.0,WD(WARRANTY DEED),0.35,True,AR
16-04027-000,2/6/2009,7000.0,WD(WARRANTY DEED),0.35,True,AR
16-04027-000,11/23/1982,5000.0,WD(WARRANTY DEED),0.35,True,AR
16-04028-000,5/17/1991,0.0,CONT(CONTRACT),0.32,False,MO
16-04028-000,2/25/1991,2000.0,WD(WARRANTY DEED),0.32,False,MO
16-04028-000,1/11/1991,0.0,CONT(CONTRACT),0.32,False,MO
16-04028-000,9/21/1989,0.0,QCD(QUITCLAIM DEED),0.32,False,MO
16-04028-000,5/12/1988,0.0,CONT(CONTRACT),0.32,False,MO
16-04028-000,5/2/1988,0.0,CONT(CONTRACT),0.32,False,MO
16-04028-000,2/22/1988,0.0,QCD(QUITCLAIM DEED),0.32,False,MO
16-04028-000,4/29/1987,0.0,DC(DEATH CERTIFICATE),0.32,False,MO
16-04028-000,6/4/1983,0.0,CONT(CONTRACT),0.32,False,MO
16-04029-000,5/12/2014,3000.0,WD(WARRANTY DEED),0.36,False,OK
16-04029-000,10/21/1988,0.0,CONT(CONTRACT),0.36,False,OK
16-04029-000,7/23/1987,6000.0,WD(WARRANTY DEED),0.36,False,OK
16-04029-000,8/22/1978,6000.0,WD(WARRANTY DEED),0.36,False,OK
16-04030-000,4/3/2007,0.0,DC(DEATH CERTIFICATE),0.31,False,AZ
16-04030-000,4/3/2007,0.0,WILL(WILL),0.31,False,AZ
16-04030-000,4/3/2007,0.0,DC(DEATH CERTIFICATE),0.31,False,AZ
16-04030-000,5/16/2006,6000.0,WD(WARRANTY DEED),0.31,False,AZ
16-04030-000,1/30/1996,0.0,OR(ORDER),0.31,False,AZ
16-04030-000,1/30/1996,0.0,WILL(WILL),0.31,False,AZ
16-04030-000,8/3/1979,5000.0,WD(WARRANTY DEED),0.31,False,AZ
16-04031-000,7/2/2012,6000.0,WD(WARRANTY DEED),0.38,False,TX
16-04031-000,7/8/2004,0.0,WD(WARRANTY DEED),0.38,False,TX
16-04031-000,9/11/1997,0.0,QCD(QUITCLAIM DEED),0.38,False,TX
16-04031-000,10/23/1996,10000.0,WD(WARRANTY DEED),0.38,False,TX
16-04031-000,10/11/1996,0.0,QCD(QUITCLAIM DEED),0.38,False,TX
16-04031-000,7/17/1996,1000.0,WD(WARRANTY DEED),0.38,False,TX
16-04031-000,7/17/1996,1000.0,WD(WARRANTY DEED),0.38,False,TX
16-04031-000,10/16/1989,5000.0,WD(WARRANTY DEED),0.38,False,TX
16-04031-000,7/8/1986,7000.0,WD(WARRANTY DEED),0.38,False,TX
16-04032-000,1/19/2022,304000.0,WD(WARRANTY DEED),0.38,True,
16-04032-000,1/26/1998,4000.0,WD(WARRANTY DEED),0.38,True,
16-04033-000,3/17/2017,265000.0,WD(WARRANTY DEED),0.38,True,AR
16-04033-000,8/4/2005,246000.0,WD(WARRANTY DEED),0.38,True,AR
16-04033-000,9/11/2003,2000.0,WD(WARRANTY DEED),0.38,True,AR
16-04033-000,8/8/2003,0.0,WD(WARRANTY DEED),0.38,True,AR
16-04033-000,3/7/1991,0.0,QCD(QUITCLAIM DEED),0.38,True,AR
16-04033-000,3/1/1982,0.0,CONT(CONTRACT),0.38,True,AR
16-04033-000,9/28/1980,6000.0,WD(WARRANTY DEED),0.38,True,AR
16-04034-000,11/30/2017,0.0,BD(BENEFICIARY DEED),0.35,True,AR
16-04034-000,11/30/2017,240000.0,WD(WARRANTY DEED),0.35,True,AR
16-04034-000,7/1/2005,7000.0,WD(WARRANTY DEED),0.35,True,AR
16-04034-000,3/4/2005,3000.0,WD(WARRANTY DEED),0.35,True,AR
16-04034-000,11/3/1994,0.0,FD(FIDUCIARY DEED),0.35,True,AR
16-04034-000,3/1/1991,0.0,DC(DEATH CERTIFICATE),0.35,True,AR
16-04034-000,11/15/1976,5000.0,WD(WARRANTY DEED),0.35,True,AR
16-04035-000,1/11/2017,7000.0,WD(WARRANTY DEED),0.36,False,AR
16-04035-000,10/11/1995,1000.0,WD(WARRANTY DEED),0.36,False,AR
16-04035-000,12/18/1986,6000.0,WD(WARRANTY DEED),0.36,False,AR
16-04035-000,12/18/1986,2000.0,WD(WARRANTY DEED),0.36,False,AR
16-04035-000,11/28/1975,6000.0,WD(WARRANTY DEED),0.36,False,AR
16-04036-000,1/24/2007,380000.0,WD(WARRANTY DEED),0.4,True,AR
16-04036-000,9/20/2006,0.0,QCD(QUITCLAIM DEED),0.4,True,AR
16-04036-000,5/24/2006,0.0,WD(WARRANTY DEED),0.4,True,AR
16-04036-000,10/20/2004,5000.0,WD(WARRANTY DEED),0.4,True,AR
16-04036-000,10/24/1986,0.0,WD(WARRANTY DEED),0.4,True,AR
16-04036-000,10/15/1982,7000.0,WD(WARRANTY DEED),0.4,True,AR
16-04037-000,8/5/2022,227000.0,WD(WARRANTY DEED),0.47,True,AR
16-04037-000,8/19/2013,100000.0,WD(WARRANTY DEED),0.47,True,AR
16-04037-000,8/19/2013,0.0,AFF(AFFIDAVIT),0.47,True,AR
16-04037-000,11/17/2000,0.0,WD(WARRANTY DEED),0.47,True,AR
16-04037-000,11/15/2000,0.0,CERT(CERTIFICATE),0.47,True,AR
16-04037-000,7/21/1998,0.0,DC(DEATH CERTIFICATE),0.47,True,AR
16-04037-000,7/21/1998,0.0,DC(DEATH CERTIFICATE),0.47,True,AR
16-04037-000,10/8/1993,58666.0,WD(WARRANTY DEED),0.47,True,AR
16-04037-000,4/2/1992,8000.0,WD(WARRANTY DEED),0.47,True,AR
16-04037-000,12/5/1983,7000.0,WD(WARRANTY DEED),0.47,True,AR
16-04038-000,1/12/2016,0.0,WD(WARRANTY DEED),0.38,False,TX
16-04038-000,11/18/2015,46000.0,CORRWD(CORRECTED WARRANTY DEED),0.38,False,TX
16-04038-000,11/18/2015,0.0,WD(WARRANTY DEED),0.38,False,TX
16-04038-000,11/29/2010,0.0,WD(WARRANTY DEED),0.38,False,TX
16-04038-000,8/1/2006,0.0,CORRWD(CORRECTED WARRANTY DEED),0.38,False,TX
16-04038-000,2/17/2006,6000.0,WD(WARRANTY DEED),0.38,False,TX
16-04038-000,2/15/2006,731000.0,CWD(CORPORATION WARRANTY DEED),0.38,False,TX
16-04038-000,1/14/1997,0.0,QCD(QUITCLAIM DEED),0.38,False,TX
16-04038-000,10/14/1996,1000.0,CWD(CORPORATION WARRANTY DEED),0.38,False,TX
16-04038-000,7/17/1996,1000.0,CWD(CORPORATION WARRANTY DEED),0.38,False,TX
16-04038-000,7/17/1996,1000.0,WD(WARRANTY DEED),0.38,False,TX
16-04038-000,7/17/1996,1000.0,WD(WARRANTY DEED),0.38,False,TX
16-04038-000,7/17/1996,1000.0,CWD(CORPORATION WARRANTY DEED),0.38,False,TX
16-04038-000,5/12/1995,0.0,CORRWD(CORRECTED WARRANTY DEED),0.38,False,TX
16-04038-000,2/23/1995,1000.0,WD(WARRANTY DEED),0.38,False,TX
16-04038-000,10/7/1994,2000.0,CWD(CORPORATION WARRANTY DEED),0.38,False,TX
16-04038-000,6/29/1992,0.0,QCD(QUITCLAIM DEED),0.38,False,TX
16-04038-000,4/26/1992,0.0,WD(WARRANTY DEED),0.38,False,TX
16-04039-000,6/2/2023,848000.0,WD(WARRANTY DEED),0.36,False,TX
16-04039-000,6/15/2020,520000.0,WD(WARRANTY DEED),0.36,False,TX
16-04039-000,9/27/2019,0.0,BD(BENEFICIARY DEED),0.36,False,TX
16-04039-000,2/27/2017,445000.0,WD(WARRANTY DEED),0.36,False,TX
16-04039-000,8/2/2007,422000.0,WD(WARRANTY DEED),0.36,False,TX
16-04039-000,2/23/2007,0.0,WD(WARRANTY DEED),0.36,False,TX
16-04039-000,2/6/2007,0.0,CORRWD(CORRECTED WARRANTY DEED),0.36,False,TX
16-04039-000,3/1/2006,0.0,DC(DEATH CERTIFICATE),0.36,False,TX
16-04039-000,2/22/2006,20000.0,WD(WARRANTY DEED),0.36,False,TX
16-04039-000,12/30/2005,0.0,POA(POWER OF ATTORNEY),0.36,False,TX
16-04039-000,12/30/2005,0.0,POA(POWER OF ATTORNEY),0.36,False,TX
16-04039-000,7/18/2005,4000.0,WD(WARRANTY DEED),0.36,False,TX
16-04039-000,1/27/2004,0.0,WD(WARRANTY DEED),0.36,False,TX
16-04039-000,2/5/1998,1000.0,WD(WARRANTY DEED),0.36,False,TX
16-04039-000,12/19/1995,3000.0,WD(WARRANTY DEED),0.36,False,TX
16-04039-000,12/4/1982,0.0,CONT(CONTRACT),0.36,False,TX
16-04040-000,6/2/2023,848000.0,WD(WARRANTY DEED),0.34,True,TX
16-04040-000,6/15/2020,520000.0,WD(WARRANTY DEED),0.34,True,TX
16-04040-000,9/27/2019,0.0,BD(BENEFICIARY DEED),0.34,True,TX
16-04040-000,2/27/2017,445000.0,WD(WARRANTY DEED),0.34,True,TX
16-04040-000,8/2/2007,422000.0,WD(WARRANTY DEED),0.34,True,TX
16-04040-000,2/23/2007,0.0,WD(WARRANTY DEED),0.34,True,TX
16-04040-000,2/6/2007,0.0,CORRWD(CORRECTED WARRANTY DEED),0.34,True,TX
16-04040-000,3/1/2006,0.0,DC(DEATH CERTIFICATE),0.34,True,TX
16-04040-000,2/22/2006,20000.0,WD(WARRANTY DEED),0.34,True,TX
16-04040-000,12/30/2005,0.0,POA(POWER OF ATTORNEY),0.34,True,TX
16-04040-000,3/2/2005,0.0,POA(POWER OF ATTORNEY),0.34,True,TX
16-04040-000,2/25/2004,7000.0,WD(WARRANTY DEED),0.34,True,TX
16-04040-000,10/25/2003,0.0,DC(DEATH CERTIFICATE),0.34,True,TX
16-04040-000,3/4/1983,2000.0,WD(WARRANTY DEED),0.34,True,TX
16-04041-000,1/10/2024,321000.0,TRWD(TRUSTEES WARRANTY DEED),0.39,True,AR
16-04041-000,7/14/2020,0.0,CERT(CERTIFICATE),0.39,True,AR
16-04041-000,12/13/2004,0.0,QCD(QUITCLAIM DEED),0.39,True,AR
16-04041-000,12/13/2004,0.0,QCD(QUITCLAIM DEED),0.39,True,AR
16-04041-000,12/5/2002,0.0,QCD(QUITCLAIM DEED),0.39,True,AR
16-04041-000,11/25/2002,0.0,QCD(QUITCLAIM DEED),0.39,True,AR
16-04041-000,1/11/2002,0.0,WD(WARRANTY DEED),0.39,True,AR
16-04041-000,1/11/2002,0.0,CERT(CERTIFICATE),0.39,True,AR
16-04041-000,2/15/2000,110000.0,WD(WARRANTY DEED),0.39,True,AR
16-04041-000,12/1/1998,0.0,QCD(QUITCLAIM DEED),0.39,True,AR
16-04041-000,12/1/1998,0.0,QCD(QUITCLAIM DEED),0.39,True,AR
16-04041-000,11/10/1997,0.0,DC(DEATH CERTIFICATE),0.39,True,AR
16-04041-000,9/25/1992,0.0,WD(WARRANTY DEED),0.39,True,AR
16-04041-000,9/17/1992,0.0,TRAG(TRUST AGREEMENT),0.39,True,AR
16-04041-000,4/24/1985,7000.0,WD(WARRANTY DEED),0.39,True,AR
16-04041-000,11/30/1983,7000.0,WD(WARRANTY DEED),0.39,True,AR
16-04042-000,4/8/2010,1000.0,COMMD(COMMISSIONERS DEED),0.34,False,FL
16-04042-000,5/1/1981,0.0,CONT(CONTRACT),0.34,False,FL
16-04042-000,11/6/1974,0.0,WD(WARRANTY DEED),0.34,False,FL
16-04043-000,1/14/2021,3000.0,WD(WARRANTY DEED),0.33,False,AR
16-04043-000,10/30/2020,750.0,WD(WARRANTY DEED),0.33,False,AR
16-04043-000,2/6/2012,1000.0,WD(WARRANTY DEED),0.33,False,AR
16-04043-000,4/27/1995,11000.0,WD(WARRANTY DEED),0.33,False,AR
16-04043-000,2/24/1993,1000.0,WD(WARRANTY DEED),0.33,False,AR
16-04043-000,8/31/1989,0.0,COMMD(COMMISSIONERS DEED),0.33,False,AR
16-04043-000,10/26/1984,0.0,QCD(QUITCLAIM DEED),0.33,False,AR
16-04044-000,3/26/2016,0.0,ML(MARRIAGE LICENSE),0.76,False,FL
16-04044-000,5/30/2006,0.0,WD(WARRANTY DEED),0.76,False,FL
16-04044-000,5/30/2006,18000.0,QCD(QUITCLAIM DEED),0.76,False,FL
16-04044-000,10/25/2005,7000.0,WD(WARRANTY DEED),0.76,False,FL
16-04044-000,7/20/2001,0.0,RD(REDEMPTION DEED),0.76,False,FL
16-04044-000,7/20/1999,0.0,WD(WARRANTY DEED),0.76,False,FL
16-04044-000,12/22/1998,1000.0,WD(WARRANTY DEED),0.76,False,FL
16-04044-000,10/11/1985,8000.0,WD(WARRANTY DEED),0.76,False,FL
16-04044-000,4/12/1983,0.0,CONT(CONTRACT),0.76,False,FL
16-04046-000,7/28/2015,170000.0,WD(WARRANTY DEED),0.41,True,AR
16-04046-000,2/9/2013,0.0,DC(DEATH CERTIFICATE),0.41,True,AR
16-04046-000,11/17/2005,163000.0,WD(WARRANTY DEED),0.41,True,AR
16-04046-000,5/27/1983,7000.0,WD(WARRANTY DEED),0.41,True,AR
16-04047-000,9/28/2021,230000.0,WD(WARRANTY DEED),0.43,True,AR
16-04047-000,9/16/2010,90000.0,WD(WARRANTY DEED),0.43,True,AR
16-04047-000,9/16/2010,0.0,CERT(CERTIFICATE),0.43,True,AR
16-04047-000,5/16/2000,0.0,CERT(CERTIFICATE),0.43,True,AR
16-04047-000,5/16/2000,0.0,WD(WARRANTY DEED),0.43,True,AR
16-04047-000,4/25/1989,72000.0,WD(WARRANTY DEED),0.43,True,AR
16-04047-000,2/19/1981,91000.0,WD(WARRANTY DEED),0.43,True,AR
16-04048-000,6/22/2021,0.0,BD(BENEFICIARY DEED),0.46,True,AR
16-04048-000,11/1/2004,82000.0,WD(WARRANTY DEED),0.46,True,AR
16-04048-000,4/2/2001,64000.0,WD(WARRANTY DEED),0.46,True,AR
16-04048-000,5/24/2000,0.0,QCD(QUITCLAIM DEED),0.46,True,AR
16-04048-000,3/21/1997,65000.0,WD(WARRANTY DEED),0.46,True,AR
16-04048-000,3/21/1997,0.0,QCD(QUITCLAIM DEED),0.46,True,AR
16-04048-000,3/21/1997,0.0,QCD(QUITCLAIM DEED),0.46,True,AR
16-04048-000,5/8/1992,0.0,WD(WARRANTY DEED),0.46,True,AR
16-04048-000,7/7/1991,0.0,DC(DEATH CERTIFICATE),0.46,True,AR
16-04048-000,9/18/1981,7000.0,WD(WARRANTY DEED),0.46,True,AR
16-04049-000,9/21/2020,180000.0,WD(WARRANTY DEED),0.38,True,AR
16-04049-000,9/1/2006,127000.0,WD(WARRANTY DEED),0.38,True,AR
16-04049-000,2/29/2000,72000.0,WD(WARRANTY DEED),0.38,True,AR
16-04049-000,11/24/1992,55000.0,WD(WARRANTY DEED),0.38,True,AR
16-04049-000,7/17/1992,41000.0,WD(WARRANTY DEED),0.38,True,AR
16-04049-000,5/9/1988,50000.0,WD(WARRANTY DEED),0.38,True,AR
16-04049-000,1/15/1975,0.0,CWD(CORPORATION WARRANTY DEED),0.38,True,AR
16-04050-000,10/30/2023,23000.0,WD(WARRANTY DEED),0.42,False,AR
16-04050-000,10/28/2021,8500.0,WD(WARRANTY DEED),0.42,False,AR
16-04050-000,2/27/2020,0.0,COMMD(COMMISSIONERS DEED),0.42,False,AR
16-04050-000,12/5/2012,1000.0,SWD(SPECIAL WARRANTY DEED),0.42,False,AR
16-04050-000,11/29/2012,105000.0,WD(WARRANTY DEED),0.42,False,AR
16-04050-000,11/29/2012,8000.0,WD(WARRANTY DEED),0.42,False,AR
16-04050-000,10/24/2011,0.0,COMMD(COMMISSIONERS DEED),0.42,False,AR
16-04050-000,6/14/2011,0.0,RD(REDEMPTION DEED),0.42,False,AR
16-04050-000,6/14/2006,90000.0,WD(WARRANTY DEED),0.42,False,AR
16-04050-000,1/9/2006,6000.0,WD(WARRANTY DEED),0.42,False,AR
16-04050-000,10/3/2004,0.0,DC(DEATH CERTIFICATE),0.42,False,AR
16-04050-000,8/3/1982,6000.0,WD(WARRANTY DEED),0.42,False,AR
16-04051-000,5/11/2022,195000.0,TRWD(TRUSTEES WARRANTY DEED),0.4,True,AR
16-04051-000,9/19/2011,0.0,WD(WARRANTY DEED),0.4,True,AR
16-04051-000,9/19/2011,0.0,CERT(CERTIFICATE),0.4,True,AR
16-04051-000,3/20/2008,100000.0,WD(WARRANTY DEED),0.4,True,AR
16-04051-000,7/22/2002,114000.0,WD(WARRANTY DEED),0.4,True,AR
16-04051-000,9/23/2001,0.0,DC(DEATH CERTIFICATE),0.4,True,AR
16-04051-000,5/7/1992,0.0,WD(WARRANTY DEED),0.4,True,AR
16-04051-000,2/15/1992,0.0,DC(DEATH CERTIFICATE),0.4,True,AR
16-04051-000,5/21/1975,7000.0,WD(WARRANTY DEED),0.4,True,AR
16-04052-000,4/7/2021,9000.0,WD(WARRANTY DEED),0.48,False,AR
16-04052-000,4/7/2021,0.0,WD(WARRANTY DEED),0.48,False,AR
16-04052-000,10/10/2015,6500.0,SWD(SPECIAL WARRANTY DEED),0.48,False,AR
16-04052-000,6/15/2010,0.0,SWD(SPECIAL WARRANTY DEED),0.48,False,AR
16-04052-000,8/9/2005,0.0,MEMO(MEMORANDUM),0.48,False,AR
16-04052-000,8/9/2005,4000.0,WD(WARRANTY DEED),0.48,False,AR
16-04052-000,12/18/1997,0.0,CONT(CONTRACT),0.48,False,AR
16-04052-000,2/20/1984,7000.0,WD(WARRANTY DEED),0.48,False,AR
16-04052-000,12/29/1982,0.0,CONT(CONTRACT),0.48,False,AR
16-04053-000,7/12/2022,1.0,QCD(QUITCLAIM DEED),0.47,True,AR
16-04053-000,5/12/1997,5000.0,CWD(CORPORATION WARRANTY DEED),0.47,True,AR
16-04053-000,9/18/1996,2000.0,CWD(CORPORATION WARRANTY DEED),0.47,True,AR
16-04053-000,9/16/1996,2000.0,CWD(CORPORATION WARRANTY DEED),0.47,True,AR
16-04053-000,1/29/1993,2000.0,CWD(CORPORATION WARRANTY DEED),0.47,True,AR
16-04053-000,1/20/1993,1000.0,WD(WARRANTY DEED),0.47,True,AR
16-04053-000,7/28/1990,0.0,DC(DEATH CERTIFICATE),0.47,True,AR
16-04053-000,2/23/1981,6000.0,WD(WARRANTY DEED),0.47,True,AR
16-04054-000,6/24/2010,0.0,WD(WARRANTY DEED),0.33,True,AR
16-04054-000,9/23/2008,0.0,OTHER(OTHER DOCUMENT),0.33,True,AR
16-04054-000,1/26/1987,56000.0,WD(WARRANTY DEED),0.33,True,AR
16-04054-000,7/23/1986,0.0,WD(WARRANTY DEED),0.33,True,AR
16-04055-000,2/27/2007,136000.0,WD(WARRANTY DEED),0.31,True,AR
16-04055-000,10/14/2002,0.0,QCD(QUITCLAIM DEED),0.31,True,AR
16-04055-000,7/2/1999,91000.0,WD(WARRANTY DEED),0.31,True,AR
16-04055-000,8/26/1996,5000.0,WD(WARRANTY DEED),0.31,True,AR
16-04055-000,11/9/1982,0.0,CONT(CONTRACT),0.31,True,AR
16-04055-000,11/8/1982,0.0,WD(WARRANTY DEED),0.31,True,AR
16-04056-000,11/22/2017,0.0,DC(DEATH CERTIFICATE),0.32,True,AR
16-04056-000,9/18/2014,77000.0,WD(WARRANTY DEED),0.32,True,AR
16-04056-000,8/2/2011,65000.0,WD(WARRANTY DEED),0.32,True,AR
16-04056-000,11/3/2006,73000.0,WD(WARRANTY DEED),0.32,True,AR
16-04056-000,3/17/2005,0.0,WD(WARRANTY DEED),0.32,True,AR
16-04056-000,9/25/2001,0.0,WD(WARRANTY DEED),0.32,True,AR
16-04056-000,3/29/2001,0.0,WD(WARRANTY DEED),0.32,True,AR
16-04056-000,3/5/2001,0.0,MTG-D(MORTGAGEE'S DEED),0.32,True,AR
16-04056-000,1/27/1998,64000.0,WD(WARRANTY DEED),0.32,True,AR
16-04056-000,8/27/1992,0.0,WD(WARRANTY DEED),0.32,True,AR
16-04056-000,8/27/1992,0.0,WD(WARRANTY DEED),0.32,True,AR
16-04056-000,8/27/1992,54000.0,WD(WARRANTY DEED),0.32,True,AR
16-04056-000,10/17/1989,0.0,WD(WARRANTY DEED),0.32,True,AR
16-04056-000,4/19/1980,55000.0,WD(WARRANTY DEED),0.32,True,AR
16-04057-000,4/21/2003,2000.0,TRD(TRUSTEES DEED),0.34,False,AR
16-04057-000,2/17/2003,0.0,WD(WARRANTY DEED),0.34,False,AR
16-04057-000,2/17/2003,0.0,WD(WARRANTY DEED),0.34,False,AR
16-04057-000,7/15/1983,7000.0,WD(WARRANTY DEED),0.34,False,AR
16-04058-000,4/30/1999,132000.0,WD(WARRANTY DEED),0.39,True,AR
16-04058-000,9/22/1997,5000.0,WD(WARRANTY DEED),0.39,True,AR
16-04058-000,10/10/1995,0.0,RD(REDEMPTION DEED),0.39,True,AR
16-04058-000,1/29/1987,8000.0,WD(WARRANTY DEED),0.39,True,AR
16-04059-000,4/30/2020,345000.0,WD(WARRANTY DEED),0.37,True,AR
16-04059-000,5/16/2012,215000.0,WD(WARRANTY DEED),0.37,True,AR
16-04059-000,1/14/2005,348000.0,WD(WARRANTY DEED),0.37,True,AR
16-04059-000,8/9/2001,3000.0,WD(WARRANTY DEED),0.37,True,AR
16-04059-000,7/30/1990,0.0,ML(MARRIAGE LICENSE),0.37,True,AR
16-04059-000,1/3/1988,0.0,DC(DEATH CERTIFICATE),0.37,True,AR
16-04059-000,9/12/1983,5000.0,WD(WARRANTY DEED),0.37,True,AR
16-04060-000,2/6/2008,0.0,OR(ORDER),0.3,True,AR
16-04060-000,4/7/2000,0.0,ML(MARRIAGE LICENSE),0.3,True,AR
16-04060-000,12/6/1999,0.0,COMMD(COMMISSIONERS DEED),0.3,True,AR
16-04060-000,2/13/1992,4000.0,WD(WARRANTY DEED),0.3,True,AR
16-04060-000,2/11/1992,0.0,CERT(CERTIFICATE),0.3,True,AR
16-04060-000,1/25/1990,0.0,QCD(QUITCLAIM DEED),0.3,True,AR
16-04060-000,11/5/1986,8000.0,WD(WARRANTY DEED),0.3,True,AR
16-04060-000,8/27/1984,0.0,CONT(CONTRACT),0.3,True,AR
16-04061-000,12/12/2018,205000.0,WD(WARRANTY DEED),0.29,True,AR
16-04061-000,8/23/2017,0.0,BD(BENEFICIARY DEED),0.29,True,AR
16-04061-000,11/23/2015,181000.0,WD(WARRANTY DEED),0.29,True,AR
16-04061-000,10/19/2009,157000.0,WD(WARRANTY DEED),0.29,True,AR
16-04061-000,12/28/2001,0.0,WD(WARRANTY DEED),0.29,True,AR
16-04061-000,12/11/2001,0.0,WD(WARRANTY DEED),0.29,True,AR
16-04061-000,12/11/1997,0.0,WD(WARRANTY DEED),0.29,True,AR
16-04061-000,12/11/1997,0.0,WD(WARRANTY DEED),0.29,True,AR
16-04061-000,10/6/1997,0.0,WD(WARRANTY DEED),0.29,True,AR
16-04061-000,7/8/1996,0.0,QCD(QUITCLAIM DEED),0.29,True,AR
16-04061-000,7/2/1996,145000.0,WD(WARRANTY DEED),0.29,True,AR
16-04061-000,6/18/1993,130000.0,WD(WARRANTY DEED),0.29,True,AR
16-04061-000,6/11/1993,0.0,TRAG(TRUST AGREEMENT),0.29,True,AR
16-04061-000,11/13/1992,0.0,WD(WARRANTY DEED),0.29,True,AR
16-04061-000,2/5/1990,3000.0,WD(WARRANTY DEED),0.29,True,AR
16-04061-000,3/27/1989,0.0,WD(WARRANTY DEED),0.29,True,AR
16-04061-000,5/9/1987,0.0,TRAG(TRUST AGREEMENT),0.29,True,AR
16-04061-000,7/14/1982,6000.0,WD(WARRANTY DEED),0.29,True,AR
16-04062-000,1/7/2021,0.0,SWD(SPECIAL WARRANTY DEED),0.35,True,AR
16-04062-000,5/26/2020,15200.0,WD(WARRANTY DEED),0.35,True,AR
16-04062-000,4/13/2020,11000.0,WD(WARRANTY DEED),0.35,True,AR
16-04062-000,4/2/2010,0.0,QCD(QUITCLAIM DEED),0.35,True,AR
16-04062-000,2/19/2003,0.0,DC(DEATH CERTIFICATE),0.35,True,AR
16-04062-000,8/4/1987,6000.0,WD(WARRANTY DEED),0.35,True,AR
16-04063-000,12/14/2022,0.0,BD(BENEFICIARY DEED),0.3,True,AR
16-04063-000,5/24/2015,0.0,DC(DEATH CERTIFICATE),0.3,True,AR
16-04063-000,8/3/1995,145000.0,CWD(CORPORATION WARRANTY DEED),0.3,True,AR
16-04063-000,10/21/1994,5000.0,WD(WARRANTY DEED),0.3,True,AR
16-04064-000,12/14/2022,0.0,BD(BENEFICIARY DEED),0.27,False,AR
16-04064-000,5/24/2015,0.0,DC(DEATH CERTIFICATE),0.27,False,AR
16-04064-000,7/27/1998,0.0,QCD(QUITCLAIM DEED),0.27,False,AR
16-04064-000,10/30/1995,6000.0,WD(WARRANTY DEED),0.27,False,AR
16-04064-000,7/6/1995,5000.0,CWD(CORPORATION WARRANTY DEED),0.27,False,AR
16-04064-000,7/5/1995,0.0,WD(WARRANTY DEED),0.27,False,AR
16-04064-000,4/19/1995,0.0,CWD(CORPORATION WARRANTY DEED),0.27,False,AR
16-04064-000,10/21/1994,4000.0,WD(WARRANTY DEED),0.27,False,AR
16-04064-000,10/21/1994,0.0,QCD(QUITCLAIM DEED),0.27,False,AR
16-04064-000,10/21/1994,0.0,CERT(CERTIFICATE),0.27,False,AR
16-04064-000,11/15/1982,0.0,QCD(QUITCLAIM DEED),0.27,False,AR
16-04065-000,7/26/2024,0.0,QCD(QUITCLAIM DEED),0.34,False,AR
16-04065-000,3/3/2015,0.0,WD(WARRANTY DEED),0.34,False,AR
16-04065-000,7/29/2010,4000.0,WD(WARRANTY DEED),0.34,False,AR
16-04065-000,9/7/2004,5000.0,WD(WARRANTY DEED),0.34,False,AR
16-04065-000,12/19/2003,0.0,DC(DEATH CERTIFICATE),0.34,False,AR
16-04065-000,9/9/1983,7000.0,WD(WARRANTY DEED),0.34,False,AR
16-04066-000,10/10/2023,285000.0,WD(WARRANTY DEED),0.34,True,AR
16-04066-000,2/23/2023,235000.0,TRWD(TRUSTEES WARRANTY DEED),0.34,True,AR
16-04066-000,1/30/2023,0.0,CERT(CERTIFICATE),0.34,True,AR
16-04066-000,12/21/2022,0.0,ADHL(AR DEPT OF HEALTH LIST),0.34,True,AR
16-04066-000,7/1/2015,0.0,WD(WARRANTY DEED),0.34,True,AR
16-04066-000,1/25/2012,0.0,TRD(TRUSTEES DEED),0.34,True,AR
16-04066-000,1/2/2004,0.0,WD(WARRANTY DEED),0.34,True,AR
16-04066-000,1/2/2004,0.0,TRAG(TRUST AGREEMENT),0.34,True,AR
16-04066-000,5/26/1999,100000.0,WD(WARRANTY DEED),0.34,True,AR
16-04066-000,8/20/1996,84333.0,WD(WARRANTY DEED),0.34,True,AR
16-04066-000,5/3/1996,6000.0,WD(WARRANTY DEED),0.34,True,AR
16-04066-000,4/15/1996,4000.0,WD(WARRANTY DEED),0.34,True,AR
16-04066-000,4/11/1991,4000.0,WD(WARRANTY DEED),0.34,True,AR
16-04066-000,6/10/1983,0.0,WD(WARRANTY DEED),0.34,True,AR
16-04067-000,5/13/2010,0.0,BD(BENEFICIARY DEED),0.45,True,AR
16-04067-000,3/23/1991,6000.0,WD(WARRANTY DEED),0.45,True,AR
16-04067-000,3/22/1991,0.0,CONT(CONTRACT),0.45,True,AR
16-04067-000,7/17/1989,7000.0,WD(WARRANTY DEED),0.45,True,AR
16-04067-000,10/8/1982,4000.0,WD(WARRANTY DEED),0.45,True,AR
16-04067-000,10/2/1982,0.0,CONT(CONTRACT),0.45,True,AR
16-04068-000,5/5/1981,5000.0,WD(WARRANTY DEED),0.31,False,TX
16-04069-000,9/2/2021,0.0,WD(WARRANTY DEED),0.42,True,AR
16-04069-000,9/2/2021,0.0,CERT(CERTIFICATE),0.42,True,AR
16-04069-000,9/6/2017,185000.0,WD(WARRANTY DEED),0.42,True,AR
16-04069-000,1/31/2012,0.0,CWD(CORPORATION WARRANTY DEED),0.42,True,AR
16-04069-000,10/31/2011,0.0,SWD(SPECIAL WARRANTY DEED),0.42,True,AR
16-04069-000,10/4/2011,0.0,MTG-D(MORTGAGEE'S DEED),0.42,True,AR
16-04069-000,9/15/2011,0.0,AFF(AFFIDAVIT),0.42,True,AR
16-04069-000,5/5/2011,0.0,AFF(AFFIDAVIT),0.42,True,AR
16-04069-000,3/1/2004,5000.0,WD(WARRANTY DEED),0.42,True,AR
16-04069-000,9/18/1982,6000.0,WD(WARRANTY DEED),0.42,True,AR
16-04070-000,9/15/2005,153000.0,WD(WARRANTY DEED),0.57,True,AR
16-04070-000,12/18/1991,0.0,WD(WARRANTY DEED),0.57,True,AR
16-04070-000,3/23/1988,0.0,ML(MARRIAGE LICENSE),0.57,True,AR
16-04070-000,1/11/1986,0.0,DC(DEATH CERTIFICATE),0.57,True,AR
16-04070-000,4/23/1985,5000.0,WD(WARRANTY DEED),0.57,True,AR
16-04070-000,9/10/1980,7000.0,WD(WARRANTY DEED),0.57,True,AR
16-04071-000,5/5/2022,0.0,AFF(AFFIDAVIT),0.52,True,AR
16-04071-000,5/4/2022,0.0,AFF(AFFIDAVIT),0.52,True,AR
16-04071-000,2/7/2022,0.0,WD(WARRANTY DEED),0.52,True,AR
16-04071-000,2/7/2022,0.0,CERT(CERTIFICATE),0.52,True,AR
16-04071-000,7/31/2019,190000.0,WD(WARRANTY DEED),0.52,True,AR
16-04071-000,4/23/2010,135000.0,WD(WARRANTY DEED),0.52,True,AR
16-04071-000,12/11/2007,135000.0,WD(WARRANTY DEED),0.52,True,AR
16-04071-000,10/24/2007,0.0,COMMD(COMMISSIONERS DEED),0.52,True,AR
16-04071-000,5/4/2006,0.0,WD(WARRANTY DEED),0.52,True,AR
16-04071-000,4/27/2006,15000.0,CORRWD(CORRECTED WARRANTY DEED),0.52,True,AR
16-04071-000,3/17/2006,15000.0,WD(WARRANTY DEED),0.52,True,AR
16-04071-000,8/24/1993,0.0,WD(WARRANTY DEED),0.52,True,AR
16-04071-000,8/20/1993,0.0,TRAG(TRUST AGREEMENT),0.52,True,AR
16-04071-000,5/27/1985,5000.0,WD(WARRANTY DEED),0.52,True,AR
16-04071-000,9/2/1976,7000.0,WD(WARRANTY DEED),0.52,True,AR
16-04072-000,12/28/2005,6000.0,WD(WARRANTY DEED),0.43,False,TX
16-04072-000,12/28/2005,0.0,QCD(QUITCLAIM DEED),0.43,False,TX
16-04072-000,7/20/2004,0.0,QCD(QUITCLAIM DEED),0.43,False,TX
16-04072-000,3/27/1999,0.0,DC(DEATH CERTIFICATE),0.43,False,TX
16-04072-000,9/26/1986,0.0,CONT(CONTRACT),0.43,False,TX
16-04072-000,7/30/1985,4000.0,WD(WARRANTY DEED),0.43,False,TX
16-04072-000,6/25/1985,0.0,CONT(CONTRACT),0.43,False,TX
16-04072-000,5/17/1985,0.0,CONT(CONTRACT),0.43,False,TX
16-04072-000,1/22/1985,0.0,CONT(CONTRACT),0.43,False,TX
16-04072-000,8/8/1984,0.0,CONT(CONTRACT),0.43,False,TX
16-04072-000,5/23/1984,0.0,CONT(CONTRACT),0.43,False,TX
16-04073-000,5/13/2020,0.0,LWD(LIMITED WARRANTY DEED),0.35,False,CO
16-04073-000,8/28/2009,1451000.0,QCD(QUITCLAIM DEED),0.35,False,CO
16-04073-000,8/21/2009,402000.0,DEED(GRANT DEED),0.35,False,CO
16-04073-000,9/15/2008,0.0,DEED(GRANT DEED),0.35,False,CO
16-04073-000,6/29/2005,1000.0,WD(WARRANTY DEED),0.35,False,CO
16-04073-000,6/29/2005,0.0,QCD(QUITCLAIM DEED),0.35,False,CO
16-04073-000,6/29/2005,0.0,CORRWD(CORRECTED WARRANTY DEED),0.35,False,CO
16-04073-000,2/23/1999,1000.0,WD(WARRANTY DEED),0.35,False,CO
16-04073-000,3/23/1994,0.0,WD(WARRANTY DEED),0.35,False,CO
16-04073-000,4/26/1991,3950.0,WD(WARRANTY DEED),0.35,False,CO
16-04073-000,9/19/1984,4500.0,WD(WARRANTY DEED),0.35,False,CO
16-04073-000,5/22/1981,0.0,CONT(CONTRACT),0.35,False,CO
16-04074-000,2/11/2014,0.0,WD(WARRANTY DEED),0.38,True,AR
16-04074-000,8/12/1997,5000.0,WD(WARRANTY DEED),0.38,True,AR
16-04074-000,8/12/1997,7000.0,WD(WARRANTY DEED),0.38,True,AR
16-04074-000,10/20/1983,0.0,CONT(CONTRACT),0.38,True,AR
16-04075-000,4/29/2019,0.0,FD(FIDUCIARY DEED),0.37,True,AR
16-04075-000,4/4/2019,0.0,QCD(QUITCLAIM DEED),0.37,True,AR
16-04075-000,3/12/2018,0.0,OR(ORDER),0.37,True,AR
16-04075-000,5/9/2001,0.0,DC(DEATH CERTIFICATE),0.37,True,AR
16-04075-000,3/9/1990,7000.0,WD(WARRANTY DEED),0.37,True,AR
16-04075-000,11/23/1987,7000.0,WD(WARRANTY DEED),0.37,True,AR
16-04075-000,8/1/1983,0.0,CONT(CONTRACT),0.37,True,AR
16-04076-000,8/30/2024,0.0,WD(WARRANTY DEED),0.57,True,TX
16-04076-000,8/15/2022,0.0,QCD(QUITCLAIM DEED),0.57,True,TX
16-04076-000,8/4/2022,305000.0,WD(WARRANTY DEED),0.57,True,TX
16-04076-000,9/6/2019,165000.0,WD(WARRANTY DEED),0.57,True,TX
16-04076-000,7/15/2016,0.0,BD(BENEFICIARY DEED),0.57,True,TX
16-04076-000,3/26/2013,82000.0,SWD(SPECIAL WARRANTY DEED),0.57,True,TX
16-04076-000,6/11/2012,0.0,WD(WARRANTY DEED),0.57,True,TX
16-04076-000,6/2/2004,0.0,WD(WARRANTY DEED),0.57,True,TX
16-04076-000,5/20/2004,139000.0,WD(WARRANTY DEED),0.57,True,TX
16-04076-000,12/12/2003,0.0,RD(REDEMPTION DEED),0.57,True,TX
16-04076-000,4/19/2001,0.0,COMMD(COMMISSIONERS DEED),0.57,True,TX
16-04076-000,7/3/2000,0.0,WD(WARRANTY DEED),0.57,True,TX
16-04076-000,8/31/1999,0.0,QCD(QUITCLAIM DEED),0.57,True,TX
16-04076-000,4/14/1998,0.0,QCD(QUITCLAIM DEED),0.57,True,TX
16-04076-000,4/14/1998,5000.0,WD(WARRANTY DEED),0.57,True,TX
16-04076-000,10/28/1982,5000.0,WD(WARRANTY DEED),0.57,True,TX
16-04077-000,3/7/2017,131000.0,SWD(SPECIAL WARRANTY DEED),0.42,True,
16-04077-000,8/3/2016,0.0,TRD(TRUSTEES DEED),0.42,True,
16-04077-000,5/8/2015,129000.0,WD(WARRANTY DEED),0.42,True,
16-04077-000,3/1/2006,0.0,DC(DEATH CERTIFICATE),0.42,True,
16-04077-000,1/7/2004,125000.0,WD(WARRANTY DEED),0.42,True,
16-04077-000,1/7/2004,0.0,WD(WARRANTY DEED),0.42,True,
16-04077-000,8/1/2003,0.0,QCD(QUITCLAIM DEED),0.42,True,
16-04077-000,3/25/1994,0.0,WD(WARRANTY DEED),0.42,True,
16-04077-000,3/24/1994,0.0,TRAG(TRUST AGREEMENT),0.42,True,
16-04077-000,3/28/1986,0.0,WD(WARRANTY DEED),0.42,True,
16-04078-000,10/5/2016,215000.0,WD(WARRANTY DEED),0.34,True,AR
16-04078-000,3/29/2004,166000.0,CORRWD(CORRECTED WARRANTY DEED),0.34,True,AR
16-04078-000,3/1/2004,166000.0,WD(WARRANTY DEED),0.34,True,AR
16-04078-000,11/13/2003,0.0,WD(WARRANTY DEED),0.34,True,AR
16-04078-000,12/28/1995,0.0,EXD(EXECUTOR-EXECUTRIX DEED),0.34,True,AR
16-04078-000,12/21/1995,0.0,DC(DEATH CERTIFICATE),0.34,True,AR
16-04078-000,4/12/1985,0.0,WD(WARRANTY DEED),0.34,True,AR
16-04078-000,2/14/1984,5000.0,WD(WARRANTY DEED),0.34,True,AR
16-04079-000,3/23/2019,180000.0,TRWD(TRUSTEES WARRANTY DEED),0.4,True,AR
16-04079-000,5/19/2014,0.0,QCD(QUITCLAIM DEED),0.4,True,AR
16-04079-000,9/28/2009,75000.0,SWD(SPECIAL WARRANTY DEED),0.4,True,AR
16-04079-000,6/1/2009,0.0,MTG-D(MORTGAGEE'S DEED),0.4,True,AR
16-04079-000,2/23/1995,0.0,POA(POWER OF ATTORNEY),0.4,True,AR
16-04079-000,3/31/1994,6000.0,WD(WARRANTY DEED),0.4,True,AR
16-04079-000,4/30/1987,0.0,CONT(CONTRACT),0.4,True,AR
16-04079-000,10/22/1984,6800.0,WD(WARRANTY DEED),0.4,True,AR
16-04080-000,12/2/2014,136000.0,WD(WARRANTY DEED),0.41,True,AR
16-04080-000,2/27/2003,0.0,WD(WARRANTY DEED),0.41,True,AR
16-04080-000,3/31/1998,114000.0,WD(WARRANTY DEED),0.41,True,AR
16-04080-000,5/10/1996,108000.0,WD(WARRANTY DEED),0.41,True,AR
16-04080-000,7/28/1993,92000.0,WD(WARRANTY DEED),0.41,True,AR
16-04080-000,1/19/1993,5000.0,WD(WARRANTY DEED),0.41,True,AR
16-04080-000,10/26/1981,10000.0,WD(WARRANTY DEED),0.41,True,AR
16-04081-000,12/2/2014,136000.0,WD(WARRANTY DEED),0.33,False,AR
16-04081-000,2/27/2003,0.0,WD(WARRANTY DEED),0.33,False,AR
16-04081-000,3/31/1998,114000.0,WD(WARRANTY DEED),0.33,False,AR
16-04081-000,6/17/1996,3000.0,WD(WARRANTY DEED),0.33,False,AR
16-04081-000,4/28/1995,1000.0,WD(WARRANTY DEED),0.33,False,AR
16-04081-000,9/10/1976,7000.0,WD(WARRANTY DEED),0.33,False,AR
16-04082-000,3/3/2015,195000.0,WD(WARRANTY DEED),0.33,False,OK
16-04082-000,8/25/2011,0.0,OTHER(OTHER DOCUMENT),0.33,False,OK
16-04082-000,10/1/2001,0.0,WD(WARRANTY DEED),0.33,False,OK
16-04082-000,7/3/1996,5000.0,WD(WARRANTY DEED),0.33,False,OK
16-04082-000,3/25/1994,0.0,WD(WARRANTY DEED),0.33,False,OK
16-04082-000,3/24/1994,0.0,TRAG(TRUST AGREEMENT),0.33,False,OK
16-04082-000,9/7/1993,0.0,WD(WARRANTY DEED),0.33,False,OK
16-04082-000,10/12/1990,0.0,DC(DEATH CERTIFICATE),0.33,False,OK
16-04082-000,3/11/1988,0.0,WD(WARRANTY DEED),0.33,False,OK
16-04082-000,11/9/1987,3000.0,WD(WARRANTY DEED),0.33,False,OK
16-04082-000,10/30/1987,3000.0,TRD(TRUSTEES DEED),0.33,False,OK
16-04082-000,9/2/1986,3000.0,QCD(QUITCLAIM DEED),0.33,False,OK
16-04082-000,9/2/1986,3000.0,QCD(QUITCLAIM DEED),0.33,False,OK
16-04082-000,12/18/1984,3000.0,TRD(TRUSTEES DEED),0.33,False,OK
16-04083-000,3/3/2015,195000.0,WD(WARRANTY DEED),0.42,True,OK
16-04083-000,8/25/2011,0.0,OTHER(OTHER DOCUMENT),0.42,True,OK
16-04083-000,10/1/2001,0.0,WD(WARRANTY DEED),0.42,True,OK
16-04083-000,4/8/1996,8000.0,WD(WARRANTY DEED),0.42,True,OK
16-04083-000,4/1/1985,7000.0,WD(WARRANTY DEED),0.42,True,OK
16-04084-000,11/20/1997,0.0,CWD(CORPORATION WARRANTY DEED),38.84,False,AR
16-04084-000,4/11/1975,0.0,WD(WARRANTY DEED),38.84,False,AR
16-09702-000,8/30/2019,158000.0,WD(WARRANTY DEED),0.41,True,AR
16-09702-000,8/7/2019,0.0,POA(POWER OF ATTORNEY),0.41,True,AR
16-09702-000,6/27/2003,105000.0,WD(WARRANTY DEED),0.41,True,AR
16-09702-000,10/20/1993,93000.0,WD(WARRANTY DEED),0.41,True,AR
16-09702-000,12/2/1992,0.0,WD(WARRANTY DEED),0.41,True,AR
16-09702-000,11/30/1990,0.0,DC(DEATH CERTIFICATE),0.41,True,AR
16-09702-000,7/11/1989,6000.0,WD(WARRANTY DEED),0.41,True,AR
16-09703-000,5/15/2019,0.0,BD(BENEFICIARY DEED),0.34,True,AR
16-09703-000,2/21/2019,0.0,QCD(QUITCLAIM DEED),0.34,True,AR
16-09703-000,5/24/2017,112000.0,WD(WARRANTY DEED),0.34,True,AR
16-09703-000,10/23/2009,93000.0,WD(WARRANTY DEED),0.34,True,AR
16-09703-000,5/1/2000,77000.0,WD(WARRANTY DEED),0.34,True,AR
16-09703-000,5/16/1983,7000.0,WD(WARRANTY DEED),0.34,True,AR
16-09704-000,4/15/2025,35000.0,WD(WARRANTY DEED),0.37,False,IL
16-09704-000,3/19/2025,7000.0,QCD(QUITCLAIM DEED),0.37,False,IL
16-09704-000,7/18/2023,14800.0,WD(WARRANTY DEED),0.37,False,IL
16-09704-000,10/5/2011,0.0,QCD(QUITCLAIM DEED),0.37,False,IL
16-09704-000,10/5/2011,1693333.0,CORRQC(CORRECTED QUIT CLAIM DEED),0.37,False,IL
16-09704-000,11/24/2008,0.0,WD(WARRANTY DEED),0.37,False,IL
16-09704-000,2/22/2005,1000.0,WD(WARRANTY DEED),0.37,False,IL
16-09704-000,6/6/2001,0.0,QCD(QUITCLAIM DEED),0.37,False,IL
16-09704-000,4/23/1998,9000.0,WD(WARRANTY DEED),0.37,False,IL
16-09704-000,6/11/1983,0.0,CONT(CONTRACT),0.37,False,IL
16-09704-000,4/26/1983,7000.0,WD(WARRANTY DEED),0.37,False,IL
16-09705-000,6/24/2019,0.0,WD(WARRANTY DEED),0.39,True,AR
16-09705-000,6/24/2019,0.0,CERT(CERTIFICATE),0.39,True,AR
16-09705-000,1/5/2016,250000.0,WD(WARRANTY DEED),0.39,True,AR
16-09705-000,1/5/2016,0.0,CERT(CERTIFICATE),0.39,True,AR
16-09705-000,4/24/2012,0.0,WD(WARRANTY DEED),0.39,True,AR
16-09705-000,4/24/2012,0.0,WD(WARRANTY DEED),0.39,True,AR
16-09705-000,11/5/1997,0.0,QCD(QUITCLAIM DEED),0.39,True,AR
16-09705-000,11/5/1997,0.0,EXD(EXECUTOR-EXECUTRIX DEED),0.39,True,AR
16-09705-000,8/15/1995,3000.0,WD(WARRANTY DEED),0.39,True,AR
16-09705-000,8/15/1995,0.0,AFF(AFFIDAVIT),0.39,True,AR
16-09705-000,5/11/1983,6000.0,WD(WARRANTY DEED),0.39,True,AR
16-09706-000,4/13/2021,0.0,QCD(QUITCLAIM DEED),0.31,False,AR
16-09706-000,1/5/2016,250000.0,WD(WARRANTY DEED),0.31,False,AR
16-09706-000,1/5/2016,0.0,CERT(CERTIFICATE),0.31,False,AR
16-09706-000,4/24/2012,0.0,WD(WARRANTY DEED),0.31,False,AR
16-09706-000,8/1/1989,2000.0,WD(WARRANTY DEED),0.31,False,AR
16-09706-000,6/9/1983,6000.0,WD(WARRANTY DEED),0.31,False,AR
16-09707-000,11/18/2024,0.0,REVBD(REVOCATION OF BENEFICIARY DEED),0.34,False,AR
16-09707-000,11/6/2024,0.0,BD(BENEFICIARY DEED),0.34,False,AR
16-09707-000,1/30/2017,7000.0,TRWD(TRUSTEES WARRANTY DEED),0.34,False,AR
16-09707-000,4/17/2000,4000.0,WD(WARRANTY DEED),0.34,False,AR
16-09707-000,12/29/1981,8000.0,WD(WARRANTY DEED),0.34,False,AR
16-09708-000,1/30/2017,7000.0,TRWD(TRUSTEES WARRANTY DEED),0.33,False,AR
16-09708-000,8/11/2005,2000.0,WD(WARRANTY DEED),0.33,False,AR
16-09708-000,12/7/2001,0.0,TRD(TRUSTEES DEED),0.33,False,AR
16-09708-000,8/24/2001,0.0,OTHER(OTHER DOCUMENT),0.33,False,AR
16-09708-000,11/28/2000,0.0,DC(DEATH CERTIFICATE),0.33,False,AR
16-09708-000,6/6/1991,0.0,QCD(QUITCLAIM DEED),0.33,False,AR
16-09708-000,6/6/1991,0.0,QCD(QUITCLAIM DEED),0.33,False,AR
16-09708-000,8/4/1983,7000.0,WD(WARRANTY DEED),0.33,False,AR
16-09709-000,5/12/2017,195000.0,TRWD(TRUSTEES WARRANTY DEED),0.35,True,AR
16-09709-000,1/26/1999,0.0,WD(WARRANTY DEED),0.35,True,AR
16-09709-000,1/26/1999,0.0,AB(ABSTRACT OF TRUST),0.35,True,AR
16-09709-000,11/15/1996,133000.0,WD(WARRANTY DEED),0.35,True,AR
16-09709-000,8/13/1985,0.0,WD(WARRANTY DEED),0.35,True,AR
16-09709-000,9/22/1981,0.0,WD(WARRANTY DEED),0.35,True,AR
16-09710-000,10/2/2020,215000.0,WD(WARRANTY DEED),0.32,True,AR
16-09710-000,12/24/2012,143000.0,WD(WARRANTY DEED),0.32,True,AR
16-09710-000,10/8/2008,0.0,DC(DEATH CERTIFICATE),0.32,True,AR
16-09710-000,9/15/2003,120000.0,WD(WARRANTY DEED),0.32,True,AR
16-09710-000,6/12/1995,0.0,DC(DEATH CERTIFICATE),0.32,True,AR
16-09710-000,10/15/1986,95000.0,WD(WARRANTY DEED),0.32,True,AR
16-09710-000,7/31/1985,0.0,WD(WARRANTY DEED),0.32,True,AR
16-09710-000,3/23/1983,0.0,WD(WARRANTY DEED),0.32,True,AR
16-09710-000,1/1/1800,0.0,DC(DEATH CERTIFICATE),0.32,True,AR
16-09711-000,9/17/2021,262000.0,WD(WARRANTY DEED),0.35,True,AR
16-09711-000,1/12/2012,147000.0,WD(WARRANTY DEED),0.35,True,AR
16-09711-000,4/1/2005,155000.0,WD(WARRANTY DEED),0.35,True,AR
16-09711-000,2/20/2001,136000.0,WD(WARRANTY DEED),0.35,True,AR
16-09711-000,2/4/1999,120000.0,WD(WARRANTY DEED),0.35,True,AR
16-09711-000,9/8/1997,4000.0,WD(WARRANTY DEED),0.35,True,AR
16-09711-000,6/14/1995,3000.0,WD(WARRANTY DEED),0.35,True,AR
16-09712-000,8/17/2015,113000.0,WD(WARRANTY DEED),0.33,True,AR
16-09712-000,3/25/2004,121000.0,CORRWD(CORRECTED WARRANTY DEED),0.33,True,AR
16-09712-000,5/23/2003,121000.0,WD(WARRANTY DEED),0.33,True,AR
16-09712-000,3/29/2000,99000.0,CWD(CORPORATION WARRANTY DEED),0.33,True,AR
16-09712-000,9/24/1997,3000.0,WD(WARRANTY DEED),0.33,True,AR
16-09712-000,9/24/1997,0.0,DC(DEATH CERTIFICATE),0.33,True,AR
16-09712-000,8/4/1983,7000.0,WD(WARRANTY DEED),0.33,True,AR
16-09713-000,8/25/2015,0.0,RD(REDEMPTION DEED),0.38,False,AR
16-09713-000,8/17/2015,113000.0,WD(WARRANTY DEED),0.38,False,AR
16-09713-000,3/4/2004,3000.0,WD(WARRANTY DEED),0.38,False,AR
16-09713-000,3/4/2004,0.0,QCD(QUITCLAIM DEED),0.38,False,AR
16-09713-000,3/4/2004,0.0,AFF(AFFIDAVIT),0.38,False,AR
16-09713-000,3/4/2004,0.0,DC(DEATH CERTIFICATE),0.38,False,AR
16-09713-000,6/19/2000,0.0,RD(REDEMPTION DEED),0.38,False,AR
16-09713-000,2/4/1977,6000.0,WD(WARRANTY DEED),0.38,False,AR
16-09714-000,6/23/2020,0.0,LWD(LIMITED WARRANTY DEED),0.42,False,AR
16-09714-000,10/13/2017,0.0,RD(REDEMPTION DEED),0.42,False,AR
16-09714-000,12/20/2011,600.0,LWD(LIMITED WARRANTY DEED),0.42,False,AR
16-09714-000,8/31/2005,4000.0,WD(WARRANTY DEED),0.42,False,AR
16-09714-000,6/24/1996,1000.0,CWD(CORPORATION WARRANTY DEED),0.42,False,AR
16-09714-000,6/24/1996,1000.0,WD(WARRANTY DEED),0.42,False,AR
16-09714-000,11/1/1981,0.0,CONT(CONTRACT),0.42,False,AR
16-09714-000,10/14/1981,7000.0,WD(WARRANTY DEED),0.42,False,AR
16-09715-000,11/8/2024,575000.0,WD(WARRANTY DEED),0.35,True,AR
16-09715-000,10/20/2022,499000.0,WD(WARRANTY DEED),0.35,True,AR
16-09715-000,10/15/2019,360000.0,WD(WARRANTY DEED),0.35,True,AR
16-09715-000,11/19/2015,290000.0,WD(WARRANTY DEED),0.35,True,AR
16-09715-000,6/13/2005,3000.0,WD(WARRANTY DEED),0.35,True,AR
16-09715-000,7/22/1993,0.0,CONT(CONTRACT),0.35,True,AR
16-09715-000,8/11/1986,0.0,CONT(CONTRACT),0.35,True,AR
16-09715-000,11/19/1979,0.0,WD(WARRANTY DEED),0.35,True,AR
16-09716-000,11/8/2024,575000.0,WD(WARRANTY DEED),0.37,False,AR
16-09716-000,10/20/2022,499000.0,WD(WARRANTY DEED),0.37,False,AR
16-09716-000,10/15/2019,360000.0,WD(WARRANTY DEED),0.37,False,AR
16-09716-000,11/19/2015,290000.0,WD(WARRANTY DEED),0.37,False,AR
16-09716-000,5/30/2000,0.0,RD(REDEMPTION DEED),0.37,False,AR
16-09716-000,4/28/1993,1000.0,WD(WARRANTY DEED),0.37,False,AR
16-09716-000,3/18/1993,0.0,RD(REDEMPTION DEED),0.37,False,AR
16-09716-000,3/5/1993,1000.0,COMMD(COMMISSIONERS DEED),0.37,False,AR
16-09716-000,5/28/1991,6000.0,WD(WARRANTY DEED),0.37,False,AR
16-09716-000,1/9/1991,0.0,EXD(EXECUTOR-EXECUTRIX DEED),0.37,False,AR
16-09716-000,1/1/1982,0.0,CONT(CONTRACT),0.37,False,AR
16-09716-000,5/26/1981,0.0,CONT(CONTRACT),0.37,False,AR
16-09716-000,5/5/1976,6000.0,WD(WARRANTY DEED),0.37,False,AR
16-09717-000,11/18/2024,0.0,BD(BENEFICIARY DEED),0.31,True,AR
16-09717-000,10/31/2022,0.0,OBIT(OBITUARY),0.31,True,AR
16-09717-000,8/8/2018,163000.0,WD(WARRANTY DEED),0.31,True,AR
16-09717-000,6/22/2012,102000.0,SWD(SPECIAL WARRANTY DEED),0.31,True,AR
16-09717-000,4/10/2012,0.0,WD(WARRANTY DEED),0.31,True,AR
16-09717-000,9/25/2007,200000.0,WD(WARRANTY DEED),0.31,True,AR
16-09717-000,3/30/2001,92000.0,CWD(CORPORATION WARRANTY DEED),0.31,True,AR
16-09717-000,5/25/2000,2000.0,WD(WARRANTY DEED),0.31,True,AR
16-09717-000,2/23/2000,0.0,QCD(QUITCLAIM DEED),0.31,True,AR
16-09717-000,2/21/1995,0.0,WD(WARRANTY DEED),0.31,True,AR
16-09717-000,6/10/1994,0.0,DC(DEATH CERTIFICATE),0.31,True,AR
16-09717-000,5/17/1990,0.0,CONT(CONTRACT),0.31,True,AR
16-09717-000,4/29/1988,5000.0,WD(WARRANTY DEED),0.31,True,AR
16-09717-000,4/6/1988,0.0,CONT(CONTRACT),0.31,True,AR
16-09717-000,7/23/1986,0.0,CONT(CONTRACT),0.31,True,AR
16-09717-000,10/16/1985,6000.0,WD(WARRANTY DEED),0.31,True,AR
16-09718-000,11/6/2024,0.0,QCD(QUITCLAIM DEED),0.37,False,AR
16-09718-000,10/31/2022,0.0,OBIT(OBITUARY),0.37,False,AR
16-09718-000,9/16/2020,1250.0,SWD(SPECIAL WARRANTY DEED),0.37,False,AR
16-09718-000,7/22/2020,0.0,RD(REDEMPTION DEED),0.37,False,AR
16-09718-000,11/15/2019,0.0,QCD(QUITCLAIM DEED),0.37,False,AR
16-09718-000,8/10/2015,0.0,MEMO(MEMORANDUM),0.37,False,AR
16-09718-000,3/5/2009,0.0,MEMO(MEMORANDUM),0.37,False,AR
16-09718-000,3/5/2009,0.0,WD(WARRANTY DEED),0.37,False,AR
16-09718-000,9/30/1980,0.0,DC(DEATH CERTIFICATE),0.37,False,AR
16-09718-000,7/16/1975,7000.0,WD(WARRANTY DEED),0.37,False,AR
16-09719-000,2/19/2024,0.0,QCD(QUITCLAIM DEED),0.42,True,AR
16-09719-000,4/4/2019,243000.0,WD(WARRANTY DEED),0.42,True,AR
16-09719-000,5/10/2012,150000.0,CWD(CORPORATION WARRANTY DEED),0.42,True,AR
16-09719-000,9/4/2007,0.0,QCD(QUITCLAIM DEED),0.42,True,AR
16-09719-000,6/16/2005,3000.0,TRD(TRUSTEES DEED),0.42,True,AR
16-09719-000,6/16/2005,0.0,MEMO(MEMORANDUM),0.42,True,AR
16-09719-000,9/7/2001,0.0,QCD(QUITCLAIM DEED),0.42,True,AR
16-09720-000,10/18/2021,0.0,WD(WARRANTY DEED),0.33,True,AR
16-09720-000,10/18/2021,0.0,CERT(CERTIFICATE),0.33,True,AR
16-09720-000,10/28/2020,177000.0,WD(WARRANTY DEED),0.33,True,AR
16-09720-000,11/9/2012,100000.0,WD(WARRANTY DEED),0.33,True,AR
16-09720-000,10/25/1999,93000.0,WD(WARRANTY DEED),0.33,True,AR
16-09720-000,7/22/1994,84000.0,WD(WARRANTY DEED),0.33,True,AR
16-09720-000,7/22/1994,0.0,QCD(QUITCLAIM DEED),0.33,True,AR
16-09720-000,7/22/1994,0.0,QCD(QUITCLAIM DEED),0.33,True,AR
16-09720-000,2/10/1994,4000.0,WD(WARRANTY DEED),0.33,True,AR
16-09720-000,2/9/1994,1000.0,WD(WARRANTY DEED),0.33,True,AR
16-09720-000,4/7/1988,1000.0,WD(WARRANTY DEED),0.33,True,AR
16-09720-000,10/15/1984,0.0,WD(WARRANTY DEED),0.33,True,AR
16-09720-000,10/19/1980,6000.0,WD(WARRANTY DEED),0.33,True,AR
16-09721-000,9/30/2022,295000.0,WD(WARRANTY DEED),0.39,True,AR
16-09721-000,7/18/2018,140000.0,WD(WARRANTY DEED),0.39,True,AR
16-09721-000,7/18/2018,0.0,BD(BENEFICIARY DEED),0.39,True,AR
16-09721-000,4/12/2016,0.0,BD(BENEFICIARY DEED),0.39,True,AR
16-09721-000,11/20/2002,99000.0,WD(WARRANTY DEED),0.39,True,AR
16-09721-000,5/21/1987,79000.0,WD(WARRANTY DEED),0.39,True,AR
16-09721-000,6/11/1986,4000.0,WD(WARRANTY DEED),0.39,True,AR
16-09721-000,3/25/1982,7000.0,WD(WARRANTY DEED),0.39,True,AR
16-09722-000,8/2/2022,0.0,BD(BENEFICIARY DEED),0.35,True,AR
16-09722-000,7/8/2002,0.0,WD(WARRANTY DEED),0.35,True,AR
16-09722-000,12/9/1997,0.0,DC(DEATH CERTIFICATE),0.35,True,AR
16-09722-000,10/11/1994,0.0,AMEND(AMENDMENT),0.35,True,AR
16-09722-000,10/15/1992,109000.0,WD(WARRANTY DEED),0.35,True,AR
16-09722-000,12/12/1990,0.0,QCD(QUITCLAIM DEED),0.35,True,AR
16-09722-000,11/13/1990,0.0,TRAG(TRUST AGREEMENT),0.35,True,AR
16-09722-000,10/6/1987,98000.0,WD(WARRANTY DEED),0.35,True,AR
16-09722-000,10/29/1986,4000.0,WD(WARRANTY DEED),0.35,True,AR
16-09722-000,8/23/1984,0.0,QCD(QUITCLAIM DEED),0.35,True,AR
16-09722-000,7/20/1984,0.0,QCD(QUITCLAIM DEED),0.35,True,AR
16-09723-000,1/30/2018,150000.0,WD(WARRANTY DEED),0.38,True,AR
16-09723-000,2/24/2015,0.0,SWD(SPECIAL WARRANTY DEED),0.38,True,AR
16-09723-000,9/18/2014,0.0,SWD(SPECIAL WARRANTY DEED),0.38,True,AR
16-09723-000,9/11/2014,0.0,COMMD(COMMISSIONERS DEED),0.38,True,AR
16-09723-000,10/1/2012,0.0,DC(DEATH CERTIFICATE),0.38,True,AR
16-09723-000,10/24/2005,0.0,QCD(QUITCLAIM DEED),0.38,True,AR
16-09723-000,2/23/2004,0.0,QCD(QUITCLAIM DEED),0.38,True,AR
16-09723-000,2/23/2004,0.0,QCD(QUITCLAIM DEED),0.38,True,AR
16-09723-000,7/30/2003,115000.0,WD(WARRANTY DEED),0.38,True,AR
16-09723-000,2/2/2001,0.0,QCD(QUITCLAIM DEED),0.38,True,AR
16-09723-000,11/17/1998,108000.0,WD(WARRANTY DEED),0.38,True,AR
16-09723-000,2/7/1996,0.0,CERT(CERTIFICATE),0.38,True,AR
16-09723-000,2/7/1996,0.0,WD(WARRANTY DEED),0.38,True,AR
16-09723-000,6/28/1993,94000.0,WD(WARRANTY DEED),0.38,True,AR
16-09723-000,10/27/1992,4000.0,WD(WARRANTY DEED),0.38,True,AR
16-09723-000,11/16/1983,7000.0,WD(WARRANTY DEED),0.38,True,AR
16-09724-000,4/29/2021,262000.0,WD(WARRANTY DEED),0.4,True,AR
16-09724-000,6/21/2019,0.0,WD(WARRANTY DEED),0.4,True,AR
16-09724-000,6/14/2019,1000.0,SWD(SPECIAL WARRANTY DEED),0.4,True,AR
16-09724-000,6/14/2019,0.0,CORRQC(CORRECTED QUIT CLAIM DEED),0.4,True,AR
16-09724-000,2/8/2017,0.0,QCD(QUITCLAIM DEED),0.4,True,AR
16-09724-000,1/31/2001,0.0,AMEND(AMENDMENT),0.4,True,AR
16-09724-000,1/31/2001,0.0,DC(DEATH CERTIFICATE),0.4,True,AR
16-09724-000,4/18/2000,5000.0,TRD(TRUSTEES DEED),0.4,True,AR
16-09724-000,2/2/1999,0.0,QCD(QUITCLAIM DEED),0.4,True,AR
16-09724-000,11/1/1995,4000.0,WD(WARRANTY DEED),0.4,True,AR
16-09724-000,5/9/1978,7000.0,WD(WARRANTY DEED),0.4,True,AR
16-09725-000,12/14/2020,218000.0,WD(WARRANTY DEED),0.43,True,AR
16-09725-000,6/1/2016,165000.0,WD(WARRANTY DEED),0.43,True,AR
16-09725-000,3/27/2016,0.0,DC(DEATH CERTIFICATE),0.43,True,AR
16-09725-000,5/9/2007,0.0,WD(WARRANTY DEED),0.43,True,AR
16-09725-000,5/9/2007,0.0,CERT(CERTIFICATE),0.43,True,AR
16-09725-000,8/1/1996,133000.0,WD(WARRANTY DEED),0.43,True,AR
16-09725-000,9/5/1995,6000.0,WD(WARRANTY DEED),0.43,True,AR
16-09725-000,9/14/1983,7000.0,WD(WARRANTY DEED),0.43,True,AR
16-09726-000,7/28/2023,0.0,LWD(LIMITED WARRANTY DEED),0.35,False,AR
16-09726-000,3/12/2019,2000.0,SWD(SPECIAL WARRANTY DEED),0.35,False,AR
16-09726-000,10/30/2018,0.0,LWD(LIMITED WARRANTY DEED),0.35,False,AR
16-09726-000,4/1/2013,12000.0,SWD(SPECIAL WARRANTY DEED),0.35,False,AR
16-09726-000,3/27/2013,0.0,COMMD(COMMISSIONERS DEED),0.35,False,AR
16-09726-000,7/19/2012,1000.0,COMMD(COMMISSIONERS DEED),0.35,False,AR
16-09726-000,6/20/2012,0.0,RD(REDEMPTION DEED),0.35,False,AR
16-09726-000,12/24/2010,0.0,QCD(QUITCLAIM DEED),0.35,False,AR
16-09726-000,12/12/2008,0.0,DEED(GRANT DEED),0.35,False,AR
16-09726-000,10/25/2005,6000.0,WD(WARRANTY DEED),0.35,False,AR
16-09726-000,11/11/1994,1000.0,CWD(CORPORATION WARRANTY DEED),0.35,False,AR
16-09726-000,11/8/1994,1000.0,WD(WARRANTY DEED),0.35,False,AR
16-09726-000,10/11/1985,3000.0,WD(WARRANTY DEED),0.35,False,AR
16-09726-000,9/16/1985,5000.0,WD(WARRANTY DEED),0.35,False,AR
16-09727-000,12/30/2024,0.0,QCD(QUITCLAIM DEED),0.3,False,AR
16-09727-000,2/26/2020,0.0,QCD(QUITCLAIM DEED),0.3,False,AR
16-09727-000,2/26/2020,0.0,QCD(QUITCLAIM DEED),0.3,False,AR
16-09727-000,3/25/2008,0.0,QCD(QUITCLAIM DEED),0.3,False,AR
16-09727-000,4/30/2003,4000.0,WD(WARRANTY DEED),0.3,False,AR
16-09727-000,12/26/1990,0.0,QCD(QUITCLAIM DEED),0.3,False,AR
16-09727-000,7/9/1982,3000.0,WD(WARRANTY DEED),0.3,False,AR
16-09728-000,12/30/2024,0.0,QCD(QUITCLAIM DEED),0.4,True,AR
16-09728-000,2/26/2020,0.0,QCD(QUITCLAIM DEED),0.4,True,AR
16-09728-000,2/26/2020,0.0,QCD(QUITCLAIM DEED),0.4,True,AR
16-09728-000,3/25/2008,0.0,QCD(QUITCLAIM DEED),0.4,True,AR
16-09728-000,12/21/1992,4000.0,WD(WARRANTY DEED),0.4,True,AR
16-09728-000,4/27/1990,0.0,SWD(SPECIAL WARRANTY DEED),0.4,True,AR
16-09729-000,10/17/2021,0.0,DC(DEATH CERTIFICATE),0.3,False,AR
16-09729-000,1/21/2000,0.0,WD(WARRANTY DEED),0.3,False,AR
16-09729-000,1/21/2000,5000.0,WD(WARRANTY DEED),0.3,False,AR
16-09729-000,2/2/1998,0.0,WD(WARRANTY DEED),0.3,False,AR
16-09729-000,8/17/1997,0.0,ADMN(ADMINISTRATORS DEED),0.3,False,AR
16-09729-000,4/13/1986,0.0,DC(DEATH CERTIFICATE),0.3,False,AR
16-09729-000,12/5/1983,6000.0,WD(WARRANTY DEED),0.3,False,AR
16-09730-000,6/16/2022,0.0,WD(WARRANTY DEED),0.28,True,AR
16-09730-000,10/17/2021,0.0,DC(DEATH CERTIFICATE),0.28,True,AR
16-09730-000,11/24/2014,0.0,OTHER(OTHER DOCUMENT),0.28,True,AR
16-09730-000,11/24/2014,0.0,WD(WARRANTY DEED),0.28,True,AR
16-09730-000,11/24/2014,0.0,BD(BENEFICIARY DEED),0.28,True,AR
16-09730-000,3/7/2007,0.0,WD(WARRANTY DEED),0.28,True,AR
16-09730-000,2/5/2007,0.0,TRAG(TRUST AGREEMENT),0.28,True,AR
16-09730-000,8/18/1998,90000.0,WD(WARRANTY DEED),0.28,True,AR
16-09730-000,2/10/1994,0.0,QCD(QUITCLAIM DEED),0.28,True,AR
16-09730-000,5/1/1990,67000.0,WD(WARRANTY DEED),0.28,True,AR
16-09730-000,10/20/1989,3000.0,WD(WARRANTY DEED),0.28,True,AR
16-09730-000,4/23/1984,6000.0,WD(WARRANTY DEED),0.28,True,AR
16-09731-000,11/10/2010,0.0,SWD(SPECIAL WARRANTY DEED),0.3,True,AR
16-09731-000,9/27/2010,0.0,TRD(TRUSTEES DEED),0.3,True,AR
16-09731-000,1/14/2010,0.0,OTHER(OTHER DOCUMENT),0.3,True,AR
16-09731-000,12/13/2002,0.0,WD(WARRANTY DEED),0.3,True,AR
16-09731-000,6/22/1994,0.0,WD(WARRANTY DEED),0.3,True,AR
16-09731-000,6/22/1994,0.0,WD(WARRANTY DEED),0.3,True,AR
16-09731-000,2/11/1992,0.0,WD(WARRANTY DEED),0.3,True,AR
16-09731-000,2/11/1992,2000.0,WD(WARRANTY DEED),0.3,True,AR
16-09731-000,2/11/1992,8000.0,WD(WARRANTY DEED),0.3,True,AR
16-09731-000,10/12/1986,0.0,CONT(CONTRACT),0.3,True,AR
16-09731-000,4/25/1986,0.0,WD(WARRANTY DEED),0.3,True,AR
16-09731-000,4/24/1986,0.0,WD(WARRANTY DEED),0.3,True,AR
16-09731-000,4/16/1980,5000.0,WD(WARRANTY DEED),0.3,True,AR
16-09732-000,8/2/2019,218848.0,WD(WARRANTY DEED),0.33,True,AR
16-09732-000,11/6/2018,7750.0,WD(WARRANTY DEED),0.33,True,AR
16-09732-000,4/3/2018,16500.0,SWD(SPECIAL WARRANTY DEED),0.33,True,AR
16-09732-000,8/26/2005,7000.0,WD(WARRANTY DEED),0.33,True,AR
16-09732-000,9/25/2000,0.0,RD(REDEMPTION DEED),0.33,True,AR
16-09732-000,1/31/1984,7000.0,WD(WARRANTY DEED),0.33,True,AR
16-09733-000,10/21/2014,0.0,BD(BENEFICIARY DEED),0.35,True,AR
16-09733-000,3/27/2007,128000.0,TRD(TRUSTEES DEED),0.35,True,AR
16-09733-000,10/27/1993,99000.0,WD(WARRANTY DEED),0.35,True,AR
16-09733-000,5/27/1992,5000.0,WD(WARRANTY DEED),0.35,True,AR
16-09733-000,11/8/1990,0.0,QCD(QUITCLAIM DEED),0.35,True,AR
16-09733-000,3/16/1982,0.0,WD(WARRANTY DEED),0.35,True,AR
16-09734-000,10/27/2011,108000.0,EXD(EXECUTOR-EXECUTRIX DEED),0.36,True,AR
16-09734-000,3/17/2011,0.0,DC(DEATH CERTIFICATE),0.36,True,AR
16-09734-000,4/8/1991,0.0,DC(DEATH CERTIFICATE),0.36,True,AR
16-09734-000,3/21/1990,80000.0,WD(WARRANTY DEED),0.36,True,AR
16-09734-000,9/8/1989,4000.0,WD(WARRANTY DEED),0.36,True,AR
16-09734-000,6/9/1981,7000.0,WD(WARRANTY DEED),0.36,True,AR
16-09735-000,6/14/2021,220000.0,WD(WARRANTY DEED),0.38,True,AR
16-09735-000,4/26/2021,0.0,EXD(EXECUTOR-EXECUTRIX DEED),0.38,True,AR
16-09735-000,1/19/2021,0.0,AFF(AFFIDAVIT),0.38,True,AR
16-09735-000,12/3/2020,0.0,OTHER(OTHER DOCUMENT),0.38,True,AR
16-09735-000,9/13/2005,0.0,DC(DEATH CERTIFICATE),0.38,True,AR
16-09735-000,6/25/1990,87000.0,WD(WARRANTY DEED),0.38,True,AR
16-09735-000,12/29/1989,4000.0,WD(WARRANTY DEED),0.38,True,AR
16-09735-000,12/27/1989,0.0,WD(WARRANTY DEED),0.38,True,AR
16-09736-000,10/30/2022,0.0,DC(DEATH CERTIFICATE),0.37,True,AR
16-09736-000,4/30/2021,0.0,BD(BENEFICIARY DEED),0.37,True,AR
16-09736-000,4/30/2021,0.0,BD(BENEFICIARY DEED),0.37,True,AR
16-09736-000,5/8/2019,0.0,BD(BENEFICIARY DEED),0.37,True,AR
16-09736-000,5/11/2018,215000.0,WD(WARRANTY DEED),0.37,True,AR
16-09736-000,8/9/2017,196000.0,WD(WARRANTY DEED),0.37,True,AR
16-09736-000,7/22/2005,184000.0,WD(WARRANTY DEED),0.37,True,AR
16-09736-000,12/10/2003,8000.0,WD(WARRANTY DEED),0.37,True,AR
16-09736-000,9/20/2002,7000.0,WD(WARRANTY DEED),0.37,True,AR
16-09736-000,12/7/1984,0.0,CONT(CONTRACT),0.37,True,AR
16-09736-000,4/30/1984,9000.0,WD(WARRANTY DEED),0.37,True,AR
16-09737-000,10/30/2022,0.0,DC(DEATH CERTIFICATE),0.37,False,AR
16-09737-000,4/30/2021,0.0,BD(BENEFICIARY DEED),0.37,False,AR
16-09737-000,4/30/2021,0.0,BD(BENEFICIARY DEED),0.37,False,AR
16-09737-000,5/8/2019,0.0,BD(BENEFICIARY DEED),0.37,False,AR
16-09737-000,5/11/2018,215000.0,WD(WARRANTY DEED),0.37,False,AR
16-09737-000,8/9/2017,196000.0,WD(WARRANTY DEED),0.37,False,AR
16-09737-000,2/8/2012,7000.0,CWD(CORPORATION WARRANTY DEED),0.37,False,AR
16-09737-000,6/13/2005,8000.0,WD(WARRANTY DEED),0.37,False,AR
16-09737-000,4/26/2000,0.0,TRD(TRUSTEES DEED),0.37,False,AR
16-09737-000,6/26/1999,0.0,DC(DEATH CERTIFICATE),0.37,False,AR
16-09737-000,11/15/1995,0.0,QCD(QUITCLAIM DEED),0.37,False,AR
16-09737-000,11/15/1995,0.0,TRAG(TRUST AGREEMENT),0.37,False,AR
16-09737-000,5/5/1993,2000.0,WD(WARRANTY DEED),0.37,False,AR
16-09737-000,4/9/1993,0.0,AFF(AFFIDAVIT),0.37,False,AR
16-09737-000,11/19/1990,0.0,QCD(QUITCLAIM DEED),0.37,False,AR
16-09737-000,9/12/1985,0.0,CORRWD(CORRECTED WARRANTY DEED),0.37,False,AR
16-09737-000,6/28/1985,0.0,WD(WARRANTY DEED),0.37,False,AR
16-09737-000,3/26/1985,0.0,DC(DEATH CERTIFICATE),0.37,False,AR
16-09737-000,2/9/1977,6000.0,WD(WARRANTY DEED),0.37,False,AR
16-09738-000,11/17/2005,133000.0,WD(WARRANTY DEED),0.39,True,AR
16-09738-000,4/28/2000,0.0,WD(WARRANTY DEED),0.39,True,AR
16-09738-000,6/26/1999,0.0,DC(DEATH CERTIFICATE),0.39,True,AR
16-09738-000,11/15/1995,0.0,QCD(QUITCLAIM DEED),0.39,True,AR
16-09738-000,11/15/1995,0.0,TRAG(TRUST AGREEMENT),0.39,True,AR
16-09738-000,10/7/1991,4000.0,WD(WARRANTY DEED),0.39,True,AR
16-09738-000,8/15/1985,6500.0,WD(WARRANTY DEED),0.39,True,AR
16-09738-000,5/9/1984,0.0,CONT(CONTRACT),0.39,True,AR
16-09739-000,5/22/2009,5000.0,WD(WARRANTY DEED),0.37,False,AR
16-09739-000,5/21/2009,0.0,COMMD(COMMISSIONERS DEED),0.37,False,AR
16-09739-000,3/21/2006,15000.0,WD(WARRANTY DEED),0.37,False,AR
16-09739-000,9/20/2005,3000.0,WD(WARRANTY DEED),0.37,False,AR
16-09739-000,7/9/1991,7200.0,WD(WARRANTY DEED),0.37,False,AR
16-09739-000,5/12/1990,0.0,CONT(CONTRACT),0.37,False,AR
16-09739-000,2/11/1988,0.0,CONT(CONTRACT),0.37,False,AR
16-09739-000,7/16/1986,0.0,CONT(CONTRACT),0.37,False,AR
16-09739-000,11/28/1984,0.0,QCD(QUITCLAIM DEED),0.37,False,AR
16-09740-000,8/2/2017,0.0,AFF(AFFIDAVIT),0.52,False,AR
16-09740-000,3/1/2016,1750.0,WD(WARRANTY DEED),0.52,False,AR
16-09740-000,6/18/2010,0.0,BD(BENEFICIARY DEED),0.52,False,AR
16-09740-000,7/10/1989,2000.0,WD(WARRANTY DEED),0.52,False,AR
16-09740-000,6/30/1989,0.0,WD(WARRANTY DEED),0.52,False,AR
16-09740-000,6/17/1985,0.0,WD(WARRANTY DEED),0.52,False,AR
16-09740-000,4/30/1985,0.0,COMMD(COMMISSIONERS DEED),0.52,False,AR
16-09740-000,4/4/1984,0.0,WD(WARRANTY DEED),0.52,False,AR
16-09741-000,11/14/2022,225000.0,WD(WARRANTY DEED),0.39,True,CA
16-09741-000,11/2/2012,0.0,ML(MARRIAGE LICENSE),0.39,True,CA
16-09741-000,8/16/2011,115000.0,WD(WARRANTY DEED),0.39,True,CA
16-09741-000,8/2/2005,126000.0,WD(WARRANTY DEED),0.39,True,CA
16-09741-000,5/14/1991,6000.0,WD(WARRANTY DEED),0.39,True,CA
16-09741-000,8/6/1982,7000.0,WD(WARRANTY DEED),0.39,True,CA
16-09742-000,4/10/2024,335000.0,WD(WARRANTY DEED),0.38,True,AR
16-09742-000,9/17/2013,138000.0,WD(WARRANTY DEED),0.38,True,AR
16-09742-000,1/30/2008,132000.0,WD(WARRANTY DEED),0.38,True,AR
16-09742-000,7/23/2003,118000.0,WD(WARRANTY DEED),0.38,True,AR
16-09742-000,8/14/1998,84000.0,WD(WARRANTY DEED),0.38,True,AR
16-09742-000,2/28/1995,0.0,WD(WARRANTY DEED),0.38,True,AR
16-09742-000,10/14/1994,101000.0,WD(WARRANTY DEED),0.38,True,AR
16-09742-000,11/19/1992,0.0,WD(WARRANTY DEED),0.38,True,AR
16-09742-000,11/20/1987,0.0,WD(WARRANTY DEED),0.38,True,AR
16-09742-000,12/27/1983,0.0,WD(WARRANTY DEED),0.38,True,AR
16-09743-000,6/6/2023,0.0,WD(WARRANTY DEED),0.36,True,AR
16-09743-000,6/6/2023,0.0,CERT(CERTIFICATE),0.36,True,AR
16-09743-000,12/10/2020,215000.0,WD(WARRANTY DEED),0.36,True,AR
16-09743-000,4/12/2010,0.0,SWD(SPECIAL WARRANTY DEED),0.36,True,AR
16-09743-000,11/25/2009,0.0,SWD(SPECIAL WARRANTY DEED),0.36,True,AR
16-09743-000,11/23/2009,0.0,SWD(SPECIAL WARRANTY DEED),0.36,True,AR
16-09743-000,8/3/2007,0.0,QCD(QUITCLAIM DEED),0.36,True,AR
16-09743-000,7/27/2005,110000.0,WD(WARRANTY DEED),0.36,True,AR
16-09743-000,9/10/1998,4000.0,WD(WARRANTY DEED),0.36,True,AR
16-09743-000,11/11/1983,5000.0,WD(WARRANTY DEED),0.36,True,AR
16-09744-000,6/6/2023,0.0,WD(WARRANTY DEED),0.33,False,AR
16-09744-000,6/6/2023,0.0,CERT(CERTIFICATE),0.33,False,AR
16-09744-000,11/25/2020,2800.0,WD(WARRANTY DEED),0.33,False,AR
16-09744-000,6/14/2011,0.0,COMMD(COMMISSIONERS DEED),0.33,False,AR
16-09744-000,9/24/2002,0.0,QCD(QUITCLAIM DEED),0.33,False,AR
16-09744-000,11/10/1999,1000.0,WD(WARRANTY DEED),0.33,False,AR
16-09744-000,9/21/1998,1000.0,TRD(TRUSTEES DEED),0.33,False,AR
16-09744-000,9/15/1998,0.0,MEMO(MEMORANDUM),0.33,False,AR
16-09744-000,6/18/1991,0.0,WD(WARRANTY DEED),0.33,False,AR
16-09744-000,12/31/1990,0.0,DC(DEATH CERTIFICATE),0.33,False,AR
16-09744-000,7/25/1983,5000.0,WD(WARRANTY DEED),0.33,False,AR
16-09745-000,2/11/2025,140000.0,WD(WARRANTY DEED),0.51,False,OX
16-09745-000,1/12/2022,0.0,RD(REDEMPTION DEED),0.51,False,OX
16-09745-000,12/29/2021,30000.0,WD(WARRANTY DEED),0.51,False,OX
16-09745-000,8/28/2009,1451000.0,QCD(QUITCLAIM DEED),0.51,False,OX
16-09745-000,8/21/2009,402000.0,DEED(GRANT DEED),0.51,False,OX
16-09745-000,9/15/2008,0.0,DEED(GRANT DEED),0.51,False,OX
16-09745-000,3/11/2005,2000.0,WD(WARRANTY DEED),0.51,False,OX
16-09745-000,10/29/1992,3500.0,WD(WARRANTY DEED),0.51,False,OX
16-09745-000,8/13/1986,0.0,CONT(CONTRACT),0.51,False,OX
16-09745-000,9/15/1983,0.0,WD(WARRANTY DEED),0.51,False,OX
16-09746-000,3/10/2025,332000.0,WD(WARRANTY DEED),0.38,True,AR
16-09746-000,2/1/2017,0.0,DC(DEATH CERTIFICATE),0.38,True,AR
16-09746-000,3/18/2016,139000.0,WD(WARRANTY DEED),0.38,True,AR
16-09746-000,11/24/2003,116000.0,WD(WARRANTY DEED),0.38,True,AR
16-09746-000,9/7/2000,111000.0,WD(WARRANTY DEED),0.38,True,AR
16-09746-000,12/6/1995,105000.0,WD(WARRANTY DEED),0.38,True,AR
16-09746-000,3/24/1994,3000.0,WD(WARRANTY DEED),0.38,True,AR
16-09746-000,1/31/1984,6000.0,WD(WARRANTY DEED),0.38,True,AR
16-09747-000,9/24/2010,145000.0,WD(WARRANTY DEED),0.34,True,AR
16-09747-000,7/23/2004,130000.0,WD(WARRANTY DEED),0.34,True,AR
16-09747-000,9/26/1997,95000.0,WD(WARRANTY DEED),0.34,True,AR
16-09747-000,6/29/1994,112000.0,WD(WARRANTY DEED),0.34,True,AR
16-09747-000,11/24/1992,95000.0,WD(WARRANTY DEED),0.34,True,AR
16-09747-000,2/13/1992,0.0,WD(WARRANTY DEED),0.34,True,AR
16-09747-000,11/11/1991,0.0,CONT(CONTRACT),0.34,True,AR
16-09747-000,5/9/1990,0.0,CONT(CONTRACT),0.34,True,AR
16-09747-000,3/1/1982,8000.0,WD(WARRANTY DEED),0.34,True,AR
16-09748-000,6/10/2002,165000.0,WD(WARRANTY DEED),0.43,True,AR
16-09748-000,11/10/1998,169000.0,WD(WARRANTY DEED),0.43,True,AR
16-09748-000,3/31/1997,0.0,WD(WARRANTY DEED),0.43,True,AR
16-09748-000,3/31/1997,0.0,TRAG(TRUST AGREEMENT),0.43,True,AR
16-09748-000,8/25/1995,0.0,DC(DEATH CERTIFICATE),0.43,True,AR
16-09748-000,10/16/1992,8000.0,WD(WARRANTY DEED),0.43,True,AR
16-09748-000,10/14/1992,6000.0,WD(WARRANTY DEED),0.43,True,AR
16-09748-000,5/11/1990,0.0,CONT(CONTRACT),0.43,True,AR
16-09748-000,4/20/1976,7000.0,WD(WARRANTY DEED),0.43,True,AR
16-09749-000,11/4/2020,315000.0,WD(WARRANTY DEED),0.43,True,AR
16-09749-000,6/1/2007,223000.0,WD(WARRANTY DEED),0.43,True,AR
16-09749-000,2/8/2005,4000.0,WD(WARRANTY DEED),0.43,True,AR
16-09749-000,2/12/1992,2000.0,WD(WARRANTY DEED),0.43,True,AR
16-09749-000,10/17/1990,9410.0,WD(WARRANTY DEED),0.43,True,AR
16-09749-000,7/27/1990,0.0,CONT(CONTRACT),0.43,True,AR
16-09749-000,1/14/1982,0.0,WD(WARRANTY DEED),0.43,True,AR
16-09750-000,3/21/2006,12000.0,WD(WARRANTY DEED),0.47,False,FL
16-09750-000,3/21/2006,0.0,QCD(QUITCLAIM DEED),0.47,False,FL
16-09750-000,3/21/2006,0.0,AFF(AFFIDAVIT),0.47,False,FL
16-09750-000,3/21/2006,0.0,WD(WARRANTY DEED),0.47,False,FL
16-09750-000,3/21/2006,0.0,WD(WARRANTY DEED),0.47,False,FL
16-09750-000,3/21/2006,0.0,WD(WARRANTY DEED),0.47,False,FL
16-09750-000,3/21/2006,0.0,WD(WARRANTY DEED),0.47,False,FL
16-09750-000,3/21/2006,0.0,WD(WARRANTY DEED),0.47,False,FL
16-09750-000,3/21/2006,0.0,WD(WARRANTY DEED),0.47,False,FL
16-09750-000,3/21/2006,0.0,WD(WARRANTY DEED),0.47,False,FL
16-09750-000,3/21/2006,0.0,WD(WARRANTY DEED),0.47,False,FL
16-09750-000,5/3/2005,1000.0,QCD(QUITCLAIM DEED),0.47,False,FL
16-09750-000,6/18/1997,1000.0,WD(WARRANTY DEED),0.47,False,FL
16-09750-000,6/9/1997,1000.0,WD(WARRANTY DEED),0.47,False,FL
16-09750-000,5/12/1997,0.0,DC(DEATH CERTIFICATE),0.47,False,FL
16-09750-000,4/26/1981,0.0,DC(DEATH CERTIFICATE),0.47,False,FL
16-09750-000,5/10/1976,7000.0,WD(WARRANTY DEED),0.47,False,FL
16-09751-000,2/16/2024,33200.0,TRWD(TRUSTEES WARRANTY DEED),1.05,False,AR
16-09751-000,1/18/2024,0.0,SWD(SPECIAL WARRANTY DEED),1.05,False,AR
16-09751-000,1/18/2024,0.0,CERT(CERTIFICATE),1.05,False,AR
16-09751-000,12/15/2021,30000.0,WD(WARRANTY DEED),1.05,False,AR
16-09751-000,7/12/2006,10000.0,WD(WARRANTY DEED),1.05,False,AR
16-09751-000,2/15/2006,0.0,FD(FIDUCIARY DEED),1.05,False,AR
16-09751-000,2/15/2006,0.0,TRAG(TRUST AGREEMENT),1.05,False,AR
16-09751-000,12/19/2003,0.0,DC(DEATH CERTIFICATE),1.05,False,AR
16-09751-000,7/30/1987,0.0,DC(DEATH CERTIFICATE),1.05,False,AR
16-09751-000,12/5/1983,0.0,WD(WARRANTY DEED),1.05,False,AR
16-09752-000,8/23/2016,0.0,QCD(QUITCLAIM DEED),0.99,True,AR
16-09752-000,5/4/2006,0.0,WD(WARRANTY DEED),0.99,True,AR
16-09752-000,3/22/2005,7000.0,WD(WARRANTY DEED),0.99,True,AR
16-09752-000,8/5/2003,3000.0,WD(WARRANTY DEED),0.99,True,AR
16-09752-000,8/10/1992,7000.0,WD(WARRANTY DEED),0.99,True,AR
16-09752-000,8/25/1990,0.0,CONT(CONTRACT),0.99,True,AR
16-09752-000,8/24/1989,0.0,CONT(CONTRACT),0.99,True,AR
16-09752-000,8/21/1986,0.0,CONT(CONTRACT),0.99,True,AR
16-09752-000,11/15/1983,0.0,WD(WARRANTY DEED),0.99,True,AR
16-09753-000,11/21/2019,0.0,QCD(QUITCLAIM DEED),0.36,False,TN
16-09753-000,6/25/2019,0.0,DC(DEATH CERTIFICATE),0.36,False,TN
16-09753-000,1/3/1990,0.0,WD(WARRANTY DEED),0.36,False,TN
16-09753-000,6/15/1983,0.0,WD(WARRANTY DEED),0.36,False,TN
16-09754-000,4/10/1998,0.0,RD(REDEMPTION DEED),0.31,False,AR
16-09754-000,3/6/1998,1000.0,COMMD(COMMISSIONERS DEED),0.31,False,AR
16-09755-000,11/12/2021,8000.0,SWD(SPECIAL WARRANTY DEED),0.31,False,FL
16-09755-000,6/18/2021,0.0,QCD(QUITCLAIM DEED),0.31,False,FL
16-09755-000,10/17/1994,1000.0,WD(WARRANTY DEED),0.31,False,FL
16-09755-000,9/27/1994,0.0,HIST(HISTORICAL),0.31,False,FL
16-09755-000,10/30/1979,0.0,WD(WARRANTY DEED),0.31,False,FL
16-09756-000,4/15/2024,0.0,BD(BENEFICIARY DEED),0.3,False,AK
16-09756-000,1/26/1998,1000.0,WD(WARRANTY DEED),0.3,False,AK
16-09756-000,1/9/1998,1000.0,WD(WARRANTY DEED),0.3,False,AK
16-09756-000,5/29/1997,0.0,CONT(CONTRACT),0.3,False,AK
16-09756-000,5/13/1990,0.0,CONT(CONTRACT),0.3,False,AK
16-09756-000,1/14/1987,0.0,HIST(HISTORICAL),0.3,False,AK
16-09756-000,12/22/1977,0.0,WD(WARRANTY DEED),0.3,False,AK
16-09757-000,4/21/2021,6000.0,SWD(SPECIAL WARRANTY DEED),0.27,False,IN
16-09757-000,1/11/2021,3000.0,SWD(SPECIAL WARRANTY DEED),0.27,False,IN
16-09757-000,11/20/2020,0.0,LWD(LIMITED WARRANTY DEED),0.27,False,IN
16-09757-000,8/28/2009,1451000.0,QCD(QUITCLAIM DEED),0.27,False,IN
16-09757-000,8/21/2009,402000.0,DEED(GRANT DEED),0.27,False,IN
16-09757-000,9/15/2008,0.0,DEED(GRANT DEED),0.27,False,IN
16-09757-000,3/6/2006,9000.0,WD(WARRANTY DEED),0.27,False,IN
16-09757-000,10/30/1991,0.0,WD(WARRANTY DEED),0.27,False,IN
16-09757-000,3/1/1982,0.0,WD(WARRANTY DEED),0.27,False,IN
16-09758-000,10/5/2011,0.0,QCD(QUITCLAIM DEED),0.3,False,AR
16-09758-000,10/5/2011,1693333.0,CORRQC(CORRECTED QUIT CLAIM DEED),0.3,False,AR
16-09758-000,11/24/2008,0.0,WD(WARRANTY DEED),0.3,False,AR
16-09758-000,9/2/2005,4000.0,WD(WARRANTY DEED),0.3,False,AR
16-09758-000,8/25/2003,1000.0,QCD(QUITCLAIM DEED),0.3,False,AR
16-09758-000,5/15/2001,1000.0,WD(WARRANTY DEED),0.3,False,AR
16-09758-000,12/19/2000,0.0,OR(ORDER),0.3,False,AR
16-09758-000,6/10/1991,6700.0,WD(WARRANTY DEED),0.3,False,AR
16-09758-000,11/1/1981,0.0,CONT(CONTRACT),0.3,False,AR
16-09758-000,7/27/1976,6000.0,WD(WARRANTY DEED),0.3,False,AR
16-09759-000,9/28/2023,12000.0,WD(WARRANTY DEED),0.42,False,AR
16-09759-000,5/13/2022,210000.0,WD(WARRANTY DEED),0.42,False,AR
16-09759-000,11/19/2018,10000.0,SWD(SPECIAL WARRANTY DEED),0.42,False,AR
16-09759-000,10/30/2018,0.0,LWD(LIMITED WARRANTY DEED),0.42,False,AR
16-09759-000,7/6/2005,0.0,WD(WARRANTY DEED),0.42,False,AR
16-09759-000,6/13/2005,21000.0,WD(WARRANTY DEED),0.42,False,AR
16-09759-000,11/9/2000,4000.0,WD(WARRANTY DEED),0.42,False,AR
16-09759-000,9/21/1998,1000.0,WD(WARRANTY DEED),0.42,False,AR
16-09759-000,7/2/1998,0.0,QCD(QUITCLAIM DEED),0.42,False,AR
16-09759-000,7/25/1988,6000.0,RD(REDEMPTION DEED),0.42,False,AR
16-09759-000,5/18/1979,7000.0,WD(WARRANTY DEED),0.42,False,AR
16-09760-000,3/22/2023,28000.0,WD(WARRANTY DEED),0.38,False,MO
16-09760-000,11/25/2020,12000.0,WD(WARRANTY DEED),0.38,False,MO
16-09760-000,2/8/2019,4700.0,WD(WARRANTY DEED),0.38,False,MO
16-09760-000,11/5/2013,0.0,QCD(QUITCLAIM DEED),0.38,False,MO
16-09760-000,10/22/2009,1000.0,WD(WARRANTY DEED),0.38,False,MO
16-09760-000,4/5/2006,0.0,CORRWD(CORRECTED WARRANTY DEED),0.38,False,MO
16-09760-000,12/13/2005,12000.0,WD(WARRANTY DEED),0.38,False,MO
16-09760-000,7/6/2005,0.0,WD(WARRANTY DEED),0.38,False,MO
16-09760-000,6/13/2005,21000.0,WD(WARRANTY DEED),0.38,False,MO
16-09760-000,2/3/2004,4000.0,WD(WARRANTY DEED),0.38,False,MO
16-09760-000,7/7/2003,0.0,WD(WARRANTY DEED),0.38,False,MO
16-09760-000,6/30/1995,0.0,WD(WARRANTY DEED),0.38,False,MO
16-09760-000,2/22/1994,1000.0,WD(WARRANTY DEED),0.38,False,MO
16-09760-000,6/7/1993,500.0,RD(REDEMPTION DEED),0.38,False,MO
16-09760-000,4/23/1993,0.0,COMMD(COMMISSIONERS DEED),0.38,False,MO
16-09760-000,10/12/1989,0.0,OR(ORDER),0.38,False,MO
16-09760-000,11/14/1986,0.0,HIST(HISTORICAL),0.38,False,MO
16-09760-000,11/6/1984,0.0,DC(DEATH CERTIFICATE),0.38,False,MO
16-09760-000,4/9/1984,0.0,WD(WARRANTY DEED),0.38,False,MO
16-09761-000,3/22/2023,28000.0,WD(WARRANTY DEED),0.42,False,MO
16-09761-000,11/25/2020,12000.0,WD(WARRANTY DEED),0.42,False,MO
16-09761-000,2/8/2019,4700.0,WD(WARRANTY DEED),0.42,False,MO
16-09761-000,11/5/2013,0.0,QCD(QUITCLAIM DEED),0.42,False,MO
16-09761-000,10/22/2009,1000.0,WD(WARRANTY DEED),0.42,False,MO
16-09761-000,12/1/2005,12000.0,WD(WARRANTY DEED),0.42,False,MO
16-09761-000,11/21/2005,0.0,CORRWD(CORRECTED WARRANTY DEED),0.42,False,MO
16-09761-000,7/6/2005,0.0,WD(WARRANTY DEED),0.42,False,MO
16-09761-000,6/13/2005,21000.0,WD(WARRANTY DEED),0.42,False,MO
16-09761-000,3/26/2004,0.0,AFF(AFFIDAVIT),0.42,False,MO
16-09761-000,3/23/2004,1000.0,WD(WARRANTY DEED),0.42,False,MO
16-09761-000,6/23/1995,1000.0,WD(WARRANTY DEED),0.42,False,MO
16-09761-000,9/14/1983,5000.0,WD(WARRANTY DEED),0.42,False,MO
16-09762-000,10/28/2024,0.0,CORRWD(CORRECTED WARRANTY DEED),0.27,False,AR
16-09762-000,10/28/2024,369000.0,WD(WARRANTY DEED),0.27,False,AR
16-09762-000,9/27/2019,192000.0,WD(WARRANTY DEED),0.27,False,AR
16-09762-000,4/7/2015,2000.0,WD(WARRANTY DEED),0.27,False,AR
16-09762-000,8/28/2009,1451000.0,QCD(QUITCLAIM DEED),0.27,False,AR
16-09762-000,8/21/2009,402000.0,DEED(GRANT DEED),0.27,False,AR
16-09762-000,9/15/2008,0.0,DEED(GRANT DEED),0.27,False,AR
16-09762-000,10/4/2005,5000.0,WD(WARRANTY DEED),0.27,False,AR
16-09762-000,3/19/2001,1000.0,CWD(CORPORATION WARRANTY DEED),0.27,False,AR
16-09762-000,3/28/1991,0.0,WD(WARRANTY DEED),0.27,False,AR
16-09762-000,2/26/1983,6000.0,WD(WARRANTY DEED),0.27,False,AR
16-09763-000,10/28/2024,0.0,CORRWD(CORRECTED WARRANTY DEED),0.34,True,AR
16-09763-000,10/28/2024,369000.0,WD(WARRANTY DEED),0.34,True,AR
16-09763-000,9/27/2019,192000.0,WD(WARRANTY DEED),0.34,True,AR
16-09763-000,11/20/2014,0.0,BD(BENEFICIARY DEED),0.34,True,AR
16-09763-000,8/17/2005,165000.0,WD(WARRANTY DEED),0.34,True,AR
16-09763-000,11/1/2002,0.0,QCD(QUITCLAIM DEED),0.34,True,AR
16-09763-000,10/18/2002,0.0,QCD(QUITCLAIM DEED),0.34,True,AR
16-09763-000,10/11/2002,0.0,TRAG(TRUST AGREEMENT),0.34,True,AR
16-09763-000,10/25/1995,0.0,QCD(QUITCLAIM DEED),0.34,True,AR
16-09763-000,9/8/1992,0.0,TRD(TRUSTEES DEED),0.34,True,AR
16-09763-000,2/15/1991,0.0,QCD(QUITCLAIM DEED),0.34,True,AR
16-09763-000,9/19/1990,80000.0,WD(WARRANTY DEED),0.34,True,AR
16-09763-000,3/7/1990,3000.0,WD(WARRANTY DEED),0.34,True,AR
16-09763-000,1/15/1986,2000.0,WD(WARRANTY DEED),0.34,True,AR
16-09763-000,9/6/1985,4000.0,WD(WARRANTY DEED),0.34,True,AR
16-09763-000,5/8/1984,4000.0,WD(WARRANTY DEED),0.34,True,AR
16-09764-000,5/28/2021,220000.0,WD(WARRANTY DEED),0.38,True,AR
16-09764-000,2/9/2019,0.0,DC(DEATH CERTIFICATE),0.38,True,AR
16-09764-000,2/9/2019,0.0,DC(DEATH CERTIFICATE),0.38,True,AR
16-09764-000,1/28/2016,125000.0,WD(WARRANTY DEED),0.38,True,AR
16-09764-000,7/10/2003,120000.0,TRD(TRUSTEES DEED),0.38,True,AR
16-09764-000,9/5/2002,0.0,QCD(QUITCLAIM DEED),0.38,True,AR
16-09764-000,9/5/2002,0.0,AFF(AFFIDAVIT),0.38,True,AR
16-09764-000,9/16/1998,0.0,DC(DEATH CERTIFICATE),0.38,True,AR
16-09764-000,6/13/1990,83000.0,WD(WARRANTY DEED),0.38,True,AR
16-09764-000,2/29/1988,1000.0,WD(WARRANTY DEED),0.38,True,AR
16-09764-000,12/31/1986,0.0,DC(DEATH CERTIFICATE),0.38,True,AR
16-09764-000,6/22/1984,6000.0,WD(WARRANTY DEED),0.38,True,AR
16-09765-000,12/30/2024,0.0,QCD(QUITCLAIM DEED),0.54,True,CA
16-09765-000,6/23/2021,275000.0,WD(WARRANTY DEED),0.54,True,CA
16-09765-000,12/20/2018,0.0,QCD(QUITCLAIM DEED),0.54,True,CA
16-09765-000,4/6/2017,0.0,QCD(QUITCLAIM DEED),0.54,True,CA
16-09765-000,3/28/2017,0.0,QCD(QUITCLAIM DEED),0.54,True,CA
16-09765-000,4/17/2008,0.0,CWD(CORPORATION WARRANTY DEED),0.54,True,CA
16-09765-000,4/17/2008,172000.0,CWD(CORPORATION WARRANTY DEED),0.54,True,CA
16-09765-000,12/14/2005,8000.0,WD(WARRANTY DEED),0.54,True,CA
16-09765-000,2/24/1987,12000.0,WD(WARRANTY DEED),0.54,True,CA
16-09765-000,9/9/1983,6000.0,WD(WARRANTY DEED),0.54,True,CA
16-09766-000,5/24/2006,3000.0,QCD(QUITCLAIM DEED),0.43,False,CA
16-09766-000,6/10/2004,3000.0,WD(WARRANTY DEED),0.43,False,CA
16-09766-000,1/15/2004,0.0,DC(DEATH CERTIFICATE),0.43,False,CA
16-09766-000,5/5/1983,6000.0,WD(WARRANTY DEED),0.43,False,CA
16-09767-000,3/15/2019,163000.0,WD(WARRANTY DEED),0.32,True,AR
16-09767-000,7/6/2009,0.0,QCD(QUITCLAIM DEED),0.32,True,AR
16-09767-000,7/3/2007,150000.0,WD(WARRANTY DEED),0.32,True,AR
16-09767-000,7/27/2005,5000.0,WD(WARRANTY DEED),0.32,True,AR
16-09767-000,9/9/1976,0.0,WD(WARRANTY DEED),0.32,True,AR
16-09767-000,8/26/1976,0.0,WD(WARRANTY DEED),0.32,True,AR
16-09768-000,1/25/2019,191000.0,WD(WARRANTY DEED),0.28,True,AR
16-09768-000,11/3/2017,95000.0,WD(WARRANTY DEED),0.28,True,AR
16-09768-000,2/16/2017,0.0,OR(ORDER),0.28,True,AR
16-09768-000,6/8/2016,0.0,RD(REDEMPTION DEED),0.28,True,AR
16-09768-000,1/18/2003,0.0,DC(DEATH CERTIFICATE),0.28,True,AR
16-09768-000,11/3/1999,80000.0,WD(WARRANTY DEED),0.28,True,AR
16-09768-000,7/14/1998,0.0,MEMO(MEMORANDUM),0.28,True,AR
16-09768-000,5/4/1995,0.0,QCD(QUITCLAIM DEED),0.28,True,AR
16-09768-000,1/18/1995,0.0,QCD(QUITCLAIM DEED),0.28,True,AR
16-09768-000,1/18/1995,0.0,MEMO(MEMORANDUM),0.28,True,AR
16-09768-000,1/28/1993,75000.0,WD(WARRANTY DEED),0.28,True,AR
16-09768-000,5/18/1992,0.0,WD(WARRANTY DEED),0.28,True,AR
16-09768-000,4/12/1985,0.0,DC(DEATH CERTIFICATE),0.28,True,AR
16-09768-000,10/28/1977,0.0,WD(WARRANTY DEED),0.28,True,AR
16-09769-000,2/28/2023,342000.0,WD(WARRANTY DEED),0.29,True,AR
16-09769-000,4/20/2021,8000.0,WD(WARRANTY DEED),0.29,True,AR
16-09769-000,7/17/2019,5000.0,SWD(SPECIAL WARRANTY DEED),0.29,True,AR
16-09769-000,6/18/2014,0.0,COMMD(COMMISSIONERS DEED),0.29,True,AR
16-09769-000,10/17/2013,0.0,RD(REDEMPTION DEED),0.29,True,AR
16-09769-000,5/8/2008,15000.0,WD(WARRANTY DEED),0.29,True,AR
16-09769-000,11/22/2005,4000.0,WD(WARRANTY DEED),0.29,True,AR
16-09769-000,8/5/2005,1000.0,WD(WARRANTY DEED),0.29,True,AR
16-09769-000,8/5/1997,1000.0,WD(WARRANTY DEED),0.29,True,AR
16-09769-000,12/5/1996,0.0,WD(WARRANTY DEED),0.29,True,AR
16-09769-000,3/2/1989,1000.0,WD(WARRANTY DEED),0.29,True,AR
16-09770-000,5/20/2020,0.0,WD(WARRANTY DEED),0.4,True,AR
16-09770-000,5/20/2020,0.0,CERT(CERTIFICATE),0.4,True,AR
16-09770-000,12/2/2019,0.0,DC(DEATH CERTIFICATE),0.4,True,AR
16-09770-000,4/17/2003,143000.0,WD(WARRANTY DEED),0.4,True,AR
16-09770-000,5/29/2002,3000.0,WD(WARRANTY DEED),0.4,True,AR
16-09770-000,5/13/2002,0.0,WD(WARRANTY DEED),0.4,True,AR
16-09770-000,12/5/1990,7000.0,WD(WARRANTY DEED),0.4,True,AR
16-09771-000,6/22/2022,0.0,CERT(CERTIFICATE),0.29,False,AR
16-09771-000,6/16/2008,0.0,TRAG(TRUST AGREEMENT),0.29,False,AR
16-09771-000,6/16/2008,0.0,WD(WARRANTY DEED),0.29,False,AR
16-09771-000,4/22/1991,0.0,RD(REDEMPTION DEED),0.29,False,AR
16-09771-000,2/9/1985,0.0,QCD(QUITCLAIM DEED),0.29,False,AR
16-09772-000,3/3/2022,0.0,WD(WARRANTY DEED),0.37,True,AR
16-09772-000,6/22/2020,4000.0,WD(WARRANTY DEED),0.37,True,AR
16-09772-000,3/1/2006,0.0,DC(DEATH CERTIFICATE),0.37,True,AR
16-09772-000,7/28/2004,4000.0,WD(WARRANTY DEED),0.37,True,AR
16-09772-000,7/10/1995,7000.0,WD(WARRANTY DEED),0.37,True,AR
16-09772-000,6/15/1986,0.0,CONT(CONTRACT),0.37,True,AR
16-09772-000,7/7/1984,0.0,DC(DEATH CERTIFICATE),0.37,True,AR
16-09772-000,6/13/1984,0.0,WD(WARRANTY DEED),0.37,True,AR
16-09773-000,12/10/2020,225000.0,WD(WARRANTY DEED),0.49,True,AR
16-09773-000,3/8/2004,145000.0,WD(WARRANTY DEED),0.49,True,AR
16-09773-000,5/20/1994,6000.0,WD(WARRANTY DEED),0.49,True,AR
16-09773-000,6/21/1991,0.0,CONT(CONTRACT),0.49,True,AR
16-09773-000,9/1/1989,0.0,CONT(CONTRACT),0.49,True,AR
16-09773-000,5/21/1986,6000.0,WD(WARRANTY DEED),0.49,True,AR
16-09774-000,"1,685",337.0,337,15.19,False,AR
16-09774-000,0,0.0,0,15.19,False,AR
16-09774-000,"1,685",337.0,337,15.19,False,AR
16-09774-000,,337.0,337,15.19,False,AR
16-09774-000,,0.06193,0.06193,15.19,False,AR
16-09774-000,,3.04,3.04,15.19,False,AR
16-09774-001,0,0.0,0,8.68,False,AR
16-09774-001,0,0.0,0,8.68,False,AR
16-09774-001,0,0.0,0,8.68,False,AR
16-09774-001,,0.0,0,8.68,False,AR
16-09774-001,,0.06193,0.06193,8.68,False,AR
16-11524-000,1/17/2025,499900.0,WD(WARRANTY DEED),0.4,True,AR
16-11524-000,6/12/2024,13000.0,WD(WARRANTY DEED),0.4,True,AR
16-11524-000,3/5/2022,10000.0,WD(WARRANTY DEED),0.4,True,AR
16-11524-000,7/23/2009,0.0,RD(REDEMPTION DEED),0.4,True,AR
16-11524-000,8/21/2002,0.0,QCD(QUITCLAIM DEED),0.4,True,AR
16-11524-000,10/12/1998,0.0,RD(REDEMPTION DEED),0.4,True,AR
16-11524-000,10/11/1989,0.0,RD(REDEMPTION DEED),0.4,True,AR
16-11524-000,3/30/1989,0.0,DC(DEATH CERTIFICATE),0.4,True,AR
16-11524-000,8/8/1986,7000.0,WD(WARRANTY DEED),0.4,True,AR
16-11525-000,9/22/2017,115000.0,EXD(EXECUTOR-EXECUTRIX DEED),0.29,True,AR
16-11525-000,6/25/2016,0.0,DC(DEATH CERTIFICATE),0.29,True,AR
16-11525-000,3/6/2015,0.0,QCD(QUITCLAIM DEED),0.29,True,AR
16-11525-000,9/20/2012,100333.0,WD(WARRANTY DEED),0.29,True,AR
16-11525-000,5/10/2012,0.0,CERT(CERTIFICATE),0.29,True,AR
16-11525-000,2/28/2012,0.0,DC(DEATH CERTIFICATE),0.29,True,AR
16-11525-000,11/11/2008,0.0,WD(WARRANTY DEED),0.29,True,AR
16-11525-000,11/11/2008,0.0,CERT(CERTIFICATE),0.29,True,AR
16-11525-000,6/10/2005,0.0,WILL(WILL),0.29,True,AR
16-11525-000,4/8/1997,77000.0,WD(WARRANTY DEED),0.29,True,AR
16-11525-000,3/18/1996,1000.0,WD(WARRANTY DEED),0.29,True,AR
16-11526-000,10/31/2022,315000.0,WD(WARRANTY DEED),0.39,True,AR
16-11526-000,6/5/2020,209000.0,WD(WARRANTY DEED),0.39,True,AR
16-11526-000,7/30/2019,3000.0,WD(WARRANTY DEED),0.39,True,AR
16-11526-000,8/25/2014,0.0,DC(DEATH CERTIFICATE),0.39,True,AR
16-11526-000,8/22/1995,1000.0,WD(WARRANTY DEED),0.39,True,AR
16-11526-000,3/14/1984,2000.0,WD(WARRANTY DEED),0.39,True,AR
16-11527-000,10/8/2020,7000.0,WD(WARRANTY DEED),0.3,False,AR
16-11527-000,5/21/2012,1000.0,COMMD(COMMISSIONERS DEED),0.3,False,AR
16-11527-000,7/21/2011,0.0,RD(REDEMPTION DEED),0.3,False,AR
16-11527-000,5/14/2004,0.0,RD(REDEMPTION DEED),0.3,False,AR
16-11527-000,11/8/1999,1000.0,CWD(CORPORATION WARRANTY DEED),0.3,False,AR
16-11527-000,9/12/1983,6000.0,WD(WARRANTY DEED),0.3,False,AR
16-11528-000,6/3/2025,0.0,BD(BENEFICIARY DEED),0.33,True,AR
16-11528-000,11/29/2023,310000.0,WD(WARRANTY DEED),0.33,True,AR
16-11528-000,5/24/2019,189000.0,TRWD(TRUSTEES WARRANTY DEED),0.33,True,AR
16-11528-000,3/27/2014,0.0,WD(WARRANTY DEED),0.33,True,AR
16-11528-000,3/27/2014,0.0,CERT(CERTIFICATE),0.33,True,AR
16-11528-000,4/25/2008,0.0,QCD(QUITCLAIM DEED),0.33,True,AR
16-11528-000,4/21/2008,0.0,CORRWD(CORRECTED WARRANTY DEED),0.33,True,AR
16-11528-000,5/28/2004,148000.0,WD(WARRANTY DEED),0.33,True,AR
16-11528-000,9/16/2003,3000.0,TRD(TRUSTEES DEED),0.33,True,AR
16-11528-000,11/29/1999,0.0,QCD(QUITCLAIM DEED),0.33,True,AR
16-11528-000,2/15/1998,0.0,AFF(AFFIDAVIT),0.33,True,AR
16-11528-000,4/25/1989,2000.0,WD(WARRANTY DEED),0.33,True,AR
16-11528-000,3/9/1988,0.0,QCD(QUITCLAIM DEED),0.33,True,AR
16-11528-000,7/11/1987,0.0,DC(DEATH CERTIFICATE),0.33,True,AR
16-11528-000,6/4/1979,0.0,WD(WARRANTY DEED),0.33,True,AR
16-11529-000,5/16/2025,330000.0,WD(WARRANTY DEED),0.3,True,AR
16-11529-000,6/20/2024,300000.0,WD(WARRANTY DEED),0.3,True,AR
16-11529-000,8/19/2021,239000.0,WD(WARRANTY DEED),0.3,True,AR
16-11529-000,4/9/2021,173000.0,WD(WARRANTY DEED),0.3,True,AR
16-11529-000,4/9/2021,0.0,QCD(QUITCLAIM DEED),0.3,True,AR
16-11529-000,11/24/2008,0.0,WD(WARRANTY DEED),0.3,True,AR
16-11529-000,10/27/2005,0.0,WD(WARRANTY DEED),0.3,True,AR
16-11529-000,4/12/2004,133000.0,WD(WARRANTY DEED),0.3,True,AR
16-11529-000,8/29/2003,4000.0,WD(WARRANTY DEED),0.3,True,AR
16-11529-000,11/6/1978,6000.0,WD(WARRANTY DEED),0.3,True,AR
16-11530-000,4/28/2016,160000.0,WD(WARRANTY DEED),0.29,True,AR
16-11530-000,2/8/2005,142000.0,CORRWD(CORRECTED WARRANTY DEED),0.29,True,AR
16-11530-000,12/29/2003,142000.0,WD(WARRANTY DEED),0.29,True,AR
16-11530-000,8/29/2003,0.0,WD(WARRANTY DEED),0.29,True,AR
16-11530-000,4/7/1989,0.0,WD(WARRANTY DEED),0.29,True,AR
16-11530-000,9/14/1981,7000.0,WD(WARRANTY DEED),0.29,True,AR
16-11531-000,10/31/2017,7000.0,QCD(QUITCLAIM DEED),0.26,False,AL
16-11531-000,9/5/2017,1500.0,SWD(SPECIAL WARRANTY DEED),0.26,False,AL
16-11531-000,6/18/2014,0.0,COMMD(COMMISSIONERS DEED),0.26,False,AL
16-11531-000,8/22/2013,0.0,RD(REDEMPTION DEED),0.26,False,AL
16-11531-000,3/18/2009,0.0,QCD(QUITCLAIM DEED),0.26,False,AL
16-11531-000,11/24/2008,0.0,WD(WARRANTY DEED),0.26,False,AL
16-11531-000,11/4/2005,5000.0,WD(WARRANTY DEED),0.26,False,AL
16-11531-000,11/4/2005,0.0,MEMO(MEMORANDUM),0.26,False,AL
16-11531-000,10/30/1996,0.0,QCD(QUITCLAIM DEED),0.26,False,AL
16-11531-000,12/15/1980,0.0,WD(WARRANTY DEED),0.26,False,AL
16-11532-000,4/16/2021,4000.0,QCD(QUITCLAIM DEED),0.27,False,AR
16-11532-000,3/5/2021,0.0,LWD(LIMITED WARRANTY DEED),0.27,False,AR
16-11532-000,4/2/2013,270333.0,SWD(SPECIAL WARRANTY DEED),0.27,False,AR
16-11532-000,3/28/2013,0.0,LWD(LIMITED WARRANTY DEED),0.27,False,AR
16-11532-000,10/18/1993,7000.0,WD(WARRANTY DEED),0.27,False,AR
16-11532-000,11/23/1992,0.0,QCD(QUITCLAIM DEED),0.27,False,AR
16-11532-000,10/14/1985,0.0,WD(WARRANTY DEED),0.27,False,AR
16-11532-000,4/23/1983,0.0,CONT(CONTRACT),0.27,False,AR
16-11533-000,5/18/2007,158000.0,WD(WARRANTY DEED),0.3,True,AR
16-11533-000,1/20/2006,127500.0,COMMD(COMMISSIONERS DEED),0.3,True,AR
16-11533-000,7/8/2004,0.0,QCD(QUITCLAIM DEED),0.3,True,AR
16-11533-000,10/10/2003,4000.0,WD(WARRANTY DEED),0.3,True,AR
16-11533-000,7/6/1990,0.0,QCD(QUITCLAIM DEED),0.3,True,AR
16-11533-000,7/6/1990,0.0,QCD(QUITCLAIM DEED),0.3,True,AR
16-11533-000,5/7/1982,6000.0,WD(WARRANTY DEED),0.3,True,AR
16-11534-000,10/26/2023,7000.0,WD(WARRANTY DEED),0.37,True,AR
16-11534-000,6/26/2020,0.0,QCD(QUITCLAIM DEED),0.37,True,AR
16-11534-000,1/2/2019,0.0,OTHER(OTHER DOCUMENT),0.37,True,AR
16-11534-000,5/8/1991,0.0,WD(WARRANTY DEED),0.37,True,AR
16-11534-000,4/1/1991,1000.0,WD(WARRANTY DEED),0.37,True,AR
16-11534-000,4/1/1991,1000.0,WD(WARRANTY DEED),0.37,True,AR
16-11534-000,3/19/1991,0.0,QCD(QUITCLAIM DEED),0.37,True,AR
16-11534-000,8/25/1981,6000.0,WD(WARRANTY DEED),0.37,True,AR
16-11535-000,8/28/2012,1000.0,WD(WARRANTY DEED),0.31,False,OX
16-11535-000,6/7/2012,38000.0,SWD(SPECIAL WARRANTY DEED),0.31,False,OX
16-11535-000,7/15/2011,0.0,COMMD(COMMISSIONERS DEED),0.31,False,OX
16-11535-000,6/2/2010,0.0,RD(REDEMPTION DEED),0.31,False,OX
16-11535-000,1/13/2005,6000.0,WD(WARRANTY DEED),0.31,False,OX
16-11535-000,6/23/2003,1000.0,CWD(CORPORATION WARRANTY DEED),0.31,False,OX
16-11535-000,4/4/2003,0.0,COMMD(COMMISSIONERS DEED),0.31,False,OX
16-11535-000,12/9/2002,0.0,RD(REDEMPTION DEED),0.31,False,OX
16-11535-000,11/8/1983,6000.0,WD(WARRANTY DEED),0.31,False,OX
16-11536-000,2/16/2007,230000.0,WD(WARRANTY DEED),0.31,True,AR
16-11536-000,11/28/2006,0.0,WD(WARRANTY DEED),0.31,True,AR
16-11536-000,2/10/2006,10000.0,COMMD(COMMISSIONERS DEED),0.31,True,AR
16-11536-000,7/28/2004,0.0,QCD(QUITCLAIM DEED),0.31,True,AR
16-11536-000,10/1/2003,0.0,AFF(AFFIDAVIT),0.31,True,AR
16-11536-000,10/1/2003,5000.0,WD(WARRANTY DEED),0.31,True,AR
16-11536-000,5/13/1997,2000.0,CWD(CORPORATION WARRANTY DEED),0.31,True,AR
16-11536-000,4/28/1997,1000.0,QCD(QUITCLAIM DEED),0.31,True,AR
16-11536-000,6/17/1996,0.0,QCD(QUITCLAIM DEED),0.31,True,AR
16-11536-000,2/18/1994,1000.0,WD(WARRANTY DEED),0.31,True,AR
16-11536-000,1/6/1994,0.0,DC(DEATH CERTIFICATE),0.31,True,AR
16-11536-000,11/14/1986,4500.0,WD(WARRANTY DEED),0.31,True,AR
16-11537-000,4/1/2021,4000.0,WD(WARRANTY DEED),0.31,False,AR
16-11537-000,1/20/2006,6000.0,WD(WARRANTY DEED),0.31,False,AR
16-11537-000,7/14/1992,0.0,CONT(CONTRACT),0.31,False,AR
16-11537-000,8/23/1989,0.0,CONT(CONTRACT),0.31,False,AR
16-11537-000,2/22/1989,0.0,RD(REDEMPTION DEED),0.31,False,AR
16-11537-000,2/13/1979,6000.0,WD(WARRANTY DEED),0.31,False,AR
16-11538-000,4/21/2021,4000.0,WD(WARRANTY DEED),0.32,False,AR
16-11538-000,2/13/1992,1000.0,WD(WARRANTY DEED),0.32,False,AR
16-11538-000,2/13/1992,1000.0,WD(WARRANTY DEED),0.32,False,AR
16-11538-000,2/19/1986,0.0,CONT(CONTRACT),0.32,False,AR
16-11538-000,7/30/1984,0.0,CONT(CONTRACT),0.32,False,AR
16-11538-000,6/14/1984,0.0,CONT(CONTRACT),0.32,False,AR
16-11539-000,10/28/2022,8500.0,WD(WARRANTY DEED),0.28,False,AR
16-11539-000,1/3/2022,0.0,RD(REDEMPTION DEED),0.28,False,AR
16-11539-000,12/16/2021,9000.0,WD(WARRANTY DEED),0.28,False,AR
16-11539-000,4/10/2017,0.0,RD(REDEMPTION DEED),0.28,False,AR
16-11539-000,3/18/2009,0.0,QCD(QUITCLAIM DEED),0.28,False,AR
16-11539-000,11/24/2008,0.0,WD(WARRANTY DEED),0.28,False,AR
16-11539-000,3/15/2006,450000.0,WD(WARRANTY DEED),0.28,False,AR
16-11539-000,10/4/2005,5000.0,WD(WARRANTY DEED),0.28,False,AR
16-11539-000,3/26/1991,2000.0,WD(WARRANTY DEED),0.28,False,AR
16-11539-000,3/5/1986,0.0,CONT(CONTRACT),0.28,False,AR
16-11539-000,7/30/1985,0.0,CONT(CONTRACT),0.28,False,AR
16-11539-000,11/28/1975,4000.0,WD(WARRANTY DEED),0.28,False,AR
16-11540-000,9/16/2022,500000.0,WD(WARRANTY DEED),0.55,True,AR
16-11540-000,12/28/2018,220000.0,WD(WARRANTY DEED),0.55,True,AR
16-11540-000,12/29/2010,253000.0,SWD(SPECIAL WARRANTY DEED),0.55,True,AR
16-11540-000,12/28/2010,0.0,QCD(QUITCLAIM DEED),0.55,True,AR
16-11540-000,10/23/2007,0.0,COMMD(COMMISSIONERS DEED),0.55,True,AR
16-11540-000,10/25/2004,0.0,WD(WARRANTY DEED),0.55,True,AR
16-11540-000,4/29/2004,0.0,AFF(AFFIDAVIT),0.55,True,AR
16-11540-000,4/29/2004,0.0,QCD(QUITCLAIM DEED),0.55,True,AR
16-11540-000,12/19/2003,2000.0,WD(WARRANTY DEED),0.55,True,AR
16-11540-000,11/5/1996,0.0,QCD(QUITCLAIM DEED),0.55,True,AR
16-11540-000,8/17/1994,1000.0,CWD(CORPORATION WARRANTY DEED),0.55,True,AR
16-11540-000,8/10/1994,158.0,RD(REDEMPTION DEED),0.55,True,AR
16-11540-000,1/31/1994,1000.0,COMMD(COMMISSIONERS DEED),0.55,True,AR
16-11540-000,5/8/1991,0.0,RD(REDEMPTION DEED),0.55,True,AR
16-11540-000,5/8/1991,0.0,RD(REDEMPTION DEED),0.55,True,AR
16-11540-000,5/5/1981,6000.0,WD(WARRANTY DEED),0.55,True,AR
16-11541-000,7/2/2020,1000.0,WD(WARRANTY DEED),0.3,False,AR
16-11541-000,8/10/2019,0.0,OTHER(OTHER DOCUMENT),0.3,False,AR
16-11541-000,4/8/1999,0.0,RD(REDEMPTION DEED),0.3,False,AR
16-11541-000,3/24/1999,1000.0,WD(WARRANTY DEED),0.3,False,AR
16-11541-000,1/15/1999,1000.0,WD(WARRANTY DEED),0.3,False,AR
16-11541-000,11/10/1986,4000.0,WD(WARRANTY DEED),0.3,False,AR
16-11541-000,7/11/1980,0.0,HIST(HISTORICAL),0.3,False,AR
16-11542-000,5/24/2024,12000.0,WD(WARRANTY DEED),0.31,False,MI
16-11542-000,4/8/2024,5000.0,WD(WARRANTY DEED),0.31,False,MI
16-11542-000,6/7/2012,38000.0,SWD(SPECIAL WARRANTY DEED),0.31,False,MI
16-11542-000,4/27/2012,1000.0,WD(WARRANTY DEED),0.31,False,MI
16-11542-000,7/15/2011,0.0,COMMD(COMMISSIONERS DEED),0.31,False,MI
16-11542-000,6/2/2010,0.0,RD(REDEMPTION DEED),0.31,False,MI
16-11542-000,12/13/2004,6000.0,WD(WARRANTY DEED),0.31,False,MI
16-11542-000,2/17/2004,0.0,COMMD(COMMISSIONERS DEED),0.31,False,MI
16-11542-000,7/9/1999,0.0,HIST(HISTORICAL),0.31,False,MI
16-11542-000,6/4/1991,2000.0,WD(WARRANTY DEED),0.31,False,MI
16-11542-000,8/2/1990,2000.0,WD(WARRANTY DEED),0.31,False,MI
16-11542-000,8/17/1984,0.0,WD(WARRANTY DEED),0.31,False,MI
16-11543-000,12/18/2009,154000.0,SWD(SPECIAL WARRANTY DEED),0.31,True,AR
16-11543-000,9/30/2009,0.0,COMMD(COMMISSIONERS DEED),0.31,True,AR
16-11543-000,1/22/2008,204000.0,WD(WARRANTY DEED),0.31,True,AR
16-11543-000,8/21/2006,0.0,QCD(QUITCLAIM DEED),0.31,True,AR
16-11543-000,3/9/2004,155000.0,WD(WARRANTY DEED),0.31,True,AR
16-11543-000,11/4/2003,0.0,QCD(QUITCLAIM DEED),0.31,True,AR
16-11543-000,9/16/2003,3000.0,TRD(TRUSTEES DEED),0.31,True,AR
16-11543-000,12/15/1995,0.0,MEMO(MEMORANDUM),0.31,True,AR
16-11543-000,12/15/1995,0.0,WD(WARRANTY DEED),0.31,True,AR
16-11543-000,5/5/1993,0.0,DC(DEATH CERTIFICATE),0.31,True,AR
16-11543-000,12/4/1984,6500.0,WD(WARRANTY DEED),0.31,True,AR
16-11543-000,2/29/1984,0.0,HIST(HISTORICAL),0.31,True,AR
16-11544-000,10/25/2011,4500.0,WD(WARRANTY DEED),0.3,False,AR
16-11544-000,8/28/2009,1451000.0,QCD(QUITCLAIM DEED),0.3,False,AR
16-11544-000,8/21/2009,402000.0,DEED(GRANT DEED),0.3,False,AR
16-11544-000,9/15/2008,0.0,DEED(GRANT DEED),0.3,False,AR
16-11544-000,1/25/2006,196000.0,WD(WARRANTY DEED),0.3,False,AR
16-11544-000,6/28/2005,2000.0,WD(WARRANTY DEED),0.3,False,AR
16-11544-000,10/15/1983,0.0,WD(WARRANTY DEED),0.3,False,AR
16-11545-000,4/11/2023,0.0,QCD(QUITCLAIM DEED),0.31,False,FL
16-11545-000,6/9/2017,16110.0,WD(WARRANTY DEED),0.31,False,FL
16-11545-000,10/5/2011,1693333.0,CORRQC(CORRECTED QUIT CLAIM DEED),0.31,False,FL
16-11545-000,11/24/2008,0.0,WD(WARRANTY DEED),0.31,False,FL
16-11545-000,8/19/2005,5000.0,WD(WARRANTY DEED),0.31,False,FL
16-11545-000,8/19/2005,0.0,QCD(QUITCLAIM DEED),0.31,False,FL
16-11545-000,8/10/1994,0.0,WD(WARRANTY DEED),0.31,False,FL
16-11545-000,9/29/1987,0.0,WD(WARRANTY DEED),0.31,False,FL
16-11545-000,8/4/1983,0.0,WD(WARRANTY DEED),0.31,False,FL
16-11546-000,9/19/2011,4000.0,SWD(SPECIAL WARRANTY DEED),0.26,False,AR
16-11546-000,9/6/2011,0.0,DEED(GRANT DEED),0.26,False,AR
16-11546-000,6/17/2008,20000.0,WD(WARRANTY DEED),0.26,False,AR
16-11546-000,8/23/2005,0.0,COMMD(COMMISSIONERS DEED),0.26,False,AR
16-11546-000,2/9/1983,2000.0,WD(WARRANTY DEED),0.26,False,AR
16-11547-000,2/19/1997,0.0,WD(WARRANTY DEED),0.29,True,AR
16-11547-000,7/27/1994,1000.0,WD(WARRANTY DEED),0.29,True,AR
16-11547-000,1/7/1993,0.0,WD(WARRANTY DEED),0.29,True,AR
16-11547-000,7/17/1989,3500.0,WD(WARRANTY DEED),0.29,True,AR
16-11547-000,6/7/1989,0.0,CONT(CONTRACT),0.29,True,AR
16-11547-000,12/10/1981,4000.0,WD(WARRANTY DEED),0.29,True,AR
16-11548-000,9/18/2009,150000.0,WD(WARRANTY DEED),0.33,True,AR
16-11548-000,12/5/2008,0.0,OTHER(OTHER DOCUMENT),0.33,True,AR
16-11548-000,9/19/2008,5000.0,WD(WARRANTY DEED),0.33,True,AR
16-11548-000,5/31/2005,0.0,QCD(QUITCLAIM DEED),0.33,True,AR
16-11548-000,9/27/2001,1000.0,CWD(CORPORATION WARRANTY DEED),0.33,True,AR
16-11548-000,8/7/2001,0.0,COMMD(COMMISSIONERS DEED),0.33,True,AR
16-11548-000,4/26/1996,1000.0,WD(WARRANTY DEED),0.33,True,AR
16-11548-000,6/10/1992,0.0,WD(WARRANTY DEED),0.33,True,AR
16-11548-000,6/10/1992,0.0,CERT(CERTIFICATE),0.33,True,AR
16-11548-000,2/25/1991,0.0,DC(DEATH CERTIFICATE),0.33,True,AR
16-11548-000,10/5/1987,2000.0,WD(WARRANTY DEED),0.33,True,AR
16-11548-000,10/21/1975,4000.0,WD(WARRANTY DEED),0.33,True,AR
16-11549-000,1/28/2014,126000.0,WD(WARRANTY DEED),0.4,True,AR
16-11549-000,4/30/2013,0.0,DC(DEATH CERTIFICATE),0.4,True,AR
16-11549-000,10/20/2010,0.0,QCD(QUITCLAIM DEED),0.4,True,AR
16-11549-000,12/11/2006,0.0,CORRWD(CORRECTED WARRANTY DEED),0.4,True,AR
16-11549-000,12/6/2006,0.0,WD(WARRANTY DEED),0.4,True,AR
16-11549-000,12/4/2006,130000.0,WD(WARRANTY DEED),0.4,True,AR
16-11549-000,12/30/2005,12000.0,COMMD(COMMISSIONERS DEED),0.4,True,AR
16-11549-000,4/15/2004,5000.0,WD(WARRANTY DEED),0.4,True,AR
16-11549-000,10/28/1999,0.0,QCD(QUITCLAIM DEED),0.4,True,AR
16-11549-000,10/15/1986,5000.0,WD(WARRANTY DEED),0.4,True,AR
16-11550-000,3/12/2021,4800.0,WD(WARRANTY DEED),0.36,False,AR
16-11550-000,3/12/2021,0.0,EXD(EXECUTOR-EXECUTRIX DEED),0.36,False,AR
16-11550-000,3/8/2021,0.0,WD(WARRANTY DEED),0.36,False,AR
16-11550-000,3/8/2021,0.0,CERT(CERTIFICATE),0.36,False,AR
16-11550-000,11/6/2020,0.0,OR(ORDER),0.36,False,AR
16-11550-000,1/7/2020,0.0,DC(DEATH CERTIFICATE),0.36,False,AR
16-11550-000,3/30/2007,0.0,DC(DEATH CERTIFICATE),0.36,False,AR
16-11550-000,9/30/2004,1667.0,WD(WARRANTY DEED),0.36,False,AR
16-11550-000,5/9/1990,0.0,CONT(CONTRACT),0.36,False,AR
16-11550-000,7/17/1985,5200.0,WD(WARRANTY DEED),0.36,False,AR
16-11551-000,5/25/2022,4000.0,COMMD(COMMISSIONERS DEED),0.34,False,AR
16-11551-000,2/8/2012,0.0,WD(WARRANTY DEED),0.34,False,AR
16-11551-000,12/22/2011,6000.0,SWD(SPECIAL WARRANTY DEED),0.34,False,AR
16-11551-000,3/23/2010,0.0,MTG-D(MORTGAGEE'S DEED),0.34,False,AR
16-11551-000,3/29/2007,128000.0,WD(WARRANTY DEED),0.34,False,AR
16-11551-000,8/2/2004,1000.0,WD(WARRANTY DEED),0.34,False,AR
16-11551-000,4/13/2004,5000.0,QCD(QUITCLAIM DEED),0.34,False,AR
16-11551-000,4/14/2003,0.0,WD(WARRANTY DEED),0.34,False,AR
16-11551-000,3/23/1994,1000.0,WD(WARRANTY DEED),0.34,False,AR
16-11551-000,4/26/1990,1000.0,WD(WARRANTY DEED),0.34,False,AR
16-11551-000,4/3/1990,1000.0,WD(WARRANTY DEED),0.34,False,AR
16-11551-000,11/18/1986,2000.0,WD(WARRANTY DEED),0.34,False,AR
16-11551-000,4/13/1981,2000.0,WD(WARRANTY DEED),0.34,False,AR
16-11552-000,7/7/2014,0.0,QCD(QUITCLAIM DEED),0.35,False,KS
16-11552-000,6/2/1997,1000.0,WD(WARRANTY DEED),0.35,False,KS
16-11552-000,10/4/1990,0.0,DC(DEATH CERTIFICATE),0.35,False,KS
16-11552-000,12/16/1983,0.0,WD(WARRANTY DEED),0.35,False,KS
16-11553-000,5/13/2013,0.0,WD(WARRANTY DEED),0.44,True,AR
16-11553-000,9/8/2003,182000.0,WD(WARRANTY DEED),0.44,True,AR
16-11553-000,4/11/2003,3000.0,WD(WARRANTY DEED),0.44,True,AR
16-11553-000,1/24/1997,0.0,CONT(CONTRACT),0.44,True,AR
16-11553-000,6/18/1989,0.0,CONT(CONTRACT),0.44,True,AR
16-11553-000,10/14/1982,2000.0,WD(WARRANTY DEED),0.44,True,AR
16-11554-000,2/27/2015,125000.0,WD(WARRANTY DEED),0.63,True,AR
16-11554-000,11/19/2014,82000.0,SWD(SPECIAL WARRANTY DEED),0.63,True,AR
16-11554-000,7/15/2014,0.0,MTG-D(MORTGAGEE'S DEED),0.63,True,AR
16-11554-000,8/12/2005,130000.0,WD(WARRANTY DEED),0.63,True,AR
16-11554-000,4/21/2004,3000.0,WD(WARRANTY DEED),0.63,True,AR
16-11554-000,11/7/1989,0.0,OR(ORDER),0.63,True,AR
16-11554-000,4/9/1986,0.0,DC(DEATH CERTIFICATE),0.63,True,AR
16-11554-000,4/4/1984,6000.0,WD(WARRANTY DEED),0.63,True,AR
16-11555-000,8/5/1998,0.0,RD(REDEMPTION DEED),0.33,True,AR
16-11555-000,3/23/1992,3000.0,WD(WARRANTY DEED),0.33,True,AR
16-11555-000,3/23/1992,1000.0,WD(WARRANTY DEED),0.33,True,AR
16-11555-000,6/3/1991,0.0,FD(FIDUCIARY DEED),0.33,True,AR
16-11555-000,1/24/1988,0.0,DC(DEATH CERTIFICATE),0.33,True,AR
16-11556-000,10/24/2017,2000.0,SWD(SPECIAL WARRANTY DEED),0.24,False,AR
16-11556-000,6/28/2017,0.0,QCD(QUITCLAIM DEED),0.24,False,AR
16-11556-000,1/19/1993,5700.0,WD(WARRANTY DEED),0.24,False,AR
16-11557-000,8/29/2017,1000.0,WD(WARRANTY DEED),0.26,False,AR
16-11557-000,3/28/2016,200.0,WD(WARRANTY DEED),0.26,False,AR
16-11557-000,2/11/2010,7000.0,WD(WARRANTY DEED),0.26,False,AR
16-11557-000,12/18/2009,7667.0,QCD(QUITCLAIM DEED),0.26,False,AR
16-11557-000,4/1/2009,26000.0,WD(WARRANTY DEED),0.26,False,AR
16-11557-000,12/4/2008,10000.0,WD(WARRANTY DEED),0.26,False,AR
16-11557-000,11/14/2008,0.0,COMMD(COMMISSIONERS DEED),0.26,False,AR
16-11557-000,4/25/2008,0.0,RD(REDEMPTION DEED),0.26,False,AR
16-11557-000,9/7/2007,4000.0,WD(WARRANTY DEED),0.26,False,AR
16-11557-000,4/28/2004,0.0,WD(WARRANTY DEED),0.26,False,AR
16-11557-000,9/9/1994,1000.0,WD(WARRANTY DEED),0.26,False,AR
16-11557-000,1/6/1984,0.0,WD(WARRANTY DEED),0.26,False,AR
16-11558-000,12/2/2021,250000.0,WD(WARRANTY DEED),0.35,True,CA
16-11558-000,3/27/2002,118000.0,WD(WARRANTY DEED),0.35,True,CA
16-11558-000,4/24/2000,0.0,WD(WARRANTY DEED),0.35,True,CA
16-11558-000,4/24/2000,121000.0,WD(WARRANTY DEED),0.35,True,CA
16-11558-000,1/7/2000,0.0,WD(WARRANTY DEED),0.35,True,CA
16-11558-000,8/23/1999,0.0,WD(WARRANTY DEED),0.35,True,CA
16-11559-000,7/8/2021,6000.0,WD(WARRANTY DEED),0.43,True,AR
16-11559-000,6/2/1981,3000.0,WD(WARRANTY DEED),0.43,True,AR
16-11560-000,8/25/1994,0.0,WD(WARRANTY DEED),0.5,True,AR
16-11560-000,12/28/1993,0.0,DC(DEATH CERTIFICATE),0.5,True,AR
16-11560-000,7/26/1984,0.0,WD(WARRANTY DEED),0.5,True,AR
16-11561-000,4/9/2019,4000.0,SWD(SPECIAL WARRANTY DEED),0.27,False,AR
16-11561-000,4/10/2015,0.0,COMMD(COMMISSIONERS DEED),0.27,False,AR
16-11561-000,12/20/2012,0.0,RD(REDEMPTION DEED),0.27,False,AR
16-11561-000,7/5/2007,13000.0,TRD(TRUSTEES DEED),0.27,False,AR
16-11561-000,7/5/2007,0.0,QCD(QUITCLAIM DEED),0.27,False,AR
16-11561-000,2/4/2005,0.0,CORRWD(CORRECTED WARRANTY DEED),0.27,False,AR
16-11561-000,12/21/2004,0.0,WD(WARRANTY DEED),0.27,False,AR
16-11561-000,7/19/2004,0.0,WD(WARRANTY DEED),0.27,False,AR
16-11561-000,5/13/2004,3000.0,WD(WARRANTY DEED),0.27,False,AR
16-11561-000,11/9/1983,6000.0,WD(WARRANTY DEED),0.27,False,AR
16-11562-000,4/9/2019,4000.0,SWD(SPECIAL WARRANTY DEED),0.31,False,AR
16-11562-000,4/10/2015,0.0,COMMD(COMMISSIONERS DEED),0.31,False,AR
16-11562-000,12/20/2012,0.0,RD(REDEMPTION DEED),0.31,False,AR
16-11562-000,7/5/2007,13000.0,TRD(TRUSTEES DEED),0.31,False,AR
16-11562-000,7/5/2007,0.0,QCD(QUITCLAIM DEED),0.31,False,AR
16-11562-000,2/4/2005,0.0,CORRWD(CORRECTED WARRANTY DEED),0.31,False,AR
16-11562-000,12/21/2004,0.0,WD(WARRANTY DEED),0.31,False,AR
16-11562-000,7/19/2004,0.0,WD(WARRANTY DEED),0.31,False,AR
16-11562-000,6/15/2004,4000.0,WD(WARRANTY DEED),0.31,False,AR
16-11562-000,8/5/1996,7000.0,WD(WARRANTY DEED),0.31,False,AR
16-11562-000,8/5/1996,7000.0,WD(WARRANTY DEED),0.31,False,AR
16-11562-000,10/2/1982,0.0,CONT(CONTRACT),0.31,False,AR
16-11563-000,10/4/2011,0.0,WD(WARRANTY DEED),0.28,False,AR
16-11563-000,2/9/2011,6667.0,CWD(CORPORATION WARRANTY DEED),0.28,False,AR
16-11563-000,6/15/2010,0.0,SWD(SPECIAL WARRANTY DEED),0.28,False,AR
16-11563-000,1/31/2006,6000.0,WD(WARRANTY DEED),0.28,False,AR
16-11563-000,5/20/1991,7000.0,WD(WARRANTY DEED),0.28,False,AR
16-11563-000,8/31/1981,0.0,CONT(CONTRACT),0.28,False,AR
16-11564-000,10/4/2011,0.0,WD(WARRANTY DEED),0.27,False,AR
16-11564-000,9/13/2011,5000.0,WD(WARRANTY DEED),0.27,False,AR
16-11564-000,6/23/2011,0.0,RD(REDEMPTION DEED),0.27,False,AR
16-11564-000,2/4/1994,0.0,MEMO(MEMORANDUM),0.27,False,AR
16-11564-000,7/23/1993,0.0,WD(WARRANTY DEED),0.27,False,AR
16-11564-000,3/10/1989,8250.0,WD(WARRANTY DEED),0.27,False,AR
16-11564-000,4/18/1986,0.0,HIST(HISTORICAL),0.27,False,AR
16-11565-000,10/4/2011,0.0,WD(WARRANTY DEED),0.34,False,AR
16-11565-000,2/24/2011,5500.0,WD(WARRANTY DEED),0.34,False,AR
16-11565-000,2/17/2011,0.0,CORRWD(CORRECTED WARRANTY DEED),0.34,False,AR
16-11565-000,8/17/1998,0.0,WD(WARRANTY DEED),0.34,False,AR
16-11565-000,5/10/1995,0.0,WD(WARRANTY DEED),0.34,False,AR
16-11565-000,4/6/1995,0.0,CORRWD(CORRECTED WARRANTY DEED),0.34,False,AR
16-11565-000,12/13/1991,6000.0,WD(WARRANTY DEED),0.34,False,AR
16-11565-000,5/22/1984,0.0,CONT(CONTRACT),0.34,False,AR
16-11566-000,7/24/2003,0.0,QCD(QUITCLAIM DEED),0.72,False,AR
16-11566-000,7/24/2003,0.0,QCD(QUITCLAIM DEED),0.72,False,AR
16-11567-000,7/10/2015,100000.0,WD(WARRANTY DEED),0.35,True,AR
16-11567-000,12/19/2006,99000.0,WD(WARRANTY DEED),0.35,True,AR
16-11567-000,7/5/1988,56000.0,WD(WARRANTY DEED),0.35,True,AR
16-11567-000,7/25/1978,54000.0,WD(WARRANTY DEED),0.35,True,AR
16-11568-000,11/18/1996,0.0,WD(WARRANTY DEED),0.37,True,AR
16-11568-000,11/18/1996,0.0,CERT(CERTIFICATE),0.37,True,AR
16-11568-000,1/21/1992,0.0,DC(DEATH CERTIFICATE),0.37,True,AR
16-11568-000,7/2/1984,0.0,WD(WARRANTY DEED),0.37,True,AR
16-11569-000,5/8/2024,0.0,BD(BENEFICIARY DEED),0.86,False,AR
16-11569-000,3/18/2000,1000.0,WD(WARRANTY DEED),0.86,False,AR
16-11569-000,2/29/2000,0.0,WD(WARRANTY DEED),0.86,False,AR
16-11569-000,9/18/1989,8000.0,WD(WARRANTY DEED),0.86,False,AR
16-11569-000,10/24/1986,0.0,WD(WARRANTY DEED),0.86,False,AR
16-11569-000,12/4/1984,7000.0,WD(WARRANTY DEED),0.86,False,AR
16-11570-000,12/28/2024,2500.0,QCD(QUITCLAIM DEED),0.38,False,AR
16-11570-000,12/2/2021,0.0,RD(REDEMPTION DEED),0.38,False,AR
16-11570-000,3/4/2016,7500.0,SWD(SPECIAL WARRANTY DEED),0.38,False,AR
16-11570-000,6/15/2010,0.0,SWD(SPECIAL WARRANTY DEED),0.38,False,AR
16-11570-000,10/18/2005,6000.0,WD(WARRANTY DEED),0.38,False,AR
16-11570-000,2/19/1997,1000.0,CWD(CORPORATION WARRANTY DEED),0.38,False,AR
16-11570-000,1/20/1997,1000.0,CWD(CORPORATION WARRANTY DEED),0.38,False,AR
16-11570-000,3/21/1996,0.0,WD(WARRANTY DEED),0.38,False,AR
16-11570-000,3/21/1996,0.0,DC(DEATH CERTIFICATE),0.38,False,AR
16-11570-000,8/27/1984,0.0,WD(WARRANTY DEED),0.38,False,AR
16-11571-000,12/16/2021,9000.0,WD(WARRANTY DEED),0.36,False,CA
16-11571-000,1/25/2021,0.0,LWD(LIMITED WARRANTY DEED),0.36,False,CA
16-11571-000,8/28/2009,1451000.0,QCD(QUITCLAIM DEED),0.36,False,CA
16-11571-000,8/21/2009,402000.0,DEED(GRANT DEED),0.36,False,CA
16-11571-000,9/15/2008,0.0,DEED(GRANT DEED),0.36,False,CA
16-11571-000,12/19/2005,8000.0,WD(WARRANTY DEED),0.36,False,CA
16-11571-000,3/23/2005,0.0,QCD(QUITCLAIM DEED),0.36,False,CA
16-11571-000,9/10/1976,6000.0,WD(WARRANTY DEED),0.36,False,CA
16-11572-000,3/3/2016,8000.0,SWD(SPECIAL WARRANTY DEED),0.37,False,FL
16-11572-000,3/2/2016,8000.0,SWD(SPECIAL WARRANTY DEED),0.37,False,FL
16-11572-000,6/15/2010,0.0,SWD(SPECIAL WARRANTY DEED),0.37,False,FL
16-11572-000,11/7/2005,6000.0,WD(WARRANTY DEED),0.37,False,FL
16-11572-000,2/17/2004,1000.0,WD(WARRANTY DEED),0.37,False,FL
16-11572-000,3/17/1998,1000.0,WD(WARRANTY DEED),0.37,False,FL
16-11572-000,12/13/1991,5200.0,WD(WARRANTY DEED),0.37,False,FL
16-11572-000,1/5/1990,0.0,DC(DEATH CERTIFICATE),0.37,False,FL
16-11572-000,10/30/1981,0.0,CONT(CONTRACT),0.37,False,FL
16-11573-000,3/16/2024,0.0,DC(DEATH CERTIFICATE),0.37,False,AR
16-11573-000,12/8/2015,0.0,MEMO(MEMORANDUM),0.37,False,AR
16-11573-000,9/30/2004,0.0,WD(WARRANTY DEED),0.37,False,AR
16-11573-000,5/11/2004,0.0,OR(ORDER),0.37,False,AR
16-11573-000,12/1/1999,0.0,WD(WARRANTY DEED),0.37,False,AR
16-11573-000,3/2/1999,0.0,QCD(QUITCLAIM DEED),0.37,False,AR
16-11573-000,5/28/1997,1000.0,CORRWD(CORRECTED WARRANTY DEED),0.37,False,AR
16-11573-000,5/14/1997,1000.0,WD(WARRANTY DEED),0.37,False,AR
16-11573-000,5/9/1997,1000.0,WD(WARRANTY DEED),0.37,False,AR
16-11573-000,4/28/1995,1000.0,WD(WARRANTY DEED),0.37,False,AR
16-11573-000,8/21/1984,7000.0,WD(WARRANTY DEED),0.37,False,AR
16-11574-000,11/30/1999,1000.0,COMMD(COMMISSIONERS DEED),0.32,False,WA
16-11574-000,12/4/1979,5000.0,WD(WARRANTY DEED),0.32,False,WA
16-11575-000,7/6/2020,225000.0,WD(WARRANTY DEED),0.33,True,AR
16-11575-000,3/27/2020,158000.0,WD(WARRANTY DEED),0.33,True,AR
16-11575-000,5/17/2017,130000.0,SWD(SPECIAL WARRANTY DEED),0.33,True,AR
16-11575-000,12/28/2016,0.0,SWD(SPECIAL WARRANTY DEED),0.33,True,AR
16-11575-000,7/7/2016,0.0,WD(WARRANTY DEED),0.33,True,AR
16-11575-000,4/19/2013,0.0,QCD(QUITCLAIM DEED),0.33,True,AR
16-11575-000,6/30/2003,0.0,CORRWD(CORRECTED WARRANTY DEED),0.33,True,AR
16-11575-000,6/26/2003,168000.0,WD(WARRANTY DEED),0.33,True,AR
16-11575-000,7/17/2000,0.0,AFF(AFFIDAVIT),0.33,True,AR
16-11575-000,7/7/2000,0.0,AFF(AFFIDAVIT),0.33,True,AR
16-11575-000,5/16/2000,2000.0,WD(WARRANTY DEED),0.33,True,AR
16-11575-000,5/20/1994,1000.0,CWD(CORPORATION WARRANTY DEED),0.33,True,AR
16-11575-000,5/2/1994,1000.0,RD(REDEMPTION DEED),0.33,True,AR
16-11575-000,4/13/1994,0.0,COMMD(COMMISSIONERS DEED),0.33,True,AR
16-11575-000,3/1/1982,2000.0,WD(WARRANTY DEED),0.33,True,AR
16-11576-000,8/10/2023,7500.0,WD(WARRANTY DEED),0.36,False,AR
16-11576-000,6/23/2023,0.0,QCD(QUITCLAIM DEED),0.36,False,AR
16-11576-000,4/19/2005,0.0,WD(WARRANTY DEED),0.36,False,AR
16-11576-000,3/8/2000,1000.0,WD(WARRANTY DEED),0.36,False,AR
16-11576-000,7/2/1998,0.0,QCD(QUITCLAIM DEED),0.36,False,AR
16-11576-000,6/11/1997,0.0,QCD(QUITCLAIM DEED),0.36,False,AR
16-11576-000,6/3/1996,1000.0,WD(WARRANTY DEED),0.36,False,AR
16-11576-000,5/29/1996,0.0,AFF(AFFIDAVIT),0.36,False,AR
16-11576-000,5/24/1994,0.0,QCD(QUITCLAIM DEED),0.36,False,AR
16-11576-000,6/9/1983,6000.0,WD(WARRANTY DEED),0.36,False,AR
16-11577-000,5/9/2023,6500.0,WD(WARRANTY DEED),0.33,False,AR
16-11577-000,4/4/2018,601.0,QCD(QUITCLAIM DEED),0.33,False,AR
16-11577-000,2/1/2018,0.0,LWD(LIMITED WARRANTY DEED),0.33,False,AR
16-11577-000,8/25/2010,6667.0,SWD(SPECIAL WARRANTY DEED),0.33,False,AR
16-11577-000,6/15/2010,0.0,SWD(SPECIAL WARRANTY DEED),0.33,False,AR
16-11577-000,12/7/2005,7000.0,WD(WARRANTY DEED),0.33,False,AR
16-11577-000,10/10/2005,0.0,WD(WARRANTY DEED),0.33,False,AR
16-11577-000,8/30/2004,0.0,QCD(QUITCLAIM DEED),0.33,False,AR
16-11577-000,5/6/1998,1000.0,WD(WARRANTY DEED),0.33,False,AR
16-11577-000,9/8/1993,1000.0,WD(WARRANTY DEED),0.33,False,AR
16-11577-000,9/3/1993,1000.0,QCD(QUITCLAIM DEED),0.33,False,AR
16-11577-000,8/26/1993,0.0,CONT(CONTRACT),0.33,False,AR
16-11577-000,6/2/1990,0.0,DC(DEATH CERTIFICATE),0.33,False,AR
16-11577-000,10/15/1985,0.0,CONT(CONTRACT),0.33,False,AR
16-11577-000,7/17/1985,0.0,QCD(QUITCLAIM DEED),0.33,False,AR
16-11577-000,7/17/1985,0.0,QCD(QUITCLAIM DEED),0.33,False,AR
16-11577-000,7/6/1985,0.0,CONT(CONTRACT),0.33,False,AR
16-11577-000,5/20/1985,0.0,CONT(CONTRACT),0.33,False,AR
16-11577-000,1/14/1983,6000.0,WD(WARRANTY DEED),0.33,False,AR
16-11578-000,6/6/2024,4000.0,WD(WARRANTY DEED),0.44,False,AR
16-11578-000,12/14/1992,2000.0,WD(WARRANTY DEED),0.44,False,AR
16-11578-000,6/24/1992,1000.0,WD(WARRANTY DEED),0.44,False,AR
16-11578-000,7/19/1981,0.0,CONT(CONTRACT),0.44,False,AR
16-11579-000,6/12/2024,8000.0,TRWD(TRUSTEES WARRANTY DEED),0.45,False,AR
16-11579-000,6/12/2024,0.0,CERT(CERTIFICATE),0.45,False,AR
16-11579-000,1/22/2021,0.0,TRD(TRUSTEES DEED),0.45,False,AR
16-11579-000,11/26/2019,0.0,QCD(QUITCLAIM DEED),0.45,False,AR
16-11579-000,11/26/2019,0.0,CERT(CERTIFICATE),0.45,False,AR
16-11579-000,7/17/2019,1500.0,SWD(SPECIAL WARRANTY DEED),0.45,False,AR
16-11579-000,6/18/2014,0.0,COMMD(COMMISSIONERS DEED),0.45,False,AR
16-11579-000,8/22/2013,0.0,RD(REDEMPTION DEED),0.45,False,AR
16-11579-000,3/18/2009,0.0,QCD(QUITCLAIM DEED),0.45,False,AR
16-11579-000,11/24/2008,0.0,WD(WARRANTY DEED),0.45,False,AR
16-11579-000,3/4/2005,1000.0,WD(WARRANTY DEED),0.45,False,AR
16-11579-000,3/4/2005,0.0,MEMO(MEMORANDUM),0.45,False,AR
16-11579-000,11/21/1994,0.0,CORRWD(CORRECTED WARRANTY DEED),0.45,False,AR
16-11579-000,12/28/1993,0.0,WD(WARRANTY DEED),0.45,False,AR
16-11579-000,9/23/1983,0.0,WD(WARRANTY DEED),0.45,False,AR
16-11580-000,11/28/2017,1000.0,QCD(QUITCLAIM DEED),0.36,False,FL
16-11580-000,8/3/2017,0.0,LWD(LIMITED WARRANTY DEED),0.36,False,FL
16-11580-000,9/5/1986,4000.0,WD(WARRANTY DEED),0.36,False,FL
16-11581-000,4/17/2025,8500.0,WD(WARRANTY DEED),0.48,False,TN
16-11581-000,4/23/2021,0.0,RD(REDEMPTION DEED),0.48,False,TN
16-11581-000,4/19/1993,3000.0,WD(WARRANTY DEED),0.48,False,TN
16-11581-000,10/3/1984,0.0,WD(WARRANTY DEED),0.48,False,TN
16-11582-000,2/4/2008,0.0,WD(WARRANTY DEED),0.35,False,AR
16-11582-000,9/12/2003,0.0,QCD(QUITCLAIM DEED),0.35,False,AR
16-11582-000,3/16/1998,1000.0,WD(WARRANTY DEED),0.35,False,AR
16-11582-000,3/16/1998,1000.0,WD(WARRANTY DEED),0.35,False,AR
16-11582-000,12/5/1994,1000.0,CWD(CORPORATION WARRANTY DEED),0.35,False,AR
16-11582-000,12/5/1994,1000.0,WD(WARRANTY DEED),0.35,False,AR
16-11582-000,4/8/1983,0.0,WD(WARRANTY DEED),0.35,False,AR
16-11583-000,4/28/2024,9000.0,WD(WARRANTY DEED),0.35,False,CO
16-11583-000,4/28/2024,0.0,QCD(QUITCLAIM DEED),0.35,False,CO
16-11583-000,4/8/2021,0.0,LWD(LIMITED WARRANTY DEED),0.35,False,CO
16-11583-000,8/28/2009,1451000.0,QCD(QUITCLAIM DEED),0.35,False,CO
16-11583-000,8/21/2009,402000.0,DEED(GRANT DEED),0.35,False,CO
16-11583-000,9/15/2008,0.0,DEED(GRANT DEED),0.35,False,CO
16-11583-000,7/27/2005,4000.0,WD(WARRANTY DEED),0.35,False,CO
16-11583-000,3/20/1998,2000.0,WD(WARRANTY DEED),0.35,False,CO
16-11583-000,6/20/1996,2000.0,WD(WARRANTY DEED),0.35,False,CO
16-11583-000,12/3/1987,0.0,WD(WARRANTY DEED),0.35,False,CO
16-11583-000,10/22/1987,0.0,WD(WARRANTY DEED),0.35,False,CO
16-11583-000,5/16/1983,0.0,WD(WARRANTY DEED),0.35,False,CO
16-11584-000,6/11/2014,0.0,RD(REDEMPTION DEED),0.42,False,FL
16-11584-000,9/20/2006,0.0,QCD(QUITCLAIM DEED),0.42,False,FL
16-11584-000,4/17/2003,1000.0,WD(WARRANTY DEED),0.42,False,FL
16-11584-000,5/24/2001,1000.0,CWD(CORPORATION WARRANTY DEED),0.42,False,FL
16-11584-000,10/30/2000,0.0,QCD(QUITCLAIM DEED),0.42,False,FL
16-11584-000,11/4/1988,0.0,WD(WARRANTY DEED),0.42,False,FL
16-11584-000,5/28/1982,6000.0,WD(WARRANTY DEED),0.42,False,FL
16-11585-000,4/9/2020,0.0,WD(WARRANTY DEED),0.32,True,AR
16-11585-000,4/9/2020,0.0,CERT(CERTIFICATE),0.32,True,AR
16-11585-000,6/14/2018,205000.0,WD(WARRANTY DEED),0.32,True,AR
16-11585-000,2/9/2018,0.0,DC(DEATH CERTIFICATE),0.32,True,AR
16-11585-000,4/27/2017,192000.0,WD(WARRANTY DEED),0.32,True,AR
16-11585-000,5/26/2016,5000.0,WD(WARRANTY DEED),0.32,True,AR
16-11585-000,3/8/2016,2500.0,WD(WARRANTY DEED),0.32,True,AR
16-11585-000,9/5/2015,0.0,DC(DEATH CERTIFICATE),0.32,True,AR
16-11585-000,10/18/1988,2000.0,WD(WARRANTY DEED),0.32,True,AR
16-11585-000,10/18/1988,0.0,DC(DEATH CERTIFICATE),0.32,True,AR
16-11585-000,12/5/1980,0.0,WD(WARRANTY DEED),0.32,True,AR
16-11586-000,7/13/2022,18000.0,WD(WARRANTY DEED),0.28,False,AR
16-11586-000,9/21/2021,8200.0,SWD(SPECIAL WARRANTY DEED),0.28,False,AR
16-11586-000,1/27/2021,0.0,QCD(QUITCLAIM DEED),0.28,False,AR
16-11586-000,9/9/2008,0.0,QCD(QUITCLAIM DEED),0.28,False,AR
16-11586-000,9/15/1999,1000.0,QCD(QUITCLAIM DEED),0.28,False,AR
16-11586-000,9/8/1998,0.0,COMMD(COMMISSIONERS DEED),0.28,False,AR
16-11586-000,9/4/1998,0.0,RD(REDEMPTION DEED),0.28,False,AR
16-11586-000,6/23/1983,6000.0,WD(WARRANTY DEED),0.28,False,AR
16-11587-000,3/19/2025,0.0,AFF(AFFIDAVIT),0.32,False,AR
16-11587-000,3/18/2025,0.0,QCD(QUITCLAIM DEED),0.32,False,AR
16-11587-000,3/10/2025,40000.0,WD(WARRANTY DEED),0.32,False,AR
16-11587-000,1/23/2025,0.0,QCD(QUITCLAIM DEED),0.32,False,AR
16-11587-000,5/2/2024,10000.0,WD(WARRANTY DEED),0.32,False,AR
16-11587-000,12/21/1999,0.0,WD(WARRANTY DEED),0.32,False,AR
16-11587-000,2/7/1984,6000.0,WD(WARRANTY DEED),0.32,False,AR
16-11588-000,7/3/2018,175000.0,WD(WARRANTY DEED),0.66,True,AR
16-11588-000,3/2/2018,132000.0,WD(WARRANTY DEED),0.66,True,AR
16-11588-000,4/15/2016,0.0,QCD(QUITCLAIM DEED),0.66,True,AR
16-11588-000,11/16/2004,121000.0,WD(WARRANTY DEED),0.66,True,AR
16-11588-000,6/10/2004,0.0,WD(WARRANTY DEED),0.66,True,AR
16-11588-000,2/5/2003,0.0,WD(WARRANTY DEED),0.66,True,AR
16-11588-000,10/22/2002,1000.0,WD(WARRANTY DEED),0.66,True,AR
16-11588-000,6/7/2002,0.0,QCD(QUITCLAIM DEED),0.66,True,AR
16-11588-000,1/29/1981,0.0,DC(DEATH CERTIFICATE),0.66,True,AR
16-11588-000,6/10/1976,6000.0,WD(WARRANTY DEED),0.66,True,AR
16-11589-000,4/4/2018,1000.0,SWD(SPECIAL WARRANTY DEED),0.52,False,AR
16-11589-000,6/17/2013,0.0,QCD(QUITCLAIM DEED),0.52,False,AR
16-11589-000,6/16/2011,0.0,CWD(CORPORATION WARRANTY DEED),0.52,False,AR
16-11589-000,7/28/2009,0.0,COMMD(COMMISSIONERS DEED),0.52,False,AR
16-11589-000,4/27/2006,265000.0,WD(WARRANTY DEED),0.52,False,AR
16-11589-000,2/7/2006,0.0,RD(REDEMPTION DEED),0.52,False,AR
16-11589-000,1/20/2006,3000.0,WD(WARRANTY DEED),0.52,False,AR
16-11589-000,6/18/1984,0.0,WD(WARRANTY DEED),0.52,False,AR
16-11590-000,2/26/2025,14000.0,WD(WARRANTY DEED),0.38,False,AR
16-11590-000,1/28/1981,6000.0,WD(WARRANTY DEED),0.38,False,AR
16-11591-000,12/6/2005,6000.0,WD(WARRANTY DEED),0.42,False,TX
16-11591-000,4/26/1989,6500.0,WD(WARRANTY DEED),0.42,False,TX
16-11591-000,3/31/1988,0.0,DC(DEATH CERTIFICATE),0.42,False,TX
16-11592-000,4/30/2024,35000.0,WD(WARRANTY DEED),0.68,False,IL
16-11592-000,6/9/2011,10000.0,WD(WARRANTY DEED),0.68,False,IL
16-11592-000,5/2/2011,0.0,WD(WARRANTY DEED),0.68,False,IL
16-11592-000,1/2/2011,0.0,WD(WARRANTY DEED),0.68,False,IL
16-11592-000,9/7/2005,5000.0,WD(WARRANTY DEED),0.68,False,IL
16-11592-000,5/31/1994,8000.0,WD(WARRANTY DEED),0.68,False,IL
16-11592-000,6/8/1983,0.0,HIST(HISTORICAL),0.68,False,IL
16-11593-000,9/24/2021,6000.0,WD(WARRANTY DEED),0.55,True,AR
16-11593-000,11/12/2016,0.0,OTHER(OTHER DOCUMENT),0.55,True,AR
16-11593-000,2/17/1984,6000.0,WD(WARRANTY DEED),0.55,True,AR
16-11594-000,1/7/2021,0.0,QCD(QUITCLAIM DEED),0.33,False,MO
16-11594-000,10/6/2020,4500.0,WD(WARRANTY DEED),0.33,False,MO
16-11594-000,2/22/2017,0.0,WD(WARRANTY DEED),0.33,False,MO
16-11594-000,4/21/2015,0.0,RD(REDEMPTION DEED),0.33,False,MO
16-11594-000,1/16/2008,100000.0,WD(WARRANTY DEED),0.33,False,MO
16-11594-000,1/13/2006,6000.0,WD(WARRANTY DEED),0.33,False,MO
16-11594-000,6/9/1992,1000.0,WD(WARRANTY DEED),0.33,False,MO
16-11594-000,6/8/1992,1000.0,WD(WARRANTY DEED),0.33,False,MO
16-11594-000,5/8/1992,0.0,CONT(CONTRACT),0.33,False,MO
16-11594-000,5/22/1990,0.0,CONT(CONTRACT),0.33,False,MO
16-11594-000,6/10/1987,0.0,CONT(CONTRACT),0.33,False,MO
16-11594-000,7/17/1985,0.0,CONT(CONTRACT),0.33,False,MO
16-11594-000,1/27/1985,0.0,DC(DEATH CERTIFICATE),0.33,False,MO
16-11594-000,1/22/1985,0.0,CONT(CONTRACT),0.33,False,MO
16-11594-000,6/20/1984,0.0,CONT(CONTRACT),0.33,False,MO
16-11595-000,10/14/2016,0.0,LWD(LIMITED WARRANTY DEED),0.32,True,AR
16-11595-000,4/28/2005,0.0,QCD(QUITCLAIM DEED),0.32,True,AR
16-11595-000,4/2/2005,1000.0,WD(WARRANTY DEED),0.32,True,AR
16-11595-000,11/20/1995,0.0,WD(WARRANTY DEED),0.32,True,AR
16-11596-000,9/2/2011,72000.0,SWD(SPECIAL WARRANTY DEED),0.35,True,AR
16-11596-000,1/14/2011,0.0,MTG-D(MORTGAGEE'S DEED),0.35,True,AR
16-11596-000,12/10/2003,0.0,WD(WARRANTY DEED),0.35,True,AR
16-11596-000,8/29/2003,3000.0,WD(WARRANTY DEED),0.35,True,AR
16-11596-000,10/13/1976,6000.0,WD(WARRANTY DEED),0.35,True,AR
16-11597-000,7/9/2019,243000.0,WD(WARRANTY DEED),0.4,True,AR
16-11597-000,8/10/2018,0.0,WD(WARRANTY DEED),0.4,True,AR
16-11597-000,3/22/2012,0.0,QCD(QUITCLAIM DEED),0.4,True,AR
16-11597-000,10/25/2011,0.0,WD(WARRANTY DEED),0.4,True,AR
16-11597-000,6/21/1996,0.0,WD(WARRANTY DEED),0.4,True,AR
16-11597-000,6/21/1996,0.0,QCD(QUITCLAIM DEED),0.4,True,AR
16-11597-000,4/30/1985,1475.0,COMMD(COMMISSIONERS DEED),0.4,True,AR
16-11597-000,1/19/1984,6000.0,WD(WARRANTY DEED),0.4,True,AR
16-11598-000,4/14/2017,3600.0,WD(WARRANTY DEED),0.3,False,AR
16-11598-000,9/21/2006,13000.0,WD(WARRANTY DEED),0.3,False,AR
16-11598-000,3/28/2006,5000.0,WD(WARRANTY DEED),0.3,False,AR
16-11598-000,3/28/2006,0.0,WD(WARRANTY DEED),0.3,False,AR
16-11598-000,6/2/2004,1000.0,WD(WARRANTY DEED),0.3,False,AR
16-11598-000,3/15/2004,1000.0,WD(WARRANTY DEED),0.3,False,AR
16-11598-000,8/18/2003,1000.0,WD(WARRANTY DEED),0.3,False,AR
16-11598-000,6/4/2003,0.0,COMMD(COMMISSIONERS DEED),0.3,False,AR
16-11598-000,7/9/1999,0.0,HIST(HISTORICAL),0.3,False,AR
16-11598-000,4/20/1994,1000.0,CWD(CORPORATION WARRANTY DEED),0.3,False,AR
16-11598-000,4/11/1994,0.0,QCD(QUITCLAIM DEED),0.3,False,AR
16-11598-000,12/1/1993,0.0,DC(DEATH CERTIFICATE),0.3,False,AR
16-11599-000,6/6/2014,0.0,SWD(SPECIAL WARRANTY DEED),0.42,True,AR
16-11599-000,4/22/2013,0.0,TRD(TRUSTEES DEED),0.42,True,AR
16-11599-000,3/20/2013,0.0,SWD(SPECIAL WARRANTY DEED),0.42,True,AR
16-11599-000,1/30/2008,0.0,QCD(QUITCLAIM DEED),0.42,True,AR
16-11599-000,8/12/2004,175000.0,WD(WARRANTY DEED),0.42,True,AR
16-11599-000,6/1/1992,6000.0,WD(WARRANTY DEED),0.42,True,AR
16-11599-000,1/11/1989,1000.0,WD(WARRANTY DEED),0.42,True,AR
16-11599-000,2/5/1985,0.0,DC(DEATH CERTIFICATE),0.42,True,AR
16-11599-000,7/6/1983,7000.0,WD(WARRANTY DEED),0.42,True,AR
16-11600-000,9/23/2016,3000.0,WD(WARRANTY DEED),0.37,False,AR
16-11600-000,12/23/2010,3000.0,WD(WARRANTY DEED),0.37,False,AR
16-11600-000,6/25/2008,3000.0,COMMD(COMMISSIONERS DEED),0.37,False,AR
16-11600-000,2/13/2008,0.0,RD(REDEMPTION DEED),0.37,False,AR
16-11600-000,8/22/2005,0.0,COMMD(COMMISSIONERS DEED),0.37,False,AR
16-11600-000,10/17/2001,0.0,RD(REDEMPTION DEED),0.37,False,AR
16-11600-000,11/17/1998,0.0,DC(DEATH CERTIFICATE),0.37,False,AR
16-11600-000,9/2/1997,0.0,DC(DEATH CERTIFICATE),0.37,False,AR
16-11600-000,5/20/1991,0.0,WD(WARRANTY DEED),0.37,False,AR
16-11600-000,4/4/1991,0.0,TRAG(TRUST AGREEMENT),0.37,False,AR
16-11600-000,9/7/1976,6000.0,WD(WARRANTY DEED),0.37,False,AR
16-11601-000,12/6/2023,0.0,BD(BENEFICIARY DEED),0.35,False,AR
16-11601-000,8/13/2010,0.0,CORRQC(CORRECTED QUIT CLAIM DEED),0.35,False,AR
16-11601-000,6/8/2010,1000.0,QCD(QUITCLAIM DEED),0.35,False,AR
16-11601-000,3/12/2010,1000.0,COMMD(COMMISSIONERS DEED),0.35,False,AR
16-11601-000,8/17/2009,0.0,RD(REDEMPTION DEED),0.35,False,AR
16-11601-000,1/14/1999,6000.0,WD(WARRANTY DEED),0.35,False,AR
16-11601-000,1/5/1999,1000.0,WD(WARRANTY DEED),0.35,False,AR
16-11601-000,11/24/1998,1000.0,WD(WARRANTY DEED),0.35,False,AR
16-11601-000,11/20/1991,0.0,WD(WARRANTY DEED),0.35,False,AR
16-11601-000,6/19/1990,0.0,CONT(CONTRACT),0.35,False,AR
16-11601-000,1/24/1986,0.0,WD(WARRANTY DEED),0.35,False,AR
16-11602-000,2/10/2022,6000.0,WD(WARRANTY DEED),0.27,False,AR
16-11602-000,2/10/2022,0.0,WD(WARRANTY DEED),0.27,False,AR
16-11602-000,4/8/2021,0.0,LWD(LIMITED WARRANTY DEED),0.27,False,AR
16-11602-000,8/28/2009,1451000.0,QCD(QUITCLAIM DEED),0.27,False,AR
16-11602-000,8/21/2009,402000.0,DEED(GRANT DEED),0.27,False,AR
16-11602-000,9/15/2008,0.0,DEED(GRANT DEED),0.27,False,AR
16-11602-000,12/19/2005,8000.0,WD(WARRANTY DEED),0.27,False,AR
16-11602-000,10/8/2004,0.0,QCD(QUITCLAIM DEED),0.27,False,AR
16-11602-000,10/8/2004,0.0,QCD(QUITCLAIM DEED),0.27,False,AR
16-11602-000,8/31/1999,1000.0,WD(WARRANTY DEED),0.27,False,AR
16-11602-000,7/12/1996,0.0,DC(DEATH CERTIFICATE),0.27,False,AR
16-11602-000,9/13/1984,0.0,WD(WARRANTY DEED),0.27,False,AR
16-11603-000,3/23/2007,12000.0,WD(WARRANTY DEED),0.28,False,CA
16-11603-000,2/17/2005,1000.0,WD(WARRANTY DEED),0.28,False,CA
16-11603-000,4/1/1985,6000.0,WD(WARRANTY DEED),0.28,False,CA
16-11604-000,3/8/2022,6000.0,WD(WARRANTY DEED),0.28,False,AR
16-11604-000,4/9/2021,0.0,LWD(LIMITED WARRANTY DEED),0.28,False,AR
16-11604-000,3/20/2012,0.0,WD(WARRANTY DEED),0.28,False,AR
16-11604-000,3/12/2012,1000.0,SWD(SPECIAL WARRANTY DEED),0.28,False,AR
16-11604-000,5/15/2009,0.0,COMMD(COMMISSIONERS DEED),0.28,False,AR
16-11604-000,4/24/2009,0.0,RD(REDEMPTION DEED),0.28,False,AR
16-11604-000,2/27/1997,0.0,WD(WARRANTY DEED),0.28,False,AR
16-11604-000,2/10/1997,0.0,AB(ABSTRACT OF TRUST),0.28,False,AR
16-11604-000,2/10/1997,0.0,AB(ABSTRACT OF TRUST),0.28,False,AR
16-11604-000,4/25/1988,2000.0,WD(WARRANTY DEED),0.28,False,AR
16-11604-000,12/3/1974,7000.0,WD(WARRANTY DEED),0.28,False,AR
16-11605-000,3/8/2022,12000.0,WD(WARRANTY DEED),0.29,False,TX
16-11605-000,9/2/2021,0.0,RD(REDEMPTION DEED),0.29,False,TX
16-11605-000,4/27/2021,0.0,QCD(QUITCLAIM DEED),0.29,False,TX
16-11605-000,9/24/2009,0.0,RD(REDEMPTION DEED),0.29,False,TX
16-11605-000,4/1/1993,1000.0,WD(WARRANTY DEED),0.29,False,TX
16-11605-000,7/28/1992,0.0,QCD(QUITCLAIM DEED),0.29,False,TX
16-11605-000,8/25/1987,8000.0,WD(WARRANTY DEED),0.29,False,TX
16-11605-000,5/11/1984,2000.0,WD(WARRANTY DEED),0.29,False,TX
16-11605-000,10/28/1983,2000.0,WD(WARRANTY DEED),0.29,False,TX
16-11606-000,3/8/2022,12000.0,WD(WARRANTY DEED),0.28,False,TX
16-11606-000,10/15/2021,100.0,QCD(QUITCLAIM DEED),0.28,False,TX
16-11606-000,4/9/2021,0.0,LWD(LIMITED WARRANTY DEED),0.28,False,TX
16-11606-000,12/20/2013,0.0,LWD(LIMITED WARRANTY DEED),0.28,False,TX
16-11606-000,11/10/2010,0.0,QCD(QUITCLAIM DEED),0.28,False,TX
16-11606-000,11/23/2005,4000.0,WD(WARRANTY DEED),0.28,False,TX
16-11607-000,4/22/2025,10500.0,WD(WARRANTY DEED),0.4,False,MB
16-11607-000,11/6/1996,0.0,WD(WARRANTY DEED),0.4,False,MB
16-11607-000,10/18/1996,1000.0,CWD(CORPORATION WARRANTY DEED),0.4,False,MB
16-11607-000,10/9/1996,1000.0,COMMD(COMMISSIONERS DEED),0.4,False,MB
16-11607-000,8/6/1990,0.0,CONT(CONTRACT),0.4,False,MB
16-11607-000,7/25/1983,6000.0,WD(WARRANTY DEED),0.4,False,MB
16-11608-000,10/14/2020,0.0,QCD(QUITCLAIM DEED),0.36,False,AR
16-11608-000,7/15/2019,1520.0,SWD(SPECIAL WARRANTY DEED),0.36,False,AR
16-11608-000,1/10/2017,0.0,COMMD(COMMISSIONERS DEED),0.36,False,AR
16-11608-000,11/22/2016,0.0,RD(REDEMPTION DEED),0.36,False,AR
16-11608-000,8/23/2005,0.0,WD(WARRANTY DEED),0.36,False,AR
16-11608-000,8/1/1983,6000.0,WD(WARRANTY DEED),0.36,False,AR
16-11609-000,1/17/2025,17000.0,WD(WARRANTY DEED),0.39,False,AR
16-11609-000,3/14/2024,12000.0,WD(WARRANTY DEED),0.39,False,AR
16-11609-000,3/14/2024,0.0,QCD(QUITCLAIM DEED),0.39,False,AR
16-11609-000,4/8/2021,0.0,LWD(LIMITED WARRANTY DEED),0.39,False,AR
16-11609-000,8/28/2009,1451000.0,QCD(QUITCLAIM DEED),0.39,False,AR
16-11609-000,8/21/2009,402000.0,DEED(GRANT DEED),0.39,False,AR
16-11609-000,9/15/2008,0.0,DEED(GRANT DEED),0.39,False,AR
16-11609-000,10/24/2005,8000.0,WD(WARRANTY DEED),0.39,False,AR
16-11609-000,7/14/2004,0.0,WD(WARRANTY DEED),0.39,False,AR
16-11609-000,4/13/2004,5000.0,QCD(QUITCLAIM DEED),0.39,False,AR
16-11609-000,4/14/2003,0.0,WD(WARRANTY DEED),0.39,False,AR
16-11609-000,9/29/2000,1000.0,QCD(QUITCLAIM DEED),0.39,False,AR
16-11609-000,6/13/1994,1000.0,WD(WARRANTY DEED),0.39,False,AR
16-11609-000,6/11/1994,1000.0,WD(WARRANTY DEED),0.39,False,AR
16-11609-000,11/2/1975,6000.0,WD(WARRANTY DEED),0.39,False,AR
16-11610-000,1/8/2025,0.0,BD(BENEFICIARY DEED),0.4,True,AR
16-11610-000,5/16/2019,850.0,SWD(SPECIAL WARRANTY DEED),0.4,True,AR
16-11610-000,12/11/2018,0.0,LWD(LIMITED WARRANTY DEED),0.4,True,AR
16-11610-000,10/11/2012,0.0,LWD(LIMITED WARRANTY DEED),0.4,True,AR
16-11610-000,2/28/2006,0.0,COMMD(COMMISSIONERS DEED),0.4,True,AR
16-11610-000,4/15/2004,3000.0,WD(WARRANTY DEED),0.4,True,AR
16-11610-000,8/31/1989,4900.0,WD(WARRANTY DEED),0.4,True,AR
16-11610-000,10/4/1976,7000.0,WD(WARRANTY DEED),0.4,True,AR
16-11611-000,9/14/2021,4000.0,CORRWD(CORRECTED WARRANTY DEED),0.37,False,AR
16-11611-000,8/4/2021,4000.0,WD(WARRANTY DEED),0.37,False,AR
16-11611-000,3/15/2017,1000.0,WD(WARRANTY DEED),0.37,False,AR
16-11611-000,12/15/2014,0.0,WD(WARRANTY DEED),0.37,False,AR
16-11611-000,3/21/1983,0.0,WD(WARRANTY DEED),0.37,False,AR
16-11612-000,5/20/2020,0.0,RD(REDEMPTION DEED),0.26,False,OX
16-11612-000,4/30/2010,0.0,QCD(QUITCLAIM DEED),0.26,False,OX
16-11612-000,11/24/2008,0.0,WD(WARRANTY DEED),0.26,False,OX
16-11612-000,4/24/2006,590000.0,WD(WARRANTY DEED),0.26,False,OX
16-11612-000,9/26/2005,5000.0,WD(WARRANTY DEED),0.26,False,OX
16-11612-000,6/30/1998,0.0,QCD(QUITCLAIM DEED),0.26,False,OX
16-11612-000,4/7/1995,1000.0,CWD(CORPORATION WARRANTY DEED),0.26,False,OX
16-11612-000,12/1/1994,0.0,WD(WARRANTY DEED),0.26,False,OX
16-11612-000,12/23/1992,0.0,CONT(CONTRACT),0.26,False,OX
16-11612-000,5/9/1986,0.0,CONT(CONTRACT),0.26,False,OX
16-11612-000,5/7/1982,6000.0,WD(WARRANTY DEED),0.26,False,OX
16-11613-000,1/6/2021,165000.0,AFF(AFFIDAVIT),0.3,True,AR
16-11613-000,12/31/2020,165000.0,WD(WARRANTY DEED),0.3,True,AR
16-11613-000,5/30/2019,0.0,OR(ORDER),0.3,True,AR
16-11613-000,5/30/2019,0.0,OR(ORDER),0.3,True,AR
16-11613-000,9/12/2018,0.0,DC(DEATH CERTIFICATE),0.3,True,AR
16-11613-000,6/2/2015,0.0,QCD(QUITCLAIM DEED),0.3,True,AR
16-11613-000,11/4/2005,138000.0,WD(WARRANTY DEED),0.3,True,AR
16-11613-000,5/3/2004,0.0,WD(WARRANTY DEED),0.3,True,AR
16-11613-000,5/3/2004,2000.0,WD(WARRANTY DEED),0.3,True,AR
16-11613-000,11/4/2002,0.0,RD(REDEMPTION DEED),0.3,True,AR
16-11613-000,1/5/1994,0.0,WD(WARRANTY DEED),0.3,True,AR
16-11613-000,2/11/1993,0.0,QCD(QUITCLAIM DEED),0.3,True,AR
16-11613-000,2/10/1993,1000.0,WD(WARRANTY DEED),0.3,True,AR
16-11613-000,1/25/1993,1000.0,COMMD(COMMISSIONERS DEED),0.3,True,AR
16-11613-000,6/3/1985,6000.0,WD(WARRANTY DEED),0.3,True,AR
16-11614-000,6/8/2015,0.0,QCD(QUITCLAIM DEED),0.26,False,AR
16-11614-000,4/19/2013,4000.0,SWD(SPECIAL WARRANTY DEED),0.26,False,AR
16-11614-000,3/18/2009,0.0,QCD(QUITCLAIM DEED),0.26,False,AR
16-11614-000,11/24/2008,0.0,WD(WARRANTY DEED),0.26,False,AR
16-11614-000,4/5/2006,9000.0,WD(WARRANTY DEED),0.26,False,AR
16-11614-000,2/14/2000,0.0,RD(REDEMPTION DEED),0.26,False,AR
16-11614-000,5/28/1999,1000.0,COMMD(COMMISSIONERS DEED),0.26,False,AR
16-11614-000,10/28/1990,0.0,DC(DEATH CERTIFICATE),0.26,False,AR
16-11614-000,6/12/1981,5000.0,WD(WARRANTY DEED),0.26,False,AR
16-11615-000,1/14/2021,140000.0,WD(WARRANTY DEED),0.26,True,AR
16-11615-000,4/30/2003,70000.0,WD(WARRANTY DEED),0.26,True,AR
16-11615-000,2/3/1998,0.0,DC(DEATH CERTIFICATE),0.26,True,AR
16-11615-000,1/3/1990,50000.0,WD(WARRANTY DEED),0.26,True,AR
16-11615-000,6/3/1988,0.0,WD(WARRANTY DEED),0.26,True,AR
16-11615-000,12/4/1984,0.0,WD(WARRANTY DEED),0.26,True,AR
16-11616-000,4/8/2024,16000.0,COMMD(COMMISSIONERS DEED),0.35,False,IL
16-11616-000,5/28/2014,10.0,WD(WARRANTY DEED),0.35,False,IL
16-11616-000,4/11/2014,0.0,RD(REDEMPTION DEED),0.35,False,IL
16-11616-000,4/2/2014,71000.0,WD(WARRANTY DEED),0.35,False,IL
16-11616-000,12/10/2010,0.0,QCD(QUITCLAIM DEED),0.35,False,IL
16-11616-000,4/30/2010,0.0,QCD(QUITCLAIM DEED),0.35,False,IL
16-11616-000,11/24/2008,0.0,WD(WARRANTY DEED),0.35,False,IL
16-11616-000,2/3/2006,8000.0,WD(WARRANTY DEED),0.35,False,IL
16-11616-000,1/30/2006,0.0,WD(WARRANTY DEED),0.35,False,IL
16-11616-000,3/20/1992,0.0,TRREV(TRUST REVOCATION),0.35,False,IL
16-11616-000,2/13/1991,6000.0,WD(WARRANTY DEED),0.35,False,IL
16-11616-000,5/26/1988,6000.0,WD(WARRANTY DEED),0.35,False,IL
16-11616-000,9/24/1982,0.0,WD(WARRANTY DEED),0.35,False,IL
16-11617-000,4/6/2023,7200.0,WD(WARRANTY DEED),0.29,False,AR
16-11617-000,11/27/2006,0.0,QCD(QUITCLAIM DEED),0.29,False,AR
16-11617-000,9/4/2001,0.0,QCD(QUITCLAIM DEED),0.29,False,AR
16-11617-000,6/24/1996,0.0,TRD(TRUSTEES DEED),0.29,False,AR
16-11617-000,5/29/1985,7000.0,WD(WARRANTY DEED),0.29,False,AR
16-11618-000,8/18/2023,4000.0,CWD(CORPORATION WARRANTY DEED),0.24,False,AR
16-11618-000,5/24/1995,0.0,QCD(QUITCLAIM DEED),0.24,False,AR
16-11618-000,11/7/1983,7000.0,WD(WARRANTY DEED),0.24,False,AR
16-11619-000,11/14/2019,0.0,LWD(LIMITED WARRANTY DEED),0.27,False,AR
16-11619-000,2/6/2013,57000.0,SWD(SPECIAL WARRANTY DEED),0.27,False,AR
16-11619-000,1/16/2013,32000.0,SWD(SPECIAL WARRANTY DEED),0.27,False,AR
16-11619-000,3/8/2010,0.0,COMMD(COMMISSIONERS DEED),0.27,False,AR
16-11619-000,11/1/2006,103000.0,WD(WARRANTY DEED),0.27,False,AR
16-11619-000,8/4/2006,0.0,QCD(QUITCLAIM DEED),0.27,False,AR
16-11619-000,7/5/2006,0.0,WD(WARRANTY DEED),0.27,False,AR
16-11619-000,6/23/2006,6000.0,CORRWD(CORRECTED WARRANTY DEED),0.27,False,AR
16-11619-000,6/5/2006,6000.0,WD(WARRANTY DEED),0.27,False,AR
16-11619-000,8/4/1983,7000.0,WD(WARRANTY DEED),0.27,False,AR
16-11620-000,3/26/2020,3500.0,WD(WARRANTY DEED),0.36,False,AR
16-11620-000,3/10/1995,0.0,QCD(QUITCLAIM DEED),0.36,False,AR
16-11620-000,2/24/1993,1000.0,WD(WARRANTY DEED),0.36,False,AR
16-11620-000,7/15/1990,0.0,RD(REDEMPTION DEED),0.36,False,AR
16-11620-000,6/13/1989,0.0,RD(REDEMPTION DEED),0.36,False,AR
16-11620-000,5/19/1989,0.0,COMMD(COMMISSIONERS DEED),0.36,False,AR
16-11620-000,3/15/1984,5000.0,WD(WARRANTY DEED),0.36,False,AR
16-11621-000,"2,555",511.0,511,22.92,False,AR
16-11621-000,0,0.0,0,22.92,False,AR
16-11621-000,"2,555",511.0,511,22.92,False,AR
16-11621-000,,511.0,511,22.92,False,AR
16-11621-000,,0.06193,0.06193,22.92,False,AR
16-11621-000,,4.58,4.58,22.92,False,AR
16-11622-000,0,0.0,0,9.34,False,AR
16-11622-000,0,0.0,0,9.34,False,AR
16-11622-000,0,0.0,0,9.34,False,AR
16-11622-000,,0.0,0,9.34,False,AR
16-11622-000,,0.06193,0.06193,9.34,False,AR
16-13220-000,4/28/2021,5000.0,WD(WARRANTY DEED),0.29,False,AR
16-13220-000,2/9/1983,6000.0,WD(WARRANTY DEED),0.29,False,AR
16-13221-000,5/22/2017,120000.0,WD(WARRANTY DEED),0.31,True,AR
16-13221-000,4/10/2008,0.0,WD(WARRANTY DEED),0.31,True,AR
16-13221-000,1/3/2008,0.0,WD(WARRANTY DEED),0.31,True,AR
16-13221-000,12/3/2007,0.0,COMMD(COMMISSIONERS DEED),0.31,True,AR
16-13221-000,2/28/2005,82000.0,WD(WARRANTY DEED),0.31,True,AR
16-13221-000,8/20/2001,65000.0,WD(WARRANTY DEED),0.31,True,AR
16-13221-000,7/10/2000,60000.0,WD(WARRANTY DEED),0.31,True,AR
16-13221-000,4/4/1994,54000.0,WD(WARRANTY DEED),0.31,True,AR
16-13221-000,2/17/1984,6000.0,WD(WARRANTY DEED),0.31,True,AR
16-13222-000,3/22/2019,2750.0,WD(WARRANTY DEED),0.24,False,AR
16-13222-000,6/24/2016,0.0,LWD(LIMITED WARRANTY DEED),0.24,False,AR
16-13222-000,7/20/1994,4000.0,WD(WARRANTY DEED),0.24,False,AR
16-13222-000,11/8/1991,2000.0,WD(WARRANTY DEED),0.24,False,AR
16-13222-000,9/5/1991,1000.0,WD(WARRANTY DEED),0.24,False,AR
16-13222-000,9/3/1991,2000.0,WD(WARRANTY DEED),0.24,False,AR
16-13222-000,3/8/1989,2000.0,WD(WARRANTY DEED),0.24,False,AR
16-13222-000,3/30/1988,0.0,QCD(QUITCLAIM DEED),0.24,False,AR
16-13222-000,6/20/1975,0.0,HIST(HISTORICAL),0.24,False,AR
16-13223-000,7/19/2012,1000.0,COMMD(COMMISSIONERS DEED),0.27,False,AR
16-13223-000,3/20/2009,0.0,DEED(GRANT DEED),0.27,False,AR
16-13223-000,3/10/2009,0.0,QCD(QUITCLAIM DEED),0.27,False,AR
16-13223-000,11/24/2008,0.0,WD(WARRANTY DEED),0.27,False,AR
16-13223-000,9/23/2005,3000.0,WD(WARRANTY DEED),0.27,False,AR
16-13223-000,10/23/2000,1000.0,QCD(QUITCLAIM DEED),0.27,False,AR
16-13223-000,11/8/1983,6000.0,WD(WARRANTY DEED),0.27,False,AR
16-13224-000,8/5/1992,6000.0,WD(WARRANTY DEED),0.32,False,MN
16-13224-000,9/23/1983,0.0,WD(WARRANTY DEED),0.32,False,MN
16-13224-000,6/2/1983,0.0,HIST(HISTORICAL),0.32,False,MN
16-13225-000,3/17/2025,449900.0,WD(WARRANTY DEED),0.34,True,AR
16-13225-000,8/19/2024,0.0,DC(DEATH CERTIFICATE),0.34,True,AR
16-13225-000,5/11/2005,200000.0,WD(WARRANTY DEED),0.34,True,AR
16-13225-000,1/21/2004,3000.0,WD(WARRANTY DEED),0.34,True,AR
16-13225-000,10/29/1981,5000.0,WD(WARRANTY DEED),0.34,True,AR
16-13226-000,2/4/2019,5000.0,QCD(QUITCLAIM DEED),0.34,False,AR
16-13226-000,5/11/2011,2000.0,WD(WARRANTY DEED),0.34,False,AR
16-13226-000,5/4/2011,3000.0,WD(WARRANTY DEED),0.34,False,AR
16-13226-000,7/11/1985,0.0,CONT(CONTRACT),0.34,False,AR
16-13226-000,4/26/1985,7000.0,WD(WARRANTY DEED),0.34,False,AR
16-13226-000,4/24/1985,0.0,CONT(CONTRACT),0.34,False,AR
16-13226-000,6/3/1981,0.0,CONT(CONTRACT),0.34,False,AR
16-13227-000,5/23/2019,0.0,QCD(QUITCLAIM DEED),0.33,True,AR
16-13227-000,12/21/2004,77000.0,WD(WARRANTY DEED),0.33,True,AR
16-13227-000,9/5/1995,0.0,QCD(QUITCLAIM DEED),0.33,True,AR
16-13227-000,8/30/1994,64000.0,WD(WARRANTY DEED),0.33,True,AR
16-13227-000,11/19/1991,1000.0,WD(WARRANTY DEED),0.33,True,AR
16-13227-000,3/20/1989,0.0,CONT(CONTRACT),0.33,True,AR
16-13227-000,7/1/1983,0.0,WD(WARRANTY DEED),0.33,True,AR
16-13228-000,4/30/2024,230000.0,WD(WARRANTY DEED),0.31,True,AR
16-13228-000,2/12/2020,0.0,QCD(QUITCLAIM DEED),0.31,True,AR
16-13228-000,12/30/2013,84000.0,WD(WARRANTY DEED),0.31,True,AR
16-13228-000,3/7/2002,65000.0,WD(WARRANTY DEED),0.31,True,AR
16-13228-000,3/23/2001,0.0,WD(WARRANTY DEED),0.31,True,AR
16-13228-000,3/15/2001,0.0,WD(WARRANTY DEED),0.31,True,AR
16-13228-000,3/18/1996,0.0,WD(WARRANTY DEED),0.31,True,AR
16-13228-000,3/18/1996,0.0,WD(WARRANTY DEED),0.31,True,AR
16-13228-000,3/15/1996,0.0,CERT(CERTIFICATE),0.31,True,AR
16-13228-000,12/8/1994,74000.0,WD(WARRANTY DEED),0.31,True,AR
16-13228-000,11/13/1984,81000.0,WD(WARRANTY DEED),0.31,True,AR
16-13228-000,6/1/1984,4000.0,WD(WARRANTY DEED),0.31,True,AR
16-13229-000,1/26/2024,0.0,BD(BENEFICIARY DEED),0.27,True,AR
16-13229-000,1/2/2014,114000.0,WD(WARRANTY DEED),0.27,True,AR
16-13229-000,1/2/2014,0.0,AFF(AFFIDAVIT),0.27,True,AR
16-13229-000,5/18/2006,0.0,WD(WARRANTY DEED),0.27,True,AR
16-13229-000,3/7/2006,0.0,WD(WARRANTY DEED),0.27,True,AR
16-13229-000,11/29/2005,0.0,WD(WARRANTY DEED),0.27,True,AR
16-13229-000,10/27/2005,118000.0,WD(WARRANTY DEED),0.27,True,AR
16-13229-000,11/3/2003,98000.0,WD(WARRANTY DEED),0.27,True,AR
16-13229-000,11/7/1991,65000.0,WD(WARRANTY DEED),0.27,True,AR
16-13229-000,3/1/1984,75000.0,WD(WARRANTY DEED),0.27,True,AR
16-13230-000,4/20/2025,0.0,ADHL(AR DEPT OF HEALTH LIST),0.3,False,AR
16-13230-000,4/30/2021,3000.0,WD(WARRANTY DEED),0.3,False,AR
16-13230-000,3/26/2019,3000.0,WD(WARRANTY DEED),0.3,False,AR
16-13230-000,3/7/2019,0.0,OR(ORDER),0.3,False,AR
16-13230-000,6/13/2018,2000.0,QCD(QUITCLAIM DEED),0.3,False,AR
16-13230-000,3/26/2018,0.0,LWD(LIMITED WARRANTY DEED),0.3,False,AR
16-13230-000,2/12/2009,0.0,RD(REDEMPTION DEED),0.3,False,AR
16-13230-000,1/15/1974,6000.0,WD(WARRANTY DEED),0.3,False,AR
16-13231-000,4/20/2025,0.0,ADHL(AR DEPT OF HEALTH LIST),0.34,True,AR
16-13231-000,11/23/2005,159000.0,WD(WARRANTY DEED),0.34,True,AR
16-13231-000,6/17/2004,4000.0,WD(WARRANTY DEED),0.34,True,AR
16-13231-000,12/8/1992,1000.0,WD(WARRANTY DEED),0.34,True,AR
16-13231-000,12/7/1992,1000.0,WD(WARRANTY DEED),0.34,True,AR
16-13231-000,1/22/1991,4500.0,WD(WARRANTY DEED),0.34,True,AR
16-13231-000,5/1/1989,0.0,CONT(CONTRACT),0.34,True,AR
16-13231-000,7/15/1983,0.0,WD(WARRANTY DEED),0.34,True,AR
16-13232-000,9/24/2020,298000.0,WD(WARRANTY DEED),0.36,True,AR
16-13232-000,5/22/2002,2500.0,WD(WARRANTY DEED),0.36,True,AR
16-13232-000,1/30/1989,1000.0,WD(WARRANTY DEED),0.36,True,AR
16-13232-000,1/9/1987,5000.0,WD(WARRANTY DEED),0.36,True,AR
16-13233-000,8/24/2022,0.0,WD(WARRANTY DEED),0.34,True,AR
16-13233-000,3/1/2017,0.0,DC(DEATH CERTIFICATE),0.34,True,AR
16-13233-000,2/1/2017,0.0,CONT(CONTRACT),0.34,True,AR
16-13233-000,1/13/2015,0.0,TRAG(TRUST AGREEMENT),0.34,True,AR
16-13233-000,4/19/2011,0.0,POA(POWER OF ATTORNEY),0.34,True,AR
16-13233-000,12/3/2000,0.0,DC(DEATH CERTIFICATE),0.34,True,AR
16-13233-000,5/3/2000,0.0,WD(WARRANTY DEED),0.34,True,AR
16-13233-000,3/29/2000,0.0,CERT(CERTIFICATE),0.34,True,AR
16-13233-000,6/29/1984,87000.0,WD(WARRANTY DEED),0.34,True,AR
16-13234-000,10/1/2018,181000.0,WD(WARRANTY DEED),0.28,False,AR
16-13234-000,10/30/2012,4000.0,WD(WARRANTY DEED),0.28,False,AR
16-13234-000,6/20/2012,0.0,DEED(GRANT DEED),0.28,False,AR
16-13234-000,4/23/1991,4000.0,WD(WARRANTY DEED),0.28,False,AR
16-13234-000,6/30/1989,0.0,DC(DEATH CERTIFICATE),0.28,False,AR
16-13234-000,1/24/1986,6000.0,WD(WARRANTY DEED),0.28,False,AR
16-13235-000,10/1/2018,181000.0,WD(WARRANTY DEED),0.42,True,AR
16-13235-000,10/29/2010,0.0,CERT(CERTIFICATE),0.42,True,AR
16-13235-000,10/29/2010,0.0,WD(WARRANTY DEED),0.42,True,AR
16-13235-000,9/9/2005,152000.0,WD(WARRANTY DEED),0.42,True,AR
16-13235-000,6/23/2004,146000.0,WD(WARRANTY DEED),0.42,True,AR
16-13235-000,1/13/2003,3000.0,WD(WARRANTY DEED),0.42,True,AR
16-13235-000,10/28/1994,0.0,DC(DEATH CERTIFICATE),0.42,True,AR
16-13235-000,8/17/1983,9000.0,WD(WARRANTY DEED),0.42,True,AR
16-13236-000,12/18/2017,0.0,CERT(CERTIFICATE),0.25,False,AR
16-13236-000,12/16/2017,6000.0,TRWD(TRUSTEES WARRANTY DEED),0.25,False,AR
16-13236-000,9/10/2001,0.0,QCD(QUITCLAIM DEED),0.25,False,AR
16-13236-000,8/31/1982,0.0,QCD(QUITCLAIM DEED),0.25,False,AR
16-13237-000,7/2/2019,0.0,LWD(LIMITED WARRANTY DEED),0.36,False,AR
16-13237-000,10/3/1995,0.0,WD(WARRANTY DEED),0.36,False,AR
16-13237-000,4/19/1995,0.0,QCD(QUITCLAIM DEED),0.36,False,AR
16-13237-000,2/24/1993,1000.0,WD(WARRANTY DEED),0.36,False,AR
16-13237-000,8/31/1989,0.0,COMMD(COMMISSIONERS DEED),0.36,False,AR
16-13238-000,1/24/2020,296000.0,WD(WARRANTY DEED),0.33,True,AR
16-13238-000,3/3/2011,0.0,QCD(QUITCLAIM DEED),0.33,True,AR
16-13238-000,3/26/2007,177000.0,WD(WARRANTY DEED),0.33,True,AR
16-13238-000,5/23/2003,0.0,WD(WARRANTY DEED),0.33,True,AR
16-13238-000,1/3/1997,0.0,DC(DEATH CERTIFICATE),0.33,True,AR
16-13238-000,1/12/1989,0.0,QCD(QUITCLAIM DEED),0.33,True,AR
16-13238-000,1/14/1983,5000.0,WD(WARRANTY DEED),0.33,True,AR
16-13239-000,1/24/2020,296000.0,WD(WARRANTY DEED),0.25,False,AR
16-13239-000,3/3/2011,0.0,QCD(QUITCLAIM DEED),0.25,False,AR
16-13239-000,3/26/2007,177000.0,WD(WARRANTY DEED),0.25,False,AR
16-13239-000,6/9/2003,5000.0,WD(WARRANTY DEED),0.25,False,AR
16-13239-000,11/25/2002,0.0,RD(REDEMPTION DEED),0.25,False,AR
16-13239-000,4/1/1991,3000.0,WD(WARRANTY DEED),0.25,False,AR
16-13239-000,2/19/1990,0.0,CONT(CONTRACT),0.25,False,AR
16-13239-000,10/17/1989,0.0,CONT(CONTRACT),0.25,False,AR
16-13239-000,10/15/1986,6000.0,WD(WARRANTY DEED),0.25,False,AR
16-13240-000,4/9/2014,0.0,QCD(QUITCLAIM DEED),0.35,True,AR
16-13240-000,3/11/2006,0.0,DC(DEATH CERTIFICATE),0.35,True,AR
16-13240-000,6/26/2002,0.0,QCD(QUITCLAIM DEED),0.35,True,AR
16-13240-000,5/28/2002,0.0,WD(WARRANTY DEED),0.35,True,AR
16-13240-000,7/1/1982,9000.0,WD(WARRANTY DEED),0.35,True,AR
16-13241-000,3/11/2006,0.0,DC(DEATH CERTIFICATE),0.27,False,AR
16-13241-000,9/3/2002,1000.0,EXD(EXECUTOR-EXECUTRIX DEED),0.27,False,AR
16-13241-000,3/6/1978,5000.0,WD(WARRANTY DEED),0.27,False,AR
16-13242-000,1/7/2008,112000.0,WD(WARRANTY DEED),0.29,True,AR
16-13242-000,12/28/2007,0.0,FD(FIDUCIARY DEED),0.29,True,AR
16-13242-000,3/8/1996,70000.0,WD(WARRANTY DEED),0.29,True,AR
16-13242-000,11/7/1995,3000.0,WD(WARRANTY DEED),0.29,True,AR
16-13242-000,12/1/1992,0.0,DC(DEATH CERTIFICATE),0.29,True,AR
16-13242-000,12/8/1980,4150.0,CONT(CONTRACT),0.29,True,AR
16-13242-000,11/13/1980,5000.0,WD(WARRANTY DEED),0.29,True,AR
16-13243-000,3/24/2009,143000.0,WD(WARRANTY DEED),0.31,True,AR
16-13243-000,7/28/2008,13000.0,WD(WARRANTY DEED),0.31,True,AR
16-13243-000,8/25/2006,10000.0,WD(WARRANTY DEED),0.31,True,AR
16-13243-000,6/2/2004,3000.0,WD(WARRANTY DEED),0.31,True,AR
16-13243-000,7/23/1990,3000.0,WD(WARRANTY DEED),0.31,True,AR
16-13243-000,4/16/1982,5000.0,WD(WARRANTY DEED),0.31,True,AR
16-13244-000,8/2/2017,0.0,QCD(QUITCLAIM DEED),0.32,True,AR
16-13244-000,5/4/2007,146000.0,WD(WARRANTY DEED),0.32,True,AR
16-13244-000,1/13/2005,0.0,WD(WARRANTY DEED),0.32,True,AR
16-13244-000,2/12/2004,4000.0,WD(WARRANTY DEED),0.32,True,AR
16-13244-000,12/23/1998,0.0,TRD(TRUSTEES DEED),0.32,True,AR
16-13244-000,12/28/1992,0.0,QCD(QUITCLAIM DEED),0.32,True,AR
16-13244-000,12/22/1982,5000.0,WD(WARRANTY DEED),0.32,True,AR
16-13245-000,10/6/2015,0.0,CERT(CERTIFICATE),0.32,False,MN
16-13245-000,9/15/2015,0.0,SWD(SPECIAL WARRANTY DEED),0.32,False,MN
16-13245-000,11/8/2013,0.0,CERT(CERTIFICATE),0.32,False,MN
16-13245-000,7/3/2006,114000.0,WD(WARRANTY DEED),0.32,False,MN
16-13245-000,6/13/2005,120000.0,CWD(CORPORATION WARRANTY DEED),0.32,False,MN
16-13245-000,12/8/2004,1000.0,DEED(GRANT DEED),0.32,False,MN
16-13245-000,12/8/2004,0.0,QCD(QUITCLAIM DEED),0.32,False,MN
16-13245-000,4/27/2003,0.0,DC(DEATH CERTIFICATE),0.32,False,MN
16-13245-000,9/20/2002,0.0,DC(DEATH CERTIFICATE),0.32,False,MN
16-13245-000,9/14/1998,12000.0,WD(WARRANTY DEED),0.32,False,MN
16-13245-000,5/30/1990,0.0,CONT(CONTRACT),0.32,False,MN
16-13245-000,6/4/1986,0.0,CONT(CONTRACT),0.32,False,MN
16-13245-000,10/14/1984,0.0,CONT(CONTRACT),0.32,False,MN
16-13245-000,7/20/1984,0.0,HIST(HISTORICAL),0.32,False,MN
16-13246-000,10/12/2020,1000.0,QCD(QUITCLAIM DEED),0.43,False,AR
16-13246-000,8/3/2019,0.0,DC(DEATH CERTIFICATE),0.43,False,AR
16-13246-000,8/3/2019,0.0,DC(DEATH CERTIFICATE),0.43,False,AR
16-13246-000,10/16/2016,0.0,DC(DEATH CERTIFICATE),0.43,False,AR
16-13246-000,11/6/2013,0.0,CERT(CERTIFICATE),0.43,False,AR
16-13246-000,3/13/2000,3000.0,CWD(CORPORATION WARRANTY DEED),0.43,False,AR
16-13246-000,6/3/1996,0.0,WD(WARRANTY DEED),0.43,False,AR
16-13246-000,8/2/1983,5000.0,WD(WARRANTY DEED),0.43,False,AR
16-13247-000,5/27/2025,35000.0,WD(WARRANTY DEED),0.5,False,AR
16-13247-000,10/15/2010,0.0,WD(WARRANTY DEED),0.5,False,AR
16-13247-000,8/11/2010,0.0,DEED(GRANT DEED),0.5,False,AR
16-13247-000,1/19/2010,0.0,QCD(QUITCLAIM DEED),0.5,False,AR
16-13247-000,11/24/2008,0.0,WD(WARRANTY DEED),0.5,False,AR
16-13247-000,8/16/2005,5000.0,WD(WARRANTY DEED),0.5,False,AR
16-13247-000,4/23/1985,0.0,COMMD(COMMISSIONERS DEED),0.5,False,AR
16-13247-000,1/22/1985,0.0,CONT(CONTRACT),0.5,False,AR
16-13247-000,11/7/1984,1000.0,QCD(QUITCLAIM DEED),0.5,False,AR
16-13247-000,7/5/1984,1000.0,QCD(QUITCLAIM DEED),0.5,False,AR
16-13248-000,3/7/2025,14000.0,WD(WARRANTY DEED),0.34,False,AR
16-13248-000,6/23/2017,1000.0,SWD(SPECIAL WARRANTY DEED),0.34,False,AR
16-13248-000,6/18/2014,0.0,COMMD(COMMISSIONERS DEED),0.34,False,AR
16-13248-000,8/22/2013,0.0,RD(REDEMPTION DEED),0.34,False,AR
16-13248-000,3/18/2009,0.0,QCD(QUITCLAIM DEED),0.34,False,AR
16-13248-000,11/24/2008,0.0,WD(WARRANTY DEED),0.34,False,AR
16-13248-000,1/19/2006,10000.0,WD(WARRANTY DEED),0.34,False,AR
16-13248-000,11/17/2005,0.0,TRAG(TRUST AGREEMENT),0.34,False,AR
16-13248-000,11/17/2005,7000.0,WD(WARRANTY DEED),0.34,False,AR
16-13248-000,10/9/2002,0.0,AFF(AFFIDAVIT),0.34,False,AR
16-13248-000,4/2/2001,0.0,QCD(QUITCLAIM DEED),0.34,False,AR
16-13248-000,9/22/1982,4000.0,WD(WARRANTY DEED),0.34,False,AR
16-13249-000,9/8/1997,6000.0,WD(WARRANTY DEED),0.33,False,KS
16-13249-000,9/27/1987,0.0,CONT(CONTRACT),0.33,False,KS
16-13249-000,8/17/1982,5000.0,WD(WARRANTY DEED),0.33,False,KS
16-13250-000,9/26/2015,5000.0,WD(WARRANTY DEED),0.34,False,AR
16-13251-000,5/29/2014,7000.0,WD(WARRANTY DEED),0.32,False,AR
16-13251-000,8/28/2009,1451000.0,QCD(QUITCLAIM DEED),0.32,False,AR
16-13251-000,8/21/2009,402000.0,DEED(GRANT DEED),0.32,False,AR
16-13251-000,9/15/2008,0.0,DEED(GRANT DEED),0.32,False,AR
16-13251-000,10/7/2005,5000.0,WD(WARRANTY DEED),0.32,False,AR
16-13251-000,1/31/2000,1000.0,WD(WARRANTY DEED),0.32,False,AR
16-13252-000,3/29/2012,83000.0,WD(WARRANTY DEED),0.3,True,AR
16-13252-000,10/23/1995,100000.0,WD(WARRANTY DEED),0.3,True,AR
16-13252-000,5/12/1992,1000.0,WD(WARRANTY DEED),0.3,True,AR
16-13252-000,1/4/1984,2000.0,WD(WARRANTY DEED),0.3,True,AR
16-13253-000,5/5/2023,11000.0,WD(WARRANTY DEED),0.27,False,AR
16-13253-000,1/18/1995,3000.0,WD(WARRANTY DEED),0.27,False,AR
16-13253-000,4/11/1994,0.0,DC(DEATH CERTIFICATE),0.27,False,AR
16-13253-000,11/9/1983,4000.0,WD(WARRANTY DEED),0.27,False,AR
16-13254-000,3/26/2007,0.0,WD(WARRANTY DEED),0.34,True,AR
16-13254-000,3/26/2007,0.0,CERT(CERTIFICATE),0.34,True,AR
16-13254-000,4/11/2000,80000.0,WD(WARRANTY DEED),0.34,True,AR
16-13254-000,11/2/1999,0.0,COMMD(COMMISSIONERS DEED),0.34,True,AR
16-13254-000,11/13/1996,92000.0,WD(WARRANTY DEED),0.34,True,AR
16-13254-000,11/28/1995,2000.0,WD(WARRANTY DEED),0.34,True,AR
16-13254-000,11/15/1989,4000.0,WD(WARRANTY DEED),0.34,True,AR
16-13254-000,10/5/1989,0.0,DC(DEATH CERTIFICATE),0.34,True,AR
16-13254-000,12/14/1970,1500.0,WD(WARRANTY DEED),0.34,True,AR
16-13255-000,11/5/2021,350000.0,WD(WARRANTY DEED),0.33,True,AR
16-13255-000,10/5/2020,5000.0,WD(WARRANTY DEED),0.33,True,AR
16-13255-000,12/7/1984,2000.0,WD(WARRANTY DEED),0.33,True,AR
16-13256-000,4/7/1997,1000.0,QCD(QUITCLAIM DEED),0.38,False,AR
16-13256-000,5/21/1993,1000.0,WD(WARRANTY DEED),0.38,False,AR
16-13256-000,4/29/1993,0.0,RD(REDEMPTION DEED),0.38,False,AR
16-13256-000,4/16/1993,700.0,COMMD(COMMISSIONERS DEED),0.38,False,AR
16-13256-000,4/25/1985,1500.0,WD(WARRANTY DEED),0.38,False,AR
16-13256-000,5/24/1984,0.0,WD(WARRANTY DEED),0.38,False,AR
16-13257-000,5/21/2024,469000.0,WD(WARRANTY DEED),0.38,True,AR
16-13257-000,4/11/2023,15500.0,WD(WARRANTY DEED),0.38,True,AR
16-13257-000,10/5/2021,0.0,LWD(LIMITED WARRANTY DEED),0.38,True,AR
16-13257-000,7/6/2016,1000.0,QCD(QUITCLAIM DEED),0.38,True,AR
16-13257-000,9/3/2014,0.0,LWD(LIMITED WARRANTY DEED),0.38,True,AR
16-13257-000,2/25/2008,20000.0,WD(WARRANTY DEED),0.38,True,AR
16-13257-000,3/6/2006,9000.0,WD(WARRANTY DEED),0.38,True,AR
16-13257-000,11/3/1980,5000.0,WD(WARRANTY DEED),0.38,True,AR
16-13258-000,1/6/2014,2000.0,WD(WARRANTY DEED),0.43,False,AR
16-13258-000,8/27/1992,0.0,WD(WARRANTY DEED),0.43,False,AR
16-13258-000,11/12/1980,0.0,WD(WARRANTY DEED),0.43,False,AR
16-13259-000,3/2/2001,1000.0,WD(WARRANTY DEED),0.43,False,AR
16-13259-000,10/20/1980,1000.0,WD(WARRANTY DEED),0.43,False,AR
16-13260-000,11/13/2023,15000.0,QCD(QUITCLAIM DEED),0.33,False,TX
16-13260-000,4/16/1992,0.0,WD(WARRANTY DEED),0.33,False,TX
16-13260-000,12/28/1983,5000.0,WD(WARRANTY DEED),0.33,False,TX
16-13261-000,11/13/2023,15000.0,QCD(QUITCLAIM DEED),0.34,False,TX
16-13261-000,12/20/1993,2000.0,WD(WARRANTY DEED),0.34,False,TX
16-13261-000,3/1/1991,1000.0,WD(WARRANTY DEED),0.34,False,TX
16-13261-000,6/6/1990,1000.0,WD(WARRANTY DEED),0.34,False,TX
16-13261-000,4/16/1986,4900.0,WD(WARRANTY DEED),0.34,False,TX
16-13261-000,12/8/1980,4900.0,CONT(CONTRACT),0.34,False,TX
16-13262-000,12/14/2022,0.0,WD(WARRANTY DEED),0.36,True,AR
16-13262-000,11/10/2021,10000.0,WD(WARRANTY DEED),0.36,True,AR
16-13262-000,10/21/2016,0.0,DC(DEATH CERTIFICATE),0.36,True,AR
16-13262-000,12/8/1982,0.0,WD(WARRANTY DEED),0.36,True,AR
16-13263-000,11/14/2024,410000.0,TRWD(TRUSTEES WARRANTY DEED),0.35,True,AR
16-13263-000,1/10/2023,0.0,WD(WARRANTY DEED),0.35,True,AR
16-13263-000,1/19/2022,317000.0,WD(WARRANTY DEED),0.35,True,AR
16-13263-000,2/28/2014,180000.0,WD(WARRANTY DEED),0.35,True,AR
16-13263-000,7/18/2006,179000.0,WD(WARRANTY DEED),0.35,True,AR
16-13263-000,5/4/2005,177000.0,WD(WARRANTY DEED),0.35,True,AR
16-13263-000,7/23/2004,0.0,WD(WARRANTY DEED),0.35,True,AR
16-13263-000,3/17/2004,0.0,RD(REDEMPTION DEED),0.35,True,AR
16-13263-000,2/23/2004,5000.0,WD(WARRANTY DEED),0.35,True,AR
16-13263-000,6/3/1983,4000.0,WD(WARRANTY DEED),0.35,True,AR
16-13264-000,10/26/2021,245000.0,WD(WARRANTY DEED),0.36,True,AR
16-13264-000,9/21/2021,205000.0,WD(WARRANTY DEED),0.36,True,AR
16-13264-000,10/18/2012,0.0,BD(BENEFICIARY DEED),0.36,True,AR
16-13264-000,6/13/2008,169000.0,WD(WARRANTY DEED),0.36,True,AR
16-13264-000,10/9/1995,106000.0,CWD(CORPORATION WARRANTY DEED),0.36,True,AR
16-13264-000,4/8/1994,2000.0,WD(WARRANTY DEED),0.36,True,AR
16-13264-000,10/8/1981,5000.0,WD(WARRANTY DEED),0.36,True,AR
16-13265-000,3/18/2025,430000.0,WD(WARRANTY DEED),0.35,True,AR
16-13265-000,3/13/2025,0.0,CERT(CERTIFICATE),0.35,True,AR
16-13265-000,4/18/2014,216000.0,SWD(SPECIAL WARRANTY DEED),0.35,True,AR
16-13265-000,8/12/2013,5000.0,WD(WARRANTY DEED),0.35,True,AR
16-13265-000,1/6/2007,0.0,DC(DEATH CERTIFICATE),0.35,True,AR
16-13265-000,9/11/2006,8000.0,WD(WARRANTY DEED),0.35,True,AR
16-13265-000,3/23/2004,4000.0,WD(WARRANTY DEED),0.35,True,AR
16-13265-000,11/1/1996,0.0,QCD(QUITCLAIM DEED),0.35,True,AR
16-13265-000,6/8/1981,0.0,WD(WARRANTY DEED),0.35,True,AR
16-13266-000,10/15/2001,120000.0,WD(WARRANTY DEED),0.36,True,AR
16-13266-000,3/21/1997,86000.0,WD(WARRANTY DEED),0.36,True,AR
16-13266-000,8/9/1995,3000.0,WD(WARRANTY DEED),0.36,True,AR
16-13266-000,11/14/1983,6000.0,WD(WARRANTY DEED),0.36,True,AR
16-13267-000,8/22/1997,94000.0,WD(WARRANTY DEED),0.4,True,AR
16-13267-000,10/23/1996,4000.0,WD(WARRANTY DEED),0.4,True,AR
16-13267-000,12/9/1981,5000.0,WD(WARRANTY DEED),0.4,True,AR
16-13268-000,5/23/2022,0.0,LWD(LIMITED WARRANTY DEED),0.29,False,AR
16-13268-000,9/5/1989,0.0,QCD(QUITCLAIM DEED),0.29,False,AR
16-13268-000,9/15/1983,5000.0,WD(WARRANTY DEED),0.29,False,AR
16-13269-000,5/27/2021,8000.0,WD(WARRANTY DEED),0.3,False,AR
16-13269-000,7/3/2010,0.0,SWD(SPECIAL WARRANTY DEED),0.3,False,AR
16-13269-000,10/22/2004,0.0,WD(WARRANTY DEED),0.3,False,AR
16-13269-000,4/29/2003,0.0,WD(WARRANTY DEED),0.3,False,AR
16-13269-000,3/25/2003,0.0,WD(WARRANTY DEED),0.3,False,AR
16-13269-000,11/24/1993,6000.0,WD(WARRANTY DEED),0.3,False,AR
16-13269-000,7/1/1982,0.0,CONT(CONTRACT),0.3,False,AR
16-13269-000,11/5/1975,4000.0,WD(WARRANTY DEED),0.3,False,AR
16-13270-000,7/23/2020,0.0,LWD(LIMITED WARRANTY DEED),0.32,True,AR
16-13270-000,10/5/2011,0.0,QCD(QUITCLAIM DEED),0.32,True,AR
16-13270-000,10/5/2011,1693333.0,CORRQC(CORRECTED QUIT CLAIM DEED),0.32,True,AR
16-13270-000,11/24/2008,0.0,WD(WARRANTY DEED),0.32,True,AR
16-13270-000,9/1/2005,4000.0,WD(WARRANTY DEED),0.32,True,AR
16-13270-000,3/16/1994,2000.0,WD(WARRANTY DEED),0.32,True,AR
16-13270-000,11/19/1993,0.0,WD(WARRANTY DEED),0.32,True,AR
16-13270-000,9/4/1993,0.0,DC(DEATH CERTIFICATE),0.32,True,AR
16-13270-000,9/21/1976,6000.0,WD(WARRANTY DEED),0.32,True,AR
16-13271-000,5/7/2018,119000.0,WD(WARRANTY DEED),0.33,True,AR
16-13271-000,8/4/2017,62000.0,SWD(SPECIAL WARRANTY DEED),0.33,True,AR
16-13271-000,2/8/2017,0.0,MTG-D(MORTGAGEE'S DEED),0.33,True,AR
16-13271-000,10/2/2006,93000.0,WD(WARRANTY DEED),0.33,True,AR
16-13271-000,9/20/2006,0.0,POA(POWER OF ATTORNEY),0.33,True,AR
16-13271-000,6/29/2006,0.0,DC(DEATH CERTIFICATE),0.33,True,AR
16-13271-000,1/29/2004,0.0,WD(WARRANTY DEED),0.33,True,AR
16-13271-000,3/6/1985,69900.0,WD(WARRANTY DEED),0.33,True,AR
16-13271-000,7/20/1984,0.0,WD(WARRANTY DEED),0.33,True,AR
16-13271-000,6/26/1984,0.0,WD(WARRANTY DEED),0.33,True,AR
16-13271-000,6/26/1984,0.0,CONT(CONTRACT),0.33,True,AR
16-13271-000,1/24/1984,9000.0,WD(WARRANTY DEED),0.33,True,AR
16-13272-000,2/1/2022,10000.0,WD(WARRANTY DEED),0.29,False,AR
16-13272-000,3/3/2021,0.0,LWD(LIMITED WARRANTY DEED),0.29,False,AR
16-13272-000,8/28/2009,1451000.0,QCD(QUITCLAIM DEED),0.29,False,AR
16-13272-000,8/21/2009,402000.0,DEED(GRANT DEED),0.29,False,AR
16-13272-000,9/15/2008,0.0,DEED(GRANT DEED),0.29,False,AR
16-13272-000,3/13/2006,9000.0,WD(WARRANTY DEED),0.29,False,AR
16-13272-000,5/17/2005,0.0,WD(WARRANTY DEED),0.29,False,AR
16-13272-000,12/3/2002,1000.0,WD(WARRANTY DEED),0.29,False,AR
16-13272-000,6/6/2002,0.0,WD(WARRANTY DEED),0.29,False,AR
16-13272-000,11/9/1983,7000.0,WD(WARRANTY DEED),0.29,False,AR
16-13272-000,1/1/1800,0.0,WD(WARRANTY DEED),0.29,False,AR
16-13273-000,10/18/2022,433000.0,WD(WARRANTY DEED),0.32,True,AR
16-13273-000,5/29/2021,8000.0,WD(WARRANTY DEED),0.32,True,AR
16-13273-000,12/27/1983,5000.0,WD(WARRANTY DEED),0.32,True,AR
16-13274-000,2/9/2024,540000.0,WD(WARRANTY DEED),0.24,True,AR
16-13274-000,4/25/2022,3000.0,WD(WARRANTY DEED),0.24,True,AR
16-13274-000,3/7/2019,0.0,OR(ORDER),0.24,True,AR
16-13274-000,6/13/2018,2000.0,QCD(QUITCLAIM DEED),0.24,True,AR
16-13274-000,3/26/2018,0.0,LWD(LIMITED WARRANTY DEED),0.24,True,AR
16-13274-000,12/29/1982,5000.0,WD(WARRANTY DEED),0.24,True,AR
16-13275-000,2/9/2024,540000.0,WD(WARRANTY DEED),0.32,False,AR
16-13275-000,4/22/2022,5000.0,WD(WARRANTY DEED),0.32,False,AR
16-13275-000,11/21/2002,0.0,QCD(QUITCLAIM DEED),0.32,False,AR
16-13275-000,7/11/2000,0.0,OBIT(OBITUARY),0.32,False,AR
16-13275-000,7/13/1993,0.0,WD(WARRANTY DEED),0.32,False,AR
16-13275-000,8/13/1991,0.0,OBIT(OBITUARY),0.32,False,AR
16-13275-000,11/25/1987,0.0,CONT(CONTRACT),0.32,False,AR
16-13275-000,5/27/1983,0.0,CONT(CONTRACT),0.32,False,AR
16-13275-000,12/29/1982,5000.0,WD(WARRANTY DEED),0.32,False,AR
16-13276-000,12/6/2024,479000.0,WD(WARRANTY DEED),0.28,True,AR
16-13276-000,4/15/2022,190000.0,WD(WARRANTY DEED),0.28,True,AR
16-13276-000,5/19/2021,3000.0,WD(WARRANTY DEED),0.28,True,AR
16-13276-000,5/7/2021,0.0,QCD(QUITCLAIM DEED),0.28,True,AR
16-13276-000,1/12/2010,0.0,RD(REDEMPTION DEED),0.28,True,AR
16-13276-000,12/18/2006,0.0,CORRWD(CORRECTED WARRANTY DEED),0.28,True,AR
16-13276-000,12/13/2006,6000.0,WD(WARRANTY DEED),0.28,True,AR
16-13276-000,12/13/2006,0.0,LTR(LETTER),0.28,True,AR
16-13276-000,4/20/2006,0.0,RD(REDEMPTION DEED),0.28,True,AR
16-13276-000,12/20/2000,0.0,WD(WARRANTY DEED),0.28,True,AR
16-13276-000,8/24/1995,1000.0,WD(WARRANTY DEED),0.28,True,AR
16-13276-000,8/16/1995,0.0,POA(POWER OF ATTORNEY),0.28,True,AR
16-13276-000,9/29/1992,1000.0,WD(WARRANTY DEED),0.28,True,AR
16-13276-000,1/10/1984,5000.0,WD(WARRANTY DEED),0.28,True,AR
16-13277-000,10/4/2023,0.0,BD(BENEFICIARY DEED),0.33,True,AR
16-13277-000,6/7/2022,0.0,BD(BENEFICIARY DEED),0.33,True,AR
16-13277-000,10/16/2021,0.0,OBIT(OBITUARY),0.33,True,AR
16-13277-000,4/30/1999,98000.0,WD(WARRANTY DEED),0.33,True,AR
16-13277-000,6/3/1996,82000.0,WD(WARRANTY DEED),0.33,True,AR
16-13277-000,3/15/1995,3000.0,WD(WARRANTY DEED),0.33,True,AR
16-13277-000,10/12/1982,3000.0,WD(WARRANTY DEED),0.33,True,AR
16-13278-000,9/10/2020,1000.0,QCD(QUITCLAIM DEED),0.29,False,AR
16-13278-000,5/21/2010,1000.0,COMMD(COMMISSIONERS DEED),0.29,False,AR
16-13278-000,1/27/2010,0.0,QCD(QUITCLAIM DEED),0.29,False,AR
16-13278-000,8/17/2009,0.0,RD(REDEMPTION DEED),0.29,False,AR
16-13278-000,6/9/2006,0.0,RD(REDEMPTION DEED),0.29,False,AR
16-13278-000,1/18/2002,0.0,WD(WARRANTY DEED),0.29,False,AR
16-13278-000,7/28/2000,1000.0,QCD(QUITCLAIM DEED),0.29,False,AR
16-13278-000,12/9/1999,0.0,QCD(QUITCLAIM DEED),0.29,False,AR
16-13278-000,9/6/1990,0.0,CONT(CONTRACT),0.29,False,AR
16-13278-000,7/10/1985,0.0,CONT(CONTRACT),0.29,False,AR
16-13278-000,12/30/1982,4000.0,WD(WARRANTY DEED),0.29,False,AR
16-13279-000,4/2/2001,1000.0,WD(WARRANTY DEED),0.29,False,AR
16-13279-000,11/23/1993,1000.0,WD(WARRANTY DEED),0.29,False,AR
16-13279-000,11/22/1993,1000.0,WD(WARRANTY DEED),0.29,False,AR
16-13279-000,6/1/1983,6000.0,WD(WARRANTY DEED),0.29,False,AR
16-13280-000,10/17/2023,8200.0,WD(WARRANTY DEED),0.29,False,AR
16-13280-000,3/28/2015,0.0,DC(DEATH CERTIFICATE),0.29,False,AR
16-13280-000,3/19/2007,4000.0,CWD(CORPORATION WARRANTY DEED),0.29,False,AR
16-13280-000,2/23/2005,0.0,WD(WARRANTY DEED),0.29,False,AR
16-13280-000,10/21/1999,0.0,RD(REDEMPTION DEED),0.29,False,AR
16-13280-000,9/8/1995,1000.0,CWD(CORPORATION WARRANTY DEED),0.29,False,AR
16-13280-000,9/8/1995,2000.0,WD(WARRANTY DEED),0.29,False,AR
16-13280-000,12/9/1994,1000.0,CWD(CORPORATION WARRANTY DEED),0.29,False,AR
16-13280-000,12/5/1994,1000.0,WD(WARRANTY DEED),0.29,False,AR
16-13280-000,5/24/1991,0.0,QCD(QUITCLAIM DEED),0.29,False,AR
16-13280-000,11/27/1990,0.0,QCD(QUITCLAIM DEED),0.29,False,AR
16-13280-000,11/8/1985,0.0,CONT(CONTRACT),0.29,False,AR
16-13280-000,7/28/1984,0.0,CONT(CONTRACT),0.29,False,AR
16-13281-000,6/14/2021,8000.0,WD(WARRANTY DEED),0.33,False,MO
16-13281-000,10/20/2020,1000.0,QCD(QUITCLAIM DEED),0.33,False,MO
16-13281-000,8/14/2020,0.0,LWD(LIMITED WARRANTY DEED),0.33,False,MO
16-13281-000,8/28/2009,1451000.0,QCD(QUITCLAIM DEED),0.33,False,MO
16-13281-000,8/21/2009,402000.0,DEED(GRANT DEED),0.33,False,MO
16-13281-000,9/15/2008,0.0,DEED(GRANT DEED),0.33,False,MO
16-13281-000,9/2/2005,4000.0,WD(WARRANTY DEED),0.33,False,MO
16-13281-000,7/9/1990,2000.0,WD(WARRANTY DEED),0.33,False,MO
16-13281-000,5/24/1986,0.0,WD(WARRANTY DEED),0.33,False,MO
16-13281-000,4/17/1986,0.0,DC(DEATH CERTIFICATE),0.33,False,MO
16-13281-000,11/16/1982,2000.0,WD(WARRANTY DEED),0.33,False,MO
16-13282-000,2/1/2021,4250.0,WD(WARRANTY DEED),0.43,False,MO
16-13282-000,4/7/2020,0.0,QCD(QUITCLAIM DEED),0.43,False,MO
16-13282-000,4/18/2003,0.0,WD(WARRANTY DEED),0.43,False,MO
16-13282-000,8/19/2002,0.0,WD(WARRANTY DEED),0.43,False,MO
16-13282-000,6/14/1995,2000.0,WD(WARRANTY DEED),0.43,False,MO
16-13282-000,7/10/1985,0.0,CONT(CONTRACT),0.43,False,MO
16-13282-000,1/22/1985,0.0,CONT(CONTRACT),0.43,False,MO
16-13282-000,11/11/1984,0.0,CONT(CONTRACT),0.43,False,MO
16-13282-000,8/20/1984,0.0,CONT(CONTRACT),0.43,False,MO
16-13282-000,6/24/1984,0.0,CONT(CONTRACT),0.43,False,MO
16-13283-000,10/14/2020,0.0,QCD(QUITCLAIM DEED),0.33,False,AR
16-13283-000,7/15/2019,1520.0,SWD(SPECIAL WARRANTY DEED),0.33,False,AR
16-13283-000,9/12/2013,0.0,QCD(QUITCLAIM DEED),0.33,False,AR
16-13283-000,2/10/2012,0.0,LWD(LIMITED WARRANTY DEED),0.33,False,AR
16-13283-000,12/18/2006,0.0,LTR(LETTER),0.33,False,AR
16-13283-000,9/2/2003,0.0,WD(WARRANTY DEED),0.33,False,AR
16-13283-000,9/16/1982,4000.0,WD(WARRANTY DEED),0.33,False,AR
16-13284-000,7/9/2024,419000.0,WD(WARRANTY DEED),0.31,True,AR
16-13284-000,3/30/2022,14000.0,WD(WARRANTY DEED),0.31,True,AR
16-13284-000,1/4/2021,0.0,LWD(LIMITED WARRANTY DEED),0.31,True,AR
16-13284-000,8/28/2009,1451000.0,QCD(QUITCLAIM DEED),0.31,True,AR
16-13284-000,8/21/2009,402000.0,DEED(GRANT DEED),0.31,True,AR
16-13284-000,9/15/2008,0.0,DEED(GRANT DEED),0.31,True,AR
16-13284-000,2/22/2005,1000.0,WD(WARRANTY DEED),0.31,True,AR
16-13284-000,9/17/1990,5500.0,WD(WARRANTY DEED),0.31,True,AR
16-13284-000,5/7/1979,0.0,HIST(HISTORICAL),0.31,True,AR
16-13285-000,2/2/2024,0.0,WD(WARRANTY DEED),0.31,True,
16-13285-000,8/24/2010,0.0,WD(WARRANTY DEED),0.31,True,
16-13285-000,12/13/2002,3000.0,WD(WARRANTY DEED),0.31,True,
16-13285-000,3/3/1976,6000.0,WD(WARRANTY DEED),0.31,True,
16-13286-000,7/10/2020,211000.0,WD(WARRANTY DEED),0.32,True,AR
16-13286-000,9/10/2013,139000.0,SWD(SPECIAL WARRANTY DEED),0.32,True,AR
16-13286-000,5/8/2013,0.0,MTG-D(MORTGAGEE'S DEED),0.32,True,AR
16-13286-000,4/29/2010,159000.0,WD(WARRANTY DEED),0.32,True,AR
16-13286-000,9/30/2009,0.0,WD(WARRANTY DEED),0.32,True,AR
16-13286-000,9/17/2009,4000.0,CWD(CORPORATION WARRANTY DEED),0.32,True,AR
16-13286-000,11/30/2005,6000.0,WD(WARRANTY DEED),0.32,True,AR
16-13286-000,7/19/2000,0.0,DC(DEATH CERTIFICATE),0.32,True,AR
16-13286-000,4/5/1991,8000.0,WD(WARRANTY DEED),0.32,True,AR
16-13286-000,8/28/1990,2000.0,WD(WARRANTY DEED),0.32,True,AR
16-13286-000,4/3/1990,1000.0,WD(WARRANTY DEED),0.32,True,AR
16-13286-000,7/23/1982,5000.0,WD(WARRANTY DEED),0.32,True,AR
16-13287-000,12/1/1989,4000.0,WD(WARRANTY DEED),0.36,False,AL
16-13287-000,10/12/1989,0.0,QCD(QUITCLAIM DEED),0.36,False,AL
16-13287-000,10/7/1977,0.0,QCD(QUITCLAIM DEED),0.36,False,AL
16-13288-000,9/21/2022,0.0,SWD(SPECIAL WARRANTY DEED),0.34,False,AR
16-13288-000,9/21/2022,0.0,CERT(CERTIFICATE),0.34,False,AR
16-13288-000,7/9/1996,1000.0,CWD(CORPORATION WARRANTY DEED),0.34,False,AR
16-13288-000,7/9/1996,1000.0,WD(WARRANTY DEED),0.34,False,AR
16-13288-000,9/1/1995,0.0,WD(WARRANTY DEED),0.34,False,AR
16-13288-000,6/28/1982,4000.0,WD(WARRANTY DEED),0.34,False,AR
16-13289-000,5/10/2023,9700.0,WD(WARRANTY DEED),0.27,False,AR
16-13289-000,2/6/2023,1500.0,WD(WARRANTY DEED),0.27,False,AR
16-13289-000,10/22/2014,0.0,AFF(AFFIDAVIT),0.27,False,AR
16-13289-000,2/28/2013,0.0,DC(DEATH CERTIFICATE),0.27,False,AR
16-13289-000,10/17/1996,0.0,QCD(QUITCLAIM DEED),0.27,False,AR
16-13289-000,10/31/1990,0.0,WD(WARRANTY DEED),0.27,False,AR
16-13289-000,4/5/1990,0.0,DC(DEATH CERTIFICATE),0.27,False,AR
16-13289-000,11/4/1986,2000.0,WD(WARRANTY DEED),0.27,False,AR
16-13289-000,1/30/1981,0.0,WD(WARRANTY DEED),0.27,False,AR
16-13290-000,8/19/2015,1500.0,SWD(SPECIAL WARRANTY DEED),0.31,False,AR
16-13290-000,8/28/2014,0.0,COMMD(COMMISSIONERS DEED),0.31,False,AR
16-13290-000,11/20/2013,0.0,RD(REDEMPTION DEED),0.31,False,AR
16-13290-000,1/5/2006,7000.0,WD(WARRANTY DEED),0.31,False,AR
16-13290-000,11/25/2002,0.0,RD(REDEMPTION DEED),0.31,False,AR
16-13290-000,3/30/1984,5000.0,WD(WARRANTY DEED),0.31,False,AR
16-13291-000,3/28/2024,18000.0,WD(WARRANTY DEED),0.34,False,OH
16-13291-000,3/2/2007,0.0,QCD(QUITCLAIM DEED),0.34,False,OH
16-13291-000,3/25/2005,3000.0,WD(WARRANTY DEED),0.34,False,OH
16-13291-000,12/21/2004,0.0,QCD(QUITCLAIM DEED),0.34,False,OH
16-13291-000,2/17/1989,0.0,COMMD(COMMISSIONERS DEED),0.34,False,OH
16-13291-000,11/15/1982,0.0,WD(WARRANTY DEED),0.34,False,OH
16-13292-000,7/13/2023,35000.0,WD(WARRANTY DEED),0.31,False,OH
16-13292-000,5/26/2021,4000.0,WD(WARRANTY DEED),0.31,False,OH
16-13292-000,5/10/2018,650.0,QCD(QUITCLAIM DEED),0.31,False,OH
16-13292-000,3/13/2018,0.0,LWD(LIMITED WARRANTY DEED),0.31,False,OH
16-13292-000,11/11/2009,0.0,QCD(QUITCLAIM DEED),0.31,False,OH
16-13292-000,9/22/1999,0.0,QCD(QUITCLAIM DEED),0.31,False,OH
16-13292-000,6/1/1993,1000.0,WD(WARRANTY DEED),0.31,False,OH
16-13292-000,3/5/1992,5000.0,WD(WARRANTY DEED),0.31,False,OH
16-13292-000,11/5/1981,5000.0,WD(WARRANTY DEED),0.31,False,OH
16-13293-000,10/18/2022,348000.0,WD(WARRANTY DEED),0.3,True,OH
16-13293-000,10/29/2021,5000.0,WD(WARRANTY DEED),0.3,True,OH
16-13293-000,1/11/2019,1000.0,SWD(SPECIAL WARRANTY DEED),0.3,True,OH
16-13293-000,1/2/2015,0.0,RD(REDEMPTION DEED),0.3,True,OH
16-13293-000,6/18/2014,0.0,COMMD(COMMISSIONERS DEED),0.3,True,OH
16-13293-000,11/24/2008,0.0,WD(WARRANTY DEED),0.3,True,OH
16-13293-000,6/9/2006,0.0,RD(REDEMPTION DEED),0.3,True,OH
16-13293-000,5/2/2006,7000.0,WD(WARRANTY DEED),0.3,True,OH
16-13293-000,3/29/2006,0.0,QCD(QUITCLAIM DEED),0.3,True,OH
16-13293-000,4/27/1998,1000.0,WD(WARRANTY DEED),0.3,True,OH
16-13293-000,9/30/1986,2000.0,WD(WARRANTY DEED),0.3,True,OH
16-13293-000,8/5/1986,0.0,WD(WARRANTY DEED),0.3,True,OH
16-13293-000,2/20/1984,0.0,QCD(QUITCLAIM DEED),0.3,True,OH
16-13293-000,8/8/1956,0.0,WD(WARRANTY DEED),0.3,True,OH
16-13294-000,10/27/2023,0.0,QCD(QUITCLAIM DEED),0.3,False,OH
16-13294-000,9/30/2022,11000.0,COMMD(COMMISSIONERS DEED),0.3,False,OH
16-13294-000,8/13/2021,0.0,RD(REDEMPTION DEED),0.3,False,OH
16-13294-000,3/30/2020,1000.0,QCD(QUITCLAIM DEED),0.3,False,OH
16-13294-000,3/25/2019,0.0,LWD(LIMITED WARRANTY DEED),0.3,False,OH
16-13294-000,10/5/2011,0.0,QCD(QUITCLAIM DEED),0.3,False,OH
16-13294-000,10/5/2011,1693333.0,CORRQC(CORRECTED QUIT CLAIM DEED),0.3,False,OH
16-13294-000,11/24/2008,0.0,WD(WARRANTY DEED),0.3,False,OH
16-13294-000,4/14/2005,1000.0,WD(WARRANTY DEED),0.3,False,OH
16-13294-000,7/1/1992,0.0,DC(DEATH CERTIFICATE),0.3,False,OH
16-13294-000,12/15/1982,5000.0,WD(WARRANTY DEED),0.3,False,OH
16-13295-000,9/28/2023,592000.0,WD(WARRANTY DEED),0.33,False,AR
16-13295-000,6/10/2021,4000.0,WD(WARRANTY DEED),0.33,False,AR
16-13295-000,8/2/2001,0.0,QCD(QUITCLAIM DEED),0.33,False,AR
16-13295-000,4/2/1994,0.0,DC(DEATH CERTIFICATE),0.33,False,AR
16-13295-000,7/22/1985,0.0,WD(WARRANTY DEED),0.33,False,AR
16-13295-000,10/2/1983,5000.0,WD(WARRANTY DEED),0.33,False,AR
16-13296-000,9/28/2023,592000.0,WD(WARRANTY DEED),0.32,True,AR
16-13296-000,6/10/2021,4000.0,WD(WARRANTY DEED),0.32,True,AR
16-13296-000,5/21/2003,0.0,QCD(QUITCLAIM DEED),0.32,True,AR
16-13296-000,5/21/2003,0.0,QCD(QUITCLAIM DEED),0.32,True,AR
16-13296-000,5/19/1989,0.0,WD(WARRANTY DEED),0.32,True,AR
16-13296-000,8/16/1984,6000.0,WD(WARRANTY DEED),0.32,True,AR
16-13297-000,9/30/2022,12000.0,COMMD(COMMISSIONERS DEED),0.33,False,TN
16-13297-000,3/1/2022,0.0,RD(REDEMPTION DEED),0.33,False,TN
16-13297-000,5/27/1983,7000.0,WD(WARRANTY DEED),0.33,False,TN
16-13297-000,8/27/1982,5000.0,WD(WARRANTY DEED),0.33,False,TN
16-13298-000,1/8/2024,320000.0,WD(WARRANTY DEED),0.4,True,AR
16-13298-000,10/21/2022,18000.0,WD(WARRANTY DEED),0.4,True,AR
16-13298-000,7/6/2022,14500.0,WD(WARRANTY DEED),0.4,True,AR
16-13298-000,5/1/2015,0.0,QCD(QUITCLAIM DEED),0.4,True,AR
16-13298-000,1/20/2005,5000.0,WD(WARRANTY DEED),0.4,True,AR
16-13298-000,9/29/2004,2000.0,WD(WARRANTY DEED),0.4,True,AR
16-13298-000,5/16/1990,0.0,WD(WARRANTY DEED),0.4,True,AR
16-13298-000,8/28/1981,5000.0,WD(WARRANTY DEED),0.4,True,AR
16-13299-000,8/28/2023,288000.0,WD(WARRANTY DEED),0.43,True,AR
16-13299-000,6/19/2020,176000.0,WD(WARRANTY DEED),0.43,True,AR
16-13299-000,7/23/2013,0.0,WD(WARRANTY DEED),0.43,True,AR
16-13299-000,9/28/2005,135000.0,WD(WARRANTY DEED),0.43,True,AR
16-13299-000,2/23/2000,97000.0,WD(WARRANTY DEED),0.43,True,AR
16-13299-000,3/1/1996,90000.0,WD(WARRANTY DEED),0.43,True,AR
16-13299-000,9/14/1995,4000.0,WD(WARRANTY DEED),0.43,True,AR
16-13299-000,6/30/1989,0.0,WD(WARRANTY DEED),0.43,True,AR
16-13299-000,6/13/1989,0.0,TRAG(TRUST AGREEMENT),0.43,True,AR
16-13299-000,8/11/1983,9000.0,WD(WARRANTY DEED),0.43,True,AR
16-13300-000,12/17/2021,0.0,QCD(QUITCLAIM DEED),0.37,True,AR
16-13300-000,5/13/2009,117000.0,WD(WARRANTY DEED),0.37,True,AR
16-13300-000,3/31/2009,0.0,MTG-D(MORTGAGEE'S DEED),0.37,True,AR
16-13300-000,6/6/2006,136000.0,WD(WARRANTY DEED),0.37,True,AR
16-13300-000,1/3/2003,2000.0,WD(WARRANTY DEED),0.37,True,AR
16-13300-000,1/2/2003,0.0,WD(WARRANTY DEED),0.37,True,AR
16-13300-000,3/29/1989,2000.0,WD(WARRANTY DEED),0.37,True,AR
16-13300-000,12/1/1980,2000.0,WD(WARRANTY DEED),0.37,True,AR
16-13301-000,4/27/2020,5000.0,WD(WARRANTY DEED),0.33,False,AR
16-13301-000,11/27/2002,4000.0,WD(WARRANTY DEED),0.33,False,AR
16-13301-000,7/11/1999,0.0,DC(DEATH CERTIFICATE),0.33,False,AR
16-13301-000,10/14/1988,6000.0,WD(WARRANTY DEED),0.33,False,AR
16-13302-000,6/15/1992,1000.0,WD(WARRANTY DEED),0.32,False,AR
16-13302-000,11/13/1990,4600.0,WD(WARRANTY DEED),0.32,False,AR
16-13302-000,7/25/1979,4000.0,WD(WARRANTY DEED),0.32,False,AR
16-13303-000,6/2/2017,165000.0,WD(WARRANTY DEED),0.32,True,AR
16-13303-000,12/5/2011,159000.0,WD(WARRANTY DEED),0.32,True,AR
16-13303-000,2/29/2008,148000.0,WD(WARRANTY DEED),0.32,True,AR
16-13303-000,10/2/2007,6000.0,WD(WARRANTY DEED),0.32,True,AR
16-13303-000,6/5/2006,6000.0,WD(WARRANTY DEED),0.32,True,AR
16-13303-000,10/20/1987,0.0,DC(DEATH CERTIFICATE),0.32,True,AR
16-13303-000,6/1/1984,2000.0,WD(WARRANTY DEED),0.32,True,AR
16-13304-000,6/30/2017,175000.0,WD(WARRANTY DEED),0.32,True,AR
16-13304-000,2/26/2008,137000.0,WD(WARRANTY DEED),0.32,True,AR
16-13304-000,9/10/2007,5000.0,WD(WARRANTY DEED),0.32,True,AR
16-13304-000,10/8/2001,0.0,DC(DEATH CERTIFICATE),0.32,True,AR
16-13304-000,7/10/1995,2000.0,WD(WARRANTY DEED),0.32,True,AR
16-13304-000,8/5/1980,5000.0,WD(WARRANTY DEED),0.32,True,AR
16-13305-000,4/25/2005,116000.0,WD(WARRANTY DEED),0.31,True,AR
16-13305-000,4/8/2002,0.0,DC(DEATH CERTIFICATE),0.31,True,AR
16-13305-000,5/26/1995,86000.0,WD(WARRANTY DEED),0.31,True,AR
16-13305-000,10/13/1994,3000.0,WD(WARRANTY DEED),0.31,True,AR
16-13305-000,9/18/1975,6000.0,WD(WARRANTY DEED),0.31,True,AR
16-13306-000,9/10/2015,123000.0,WD(WARRANTY DEED),0.28,True,AR
16-13306-000,3/8/2005,129000.0,WD(WARRANTY DEED),0.28,True,AR
16-13306-000,6/1/1998,82000.0,WD(WARRANTY DEED),0.28,True,AR
16-13306-000,4/6/1995,86000.0,WD(WARRANTY DEED),0.28,True,AR
16-13306-000,8/1/1994,3000.0,WD(WARRANTY DEED),0.28,True,AR
16-13306-000,7/15/1993,2000.0,WD(WARRANTY DEED),0.28,True,AR
16-13306-000,8/15/1990,0.0,DC(DEATH CERTIFICATE),0.28,True,AR
16-13306-000,5/30/1974,5000.0,WD(WARRANTY DEED),0.28,True,AR
16-13307-000,9/9/2016,115000.0,WD(WARRANTY DEED),0.29,True,AR
16-13307-000,9/5/2002,86000.0,WD(WARRANTY DEED),0.29,True,AR
16-13307-000,9/5/2002,0.0,WD(WARRANTY DEED),0.29,True,AR
16-13307-000,1/29/2002,0.0,WD(WARRANTY DEED),0.29,True,AR
16-13307-000,12/31/2001,0.0,MTG-D(MORTGAGEE'S DEED),0.29,True,AR
16-13307-000,11/29/1994,83000.0,WD(WARRANTY DEED),0.29,True,AR
16-13307-000,6/16/1994,2000.0,WD(WARRANTY DEED),0.29,True,AR
16-13307-000,8/10/1983,6000.0,WD(WARRANTY DEED),0.29,True,AR
16-13308-000,11/14/2007,0.0,OTHER(OTHER DOCUMENT),0.31,True,AR
16-13308-000,6/25/2004,124000.0,WD(WARRANTY DEED),0.31,True,AR
16-13308-000,4/29/1996,88000.0,WD(WARRANTY DEED),0.31,True,AR
16-13308-000,6/12/1995,3000.0,WD(WARRANTY DEED),0.31,True,AR
16-13308-000,10/31/1986,0.0,DC(DEATH CERTIFICATE),0.31,True,AR
16-13308-000,10/8/1983,6000.0,WD(WARRANTY DEED),0.31,True,AR
16-13308-000,10/8/1983,0.0,HIST(HISTORICAL),0.31,True,AR
16-13308-000,6/8/1983,5000.0,WD(WARRANTY DEED),0.31,True,AR
16-13309-000,11/14/2007,0.0,OTHER(OTHER DOCUMENT),0.36,True,AR
16-13309-000,10/19/2007,6000.0,WD(WARRANTY DEED),0.36,True,AR
16-13309-000,11/25/2002,0.0,RD(REDEMPTION DEED),0.36,True,AR
16-13309-000,10/8/1987,0.0,DC(DEATH CERTIFICATE),0.36,True,AR
16-13309-000,2/3/1984,5000.0,WD(WARRANTY DEED),0.36,True,AR
16-13309-000,5/25/1983,6000.0,WD(WARRANTY DEED),0.36,True,AR
16-13309-000,5/25/1983,0.0,CONT(CONTRACT),0.36,True,AR
16-13310-000,9/25/2017,0.0,QCD(QUITCLAIM DEED),0.36,True,AR
16-13310-000,5/26/2012,85000.0,WD(WARRANTY DEED),0.36,True,AR
16-13310-000,7/21/1997,78000.0,WD(WARRANTY DEED),0.36,True,AR
16-13310-000,1/8/1997,73000.0,WD(WARRANTY DEED),0.36,True,AR
16-13310-000,7/29/1994,2000.0,WD(WARRANTY DEED),0.36,True,AR
16-13310-000,12/11/1992,0.0,DC(DEATH CERTIFICATE),0.36,True,AR
16-13310-000,8/5/1980,6000.0,WD(WARRANTY DEED),0.36,True,AR
16-13311-000,7/1/2021,0.0,BD(BENEFICIARY DEED),0.32,True,AR
16-13311-000,6/22/2014,0.0,OTHER(OTHER DOCUMENT),0.32,True,AR
16-13311-000,3/14/1994,2000.0,WD(WARRANTY DEED),0.32,True,AR
16-13311-000,7/15/1983,6000.0,WD(WARRANTY DEED),0.32,True,AR
16-13312-000,12/3/2024,0.0,QCD(QUITCLAIM DEED),0.38,True,AR
16-13312-000,4/25/2018,175000.0,WD(WARRANTY DEED),0.38,True,AR
16-13312-000,5/22/2012,0.0,WD(WARRANTY DEED),0.38,True,AR
16-13312-000,9/19/2008,155000.0,WD(WARRANTY DEED),0.38,True,AR
16-13312-000,9/17/2008,0.0,MEMO(MEMORANDUM),0.38,True,AR
16-13312-000,4/12/2007,10000.0,CORRWD(CORRECTED WARRANTY DEED),0.38,True,AR
16-13312-000,4/2/2007,0.0,WD(WARRANTY DEED),0.38,True,AR
16-13312-000,10/8/2004,4000.0,WD(WARRANTY DEED),0.38,True,AR
16-13312-000,10/8/1982,6000.0,WD(WARRANTY DEED),0.38,True,AR
16-13313-000,7/11/2023,0.0,DC(DEATH CERTIFICATE),0.36,True,AR
16-13313-000,4/20/2023,470000.0,WD(WARRANTY DEED),0.36,True,AR
16-13313-000,1/7/2022,0.0,DC(DEATH CERTIFICATE),0.36,True,AR
16-13313-000,6/12/2018,280000.0,TRWD(TRUSTEES WARRANTY DEED),0.36,True,AR
16-13313-000,5/16/2018,0.0,CERT(CERTIFICATE),0.36,True,AR
16-13313-000,11/4/2013,0.0,DC(DEATH CERTIFICATE),0.36,True,AR
16-13313-000,9/4/2013,0.0,CERT(CERTIFICATE),0.36,True,AR
16-13313-000,8/16/2006,258000.0,WD(WARRANTY DEED),0.36,True,AR
16-13313-000,12/2/2005,237000.0,WD(WARRANTY DEED),0.36,True,AR
16-13313-000,12/8/2003,211000.0,WD(WARRANTY DEED),0.36,True,AR
16-13313-000,7/24/2002,0.0,QCD(QUITCLAIM DEED),0.36,True,AR
16-13313-000,12/21/2001,1000.0,WD(WARRANTY DEED),0.36,True,AR
16-13313-000,11/22/1999,1000.0,WD(WARRANTY DEED),0.36,True,AR
16-13313-000,3/2/1989,9000.0,WD(WARRANTY DEED),0.36,True,AR
16-13313-000,3/20/1987,0.0,WD(WARRANTY DEED),0.36,True,AR
16-13313-000,11/17/1986,0.0,QCD(QUITCLAIM DEED),0.36,True,AR
16-13313-000,3/5/1984,0.0,QCD(QUITCLAIM DEED),0.36,True,AR
16-13314-000,6/17/2010,0.0,RD(REDEMPTION DEED),0.29,False,KS
16-13314-000,2/5/2002,0.0,AFF(AFFIDAVIT),0.29,False,KS
16-13314-000,2/2/2002,0.0,QCD(QUITCLAIM DEED),0.29,False,KS
16-13314-000,2/2/2002,0.0,QCD(QUITCLAIM DEED),0.29,False,KS
16-13314-000,12/9/2000,0.0,DC(DEATH CERTIFICATE),0.29,False,KS
16-13314-000,7/22/2000,0.0,DC(DEATH CERTIFICATE),0.29,False,KS
16-13314-000,12/19/1995,7000.0,WD(WARRANTY DEED),0.29,False,KS
16-13314-000,11/9/1983,5000.0,WD(WARRANTY DEED),0.29,False,KS
16-13314-000,7/1/1982,0.0,CONT(CONTRACT),0.29,False,KS
16-13315-000,3/25/2021,0.0,OTHER(OTHER DOCUMENT),0.33,False,AR
16-13315-000,1/19/2016,0.0,RD(REDEMPTION DEED),0.33,False,AR
16-13315-000,10/20/2015,0.0,QCD(QUITCLAIM DEED),0.33,False,AR
16-13315-000,6/2/2004,1000.0,WD(WARRANTY DEED),0.33,False,AR
16-13315-000,2/4/1999,1000.0,TRD(TRUSTEES DEED),0.33,False,AR
16-13315-000,6/24/1991,0.0,AMEND(AMENDMENT),0.33,False,AR
16-13315-000,4/28/1991,0.0,DC(DEATH CERTIFICATE),0.33,False,AR
16-13315-000,1/26/1990,0.0,WD(WARRANTY DEED),0.33,False,AR
16-13315-000,10/8/1981,2000.0,WD(WARRANTY DEED),0.33,False,AR
16-13316-000,4/2/2018,288000.0,WD(WARRANTY DEED),0.31,True,AR
16-13316-000,3/16/2015,244000.0,WD(WARRANTY DEED),0.31,True,AR
16-13316-000,7/12/2013,225000.0,WD(WARRANTY DEED),0.31,True,AR
16-13316-000,2/23/2010,195000.0,WD(WARRANTY DEED),0.31,True,AR
16-13316-000,6/1/2004,230000.0,WD(WARRANTY DEED),0.31,True,AR
16-13316-000,12/4/2003,0.0,WD(WARRANTY DEED),0.31,True,AR
16-13316-000,3/4/2002,4000.0,WD(WARRANTY DEED),0.31,True,AR
16-13316-000,6/18/1996,5000.0,WD(WARRANTY DEED),0.31,True,AR
16-13316-000,9/9/1981,5000.0,WD(WARRANTY DEED),0.31,True,AR
16-13316-000,7/13/1981,0.0,CONT(CONTRACT),0.31,True,AR
16-13317-000,5/7/2023,420000.0,WD(WARRANTY DEED),0.31,True,AR
16-13317-000,2/26/2020,0.0,QCD(QUITCLAIM DEED),0.31,True,AR
16-13317-000,5/27/2016,256000.0,WD(WARRANTY DEED),0.31,True,AR
16-13317-000,5/24/2013,222000.0,WD(WARRANTY DEED),0.31,True,AR
16-13317-000,9/17/2009,214000.0,WD(WARRANTY DEED),0.31,True,AR
16-13317-000,3/24/2003,219000.0,CWD(CORPORATION WARRANTY DEED),0.31,True,AR
16-13317-000,7/24/2002,0.0,QCD(QUITCLAIM DEED),0.31,True,AR
16-13317-000,12/21/2001,1000.0,WD(WARRANTY DEED),0.31,True,AR
16-13317-000,11/12/1981,2000.0,WD(WARRANTY DEED),0.31,True,AR
16-13318-000,7/29/2022,335000.0,WD(WARRANTY DEED),0.43,True,AR
16-13318-000,5/7/2021,7000.0,WD(WARRANTY DEED),0.43,True,AR
16-13318-000,4/17/1985,0.0,HIST(HISTORICAL),0.43,True,AR
16-13319-000,5/27/2004,4000.0,WD(WARRANTY DEED),0.36,False,AR
16-13319-000,6/24/1997,7000.0,WD(WARRANTY DEED),0.36,False,AR
16-13319-000,10/2/1989,0.0,CONT(CONTRACT),0.36,False,AR
16-13319-000,5/18/1988,3000.0,WD(WARRANTY DEED),0.36,False,AR
16-13319-000,9/26/1979,6000.0,WD(WARRANTY DEED),0.36,False,AR
16-13320-000,8/16/2022,0.0,WD(WARRANTY DEED),0.4,False,AR
16-13320-000,8/16/2022,0.0,CERT(CERTIFICATE),0.4,False,AR
16-13320-000,8/27/2013,1000.0,WD(WARRANTY DEED),0.4,False,AR
16-13320-000,12/4/2011,0.0,DC(DEATH CERTIFICATE),0.4,False,AR
16-13320-000,4/25/1986,0.0,WD(WARRANTY DEED),0.4,False,AR
16-13320-000,11/22/1985,0.0,WD(WARRANTY DEED),0.4,False,AR
16-13320-000,10/15/1985,0.0,WD(WARRANTY DEED),0.4,False,AR
16-13320-000,8/12/1982,0.0,WD(WARRANTY DEED),0.4,False,AR
16-13321-000,8/16/2022,0.0,CERT(CERTIFICATE),0.31,True,AR
16-13321-000,10/31/2008,0.0,CERT(CERTIFICATE),0.31,True,AR
16-13321-000,10/29/2008,0.0,WD(WARRANTY DEED),0.31,True,AR
16-13321-000,2/5/2004,109000.0,WD(WARRANTY DEED),0.31,True,AR
16-13321-000,9/28/1998,0.0,QCD(QUITCLAIM DEED),0.31,True,AR
16-13321-000,3/25/1996,85000.0,CWD(CORPORATION WARRANTY DEED),0.31,True,AR
16-13321-000,6/2/1995,4000.0,WD(WARRANTY DEED),0.31,True,AR
16-13321-000,6/15/1987,0.0,DC(DEATH CERTIFICATE),0.31,True,AR
16-13322-000,7/15/2021,135000.0,AFF(AFFIDAVIT),0.29,True,AR
16-13322-000,5/29/2020,135000.0,WD(WARRANTY DEED),0.29,True,AR
16-13322-000,7/12/2012,88000.0,SWD(SPECIAL WARRANTY DEED),0.29,True,AR
16-13322-000,9/8/2011,0.0,WD(WARRANTY DEED),0.29,True,AR
16-13322-000,8/4/2005,130000.0,WD(WARRANTY DEED),0.29,True,AR
16-13322-000,5/18/2004,5000.0,WD(WARRANTY DEED),0.29,True,AR
16-13322-000,5/18/1989,2000.0,WD(WARRANTY DEED),0.29,True,AR
16-13322-000,11/25/1987,0.0,QCD(QUITCLAIM DEED),0.29,True,AR
16-13322-000,3/14/1986,2000.0,QCD(QUITCLAIM DEED),0.29,True,AR
16-13322-000,12/1/1981,2000.0,WD(WARRANTY DEED),0.29,True,AR
16-13323-000,3/7/2023,0.0,QCD(QUITCLAIM DEED),0.36,True,AR
16-13323-000,7/7/2010,104000.0,WD(WARRANTY DEED),0.36,True,AR
16-13323-000,6/30/2005,125000.0,WD(WARRANTY DEED),0.36,True,AR
16-13323-000,11/12/2004,0.0,QCD(QUITCLAIM DEED),0.36,True,AR
16-13323-000,5/3/2004,5000.0,WD(WARRANTY DEED),0.36,True,AR
16-13323-000,10/28/1985,2000.0,WD(WARRANTY DEED),0.36,True,AR
16-13323-000,9/29/1981,7000.0,WD(WARRANTY DEED),0.36,True,AR
16-13324-000,6/28/2021,0.0,WD(WARRANTY DEED),0.34,True,AR
16-13324-000,10/31/2019,233000.0,WD(WARRANTY DEED),0.34,True,AR
16-13324-000,2/4/2019,210000.0,WD(WARRANTY DEED),0.34,True,AR
16-13324-000,2/4/2019,0.0,QCD(QUITCLAIM DEED),0.34,True,AR
16-13324-000,9/11/2017,2000.0,SWD(SPECIAL WARRANTY DEED),0.34,True,AR
16-13324-000,5/29/2015,0.0,COMMD(COMMISSIONERS DEED),0.34,True,AR
16-13324-000,7/24/2013,0.0,RD(REDEMPTION DEED),0.34,True,AR
16-13324-000,4/26/2001,2000.0,WD(WARRANTY DEED),0.34,True,AR
16-13324-000,2/20/2001,0.0,WD(WARRANTY DEED),0.34,True,AR
16-13324-000,12/23/1982,5000.0,WD(WARRANTY DEED),0.34,True,AR
16-13325-000,3/10/2020,0.0,QCD(QUITCLAIM DEED),0.36,True,AR
16-13325-000,3/9/2020,252000.0,WD(WARRANTY DEED),0.36,True,AR
16-13325-000,4/6/2007,250000.0,WD(WARRANTY DEED),0.36,True,AR
16-13325-000,11/28/2006,0.0,MTG-D(MORTGAGEE'S DEED),0.36,True,AR
16-13325-000,5/19/2004,4000.0,WD(WARRANTY DEED),0.36,True,AR
16-13325-000,11/14/1986,5500.0,WD(WARRANTY DEED),0.36,True,AR
16-13326-000,4/27/2024,15000.0,WD(WARRANTY DEED),0.33,False,AR
16-13326-000,6/3/2008,20000.0,WD(WARRANTY DEED),0.33,False,AR
16-13326-000,12/7/2005,6000.0,WD(WARRANTY DEED),0.33,False,AR
16-13326-000,8/22/2005,0.0,RD(REDEMPTION DEED),0.33,False,AR
16-13326-000,8/18/2003,1000.0,WD(WARRANTY DEED),0.33,False,AR
16-13326-000,6/9/2003,0.0,COMMD(COMMISSIONERS DEED),0.33,False,AR
16-13326-000,12/19/2000,0.0,HIST(HISTORICAL),0.33,False,AR
16-13326-000,10/29/1987,4500.0,WD(WARRANTY DEED),0.33,False,AR
16-13326-000,1/1/1800,0.0,HIST(HISTORICAL),0.33,False,AR
16-13327-000,6/18/2021,2000.0,WD(WARRANTY DEED),0.31,False,AR
16-13327-000,2/7/2005,0.0,QCD(QUITCLAIM DEED),0.31,False,AR
16-13327-000,3/27/1995,0.0,QCD(QUITCLAIM DEED),0.31,False,AR
16-13327-000,11/15/1983,6000.0,WD(WARRANTY DEED),0.31,False,AR
16-13328-000,1/18/2023,17800.0,WD(WARRANTY DEED),0.33,False,CA
16-13328-000,1/12/2021,0.0,QCD(QUITCLAIM DEED),0.33,False,CA
16-13328-000,12/22/2020,0.0,QCD(QUITCLAIM DEED),0.33,False,CA
16-13328-000,10/5/2011,0.0,QCD(QUITCLAIM DEED),0.33,False,CA
16-13328-000,10/5/2011,1693333.0,CORRQC(CORRECTED QUIT CLAIM DEED),0.33,False,CA
16-13328-000,11/24/2008,0.0,WD(WARRANTY DEED),0.33,False,CA
16-13328-000,2/2/2006,8000.0,WD(WARRANTY DEED),0.33,False,CA
16-13328-000,12/17/2003,1000.0,WD(WARRANTY DEED),0.33,False,CA
16-13328-000,6/16/2003,0.0,COMMD(COMMISSIONERS DEED),0.33,False,CA
16-13328-000,9/19/2000,0.0,COMMD(COMMISSIONERS DEED),0.33,False,CA
16-13328-000,9/19/2000,0.0,COMMD(COMMISSIONERS DEED),0.33,False,CA
16-13328-000,2/6/1995,0.0,RD(REDEMPTION DEED),0.33,False,CA
16-13328-000,1/5/1995,1000.0,COMMD(COMMISSIONERS DEED),0.33,False,CA
16-13328-000,1/10/1984,4000.0,WD(WARRANTY DEED),0.33,False,CA
16-13329-000,10/4/2019,3000.0,WD(WARRANTY DEED),0.33,False,AR
16-13329-000,1/25/2010,0.0,QCD(QUITCLAIM DEED),0.33,False,AR
16-13329-000,12/10/2004,7000.0,WD(WARRANTY DEED),0.33,False,AR
16-13329-000,12/10/2004,0.0,WD(WARRANTY DEED),0.33,False,AR
16-13329-000,9/3/1990,0.0,CONT(CONTRACT),0.33,False,AR
16-13329-000,7/14/1978,5000.0,WD(WARRANTY DEED),0.33,False,AR
16-13330-000,5/4/2021,2000.0,WD(WARRANTY DEED),0.35,False,AR
16-13330-000,4/18/2003,0.0,RD(REDEMPTION DEED),0.35,False,AR
16-13330-000,9/19/2000,0.0,COMMD(COMMISSIONERS DEED),0.35,False,AR
16-13330-000,9/19/2000,0.0,COMMD(COMMISSIONERS DEED),0.35,False,AR
16-13330-000,10/23/1986,0.0,CONT(CONTRACT),0.35,False,AR
16-13330-000,8/1/1982,0.0,CONT(CONTRACT),0.35,False,AR
16-13331-000,1/23/2025,0.0,QCD(QUITCLAIM DEED),0.33,False,AR
16-13331-000,1/15/2025,14000.0,WD(WARRANTY DEED),0.33,False,AR
16-13331-000,12/30/2013,0.0,DC(DEATH CERTIFICATE),0.33,False,AR
16-13331-000,9/3/1990,0.0,CONT(CONTRACT),0.33,False,AR
16-13331-000,5/14/1990,7000.0,WD(WARRANTY DEED),0.33,False,AR
16-13331-000,10/1/1982,4000.0,WD(WARRANTY DEED),0.33,False,AR
16-13332-000,3/5/2025,14750.0,WD(WARRANTY DEED),0.31,False,AR
16-13332-000,2/24/2025,7000.0,TRWD(TRUSTEES WARRANTY DEED),0.31,False,AR
16-13332-000,6/5/1996,0.0,RD(REDEMPTION DEED),0.31,False,AR
16-13332-000,8/9/1990,0.0,WD(WARRANTY DEED),0.31,False,AR
16-13332-000,6/12/1984,0.0,QCD(QUITCLAIM DEED),0.31,False,AR
16-13333-000,3/19/2012,9000.0,WD(WARRANTY DEED),0.4,False,CA
16-13333-000,6/2/2011,0.0,CWD(CORPORATION WARRANTY DEED),0.4,False,CA
16-13333-000,10/7/2005,6000.0,WD(WARRANTY DEED),0.4,False,CA
16-13333-000,5/27/2004,0.0,QCD(QUITCLAIM DEED),0.4,False,CA
16-13333-000,2/11/2004,6000.0,WD(WARRANTY DEED),0.4,False,CA
16-13333-000,4/10/1990,5000.0,WD(WARRANTY DEED),0.4,False,CA
16-13333-000,8/26/1989,0.0,CONT(CONTRACT),0.4,False,CA
16-13334-000,4/4/2003,0.0,QCD(QUITCLAIM DEED),0.33,False,MN
16-13334-000,11/17/1986,5000.0,WD(WARRANTY DEED),0.33,False,MN
16-13335-000,4/7/2017,206000.0,WD(WARRANTY DEED),0.37,True,AR
16-13335-000,10/15/2004,164000.0,WD(WARRANTY DEED),0.37,True,AR
16-13335-000,1/7/2003,4000.0,WD(WARRANTY DEED),0.37,True,AR
16-13335-000,1/7/2003,0.0,WD(WARRANTY DEED),0.37,True,AR
16-13335-000,9/27/2001,0.0,WD(WARRANTY DEED),0.37,True,AR
16-13335-000,3/21/1997,3000.0,WD(WARRANTY DEED),0.37,True,AR
16-13335-000,5/24/1993,0.0,DC(DEATH CERTIFICATE),0.37,True,AR
16-13336-000,4/7/2017,206000.0,WD(WARRANTY DEED),0.29,False,AR
16-13336-000,9/9/2009,4000.0,QCD(QUITCLAIM DEED),0.29,False,AR
16-13336-000,6/21/2005,8000.0,WD(WARRANTY DEED),0.29,False,AR
16-13336-000,8/13/1997,0.0,RD(REDEMPTION DEED),0.29,False,AR
16-13336-000,7/25/1997,1000.0,COMMD(COMMISSIONERS DEED),0.29,False,AR
16-13336-000,5/30/1997,0.0,COMMD(COMMISSIONERS DEED),0.29,False,AR
16-13336-000,12/20/1993,1000.0,WD(WARRANTY DEED),0.29,False,AR
16-13336-000,2/16/1987,0.0,DC(DEATH CERTIFICATE),0.29,False,AR
16-13336-000,11/18/1983,5000.0,WD(WARRANTY DEED),0.29,False,AR
16-13339-000,11/26/2012,0.0,WD(WARRANTY DEED),0.61,True,AR
16-13339-000,12/5/2008,0.0,WD(WARRANTY DEED),0.61,True,AR
16-13339-000,12/5/2008,0.0,CERT(CERTIFICATE),0.61,True,AR
16-13339-000,3/23/2004,7000.0,WD(WARRANTY DEED),0.61,True,AR
16-13339-000,6/8/1998,3000.0,WD(WARRANTY DEED),0.61,True,AR
16-13339-000,10/30/1981,6000.0,WD(WARRANTY DEED),0.61,True,AR
16-13339-001,11/26/2012,0.0,WD(WARRANTY DEED),0.36,True,AR
16-13339-001,12/5/2008,0.0,WD(WARRANTY DEED),0.36,True,AR
16-13339-001,12/5/2008,0.0,CERT(CERTIFICATE),0.36,True,AR
16-13339-001,7/29/2008,0.0,WD(WARRANTY DEED),0.36,True,AR
16-13339-001,4/10/2006,0.0,WD(WARRANTY DEED),0.36,True,AR
16-13340-000,9/29/2016,0.0,QCD(QUITCLAIM DEED),0.44,True,AR
16-13340-000,9/29/2016,0.0,QCD(QUITCLAIM DEED),0.44,True,AR
16-13340-000,4/13/2016,0.0,MEMO(MEMORANDUM),0.44,True,AR
16-13340-000,4/13/2016,0.0,QCD(QUITCLAIM DEED),0.44,True,AR
16-13340-000,11/5/2009,165000.0,WD(WARRANTY DEED),0.44,True,AR
16-13340-000,9/15/1999,0.0,DC(DEATH CERTIFICATE),0.44,True,AR
16-13340-000,6/10/1998,4000.0,WD(WARRANTY DEED),0.44,True,AR
16-13340-000,5/9/1995,3000.0,WD(WARRANTY DEED),0.44,True,AR
16-13340-000,8/26/1993,2500.0,WD(WARRANTY DEED),0.44,True,AR
16-13340-000,8/26/1993,3000.0,WD(WARRANTY DEED),0.44,True,AR
16-13340-000,11/17/1982,0.0,WD(WARRANTY DEED),0.44,True,AR
16-13341-000,12/15/2022,8000.0,WD(WARRANTY DEED),0.41,False,AR
16-13341-000,12/15/2022,0.0,CERT(CERTIFICATE),0.41,False,AR
16-13341-000,9/16/1982,6000.0,WD(WARRANTY DEED),0.41,False,AR
16-13342-000,1/19/2024,0.0,WD(WARRANTY DEED),0.35,True,AR
16-13342-000,6/20/2018,0.0,QCD(QUITCLAIM DEED),0.35,True,AR
16-13342-000,5/30/2018,0.0,TRAG(TRUST AGREEMENT),0.35,True,AR
16-13342-000,4/21/2018,0.0,QCD(QUITCLAIM DEED),0.35,True,AR
16-13342-000,1/31/2018,2000.0,WD(WARRANTY DEED),0.35,True,AR
16-13342-000,2/8/1989,7600.0,WD(WARRANTY DEED),0.35,True,AR
16-13342-000,7/29/1987,0.0,WD(WARRANTY DEED),0.35,True,AR
16-13342-000,1/29/1986,0.0,WD(WARRANTY DEED),0.35,True,AR
16-13342-000,11/26/1985,0.0,HIST(HISTORICAL),0.35,True,AR
16-13342-000,6/25/1985,0.0,COMMD(COMMISSIONERS DEED),0.35,True,AR
16-13342-000,2/29/1984,9000.0,WILL(WILL),0.35,True,AR
16-13343-000,1/19/2024,0.0,WD(WARRANTY DEED),0.31,False,AR
16-13343-000,6/20/2018,0.0,QCD(QUITCLAIM DEED),0.31,False,AR
16-13343-000,5/30/2018,0.0,TRAG(TRUST AGREEMENT),0.31,False,AR
16-13343-000,4/21/2018,0.0,QCD(QUITCLAIM DEED),0.31,False,AR
16-13343-000,8/4/2017,1500.0,SWD(SPECIAL WARRANTY DEED),0.31,False,AR
16-13343-000,8/4/2016,0.0,COMMD(COMMISSIONERS DEED),0.31,False,AR
16-13343-000,3/29/2016,0.0,RD(REDEMPTION DEED),0.31,False,AR
16-13343-000,7/18/2012,0.0,RD(REDEMPTION DEED),0.31,False,AR
16-13343-000,4/22/2009,0.0,RD(REDEMPTION DEED),0.31,False,AR
16-13343-000,4/28/2006,0.0,QCD(QUITCLAIM DEED),0.31,False,AR
16-13343-000,4/28/2006,6000.0,WD(WARRANTY DEED),0.31,False,AR
16-13343-000,8/16/2002,3000.0,WD(WARRANTY DEED),0.31,False,AR
16-13343-000,5/24/1990,0.0,CONT(CONTRACT),0.31,False,AR
16-13343-000,4/3/1987,0.0,CONT(CONTRACT),0.31,False,AR
16-13343-000,8/22/1985,0.0,CONT(CONTRACT),0.31,False,AR
16-13343-000,11/21/1978,4000.0,WD(WARRANTY DEED),0.31,False,AR
16-13344-000,7/20/2010,86000.0,SWD(SPECIAL WARRANTY DEED),0.28,True,AR
16-13344-000,5/3/2010,0.0,MTG-D(MORTGAGEE'S DEED),0.28,True,AR
16-13344-000,8/22/2003,142000.0,WD(WARRANTY DEED),0.28,True,AR
16-13344-000,4/26/2002,0.0,WD(WARRANTY DEED),0.28,True,AR
16-13344-000,10/2/2001,0.0,WD(WARRANTY DEED),0.28,True,AR
16-13344-000,3/7/1991,6000.0,WD(WARRANTY DEED),0.28,True,AR
16-13344-000,1/31/1991,9000.0,WD(WARRANTY DEED),0.28,True,AR
16-13344-000,8/4/1989,1000.0,WD(WARRANTY DEED),0.28,True,AR
16-13344-000,9/12/1979,6000.0,WD(WARRANTY DEED),0.28,True,AR
16-13345-000,7/8/2024,0.0,QCD(QUITCLAIM DEED),0.38,False,TX
16-13345-000,1/18/2023,14900.0,WD(WARRANTY DEED),0.38,False,TX
16-13345-000,10/5/2011,0.0,QCD(QUITCLAIM DEED),0.38,False,TX
16-13345-000,10/5/2011,1693333.0,CORRQC(CORRECTED QUIT CLAIM DEED),0.38,False,TX
16-13345-000,11/24/2008,0.0,WD(WARRANTY DEED),0.38,False,TX
16-13345-000,8/23/2005,0.0,COMMD(COMMISSIONERS DEED),0.38,False,TX
16-13345-000,6/7/2002,0.0,QCD(QUITCLAIM DEED),0.38,False,TX
16-13345-000,5/16/2001,0.0,QCD(QUITCLAIM DEED),0.38,False,TX
16-13345-000,10/20/1982,4000.0,WD(WARRANTY DEED),0.38,False,TX
16-13346-000,12/17/2019,0.0,WD(WARRANTY DEED),0.34,False,AR
16-13346-000,4/26/1993,0.0,RD(REDEMPTION DEED),0.34,False,AR
16-13346-000,3/5/1993,0.0,COMMD(COMMISSIONERS DEED),0.34,False,AR
16-13346-000,12/20/1979,0.0,WD(WARRANTY DEED),0.34,False,AR
16-13347-000,3/6/1998,1000.0,WD(WARRANTY DEED),0.37,False,IA
16-13347-000,6/5/1996,0.0,QCD(QUITCLAIM DEED),0.37,False,IA
16-13347-000,4/16/1996,0.0,QCD(QUITCLAIM DEED),0.37,False,IA
16-13347-000,9/7/1983,9000.0,WD(WARRANTY DEED),0.37,False,IA
16-13348-000,2/7/2019,0.0,RD(REDEMPTION DEED),0.33,True,AR
16-13348-000,1/31/2019,173000.0,WD(WARRANTY DEED),0.33,True,AR
16-13348-000,5/29/2012,145000.0,WD(WARRANTY DEED),0.33,True,AR
16-13348-000,9/12/2005,194000.0,WD(WARRANTY DEED),0.33,True,AR
16-13348-000,5/14/2005,0.0,DC(DEATH CERTIFICATE),0.33,True,AR
16-13348-000,8/30/2001,2000.0,CWD(CORPORATION WARRANTY DEED),0.33,True,AR
16-13348-000,5/31/2000,2000.0,WD(WARRANTY DEED),0.33,True,AR
16-13348-000,5/3/2000,1000.0,QCD(QUITCLAIM DEED),0.33,True,AR
16-13348-000,9/13/1993,0.0,MEMO(MEMORANDUM),0.33,True,AR
16-13348-000,11/11/1982,4000.0,WD(WARRANTY DEED),0.33,True,AR
16-13349-000,2/7/2019,0.0,RD(REDEMPTION DEED),0.34,False,AR
16-13349-000,1/31/2019,173000.0,WD(WARRANTY DEED),0.34,False,AR
16-13349-000,5/29/2012,145000.0,WD(WARRANTY DEED),0.34,False,AR
16-13349-000,9/12/2005,194000.0,WD(WARRANTY DEED),0.34,False,AR
16-13349-000,5/14/2005,0.0,DC(DEATH CERTIFICATE),0.34,False,AR
16-13349-000,4/2/2003,2000.0,WD(WARRANTY DEED),0.34,False,AR
16-13349-000,10/12/1998,0.0,RD(REDEMPTION DEED),0.34,False,AR
16-13349-000,8/29/1997,2000.0,QCD(QUITCLAIM DEED),0.34,False,AR
16-13349-000,3/25/1997,1000.0,CWD(CORPORATION WARRANTY DEED),0.34,False,AR
16-13349-000,1/29/1997,1000.0,COMMD(COMMISSIONERS DEED),0.34,False,AR
16-13349-000,9/19/1996,0.0,RD(REDEMPTION DEED),0.34,False,AR
16-13349-000,2/8/1989,0.0,WD(WARRANTY DEED),0.34,False,AR
16-13349-000,2/19/1982,7000.0,WD(WARRANTY DEED),0.34,False,AR
16-13350-000,3/7/2008,0.0,RD(REDEMPTION DEED),0.46,False,KS
16-13350-000,11/10/2003,0.0,RD(REDEMPTION DEED),0.46,False,KS
16-13350-000,6/5/2001,0.0,FD(FIDUCIARY DEED),0.46,False,KS
16-13350-000,9/24/1998,0.0,DC(DEATH CERTIFICATE),0.46,False,KS
16-13350-000,3/4/1987,0.0,CONT(CONTRACT),0.46,False,KS
16-13350-000,4/27/1986,0.0,CONT(CONTRACT),0.46,False,KS
16-13350-000,12/2/1981,5000.0,WD(WARRANTY DEED),0.46,False,KS
16-13351-000,2/22/2022,0.0,BD(BENEFICIARY DEED),0.36,True,AR
16-13351-000,8/28/2018,206000.0,WD(WARRANTY DEED),0.36,True,AR
16-13351-000,5/12/2017,196000.0,WD(WARRANTY DEED),0.36,True,AR
16-13351-000,5/20/2015,0.0,LWD(LIMITED WARRANTY DEED),0.36,True,AR
16-13351-000,7/17/2001,0.0,ML(MARRIAGE LICENSE),0.36,True,AR
16-13351-000,8/30/1990,0.0,WD(WARRANTY DEED),0.36,True,AR
16-13351-000,11/25/1981,6000.0,WD(WARRANTY DEED),0.36,True,AR
16-13352-000,6/3/2025,283000.0,TRWD(TRUSTEES WARRANTY DEED),0.39,True,AR
16-13352-000,12/29/2020,0.0,SWD(SPECIAL WARRANTY DEED),0.39,True,AR
16-13352-000,10/6/2014,105000.0,SWD(SPECIAL WARRANTY DEED),0.39,True,AR
16-13352-000,1/27/1998,79000.0,WD(WARRANTY DEED),0.39,True,AR
16-13352-000,8/18/1997,4000.0,WD(WARRANTY DEED),0.39,True,AR
16-13352-000,6/24/1996,4000.0,WD(WARRANTY DEED),0.39,True,AR
16-13352-000,1/20/1982,5000.0,WD(WARRANTY DEED),0.39,True,AR
16-13353-000,1/2/2025,0.0,QCD(QUITCLAIM DEED),0.37,True,KY
16-13353-000,10/18/2019,219000.0,WD(WARRANTY DEED),0.37,True,KY
16-13353-000,5/6/2016,167000.0,WD(WARRANTY DEED),0.37,True,KY
16-13353-000,5/19/2003,0.0,QCD(QUITCLAIM DEED),0.37,True,KY
16-13353-000,5/19/2003,145000.0,CWD(CORPORATION WARRANTY DEED),0.37,True,KY
16-13353-000,5/15/2003,0.0,WD(WARRANTY DEED),0.37,True,KY
16-13353-000,11/26/2002,0.0,WD(WARRANTY DEED),0.37,True,KY
16-13353-000,11/18/2002,2000.0,WD(WARRANTY DEED),0.37,True,KY
16-13353-000,2/13/1993,0.0,WD(WARRANTY DEED),0.37,True,KY
16-13353-000,12/11/1992,1000.0,WD(WARRANTY DEED),0.37,True,KY
16-13353-000,8/11/1975,6000.0,WD(WARRANTY DEED),0.37,True,KY
16-13354-000,1/2/2025,0.0,QCD(QUITCLAIM DEED),0.28,False,KY
16-13354-000,10/18/2019,219000.0,WD(WARRANTY DEED),0.28,False,KY
16-13354-000,7/25/2017,2700.0,TRWD(TRUSTEES WARRANTY DEED),0.28,False,KY
16-13354-000,7/25/2017,0.0,MEMO(MEMORANDUM),0.28,False,KY
16-13354-000,11/15/2016,0.0,QCD(QUITCLAIM DEED),0.28,False,KY
16-13354-000,9/18/2001,1000.0,SWD(SPECIAL WARRANTY DEED),0.28,False,KY
16-13354-000,6/18/2001,0.0,QCD(QUITCLAIM DEED),0.28,False,KY
16-13354-000,11/18/1979,0.0,DC(DEATH CERTIFICATE),0.28,False,KY
16-13354-000,1/10/1978,5000.0,WD(WARRANTY DEED),0.28,False,KY
16-13355-000,8/30/2019,2000.0,WD(WARRANTY DEED),0.34,False,AR
16-13355-000,4/30/2012,8000.0,WD(WARRANTY DEED),0.34,False,AR
16-13355-000,4/2/2012,0.0,SWD(SPECIAL WARRANTY DEED),0.34,False,AR
16-13355-000,7/15/2011,0.0,COMMD(COMMISSIONERS DEED),0.34,False,AR
16-13355-000,6/2/2010,0.0,RD(REDEMPTION DEED),0.34,False,AR
16-13355-000,12/13/2004,6000.0,WD(WARRANTY DEED),0.34,False,AR
16-13355-000,7/28/2004,0.0,WD(WARRANTY DEED),0.34,False,AR
16-13355-000,10/22/1996,3000.0,WD(WARRANTY DEED),0.34,False,AR
16-13355-000,10/20/1994,0.0,CORRWD(CORRECTED WARRANTY DEED),0.34,False,AR
16-13355-000,9/1/1994,1000.0,CWD(CORPORATION WARRANTY DEED),0.34,False,AR
16-13355-000,9/13/1993,0.0,WD(WARRANTY DEED),0.34,False,AR
16-13355-000,10/23/1985,0.0,CONT(CONTRACT),0.34,False,AR
16-13355-000,5/5/1983,0.0,WD(WARRANTY DEED),0.34,False,AR
16-13356-000,8/3/2022,0.0,CERT(CERTIFICATE),0.32,False,AR
16-13356-000,6/18/2020,0.0,MEMO(MEMORANDUM),0.32,False,AR
16-13356-000,8/14/2012,0.0,WD(WARRANTY DEED),0.32,False,AR
16-13356-000,8/14/2012,0.0,CERT(CERTIFICATE),0.32,False,AR
16-13356-000,8/14/2011,0.0,DC(DEATH CERTIFICATE),0.32,False,AR
16-13356-000,7/1/1999,0.0,QCD(QUITCLAIM DEED),0.32,False,AR
16-13356-000,6/25/1999,0.0,TRAG(TRUST AGREEMENT),0.32,False,AR
16-13356-000,6/2/1998,1000.0,WD(WARRANTY DEED),0.32,False,AR
16-13356-000,2/3/1995,1000.0,WD(WARRANTY DEED),0.32,False,AR
16-13356-000,8/1/1983,0.0,WD(WARRANTY DEED),0.32,False,AR
16-13357-000,3/25/2022,245000.0,WD(WARRANTY DEED),0.37,True,AR
16-13357-000,5/2/2006,160000.0,WD(WARRANTY DEED),0.37,True,AR
16-13357-000,10/31/2005,8000.0,WD(WARRANTY DEED),0.37,True,AR
16-13357-000,6/13/2005,120000.0,CWD(CORPORATION WARRANTY DEED),0.37,True,AR
16-13357-000,12/7/2004,0.0,WD(WARRANTY DEED),0.37,True,AR
16-13357-000,4/24/1995,0.0,COMMD(COMMISSIONERS DEED),0.37,True,AR
16-13357-000,5/8/1992,1000.0,WD(WARRANTY DEED),0.37,True,AR
16-13357-000,5/8/1992,1000.0,WD(WARRANTY DEED),0.37,True,AR
16-13357-000,4/16/1992,0.0,WD(WARRANTY DEED),0.37,True,AR
16-13357-000,8/13/1991,0.0,DC(DEATH CERTIFICATE),0.37,True,AR
16-13357-000,7/19/1979,6000.0,WD(WARRANTY DEED),0.37,True,AR
16-13358-000,3/14/2016,0.0,AFF(AFFIDAVIT),0.34,False,AR
16-13358-000,1/6/2015,149000.0,WD(WARRANTY DEED),0.34,False,AR
16-13358-000,8/6/2009,0.0,QCD(QUITCLAIM DEED),0.34,False,AR
16-13358-000,5/5/2003,2000.0,WD(WARRANTY DEED),0.34,False,AR
16-13358-000,1/8/2002,0.0,QCD(QUITCLAIM DEED),0.34,False,AR
16-13358-000,12/13/2001,0.0,MEMO(MEMORANDUM),0.34,False,AR
16-13358-000,11/30/1993,0.0,QCD(QUITCLAIM DEED),0.34,False,AR
16-13358-000,4/30/1993,3000.0,WD(WARRANTY DEED),0.34,False,AR
16-13358-000,12/18/1989,1000.0,WD(WARRANTY DEED),0.34,False,AR
16-13358-000,12/21/1982,4000.0,WD(WARRANTY DEED),0.34,False,AR
16-13359-000,3/14/2016,0.0,AFF(AFFIDAVIT),0.33,True,AR
16-13359-000,1/6/2015,149000.0,WD(WARRANTY DEED),0.33,True,AR
16-13359-000,8/6/2009,0.0,QCD(QUITCLAIM DEED),0.33,True,AR
16-13359-000,5/21/2002,99000.0,WD(WARRANTY DEED),0.33,True,AR
16-13359-000,3/23/2001,98000.0,WD(WARRANTY DEED),0.33,True,AR
16-13359-000,3/20/2000,91000.0,WD(WARRANTY DEED),0.33,True,AR
16-13359-000,6/1/1999,2000.0,WD(WARRANTY DEED),0.33,True,AR
16-13359-000,9/3/1997,0.0,DC(DEATH CERTIFICATE),0.33,True,AR
16-13359-000,7/22/1997,0.0,WD(WARRANTY DEED),0.33,True,AR
16-13359-000,12/3/1979,6000.0,WD(WARRANTY DEED),0.33,True,AR
16-13360-000,3/14/2016,0.0,AFF(AFFIDAVIT),0.33,False,AR
16-13360-000,1/6/2015,149000.0,WD(WARRANTY DEED),0.33,False,AR
16-13360-000,10/9/2007,8000.0,WD(WARRANTY DEED),0.33,False,AR
16-13360-000,1/24/2006,6000.0,WD(WARRANTY DEED),0.33,False,AR
16-13360-000,7/16/1999,5000.0,WD(WARRANTY DEED),0.33,False,AR
16-13360-000,7/6/1999,0.0,CORRWD(CORRECTED WARRANTY DEED),0.33,False,AR
16-13360-000,7/10/1996,2000.0,WD(WARRANTY DEED),0.33,False,AR
16-13360-000,2/23/1983,3000.0,WD(WARRANTY DEED),0.33,False,AR
16-13361-000,3/12/2025,275000.0,WD(WARRANTY DEED),0.33,True,AR
16-13361-000,11/8/2024,0.0,QCD(QUITCLAIM DEED),0.33,True,AR
16-13361-000,1/29/2024,250000.0,WD(WARRANTY DEED),0.33,True,AR
16-13361-000,10/27/2014,0.0,CORRQC(CORRECTED QUIT CLAIM DEED),0.33,True,AR
16-13361-000,9/23/2014,0.0,QCD(QUITCLAIM DEED),0.33,True,AR
16-13361-000,5/31/2006,0.0,QCD(QUITCLAIM DEED),0.33,True,AR
16-13361-000,7/27/2005,0.0,CORRWD(CORRECTED WARRANTY DEED),0.33,True,AR
16-13361-000,7/25/2005,116000.0,WD(WARRANTY DEED),0.33,True,AR
16-13361-000,3/5/1991,0.0,WD(WARRANTY DEED),0.33,True,AR
16-13361-000,8/7/1990,65000.0,WD(WARRANTY DEED),0.33,True,AR
16-13361-000,1/12/1989,0.0,WD(WARRANTY DEED),0.33,True,AR
16-13361-000,12/10/1982,51000.0,CWD(CORPORATION WARRANTY DEED),0.33,True,AR
16-13362-000,1/14/1983,5000.0,WD(WARRANTY DEED),0.29,False,OK
16-13363-000,9/18/2024,0.0,BD(BENEFICIARY DEED),0.28,True,AR
16-13363-000,5/2/2007,181000.0,WD(WARRANTY DEED),0.28,True,AR
16-13363-000,8/9/2006,0.0,WD(WARRANTY DEED),0.28,True,AR
16-13363-000,4/22/2002,0.0,WD(WARRANTY DEED),0.28,True,AR
16-13363-000,4/7/1997,7000.0,WD(WARRANTY DEED),0.28,True,AR
16-13363-000,7/24/1996,3000.0,WD(WARRANTY DEED),0.28,True,AR
16-13363-000,7/24/1996,0.0,DC(DEATH CERTIFICATE),0.28,True,AR
16-13363-000,6/24/1996,2000.0,WD(WARRANTY DEED),0.28,True,AR
16-13363-000,11/16/1981,6000.0,WD(WARRANTY DEED),0.28,True,AR
16-13363-000,3/13/1979,5000.0,WD(WARRANTY DEED),0.28,True,AR
16-13364-000,9/18/2024,0.0,BD(BENEFICIARY DEED),0.3,False,AR
16-13364-000,5/2/2007,181000.0,WD(WARRANTY DEED),0.3,False,AR
16-13364-000,8/9/2006,0.0,WD(WARRANTY DEED),0.3,False,AR
16-13364-000,10/16/2002,0.0,WD(WARRANTY DEED),0.3,False,AR
16-13364-000,10/3/2002,0.0,WD(WARRANTY DEED),0.3,False,AR
16-13364-000,4/22/2002,0.0,WD(WARRANTY DEED),0.3,False,AR
16-13365-000,3/10/2016,0.0,BD(BENEFICIARY DEED),0.28,False,MO
16-13365-000,3/10/2016,0.0,WD(WARRANTY DEED),0.28,False,MO
16-13365-000,1/31/2016,0.0,DC(DEATH CERTIFICATE),0.28,False,MO
16-13365-000,5/19/1997,1000.0,WD(WARRANTY DEED),0.28,False,MO
16-13365-000,3/20/1993,0.0,DC(DEATH CERTIFICATE),0.28,False,MO
16-13365-000,4/16/1982,1000.0,WD(WARRANTY DEED),0.28,False,MO
16-13366-000,1/7/2021,0.0,QCD(QUITCLAIM DEED),0.33,False,MO
16-13366-000,12/10/2020,15000.0,WD(WARRANTY DEED),0.33,False,MO
16-13366-000,7/8/2019,3000.0,QCD(QUITCLAIM DEED),0.33,False,MO
16-13366-000,6/28/2019,1000.0,QCD(QUITCLAIM DEED),0.33,False,MO
16-13366-000,5/9/2019,0.0,LWD(LIMITED WARRANTY DEED),0.33,False,MO
16-13366-000,10/25/2007,60000.0,WD(WARRANTY DEED),0.33,False,MO
16-13366-000,1/5/2006,6000.0,WD(WARRANTY DEED),0.33,False,MO
16-13366-000,2/7/2002,1000.0,WD(WARRANTY DEED),0.33,False,MO
16-13366-000,2/7/2002,0.0,QCD(QUITCLAIM DEED),0.33,False,MO
16-13366-000,5/11/1989,0.0,CONT(CONTRACT),0.33,False,MO
16-13366-000,1/6/1986,4000.0,WD(WARRANTY DEED),0.33,False,MO
16-13366-000,7/13/1985,0.0,CONT(CONTRACT),0.33,False,MO
16-13367-000,2/17/2022,11000.0,WD(WARRANTY DEED),0.33,False,
16-13367-000,3/3/2021,0.0,LWD(LIMITED WARRANTY DEED),0.33,False,
16-13367-000,8/28/2009,1451000.0,QCD(QUITCLAIM DEED),0.33,False,
16-13367-000,8/21/2009,402000.0,DEED(GRANT DEED),0.33,False,
16-13367-000,4/17/2009,0.0,QCD(QUITCLAIM DEED),0.33,False,
16-13367-000,2/22/2008,15000.0,WD(WARRANTY DEED),0.33,False,
16-13367-000,3/30/2006,77000.0,WD(WARRANTY DEED),0.33,False,
16-13367-000,12/16/2005,8000.0,WD(WARRANTY DEED),0.33,False,
16-13367-000,12/16/2005,0.0,CORRWD(CORRECTED WARRANTY DEED),0.33,False,
16-13367-000,12/16/2005,0.0,CERT(CERTIFICATE),0.33,False,
16-13367-000,4/23/1998,6000.0,WD(WARRANTY DEED),0.33,False,
16-13367-000,9/13/1989,0.0,CONT(CONTRACT),0.33,False,
16-13367-000,9/5/1989,0.0,QCD(QUITCLAIM DEED),0.33,False,
16-13367-000,9/30/1987,0.0,CONT(CONTRACT),0.33,False,
16-13367-000,7/17/1981,0.0,CONT(CONTRACT),0.33,False,
16-13367-000,11/14/1978,4000.0,WD(WARRANTY DEED),0.33,False,
16-13368-000,8/25/2023,0.0,QCD(QUITCLAIM DEED),0.33,True,CO
16-13368-000,5/19/2023,368000.0,WD(WARRANTY DEED),0.33,True,CO
16-13368-000,4/8/2021,5500.0,CWD(CORPORATION WARRANTY DEED),0.33,True,CO
16-13368-000,7/5/2005,5000.0,WD(WARRANTY DEED),0.33,True,CO
16-13368-000,4/3/2002,0.0,QCD(QUITCLAIM DEED),0.33,True,CO
16-13368-000,11/3/1986,2000.0,COMMD(COMMISSIONERS DEED),0.33,True,CO
16-13368-000,2/20/1984,6000.0,WD(WARRANTY DEED),0.33,True,CO
16-13369-000,11/19/2024,452000.0,CWD(CORPORATION WARRANTY DEED),0.35,True,AR
16-13369-000,8/5/2021,5000.0,TRWD(TRUSTEES WARRANTY DEED),0.35,True,AR
16-13369-000,6/4/2015,0.0,OTHER(OTHER DOCUMENT),0.35,True,AR
16-13369-000,1/19/2011,0.0,OTHER(OTHER DOCUMENT),0.35,True,AR
16-13369-000,3/25/1993,0.0,TRAG(TRUST AGREEMENT),0.35,True,AR
16-13369-000,3/25/1993,0.0,TRAG(TRUST AGREEMENT),0.35,True,AR
16-13369-000,3/25/1993,0.0,QCD(QUITCLAIM DEED),0.35,True,AR
16-13369-000,3/25/1993,0.0,QCD(QUITCLAIM DEED),0.35,True,AR
16-13369-000,12/15/1983,6000.0,WD(WARRANTY DEED),0.35,True,AR
16-13370-000,2/22/2023,270000.0,WD(WARRANTY DEED),0.31,True,AR
16-13370-000,3/21/2014,200000.0,WD(WARRANTY DEED),0.31,True,AR
16-13370-000,6/30/2011,7000000.0,TRD(TRUSTEES DEED),0.31,True,AR
16-13370-000,11/24/1999,2000.0,WD(WARRANTY DEED),0.31,True,AR
16-13370-000,5/2/1996,1000.0,WD(WARRANTY DEED),0.31,True,AR
16-13370-000,6/19/1992,2000.0,WD(WARRANTY DEED),0.31,True,AR
16-13370-000,10/24/1991,4000.0,WD(WARRANTY DEED),0.31,True,AR
16-13370-000,7/7/1976,6000.0,WD(WARRANTY DEED),0.31,True,AR
16-13371-000,4/22/2014,0.0,QCD(QUITCLAIM DEED),0.29,True,AR
16-13371-000,11/29/2010,0.0,SWD(SPECIAL WARRANTY DEED),0.29,True,AR
16-13371-000,9/20/2010,0.0,MTG-D(MORTGAGEE'S DEED),0.29,True,AR
16-13371-000,4/12/2006,146000.0,CWD(CORPORATION WARRANTY DEED),0.29,True,AR
16-13371-000,7/12/2005,25000.0,WD(WARRANTY DEED),0.29,True,AR
16-13371-000,2/23/2005,3000.0,WD(WARRANTY DEED),0.29,True,AR
16-13371-000,8/24/1999,0.0,WD(WARRANTY DEED),0.29,True,AR
16-13371-000,8/3/1994,7000.0,WD(WARRANTY DEED),0.29,True,AR
16-13371-000,3/28/1990,0.0,CONT(CONTRACT),0.29,True,AR
16-13371-000,12/20/1989,5400.0,WD(WARRANTY DEED),0.29,True,AR
16-13371-000,9/24/1989,0.0,CONT(CONTRACT),0.29,True,AR
16-13371-000,6/2/1989,0.0,CONT(CONTRACT),0.29,True,AR
16-13371-000,7/1/1982,0.0,CONT(CONTRACT),0.29,True,AR
16-13372-000,1/23/2024,14000.0,WD(WARRANTY DEED),0.28,False,AR
16-13372-000,12/4/2023,7500.0,WD(WARRANTY DEED),0.28,False,AR
16-13372-000,10/3/1997,0.0,RD(REDEMPTION DEED),0.28,False,AR
16-13372-000,3/20/1996,1000.0,CWD(CORPORATION WARRANTY DEED),0.28,False,AR
16-13372-000,1/8/1996,1000.0,COMMD(COMMISSIONERS DEED),0.28,False,AR
16-13372-000,12/21/1982,5000.0,WD(WARRANTY DEED),0.28,False,AR
16-13373-000,11/11/2024,0.0,CERT(CERTIFICATE),0.28,False,
16-13373-000,12/26/2023,0.0,OBIT(OBITUARY),0.28,False,
16-13373-000,8/12/2013,0.0,WD(WARRANTY DEED),0.28,False,
16-13373-000,8/12/2013,0.0,CERT(CERTIFICATE),0.28,False,
16-13373-000,6/27/1984,0.0,CONT(CONTRACT),0.28,False,
16-13373-000,5/23/1984,7000.0,WD(WARRANTY DEED),0.28,False,
16-13374-000,8/29/2008,0.0,CORRWD(CORRECTED WARRANTY DEED),0.3,True,AR
16-13374-000,8/29/2008,142000.0,CWD(CORPORATION WARRANTY DEED),0.3,True,AR
16-13374-000,2/13/2008,7000.0,WD(WARRANTY DEED),0.3,True,AR
16-13374-000,10/8/2001,0.0,DC(DEATH CERTIFICATE),0.3,True,AR
16-13374-000,10/8/2001,0.0,WD(WARRANTY DEED),0.3,True,AR
16-13374-000,3/18/1992,0.0,CONT(CONTRACT),0.3,True,AR
16-13374-000,8/26/1989,0.0,CONT(CONTRACT),0.3,True,AR
16-13374-000,11/11/1988,0.0,CONT(CONTRACT),0.3,True,AR
16-13374-000,10/27/1987,0.0,CONT(CONTRACT),0.3,True,AR
16-13374-000,1/29/1987,6000.0,WD(WARRANTY DEED),0.3,True,AR
16-13375-000,7/20/2012,3500.0,WD(WARRANTY DEED),0.28,True,AR
16-13375-000,5/25/2012,0.0,CERT(CERTIFICATE),0.28,True,AR
16-13375-000,1/19/2005,0.0,WD(WARRANTY DEED),0.28,True,AR
16-13375-000,12/13/1994,0.0,DC(DEATH CERTIFICATE),0.28,True,AR
16-13375-000,1/18/1993,0.0,WD(WARRANTY DEED),0.28,True,AR
16-13376-000,6/6/2024,50000.0,WD(WARRANTY DEED),0.33,False,AR
16-13376-000,4/25/2024,10000.0,TRWD(TRUSTEES WARRANTY DEED),0.33,False,AR
16-13376-000,2/1/2021,0.0,CORRQC(CORRECTED QUIT CLAIM DEED),0.33,False,AR
16-13376-000,1/22/2021,0.0,CORRQC(CORRECTED QUIT CLAIM DEED),0.33,False,AR
16-13376-000,1/11/1996,0.0,WD(WARRANTY DEED),0.33,False,AR
16-13376-000,9/16/1982,0.0,WD(WARRANTY DEED),0.33,False,AR
16-13377-000,5/20/2002,100000.0,WD(WARRANTY DEED),0.28,False,AR
16-13377-000,4/8/1998,2000.0,WD(WARRANTY DEED),0.28,False,AR
16-13377-000,8/6/1993,2000.0,WD(WARRANTY DEED),0.28,False,AR
16-13377-000,8/6/1993,1000.0,WD(WARRANTY DEED),0.28,False,AR
16-13378-000,5/20/2002,100000.0,WD(WARRANTY DEED),0.3,True,AR
16-13378-000,5/13/1996,87000.0,WD(WARRANTY DEED),0.3,True,AR
16-13378-000,6/2/1995,2000.0,WD(WARRANTY DEED),0.3,True,AR
16-13378-000,6/21/1982,1000.0,WD(WARRANTY DEED),0.3,True,AR
16-13379-000,11/14/2018,130000.0,WD(WARRANTY DEED),0.38,True,AR
16-13379-000,5/5/2017,105000.0,WD(WARRANTY DEED),0.38,True,AR
16-13379-000,4/27/2007,94000.0,WD(WARRANTY DEED),0.38,True,AR
16-13379-000,2/4/2002,76000.0,WD(WARRANTY DEED),0.38,True,AR
16-13379-000,6/3/1997,72000.0,WD(WARRANTY DEED),0.38,True,AR
16-13379-000,6/3/1997,0.0,QCD(QUITCLAIM DEED),0.38,True,AR
16-13379-000,11/3/1995,0.0,QCD(QUITCLAIM DEED),0.38,True,AR
16-13379-000,1/10/1995,67000.0,WD(WARRANTY DEED),0.38,True,AR
16-13379-000,10/27/1987,1000.0,WD(WARRANTY DEED),0.38,True,AR
16-13379-000,7/25/1985,0.0,CONT(CONTRACT),0.38,True,AR
16-13379-000,5/10/1984,0.0,CONT(CONTRACT),0.38,True,AR
16-13379-000,3/29/1984,0.0,CONT(CONTRACT),0.38,True,AR
16-13380-000,1/3/2015,0.0,QCD(QUITCLAIM DEED),24.54,False,AR
16-13380-000,12/20/2014,0.0,QCD(QUITCLAIM DEED),24.54,False,AR
16-13381-000,8/21/2024,48000.0,CWD(CORPORATION WARRANTY DEED),1.11,False,AR
16-19732-000,9/17/2019,3000.0,WD(WARRANTY DEED),0.28,False,AR
16-19732-000,3/19/2007,12000.0,WD(WARRANTY DEED),0.28,False,AR
16-19732-000,7/27/2005,2000.0,WD(WARRANTY DEED),0.28,False,AR
16-19732-000,8/11/1998,0.0,WD(WARRANTY DEED),0.28,False,AR
16-19733-000,9/11/2024,4000.0,WD(WARRANTY DEED),0.28,False,AR
16-19733-000,5/10/2019,0.0,RD(REDEMPTION DEED),0.28,False,AR
16-19733-000,4/17/2019,0.0,RD(REDEMPTION DEED),0.28,False,AR
16-19733-000,4/23/2008,13000.0,WD(WARRANTY DEED),0.28,False,AR
16-19733-000,7/20/2005,3000.0,WD(WARRANTY DEED),0.28,False,AR
16-19733-000,10/9/1990,1000.0,WD(WARRANTY DEED),0.28,False,AR
16-19733-000,4/2/1987,1000.0,WD(WARRANTY DEED),0.28,False,AR
16-19733-000,10/3/1986,600.0,COMMD(COMMISSIONERS DEED),0.28,False,AR
16-19733-000,6/11/1979,2000.0,WD(WARRANTY DEED),0.28,False,AR
16-19734-000,12/27/2019,0.0,QCD(QUITCLAIM DEED),0.32,True,AR
16-19734-000,4/23/2018,5000.0,WD(WARRANTY DEED),0.32,True,AR
16-19734-000,9/9/2016,3000.0,SWD(SPECIAL WARRANTY DEED),0.32,True,AR
16-19734-000,8/4/2016,0.0,COMMD(COMMISSIONERS DEED),0.32,True,AR
16-19734-000,3/29/2016,0.0,RD(REDEMPTION DEED),0.32,True,AR
16-19734-000,5/18/2012,0.0,RD(REDEMPTION DEED),0.32,True,AR
16-19734-000,7/24/2006,0.0,DC(DEATH CERTIFICATE),0.32,True,AR
16-19734-000,7/24/2006,6000.0,WD(WARRANTY DEED),0.32,True,AR
16-19734-000,8/8/2005,0.0,RD(REDEMPTION DEED),0.32,True,AR
16-19734-000,12/20/1999,0.0,WD(WARRANTY DEED),0.32,True,AR
16-19734-000,5/28/1999,0.0,RD(REDEMPTION DEED),0.32,True,AR
16-19734-000,2/27/1989,0.0,WD(WARRANTY DEED),0.32,True,AR
16-19734-000,12/2/1980,6000.0,WD(WARRANTY DEED),0.32,True,AR
16-19735-000,7/5/2024,0.0,AFF(AFFIDAVIT),0.33,True,WI
16-19735-000,5/15/2024,350000.0,WD(WARRANTY DEED),0.33,True,WI
16-19735-000,5/3/2018,134000.0,SWD(SPECIAL WARRANTY DEED),0.33,True,WI
16-19735-000,1/5/2018,0.0,MTG-D(MORTGAGEE'S DEED),0.33,True,WI
16-19735-000,5/9/2013,0.0,QCD(QUITCLAIM DEED),0.33,True,WI
16-19735-000,9/1/2011,0.0,QCD(QUITCLAIM DEED),0.33,True,WI
16-19735-000,8/10/2011,0.0,QCD(QUITCLAIM DEED),0.33,True,WI
16-19735-000,5/21/2007,141000.0,WD(WARRANTY DEED),0.33,True,WI
16-19735-000,3/21/2005,130000.0,WD(WARRANTY DEED),0.33,True,WI
16-19735-000,1/2/2004,117000.0,WD(WARRANTY DEED),0.33,True,WI
16-19735-000,8/8/2003,0.0,TRD(TRUSTEES DEED),0.33,True,WI
16-19735-000,2/27/1998,98000.0,WD(WARRANTY DEED),0.33,True,WI
16-19735-000,9/17/1996,2000.0,WD(WARRANTY DEED),0.33,True,WI
16-19735-000,5/28/1996,0.0,LTR(LETTER),0.33,True,WI
16-19735-000,10/16/1990,0.0,CONT(CONTRACT),0.33,True,WI
16-19735-000,7/23/1990,0.0,CONT(CONTRACT),0.33,True,WI
16-19735-000,7/2/1985,0.0,CONT(CONTRACT),0.33,True,WI
16-19735-000,12/27/1983,6000.0,WD(WARRANTY DEED),0.33,True,WI
16-19736-000,1/2/2025,280000.0,WD(WARRANTY DEED),0.33,True,CA
16-19736-000,10/10/2024,0.0,DEC(DECREE),0.33,True,CA
16-19736-000,12/13/2022,0.0,BD(BENEFICIARY DEED),0.33,True,CA
16-19736-000,12/13/2022,0.0,QCD(QUITCLAIM DEED),0.33,True,CA
16-19736-000,9/19/2022,0.0,DC(DEATH CERTIFICATE),0.33,True,CA
16-19736-000,5/17/2020,0.0,BD(BENEFICIARY DEED),0.33,True,CA
16-19736-000,4/17/2009,0.0,WD(WARRANTY DEED),0.33,True,CA
16-19736-000,3/19/2009,105000.0,WD(WARRANTY DEED),0.33,True,CA
16-19736-000,5/26/2006,0.0,WD(WARRANTY DEED),0.33,True,CA
16-19736-000,4/13/2006,0.0,CERT(CERTIFICATE),0.33,True,CA
16-19736-000,5/16/2005,128000.0,WD(WARRANTY DEED),0.33,True,CA
16-19736-000,2/2/2004,0.0,WD(WARRANTY DEED),0.33,True,CA
16-19736-000,7/30/1996,90000.0,WD(WARRANTY DEED),0.33,True,CA
16-19736-000,1/27/1994,0.0,DC(DEATH CERTIFICATE),0.33,True,CA
16-19736-000,8/2/1991,83000.0,WD(WARRANTY DEED),0.33,True,CA
16-19736-000,11/27/1990,4000.0,WD(WARRANTY DEED),0.33,True,CA
16-19736-000,11/20/1990,1000.0,WD(WARRANTY DEED),0.33,True,CA
16-19736-000,2/2/1976,6000.0,WD(WARRANTY DEED),0.33,True,CA
16-19737-000,7/17/2015,0.0,CERT(CERTIFICATE),0.31,True,AR
16-19737-000,4/30/2015,0.0,WD(WARRANTY DEED),0.31,True,AR
16-19737-000,11/1/2012,153000.0,WD(WARRANTY DEED),0.31,True,AR
16-19737-000,11/17/2011,0.0,WD(WARRANTY DEED),0.31,True,AR
16-19737-000,4/16/2002,5000.0,WD(WARRANTY DEED),0.31,True,AR
16-19737-000,2/27/2002,5000.0,WD(WARRANTY DEED),0.31,True,AR
16-19737-000,4/3/1987,7000.0,WD(WARRANTY DEED),0.31,True,AR
16-19737-000,2/13/1984,0.0,CONT(CONTRACT),0.31,True,AR
16-19737-000,1/30/1984,6000.0,WD(WARRANTY DEED),0.31,True,AR
16-19738-000,9/27/2021,219000.0,TRWD(TRUSTEES WARRANTY DEED),0.3,True,AR
16-19738-000,1/21/2021,0.0,CERT(CERTIFICATE),0.3,True,AR
16-19738-000,1/6/2021,0.0,WD(WARRANTY DEED),0.3,True,AR
16-19738-000,10/8/2020,0.0,DC(DEATH CERTIFICATE),0.3,True,AR
16-19738-000,2/16/2010,0.0,CERT(CERTIFICATE),0.3,True,AR
16-19738-000,2/16/2010,0.0,BD(BENEFICIARY DEED),0.3,True,AR
16-19738-000,7/6/1993,5000.0,WD(WARRANTY DEED),0.3,True,AR
16-19738-000,6/1/1993,0.0,WD(WARRANTY DEED),0.3,True,AR
16-19738-000,10/11/1983,0.0,AFF(AFFIDAVIT),0.3,True,AR
16-19738-000,7/7/1976,6000.0,WD(WARRANTY DEED),0.3,True,AR
16-19739-000,6/16/2021,0.0,WD(WARRANTY DEED),0.29,True,AR
16-19739-000,6/16/2021,0.0,CERT(CERTIFICATE),0.29,True,AR
16-19739-000,12/6/2012,120000.0,WD(WARRANTY DEED),0.29,True,AR
16-19739-000,7/6/2012,0.0,OTHER(OTHER DOCUMENT),0.29,True,AR
16-19739-000,7/5/2012,0.0,OTHER(OTHER DOCUMENT),0.29,True,AR
16-19739-000,7/5/2012,0.0,OTHER(OTHER DOCUMENT),0.29,True,AR
16-19739-000,7/5/2012,0.0,OTHER(OTHER DOCUMENT),0.29,True,AR
16-19739-000,6/8/2012,0.0,DC(DEATH CERTIFICATE),0.29,True,AR
16-19739-000,4/10/2012,0.0,CERT(CERTIFICATE),0.29,True,AR
16-19739-000,1/15/2010,0.0,DC(DEATH CERTIFICATE),0.29,True,AR
16-19739-000,2/26/2001,0.0,WD(WARRANTY DEED),0.29,True,AR
16-19739-000,12/9/1992,100000.0,WD(WARRANTY DEED),0.29,True,AR
16-19739-000,8/17/1992,5000.0,WD(WARRANTY DEED),0.29,True,AR
16-19739-000,1/30/1984,6000.0,WD(WARRANTY DEED),0.29,True,AR
16-19740-000,3/31/2023,14800.0,WD(WARRANTY DEED),0.25,False,FL
16-19740-000,10/5/2011,0.0,QCD(QUITCLAIM DEED),0.25,False,FL
16-19740-000,10/5/2011,1693333.0,CORRQC(CORRECTED QUIT CLAIM DEED),0.25,False,FL
16-19740-000,11/24/2008,0.0,WD(WARRANTY DEED),0.25,False,FL
16-19740-000,4/14/2006,10000.0,WD(WARRANTY DEED),0.25,False,FL
16-19740-000,5/25/2005,0.0,WD(WARRANTY DEED),0.25,False,FL
16-19740-000,6/26/1998,1000.0,COMMD(COMMISSIONERS DEED),0.25,False,FL
16-19740-000,6/11/1992,1000.0,WD(WARRANTY DEED),0.25,False,FL
16-19740-000,3/30/1992,1000.0,WD(WARRANTY DEED),0.25,False,FL
16-19740-000,3/26/1992,1000.0,WD(WARRANTY DEED),0.25,False,FL
16-19740-000,3/13/1989,0.0,DC(DEATH CERTIFICATE),0.25,False,FL
16-19740-000,3/13/1989,0.0,QCD(QUITCLAIM DEED),0.25,False,FL
16-19740-000,1/24/1986,0.0,WD(WARRANTY DEED),0.25,False,FL
16-19741-000,2/3/2021,1000.0,TRWD(TRUSTEES WARRANTY DEED),0.3,False,AR
16-19741-000,7/29/1992,4400.0,WD(WARRANTY DEED),0.3,False,AR
16-19741-000,4/23/1992,10000.0,WD(WARRANTY DEED),0.3,False,AR
16-19741-000,10/21/1983,6000.0,WD(WARRANTY DEED),0.3,False,AR
16-19742-000,12/22/2016,205000.0,WD(WARRANTY DEED),0.41,True,AR
16-19742-000,4/3/2008,241000.0,WD(WARRANTY DEED),0.41,True,AR
16-19742-000,7/22/2003,3000.0,WD(WARRANTY DEED),0.41,True,AR
16-19742-000,9/17/1990,5500.0,WD(WARRANTY DEED),0.41,True,AR
16-19742-000,7/22/1903,0.0,DC(DEATH CERTIFICATE),0.41,True,AR
16-19743-000,9/9/2021,6000.0,COMMD(COMMISSIONERS DEED),0.26,False,AR
16-19743-000,3/16/2021,0.0,RD(REDEMPTION DEED),0.26,False,AR
16-19743-000,5/4/2012,0.0,CORRQC(CORRECTED QUIT CLAIM DEED),0.26,False,AR
16-19743-000,3/20/2012,0.0,QCD(QUITCLAIM DEED),0.26,False,AR
16-19743-000,6/17/1999,8000.0,WD(WARRANTY DEED),0.26,False,AR
16-19743-000,7/2/1984,0.0,CONT(CONTRACT),0.26,False,AR
16-19744-000,10/20/2020,0.0,QCD(QUITCLAIM DEED),0.26,False,AR
16-19744-000,7/23/2020,2000.0,COMMD(COMMISSIONERS DEED),0.26,False,AR
16-19744-000,12/21/2016,0.0,RD(REDEMPTION DEED),0.26,False,AR
16-19744-000,11/15/2011,0.0,RD(REDEMPTION DEED),0.26,False,AR
16-19744-000,3/29/2007,13000.0,WD(WARRANTY DEED),0.26,False,AR
16-19744-000,3/25/2005,2000.0,WD(WARRANTY DEED),0.26,False,AR
16-19744-000,7/15/1983,6000.0,WD(WARRANTY DEED),0.26,False,AR
16-19745-000,4/26/2024,8000.0,WD(WARRANTY DEED),0.28,False,AR
16-19745-000,11/19/1982,6000.0,WD(WARRANTY DEED),0.28,False,AR
16-19746-000,12/11/2009,100000.0,WD(WARRANTY DEED),0.29,True,AR
16-19746-000,8/24/2000,0.0,QCD(QUITCLAIM DEED),0.29,True,AR
16-19746-000,9/9/1996,2000.0,WD(WARRANTY DEED),0.29,True,AR
16-19746-000,1/19/1985,3000.0,WD(WARRANTY DEED),0.29,True,AR
16-19747-000,11/12/2020,0.0,RD(REDEMPTION DEED),0.27,False,CA
16-19747-000,8/6/2008,18000.0,WD(WARRANTY DEED),0.27,False,CA
16-19747-000,3/6/2006,9000.0,WD(WARRANTY DEED),0.27,False,CA
16-19747-000,8/20/1993,0.0,QCD(QUITCLAIM DEED),0.27,False,CA
16-19747-000,5/7/1992,1000.0,WD(WARRANTY DEED),0.27,False,CA
16-19747-000,10/31/1989,0.0,HIST(HISTORICAL),0.27,False,CA
16-19747-000,8/13/1984,7000.0,WD(WARRANTY DEED),0.27,False,CA
16-19748-000,5/13/2024,1.0,QCD(QUITCLAIM DEED),0.29,False,AR
16-19748-000,3/19/2020,0.0,RD(REDEMPTION DEED),0.29,False,AR
16-19748-000,4/25/2016,0.0,QCD(QUITCLAIM DEED),0.29,False,AR
16-19748-000,1/13/2003,0.0,RD(REDEMPTION DEED),0.29,False,AR
16-19748-000,6/28/2000,0.0,QCD(QUITCLAIM DEED),0.29,False,AR
16-19748-000,2/23/1995,1000.0,WD(WARRANTY DEED),0.29,False,AR
16-19748-000,2/21/1995,1000.0,WD(WARRANTY DEED),0.29,False,AR
16-19748-000,8/29/1991,0.0,CONT(CONTRACT),0.29,False,AR
16-19748-000,9/13/1983,6000.0,WD(WARRANTY DEED),0.29,False,AR
16-19748-000,11/1/1981,0.0,CONT(CONTRACT),0.29,False,AR
16-19749-000,8/24/1998,0.0,RD(REDEMPTION DEED),0.27,False,NH
16-19749-000,10/22/1991,0.0,WD(WARRANTY DEED),0.27,False,NH
16-19749-000,3/22/1983,0.0,WD(WARRANTY DEED),0.27,False,NH
16-19750-000,10/5/2011,0.0,QCD(QUITCLAIM DEED),0.31,False,AR
16-19750-000,10/5/2011,1693333.0,CORRQC(CORRECTED QUIT CLAIM DEED),0.31,False,AR
16-19750-000,11/24/2008,0.0,WD(WARRANTY DEED),0.31,False,AR
16-19750-000,3/23/2005,1000.0,WD(WARRANTY DEED),0.31,False,AR
16-19750-000,9/23/1994,0.0,RD(REDEMPTION DEED),0.31,False,AR
16-19750-000,5/15/1985,0.0,QCD(QUITCLAIM DEED),0.31,False,AR
16-19750-000,3/27/1984,0.0,WD(WARRANTY DEED),0.31,False,AR
16-19751-000,2/7/2022,0.0,RD(REDEMPTION DEED),0.26,False,AR
16-19751-000,2/3/2015,1000.0,SWD(SPECIAL WARRANTY DEED),0.26,False,AR
16-19751-000,6/18/2014,0.0,COMMD(COMMISSIONERS DEED),0.26,False,AR
16-19751-000,8/22/2013,0.0,RD(REDEMPTION DEED),0.26,False,AR
16-19751-000,3/18/2009,0.0,QCD(QUITCLAIM DEED),0.26,False,AR
16-19751-000,11/24/2008,0.0,WD(WARRANTY DEED),0.26,False,AR
16-19751-000,2/18/2005,1000.0,WD(WARRANTY DEED),0.26,False,AR
16-19751-000,4/18/1995,0.0,QCD(QUITCLAIM DEED),0.26,False,AR
16-19751-000,8/1/1983,0.0,WD(WARRANTY DEED),0.26,False,AR
16-19752-000,4/8/2021,0.0,LWD(LIMITED WARRANTY DEED),0.25,False,FL
16-19752-000,8/28/2009,1451000.0,QCD(QUITCLAIM DEED),0.25,False,FL
16-19752-000,8/21/2009,402000.0,DEED(GRANT DEED),0.25,False,FL
16-19752-000,11/24/2008,0.0,WD(WARRANTY DEED),0.25,False,FL
16-19752-000,3/20/2006,9000.0,WD(WARRANTY DEED),0.25,False,FL
16-19752-000,8/7/1996,6000.0,WD(WARRANTY DEED),0.25,False,FL
16-19752-000,9/23/1981,0.0,HIST(HISTORICAL),0.25,False,FL
16-19752-000,10/11/1976,6000.0,WD(WARRANTY DEED),0.25,False,FL
16-19753-000,7/2/2021,18000.0,WD(WARRANTY DEED),0.28,False,AR
16-19753-000,4/8/2008,200000.0,WD(WARRANTY DEED),0.28,False,AR
16-19753-000,1/30/2008,200000.0,CORRWD(CORRECTED WARRANTY DEED),0.28,False,AR
16-19753-000,1/30/2008,200000.0,WD(WARRANTY DEED),0.28,False,AR
16-19753-000,6/29/2006,1000.0,CORRWD(CORRECTED WARRANTY DEED),0.28,False,AR
16-19753-000,6/13/2006,22000.0,WD(WARRANTY DEED),0.28,False,AR
16-19753-000,5/4/2006,4000.0,WD(WARRANTY DEED),0.28,False,AR
16-19753-000,5/16/2003,1000.0,WD(WARRANTY DEED),0.28,False,AR
16-19753-000,9/19/2000,0.0,RD(REDEMPTION DEED),0.28,False,AR
16-19753-000,8/28/2000,0.0,WD(WARRANTY DEED),0.28,False,AR
16-19753-000,8/8/1997,1000.0,WD(WARRANTY DEED),0.28,False,AR
16-19753-000,8/8/1997,1000.0,WD(WARRANTY DEED),0.28,False,AR
16-19753-000,1/24/1990,5000.0,WD(WARRANTY DEED),0.28,False,AR
16-19754-000,7/2/2021,18000.0,WD(WARRANTY DEED),0.28,False,AR
16-19754-000,4/8/2008,200000.0,WD(WARRANTY DEED),0.28,False,AR
16-19754-000,1/30/2008,200000.0,CORRWD(CORRECTED WARRANTY DEED),0.28,False,AR
16-19754-000,1/30/2008,200000.0,WD(WARRANTY DEED),0.28,False,AR
16-19754-000,6/13/2006,22000.0,WD(WARRANTY DEED),0.28,False,AR
16-19754-000,5/4/2006,5000.0,WD(WARRANTY DEED),0.28,False,AR
16-19754-000,2/8/1982,7000.0,WD(WARRANTY DEED),0.28,False,AR
16-19755-000,4/8/2021,0.0,LWD(LIMITED WARRANTY DEED),0.3,False,FL
16-19755-000,8/28/2009,1451000.0,QCD(QUITCLAIM DEED),0.3,False,FL
16-19755-000,8/21/2009,402000.0,DEED(GRANT DEED),0.3,False,FL
16-19755-000,9/15/2008,0.0,DEED(GRANT DEED),0.3,False,FL
16-19755-000,3/31/2006,430000.0,WD(WARRANTY DEED),0.3,False,FL
16-19755-000,10/14/2005,5000.0,WD(WARRANTY DEED),0.3,False,FL
16-19755-000,11/2/1995,5000.0,WD(WARRANTY DEED),0.3,False,FL
16-19755-000,8/5/1993,7000.0,WD(WARRANTY DEED),0.3,False,FL
16-19755-000,8/15/1984,0.0,WD(WARRANTY DEED),0.3,False,FL
16-19755-000,8/13/1984,0.0,WD(WARRANTY DEED),0.3,False,FL
16-19756-000,2/17/1984,0.0,WD(WARRANTY DEED),0.33,False,TX
16-19757-000,10/15/2024,12000.0,WD(WARRANTY DEED),0.22,False,AR
16-19757-000,6/21/2001,0.0,RD(REDEMPTION DEED),0.22,False,AR
16-19757-000,10/3/1999,0.0,QCD(QUITCLAIM DEED),0.22,False,AR
16-19757-000,9/12/1979,6000.0,WD(WARRANTY DEED),0.22,False,AR
16-19758-000,11/25/2024,8000.0,WD(WARRANTY DEED),0.23,False,AR
16-19758-000,4/3/2007,12000.0,WD(WARRANTY DEED),0.23,False,AR
16-19758-000,8/23/2005,4000.0,WD(WARRANTY DEED),0.23,False,AR
16-19758-000,10/17/1995,0.0,DC(DEATH CERTIFICATE),0.23,False,AR
16-19758-000,11/15/1983,6000.0,WD(WARRANTY DEED),0.23,False,AR
16-19759-000,9/18/2024,9000.0,COMMD(COMMISSIONERS DEED),0.23,False,AR
16-19759-000,8/30/1989,0.0,QCD(QUITCLAIM DEED),0.23,False,AR
16-19759-000,12/28/1983,6000.0,WD(WARRANTY DEED),0.23,False,AR
16-19760-000,4/29/2025,15000.0,WD(WARRANTY DEED),0.32,False,AR
16-19760-000,10/21/2021,3000.0,WD(WARRANTY DEED),0.32,False,AR
16-19760-000,11/16/2006,0.0,DEC(DECREE),0.32,False,AR
16-19760-000,6/20/1990,0.0,RD(REDEMPTION DEED),0.32,False,AR
16-19760-000,5/15/1990,0.0,COMMD(COMMISSIONERS DEED),0.32,False,AR
16-19760-000,9/7/1983,0.0,WD(WARRANTY DEED),0.32,False,AR
16-19760-000,1/1/1800,0.0,COMMD(COMMISSIONERS DEED),0.32,False,AR
16-19761-000,4/4/2019,160000.0,WD(WARRANTY DEED),0.2,True,AR
16-19761-000,4/3/2008,144000.0,WD(WARRANTY DEED),0.2,True,AR
16-19761-000,8/24/2005,139000.0,WD(WARRANTY DEED),0.2,True,AR
16-19761-000,5/18/2004,0.0,WD(WARRANTY DEED),0.2,True,AR
16-19761-000,4/21/2004,2000.0,WD(WARRANTY DEED),0.2,True,AR
16-19761-000,2/3/1992,0.0,QCD(QUITCLAIM DEED),0.2,True,AR
16-19761-000,11/1/1991,0.0,CONT(CONTRACT),0.2,True,AR
16-19761-000,8/26/1990,0.0,CONT(CONTRACT),0.2,True,AR
16-19761-000,7/23/1990,0.0,CONT(CONTRACT),0.2,True,AR
16-19761-000,7/23/1985,0.0,CONT(CONTRACT),0.2,True,AR
16-19761-000,8/16/1922,0.0,WD(WARRANTY DEED),0.2,True,AR
16-19762-000,4/4/2019,160000.0,WD(WARRANTY DEED),0.23,False,AR
16-19762-000,4/3/2008,144000.0,WD(WARRANTY DEED),0.23,False,AR
16-19762-000,8/24/2005,139000.0,WD(WARRANTY DEED),0.23,False,AR
16-19762-000,8/17/2004,4000.0,WD(WARRANTY DEED),0.23,False,AR
16-19762-000,5/9/1980,0.0,WD(WARRANTY DEED),0.23,False,AR
16-19763-000,11/7/2024,0.0,QCD(QUITCLAIM DEED),0.25,False,AR
16-19763-000,10/5/2021,0.0,LWD(LIMITED WARRANTY DEED),0.25,False,AR
16-19763-000,8/8/2007,20000.0,WD(WARRANTY DEED),0.25,False,AR
16-19763-000,10/31/2005,5000.0,WD(WARRANTY DEED),0.25,False,AR
16-19763-000,6/9/1983,0.0,WD(WARRANTY DEED),0.25,False,AR
16-19764-000,10/24/2023,3000.0,COMMD(COMMISSIONERS DEED),0.24,False,AR
16-19764-000,7/1/2016,17900.0,WD(WARRANTY DEED),0.24,False,AR
16-19764-000,10/5/2011,0.0,QCD(QUITCLAIM DEED),0.24,False,AR
16-19764-000,10/5/2011,1693333.0,CORRQC(CORRECTED QUIT CLAIM DEED),0.24,False,AR
16-19764-000,11/24/2008,0.0,WD(WARRANTY DEED),0.24,False,AR
16-19764-000,8/30/2005,2000.0,WD(WARRANTY DEED),0.24,False,AR
16-19764-000,10/22/1999,1000.0,WD(WARRANTY DEED),0.24,False,AR
16-19764-000,11/1/1981,0.0,CONT(CONTRACT),0.24,False,AR
16-19764-000,10/13/1981,7000.0,WD(WARRANTY DEED),0.24,False,AR
16-19764-000,12/27/1980,0.0,DC(DEATH CERTIFICATE),0.24,False,AR
16-19765-000,7/24/2023,0.0,BD(BENEFICIARY DEED),0.25,False,AR
16-19765-000,1/3/2022,0.0,RD(REDEMPTION DEED),0.25,False,AR
16-19765-000,12/16/2021,5000.0,WD(WARRANTY DEED),0.25,False,AR
16-19765-000,8/20/2009,0.0,QCD(QUITCLAIM DEED),0.25,False,AR
16-19765-000,11/24/2008,0.0,WD(WARRANTY DEED),0.25,False,AR
16-19765-000,2/23/2005,1000.0,WD(WARRANTY DEED),0.25,False,AR
16-19765-000,4/20/1995,0.0,QCD(QUITCLAIM DEED),0.25,False,AR
16-19765-000,7/12/1983,0.0,WD(WARRANTY DEED),0.25,False,AR
16-19766-000,7/24/2023,0.0,BD(BENEFICIARY DEED),0.29,False,AR
16-19766-000,3/10/2021,4000.0,COMMD(COMMISSIONERS DEED),0.29,False,AR
16-19766-000,10/7/2020,0.0,RD(REDEMPTION DEED),0.29,False,AR
16-19766-000,8/28/2009,1451000.0,QCD(QUITCLAIM DEED),0.29,False,AR
16-19766-000,8/21/2009,402000.0,DEED(GRANT DEED),0.29,False,AR
16-19766-000,9/15/2008,0.0,DEED(GRANT DEED),0.29,False,AR
16-19766-000,8/4/2005,5000.0,WD(WARRANTY DEED),0.29,False,AR
16-19766-000,3/16/2005,0.0,WD(WARRANTY DEED),0.29,False,AR
16-19766-000,2/24/2005,0.0,WD(WARRANTY DEED),0.29,False,AR
16-19766-000,10/12/2001,0.0,MEMO(MEMORANDUM),0.29,False,AR
16-19766-000,10/12/2001,0.0,WD(WARRANTY DEED),0.29,False,AR
16-19766-000,11/7/1989,1000.0,WD(WARRANTY DEED),0.29,False,AR
16-19766-000,2/25/1988,0.0,WD(WARRANTY DEED),0.29,False,AR
16-19766-000,11/15/1983,6000.0,WD(WARRANTY DEED),0.29,False,AR
16-19767-000,7/28/2020,0.0,LWD(LIMITED WARRANTY DEED),0.26,False,MO
16-19767-000,2/4/2013,78000.0,WD(WARRANTY DEED),0.26,False,MO
16-19767-000,1/16/2013,32000.0,SWD(SPECIAL WARRANTY DEED),0.26,False,MO
16-19767-000,3/8/2010,0.0,COMMD(COMMISSIONERS DEED),0.26,False,MO
16-19767-000,1/18/2007,130000.0,WD(WARRANTY DEED),0.26,False,MO
16-19767-000,10/6/2006,6000.0,WD(WARRANTY DEED),0.26,False,MO
16-19767-000,2/11/2004,0.0,QCD(QUITCLAIM DEED),0.26,False,MO
16-19767-000,11/14/2002,0.0,QCD(QUITCLAIM DEED),0.26,False,MO
16-19767-000,2/12/1988,1000.0,WD(WARRANTY DEED),0.26,False,MO
16-19767-000,8/3/1987,29000.0,WD(WARRANTY DEED),0.26,False,MO
16-19767-000,1/31/1983,6000.0,WD(WARRANTY DEED),0.26,False,MO
16-19768-000,5/28/2024,0.0,QCD(QUITCLAIM DEED),0.31,False,SD
16-19768-000,10/10/1996,0.0,QCD(QUITCLAIM DEED),0.31,False,SD
16-19768-000,8/24/1983,6000.0,WD(WARRANTY DEED),0.31,False,SD
16-19769-000,8/15/2011,0.0,WD(WARRANTY DEED),0.31,False,IN
16-19769-000,6/7/2011,0.0,MEMO(MEMORANDUM),0.31,False,IN
16-19769-000,4/14/2006,6000.0,WD(WARRANTY DEED),0.31,False,IN
16-19769-000,5/25/2005,0.0,WD(WARRANTY DEED),0.31,False,IN
16-19769-000,10/14/1998,0.0,MEMO(MEMORANDUM),0.31,False,IN
16-19769-000,10/14/1998,0.0,WD(WARRANTY DEED),0.31,False,IN
16-19769-000,9/3/1998,1000.0,WD(WARRANTY DEED),0.31,False,IN
16-19769-000,8/16/1995,0.0,RD(REDEMPTION DEED),0.31,False,IN
16-19769-000,6/23/1995,1000.0,CWD(CORPORATION WARRANTY DEED),0.31,False,IN
16-19769-000,5/25/1995,0.0,COMMD(COMMISSIONERS DEED),0.31,False,IN
16-19769-000,8/16/1991,1000.0,WD(WARRANTY DEED),0.31,False,IN
16-19769-000,12/21/1990,0.0,WD(WARRANTY DEED),0.31,False,IN
16-19769-000,12/21/1990,0.0,WD(WARRANTY DEED),0.31,False,IN
16-19769-000,12/21/1990,0.0,WD(WARRANTY DEED),0.31,False,IN
16-19769-000,12/12/1986,4500.0,WD(WARRANTY DEED),0.31,False,IN
16-19770-000,10/9/2024,14000.0,WD(WARRANTY DEED),0.29,False,AR
16-19770-000,2/27/2024,1000.0,QCD(QUITCLAIM DEED),0.29,False,AR
16-19770-000,2/13/2024,0.0,CORRQC(CORRECTED QUIT CLAIM DEED),0.29,False,AR
16-19770-000,1/17/2024,6100.0,SWD(SPECIAL WARRANTY DEED),0.29,False,AR
16-19770-000,8/31/2023,2000.0,QCD(QUITCLAIM DEED),0.29,False,AR
16-19770-000,10/19/2020,400.0,SWD(SPECIAL WARRANTY DEED),0.29,False,AR
16-19770-000,8/14/2020,0.0,LWD(LIMITED WARRANTY DEED),0.29,False,AR
16-19770-000,8/28/2009,1451000.0,QCD(QUITCLAIM DEED),0.29,False,AR
16-19770-000,8/21/2009,402000.0,DEED(GRANT DEED),0.29,False,AR
16-19770-000,9/15/2008,0.0,DEED(GRANT DEED),0.29,False,AR
16-19770-000,3/20/2006,450000.0,WD(WARRANTY DEED),0.29,False,AR
16-19770-000,9/23/2005,5000.0,WD(WARRANTY DEED),0.29,False,AR
16-19770-000,12/9/2004,0.0,QCD(QUITCLAIM DEED),0.29,False,AR
16-19770-000,8/16/2004,0.0,WD(WARRANTY DEED),0.29,False,AR
16-19770-000,12/7/1998,0.0,QCD(QUITCLAIM DEED),0.29,False,AR
16-19770-000,7/9/1998,1000.0,WD(WARRANTY DEED),0.29,False,AR
16-19770-000,10/30/1979,6000.0,WD(WARRANTY DEED),0.29,False,AR
16-19771-000,3/14/2024,49000.0,WD(WARRANTY DEED),0.26,False,FL
16-19771-000,4/9/2021,0.0,LWD(LIMITED WARRANTY DEED),0.26,False,FL
16-19771-000,3/12/2012,0.0,AFF(AFFIDAVIT),0.26,False,FL
16-19771-000,2/2/2012,0.0,WD(WARRANTY DEED),0.26,False,FL
16-19771-000,12/22/2011,6000.0,SWD(SPECIAL WARRANTY DEED),0.26,False,FL
16-19771-000,7/15/2011,0.0,COMMD(COMMISSIONERS DEED),0.26,False,FL
16-19771-000,6/2/2010,0.0,RD(REDEMPTION DEED),0.26,False,FL
16-19771-000,6/9/2006,0.0,RD(REDEMPTION DEED),0.26,False,FL
16-19771-000,5/3/2006,0.0,CWD(CORPORATION WARRANTY DEED),0.26,False,FL
16-19771-000,5/1/2006,5000.0,WD(WARRANTY DEED),0.26,False,FL
16-19771-000,12/15/1997,0.0,DC(DEATH CERTIFICATE),0.26,False,FL
16-19771-000,10/30/1989,7350.0,WD(WARRANTY DEED),0.26,False,FL
16-19771-000,11/12/1986,0.0,WD(WARRANTY DEED),0.26,False,FL
16-19771-000,6/29/1982,4000.0,WD(WARRANTY DEED),0.26,False,FL
16-19772-000,12/21/2021,2000.0,WD(WARRANTY DEED),0.3,False,AR
16-19772-000,10/26/2021,435.0,WD(WARRANTY DEED),0.3,False,AR
16-19772-000,10/5/2006,0.0,QCD(QUITCLAIM DEED),0.3,False,AR
16-19772-000,10/5/2006,0.0,QCD(QUITCLAIM DEED),0.3,False,AR
16-19772-000,9/22/1983,0.0,WD(WARRANTY DEED),0.3,False,AR
16-19773-000,10/14/2024,0.0,DEC(DECREE),0.28,False,AR
16-19773-000,9/26/2024,0.0,QCD(QUITCLAIM DEED),0.28,False,AR
16-19773-000,2/6/2023,4000.0,COMMD(COMMISSIONERS DEED),0.28,False,AR
16-19773-000,4/27/1987,3000.0,WD(WARRANTY DEED),0.28,False,AR
16-19774-000,12/14/2016,0.0,WD(WARRANTY DEED),0.28,False,MN
16-19774-000,5/17/2016,0.0,DC(DEATH CERTIFICATE),0.28,False,MN
16-19774-000,10/15/1992,4000.0,WD(WARRANTY DEED),0.28,False,MN
16-19774-000,8/6/1992,0.0,WD(WARRANTY DEED),0.28,False,MN
16-19774-000,1/14/1987,0.0,WD(WARRANTY DEED),0.28,False,MN
16-19774-000,4/5/1986,0.0,WD(WARRANTY DEED),0.28,False,MN
16-19774-000,3/27/1984,0.0,WD(WARRANTY DEED),0.28,False,MN
16-19774-000,2/27/1984,0.0,CONT(CONTRACT),0.28,False,MN
16-19775-000,8/21/2008,0.0,WD(WARRANTY DEED),0.28,False,IL
16-19775-000,8/13/1993,0.0,TRD(TRUSTEES DEED),0.28,False,IL
16-19775-000,10/31/1989,7500.0,WD(WARRANTY DEED),0.28,False,IL
16-19775-000,3/21/1989,0.0,WD(WARRANTY DEED),0.28,False,IL
16-19775-000,10/24/1983,9000.0,WD(WARRANTY DEED),0.28,False,IL
16-19776-000,2/4/2025,0.0,QCD(QUITCLAIM DEED),0.28,False,AR
16-19776-000,5/19/2021,10000.0,WD(WARRANTY DEED),0.28,False,AR
16-19776-000,8/17/1994,1000.0,CWD(CORPORATION WARRANTY DEED),0.28,False,AR
16-19776-000,7/20/1994,1000.0,COMMD(COMMISSIONERS DEED),0.28,False,AR
16-19776-000,7/17/1984,0.0,QCD(QUITCLAIM DEED),0.28,False,AR
16-19776-000,1/4/1984,0.0,WD(WARRANTY DEED),0.28,False,AR
16-19777-000,9/26/2022,0.0,QCD(QUITCLAIM DEED),0.28,True,AR
16-19777-000,7/9/2019,218000.0,WD(WARRANTY DEED),0.28,True,AR
16-19777-000,4/24/2014,125000.0,SWD(SPECIAL WARRANTY DEED),0.28,True,AR
16-19777-000,7/18/2013,0.0,COMMD(COMMISSIONERS DEED),0.28,True,AR
16-19777-000,7/25/2005,222000.0,WD(WARRANTY DEED),0.28,True,AR
16-19777-000,7/25/2005,222000.0,WD(WARRANTY DEED),0.28,True,AR
16-19777-000,5/7/2004,215000.0,WD(WARRANTY DEED),0.28,True,AR
16-19777-000,6/27/1995,4000.0,WD(WARRANTY DEED),0.28,True,AR
16-19777-000,5/8/1989,2730.0,WD(WARRANTY DEED),0.28,True,AR
16-19777-000,8/30/1988,4000.0,WD(WARRANTY DEED),0.28,True,AR
16-19777-000,11/9/1983,6000.0,WD(WARRANTY DEED),0.28,True,AR
16-19778-000,4/25/2005,202000.0,WD(WARRANTY DEED),0.36,True,AR
16-19778-000,5/23/2002,168000.0,WD(WARRANTY DEED),0.36,True,AR
16-19778-000,1/10/2001,3000.0,WD(WARRANTY DEED),0.36,True,AR
16-19778-000,12/23/1999,0.0,DC(DEATH CERTIFICATE),0.36,True,AR
16-19778-000,3/31/1992,0.0,WD(WARRANTY DEED),0.36,True,AR
16-19778-000,11/8/1991,0.0,QCD(QUITCLAIM DEED),0.36,True,AR
16-19778-000,10/12/1988,2000.0,WD(WARRANTY DEED),0.36,True,AR
16-19778-000,11/20/1975,6000.0,WD(WARRANTY DEED),0.36,True,AR
16-19779-000,7/28/2022,375000.0,WD(WARRANTY DEED),0.25,True,AR
16-19779-000,10/9/2019,155000.0,WD(WARRANTY DEED),0.25,True,AR
16-19779-000,4/4/2013,0.0,SWD(SPECIAL WARRANTY DEED),0.25,True,AR
16-19779-000,12/27/2012,0.0,MTG-D(MORTGAGEE'S DEED),0.25,True,AR
16-19779-000,7/31/2006,0.0,WD(WARRANTY DEED),0.25,True,AR
16-19779-000,4/18/2006,149000.0,WD(WARRANTY DEED),0.25,True,AR
16-19779-000,9/20/2005,8000.0,WD(WARRANTY DEED),0.25,True,AR
16-19779-000,6/13/2005,120000.0,CWD(CORPORATION WARRANTY DEED),0.25,True,AR
16-19779-000,7/28/2004,0.0,WD(WARRANTY DEED),0.25,True,AR
16-19779-000,6/27/1997,0.0,QCD(QUITCLAIM DEED),0.25,True,AR
16-19779-000,9/18/1991,0.0,AFF(AFFIDAVIT),0.25,True,AR
16-19779-000,4/24/1990,1000.0,WD(WARRANTY DEED),0.25,True,AR
16-19779-000,6/1/1984,7000.0,WD(WARRANTY DEED),0.25,True,AR
16-19780-000,7/28/2022,375000.0,WD(WARRANTY DEED),0.25,False,AR
16-19780-000,11/7/2019,3500.0,WD(WARRANTY DEED),0.25,False,AR
16-19780-000,10/24/2019,0.0,RD(REDEMPTION DEED),0.25,False,AR
16-19780-000,8/28/2009,1451000.0,QCD(QUITCLAIM DEED),0.25,False,AR
16-19780-000,8/21/2009,402000.0,DEED(GRANT DEED),0.25,False,AR
16-19780-000,9/15/2008,0.0,DEED(GRANT DEED),0.25,False,AR
16-19780-000,3/31/2005,2000.0,WD(WARRANTY DEED),0.25,False,AR
16-19780-000,8/25/2000,1000.0,QCD(QUITCLAIM DEED),0.25,False,AR
16-19780-000,11/14/1986,3000.0,WD(WARRANTY DEED),0.25,False,AR
16-19780-000,1/1/1800,0.0,DC(DEATH CERTIFICATE),0.25,False,AR
16-19781-000,6/22/2021,0.0,CORRWD(CORRECTED WARRANTY DEED),0.25,False,AR
16-19781-000,6/22/2021,7000.0,WD(WARRANTY DEED),0.25,False,AR
16-19781-000,6/9/1989,1000.0,WD(WARRANTY DEED),0.25,False,AR
16-19781-000,8/29/1983,0.0,WD(WARRANTY DEED),0.25,False,AR
16-19782-000,12/16/2014,0.0,QCD(QUITCLAIM DEED),0.25,False,AR
16-19782-000,7/15/2014,400.0,WD(WARRANTY DEED),0.25,False,AR
16-19782-000,6/16/2014,0.0,QCD(QUITCLAIM DEED),0.25,False,AR
16-19782-000,4/10/2001,1000.0,COMMD(COMMISSIONERS DEED),0.25,False,AR
16-19782-000,4/9/2001,0.0,RD(REDEMPTION DEED),0.25,False,AR
16-19782-000,11/18/1983,5000.0,WD(WARRANTY DEED),0.25,False,AR
16-19783-000,7/7/2023,15000.0,COMMD(COMMISSIONERS DEED),0.28,False,AR
16-19783-000,4/9/1985,6000.0,WD(WARRANTY DEED),0.28,False,AR
16-19783-000,4/10/1978,6000.0,WD(WARRANTY DEED),0.28,False,AR
16-19784-000,10/1/2021,6000.0,WD(WARRANTY DEED),0.22,False,AR
16-19784-000,7/15/2020,4000.0,WD(WARRANTY DEED),0.22,False,AR
16-19784-000,7/14/2020,0.0,QCD(QUITCLAIM DEED),0.22,False,AR
16-19784-000,3/19/2009,0.0,QCD(QUITCLAIM DEED),0.22,False,AR
16-19784-000,1/18/2005,1000.0,CORRQC(CORRECTED QUIT CLAIM DEED),0.22,False,AR
16-19784-000,1/5/2005,3000.0,WD(WARRANTY DEED),0.22,False,AR
16-19784-000,8/21/2003,1000.0,QCD(QUITCLAIM DEED),0.22,False,AR
16-19784-000,8/21/2003,0.0,QCD(QUITCLAIM DEED),0.22,False,AR
16-19784-000,9/11/1981,6000.0,WD(WARRANTY DEED),0.22,False,AR
16-19784-000,9/4/1981,6000.0,WD(WARRANTY DEED),0.22,False,AR
16-19785-000,4/13/2022,0.0,QCD(QUITCLAIM DEED),0.24,False,MO
16-19785-000,3/15/2022,10000.0,CORRWD(CORRECTED WARRANTY DEED),0.24,False,MO
16-19785-000,3/15/2022,10000.0,LWD(LIMITED WARRANTY DEED),0.24,False,MO
16-19785-000,3/15/2021,0.0,LWD(LIMITED WARRANTY DEED),0.24,False,MO
16-19785-000,8/28/2009,1451000.0,QCD(QUITCLAIM DEED),0.24,False,MO
16-19785-000,8/21/2009,402000.0,DEED(GRANT DEED),0.24,False,MO
16-19785-000,9/15/2008,0.0,DEED(GRANT DEED),0.24,False,MO
16-19785-000,5/16/2005,1000.0,WD(WARRANTY DEED),0.24,False,MO
16-19785-000,10/9/2001,1000.0,WD(WARRANTY DEED),0.24,False,MO
16-19785-000,10/9/2001,0.0,DC(DEATH CERTIFICATE),0.24,False,MO
16-19785-000,10/18/1999,0.0,RD(REDEMPTION DEED),0.24,False,MO
16-19785-000,2/22/1984,6000.0,WD(WARRANTY DEED),0.24,False,MO
16-19786-000,12/23/2020,196000.0,WD(WARRANTY DEED),0.24,True,AR
16-19786-000,12/22/2020,0.0,QCD(QUITCLAIM DEED),0.24,True,AR
16-19786-000,8/5/2015,137000.0,WD(WARRANTY DEED),0.24,True,AR
16-19786-000,5/18/2011,129000.0,CWD(CORPORATION WARRANTY DEED),0.24,True,AR
16-19786-000,8/24/2010,50000.0,CWD(CORPORATION WARRANTY DEED),0.24,True,AR
16-19786-000,2/26/2010,0.0,WD(WARRANTY DEED),0.24,True,AR
16-19786-000,7/14/2006,117000.0,WD(WARRANTY DEED),0.24,True,AR
16-19786-000,7/31/1981,0.0,WD(WARRANTY DEED),0.24,True,AR
16-19787-000,4/14/2025,823662.0,WD(WARRANTY DEED),0.28,True,AR
16-19787-000,10/5/2021,9500.0,WD(WARRANTY DEED),0.28,True,AR
16-19787-000,8/11/2021,8000.0,WD(WARRANTY DEED),0.28,True,AR
16-19787-000,6/8/2007,15000.0,WD(WARRANTY DEED),0.28,True,AR
16-19787-000,6/14/2005,2000.0,WD(WARRANTY DEED),0.28,True,AR
16-19787-000,1/5/1998,1000.0,WD(WARRANTY DEED),0.28,True,AR
16-19787-000,10/26/1990,0.0,CONT(CONTRACT),0.28,True,AR
16-19787-000,7/16/1990,0.0,CONT(CONTRACT),0.28,True,AR
16-19787-000,4/24/1985,0.0,CONT(CONTRACT),0.28,True,AR
16-19787-000,7/2/1984,0.0,CONT(CONTRACT),0.28,True,AR
16-19787-000,2/24/1984,0.0,CONT(CONTRACT),0.28,True,AR
16-19788-000,6/23/2020,0.0,LWD(LIMITED WARRANTY DEED),0.28,False,AR
16-19788-000,6/21/2001,0.0,RD(REDEMPTION DEED),0.28,False,AR
16-19788-000,7/18/2000,0.0,QCD(QUITCLAIM DEED),0.28,False,AR
16-19788-000,9/20/1994,1000.0,WD(WARRANTY DEED),0.28,False,AR
16-19788-000,9/19/1994,1000.0,CWD(CORPORATION WARRANTY DEED),0.28,False,AR
16-19788-000,5/16/1991,3000.0,WD(WARRANTY DEED),0.28,False,AR
16-19788-000,9/2/1977,6000.0,WD(WARRANTY DEED),0.28,False,AR
16-19789-000,9/24/1997,5000.0,WD(WARRANTY DEED),0.28,False,IA
16-19789-000,11/26/1982,0.0,CONT(CONTRACT),0.28,False,IA
16-19789-000,8/18/1976,6000.0,WD(WARRANTY DEED),0.28,False,IA
16-19790-000,1/21/2021,10000.0,SWD(SPECIAL WARRANTY DEED),0.29,False,AR
16-19790-000,10/20/2020,0.0,QCD(QUITCLAIM DEED),0.29,False,AR
16-19790-000,7/23/2020,3000.0,COMMD(COMMISSIONERS DEED),0.29,False,AR
16-19790-000,4/27/2017,0.0,RD(REDEMPTION DEED),0.29,False,AR
16-19790-000,7/9/2007,13000.0,WD(WARRANTY DEED),0.29,False,AR
16-19790-000,9/6/2005,4000.0,WD(WARRANTY DEED),0.29,False,AR
16-19790-000,7/23/1981,7000.0,WD(WARRANTY DEED),0.29,False,AR
16-19791-000,8/25/2020,5750.0,WD(WARRANTY DEED),0.28,False,TX
16-19791-000,12/21/2005,7000.0,WD(WARRANTY DEED),0.28,False,TX
16-19791-000,3/18/2005,5000.0,WD(WARRANTY DEED),0.28,False,TX
16-19791-000,7/25/1990,0.0,CONT(CONTRACT),0.28,False,TX
16-19791-000,4/21/1990,7000.0,WD(WARRANTY DEED),0.28,False,TX
16-19791-000,8/11/1976,6000.0,WD(WARRANTY DEED),0.28,False,TX
16-19792-000,4/29/2022,257000.0,WD(WARRANTY DEED),0.32,True,AR
16-19792-000,3/17/2020,2000.0,WD(WARRANTY DEED),0.32,True,AR
16-19792-000,7/13/2010,0.0,QCD(QUITCLAIM DEED),0.32,True,AR
16-19792-000,3/31/1993,0.0,DC(DEATH CERTIFICATE),0.32,True,AR
16-19792-000,6/10/1988,1000.0,WD(WARRANTY DEED),0.32,True,AR
16-19792-000,1/7/1986,0.0,WD(WARRANTY DEED),0.32,True,AR
16-19792-000,10/29/1981,6000.0,WD(WARRANTY DEED),0.32,True,AR
16-19793-000,9/17/2010,0.0,WD(WARRANTY DEED),0.28,False,AK
16-19793-000,8/28/2010,0.0,DC(DEATH CERTIFICATE),0.28,False,AK
16-19793-000,11/10/2007,0.0,DC(DEATH CERTIFICATE),0.28,False,AK
16-19793-000,7/26/2000,0.0,WD(WARRANTY DEED),0.28,False,AK
16-19793-000,6/23/1995,1000.0,CWD(CORPORATION WARRANTY DEED),0.28,False,AK
16-19793-000,6/23/1995,1000.0,WD(WARRANTY DEED),0.28,False,AK
16-19793-000,6/6/1995,1000.0,CWD(CORPORATION WARRANTY DEED),0.28,False,AK
16-19793-000,6/6/1995,1000.0,WD(WARRANTY DEED),0.28,False,AK
16-19793-000,3/6/1995,1000.0,WD(WARRANTY DEED),0.28,False,AK
16-19793-000,3/6/1995,1000.0,CWD(CORPORATION WARRANTY DEED),0.28,False,AK
16-19793-000,7/1/1991,0.0,DC(DEATH CERTIFICATE),0.28,False,AK
16-19793-000,8/15/1985,0.0,CONT(CONTRACT),0.28,False,AK
16-19793-000,9/24/1984,0.0,CONT(CONTRACT),0.28,False,AK
16-19793-000,10/20/1983,6000.0,WD(WARRANTY DEED),0.28,False,AK
16-19794-000,5/2/2025,15000.0,CWD(CORPORATION WARRANTY DEED),0.33,False,MO
16-19794-000,7/23/2020,0.0,LWD(LIMITED WARRANTY DEED),0.33,False,MO
16-19794-000,2/11/2008,0.0,RD(REDEMPTION DEED),0.33,False,MO
16-19794-000,5/5/1989,4000.0,WD(WARRANTY DEED),0.33,False,MO
16-19794-000,3/19/1989,0.0,CONT(CONTRACT),0.33,False,MO
16-19794-000,1/15/1987,4000.0,DEED(GRANT DEED),0.33,False,MO
16-19794-000,5/15/1984,0.0,DC(DEATH CERTIFICATE),0.33,False,MO
16-19794-000,7/14/1983,0.0,WD(WARRANTY DEED),0.33,False,MO
16-19795-000,3/27/2025,20000.0,WD(WARRANTY DEED),0.28,False,TN
16-19795-000,3/29/2022,13000.0,WD(WARRANTY DEED),0.28,False,TN
16-19795-000,7/9/2010,6667.0,SWD(SPECIAL WARRANTY DEED),0.28,False,TN
16-19795-000,6/15/2010,0.0,SWD(SPECIAL WARRANTY DEED),0.28,False,TN
16-19795-000,11/18/2005,6000.0,WD(WARRANTY DEED),0.28,False,TN
16-19795-000,9/28/1998,1000.0,WD(WARRANTY DEED),0.28,False,TN
16-19795-000,4/3/1980,0.0,ADMN(ADMINISTRATORS DEED),0.28,False,TN
16-19796-000,9/12/2019,1000.0,WD(WARRANTY DEED),0.24,False,AR
16-19796-000,1/13/2017,0.0,DC(DEATH CERTIFICATE),0.24,False,AR
16-19796-000,2/16/1984,6000.0,WD(WARRANTY DEED),0.24,False,AR
16-19797-000,3/4/2009,0.0,CERT(CERTIFICATE),0.22,False,AR
16-19797-000,1/5/2005,0.0,WD(WARRANTY DEED),0.22,False,AR
16-19797-000,1/16/1998,0.0,QCD(QUITCLAIM DEED),0.22,False,AR
16-19797-000,1/15/1998,0.0,QCD(QUITCLAIM DEED),0.22,False,AR
16-19797-000,12/21/1984,7000.0,WD(WARRANTY DEED),0.22,False,AR
16-19798-000,4/8/2022,337000.0,WD(WARRANTY DEED),0.28,True,AR
16-19798-000,6/1/2018,175000.0,WD(WARRANTY DEED),0.28,True,AR
16-19798-000,12/31/1991,4000.0,WD(WARRANTY DEED),0.28,True,AR
16-19798-000,10/11/1990,0.0,CONT(CONTRACT),0.28,True,AR
16-19798-000,11/13/1989,0.0,CONT(CONTRACT),0.28,True,AR
16-19798-000,1/4/1984,0.0,WD(WARRANTY DEED),0.28,True,AR
16-19799-000,3/31/2025,333500.0,WD(WARRANTY DEED),0.28,False,NC
16-19799-000,7/20/2018,170000.0,SWD(SPECIAL WARRANTY DEED),0.28,False,NC
16-19799-000,12/12/2017,0.0,AFF(AFFIDAVIT),0.28,False,NC
16-19799-000,3/1/2016,15000.0,WD(WARRANTY DEED),0.28,False,NC
16-19799-000,1/18/2005,6000.0,WD(WARRANTY DEED),0.28,False,NC
16-19799-000,1/18/2005,0.0,MEMO(MEMORANDUM),0.28,False,NC
16-19799-000,12/3/1996,1000.0,WD(WARRANTY DEED),0.28,False,NC
16-19799-000,10/10/1996,1000.0,COMMD(COMMISSIONERS DEED),0.28,False,NC
16-19799-000,9/13/1983,6000.0,WD(WARRANTY DEED),0.28,False,NC
16-19800-000,3/31/2025,333500.0,WD(WARRANTY DEED),0.27,True,NC
16-19800-000,7/20/2018,170000.0,SWD(SPECIAL WARRANTY DEED),0.27,True,NC
16-19800-000,9/18/2017,4000.0,WD(WARRANTY DEED),0.27,True,NC
16-19800-000,3/8/1984,6000.0,WD(WARRANTY DEED),0.27,True,NC
16-19801-000,8/1/2012,154500.0,WD(WARRANTY DEED),0.24,True,AR
16-19801-000,10/19/2007,0.0,WD(WARRANTY DEED),0.24,True,AR
16-19801-000,10/19/2007,0.0,POA(POWER OF ATTORNEY),0.24,True,AR
16-19801-000,9/2/2005,7000.0,WD(WARRANTY DEED),0.24,True,AR
16-19801-000,4/17/1991,0.0,OTHER(OTHER DOCUMENT),0.24,True,AR
16-19801-000,4/17/1991,0.0,OTHER(OTHER DOCUMENT),0.24,True,AR
16-19801-000,4/10/1991,0.0,OTHER(OTHER DOCUMENT),0.24,True,AR
16-19801-000,4/3/1991,0.0,OTHER(OTHER DOCUMENT),0.24,True,AR
16-19801-000,12/28/1990,0.0,DC(DEATH CERTIFICATE),0.24,True,AR
16-19801-000,8/2/1983,6000.0,WD(WARRANTY DEED),0.24,True,AR
16-19802-000,1/2/2013,118000.0,WD(WARRANTY DEED),0.25,True,AR
16-19802-000,11/9/2010,0.0,DC(DEATH CERTIFICATE),0.25,True,AR
16-19802-000,10/27/2004,6000.0,WD(WARRANTY DEED),0.25,True,AR
16-19802-000,7/19/2004,0.0,WD(WARRANTY DEED),0.25,True,AR
16-19802-000,8/3/1983,0.0,WD(WARRANTY DEED),0.25,True,AR
16-19803-000,7/7/2017,5000.0,WD(WARRANTY DEED),0.24,False,AR
16-19803-000,4/30/2010,0.0,QCD(QUITCLAIM DEED),0.24,False,AR
16-19803-000,12/16/2004,3000.0,WD(WARRANTY DEED),0.24,False,AR
16-19803-000,6/21/1983,0.0,WD(WARRANTY DEED),0.24,False,AR
16-19804-000,3/6/2015,0.0,QCD(QUITCLAIM DEED),0.24,False,AR
16-19804-000,5/1/2008,5000.0,WD(WARRANTY DEED),0.24,False,AR
16-19804-000,3/28/2008,0.0,QCD(QUITCLAIM DEED),0.24,False,AR
16-19804-000,10/22/1993,1000.0,CWD(CORPORATION WARRANTY DEED),0.24,False,AR
16-19804-000,10/20/1993,0.0,QCD(QUITCLAIM DEED),0.24,False,AR
16-19804-000,10/20/1993,0.0,QCD(QUITCLAIM DEED),0.24,False,AR
16-19804-000,10/20/1993,0.0,QCD(QUITCLAIM DEED),0.24,False,AR
16-19804-000,10/20/1993,0.0,QCD(QUITCLAIM DEED),0.24,False,AR
16-19804-000,10/20/1993,0.0,QCD(QUITCLAIM DEED),0.24,False,AR
16-19804-000,10/20/1993,0.0,QCD(QUITCLAIM DEED),0.24,False,AR
16-19804-000,11/30/1990,6000.0,WD(WARRANTY DEED),0.24,False,AR
16-19804-000,1/1/1800,0.0,HIST(HISTORICAL),0.24,False,AR
16-19805-000,5/10/2023,10.0,SWD(SPECIAL WARRANTY DEED),0.23,True,TX
16-19805-000,8/5/2022,318000.0,WD(WARRANTY DEED),0.23,True,TX
16-19805-000,8/18/2020,0.0,CORRQC(CORRECTED QUIT CLAIM DEED),0.23,True,TX
16-19805-000,8/4/2020,172000.0,WD(WARRANTY DEED),0.23,True,TX
16-19805-000,12/15/2019,0.0,DC(DEATH CERTIFICATE),0.23,True,TX
16-19805-000,12/12/2017,0.0,AFF(AFFIDAVIT),0.23,True,TX
16-19805-000,1/20/2017,0.0,QCD(QUITCLAIM DEED),0.23,True,TX
16-19805-000,3/1/2016,15000.0,WD(WARRANTY DEED),0.23,True,TX
16-19805-000,1/18/2005,6000.0,WD(WARRANTY DEED),0.23,True,TX
16-19805-000,9/30/2004,4000.0,WD(WARRANTY DEED),0.23,True,TX
16-19805-000,11/8/1989,0.0,CONT(CONTRACT),0.23,True,TX
16-19805-000,6/8/1989,0.0,CONT(CONTRACT),0.23,True,TX
16-19805-000,5/1/1982,0.0,CONT(CONTRACT),0.23,True,TX
16-19806-000,5/10/2023,10.0,SWD(SPECIAL WARRANTY DEED),0.23,False,TX
16-19806-000,8/5/2022,318000.0,WD(WARRANTY DEED),0.23,False,TX
16-19806-000,8/18/2020,0.0,CORRQC(CORRECTED QUIT CLAIM DEED),0.23,False,TX
16-19806-000,8/4/2020,172000.0,WD(WARRANTY DEED),0.23,False,TX
16-19806-000,12/15/2019,0.0,DC(DEATH CERTIFICATE),0.23,False,TX
16-19806-000,12/12/2017,0.0,AFF(AFFIDAVIT),0.23,False,TX
16-19806-000,1/20/2017,0.0,QCD(QUITCLAIM DEED),0.23,False,TX
16-19806-000,3/1/2016,15000.0,WD(WARRANTY DEED),0.23,False,TX
16-19806-000,1/18/2005,6000.0,WD(WARRANTY DEED),0.23,False,TX
16-19806-000,7/11/1997,1000.0,WD(WARRANTY DEED),0.23,False,TX
16-19806-000,2/28/1997,1000.0,WD(WARRANTY DEED),0.23,False,TX
16-19806-000,2/28/1997,1000.0,WD(WARRANTY DEED),0.23,False,TX
16-19806-000,2/22/1996,1000.0,CWD(CORPORATION WARRANTY DEED),0.23,False,TX
16-19806-000,2/8/1996,0.0,COMMD(COMMISSIONERS DEED),0.23,False,TX
16-19806-000,1/13/1995,0.0,RD(REDEMPTION DEED),0.23,False,TX
16-19806-000,6/6/1984,0.0,CONT(CONTRACT),0.23,False,TX
16-19807-000,12/15/1983,6000.0,WD(WARRANTY DEED),0.23,False,OK
16-19808-000,8/30/2024,0.0,QCD(QUITCLAIM DEED),0.23,False,AR
16-19808-000,6/4/2024,20000.0,WD(WARRANTY DEED),0.23,False,AR
16-19808-000,8/3/2023,0.0,QCD(QUITCLAIM DEED),0.23,False,AR
16-19808-000,10/26/2017,11000.0,CORRWD(CORRECTED WARRANTY DEED),0.23,False,AR
16-19808-000,8/19/2016,11000.0,WD(WARRANTY DEED),0.23,False,AR
16-19808-000,9/17/2004,3000.0,COMMD(COMMISSIONERS DEED),0.23,False,AR
16-19808-000,9/3/2004,0.0,RD(REDEMPTION DEED),0.23,False,AR
16-19808-000,11/5/2001,0.0,RD(REDEMPTION DEED),0.23,False,AR
16-19808-000,9/26/1978,5000.0,WD(WARRANTY DEED),0.23,False,AR
16-19809-000,8/30/2024,0.0,QCD(QUITCLAIM DEED),0.23,False,AR
16-19809-000,6/4/2024,20000.0,WD(WARRANTY DEED),0.23,False,AR
16-19809-000,8/3/2023,0.0,QCD(QUITCLAIM DEED),0.23,False,AR
16-19809-000,6/27/2018,0.0,RD(REDEMPTION DEED),0.23,False,AR
16-19809-000,6/27/2016,0.0,WD(WARRANTY DEED),0.23,False,AR
16-19809-000,3/1/2016,1000.0,QCD(QUITCLAIM DEED),0.23,False,AR
16-19809-000,7/3/2014,0.0,LWD(LIMITED WARRANTY DEED),0.23,False,AR
16-19809-000,5/8/2008,20000.0,WD(WARRANTY DEED),0.23,False,AR
16-19809-000,11/21/2005,6000.0,WD(WARRANTY DEED),0.23,False,AR
16-19809-000,1/7/2002,0.0,RD(REDEMPTION DEED),0.23,False,AR
16-19809-000,1/31/1996,5000.0,WD(WARRANTY DEED),0.23,False,AR
16-19809-000,7/23/1981,0.0,CONT(CONTRACT),0.23,False,AR
16-19809-000,10/11/1976,6000.0,WD(WARRANTY DEED),0.23,False,AR
16-19810-000,7/7/2023,15000.0,WD(WARRANTY DEED),0.24,False,AR
16-19810-000,10/26/2017,11000.0,CORRWD(CORRECTED WARRANTY DEED),0.24,False,AR
16-19810-000,8/19/2016,11000.0,WD(WARRANTY DEED),0.24,False,AR
16-19810-000,11/4/2003,3000.0,COMMD(COMMISSIONERS DEED),0.24,False,AR
16-19810-000,10/31/2003,0.0,RD(REDEMPTION DEED),0.24,False,AR
16-19810-000,4/19/1984,0.0,WD(WARRANTY DEED),0.24,False,AR
16-19811-000,8/10/2020,179000.0,WD(WARRANTY DEED),0.25,True,AR
16-19811-000,10/7/2016,145000.0,WD(WARRANTY DEED),0.25,True,AR
16-19811-000,3/1/2016,0.0,WD(WARRANTY DEED),0.25,True,AR
16-19811-000,2/5/2016,6000.0,WD(WARRANTY DEED),0.25,True,AR
16-19811-000,9/30/2005,3000.0,WD(WARRANTY DEED),0.25,True,AR
16-19811-000,7/7/1980,6000.0,WD(WARRANTY DEED),0.25,True,AR
16-19812-000,8/8/2019,0.0,QCD(QUITCLAIM DEED),0.27,False,AR
16-19812-000,5/3/1990,0.0,WD(WARRANTY DEED),0.27,False,AR
16-19812-000,3/8/1988,0.0,WD(WARRANTY DEED),0.27,False,AR
16-19812-000,3/8/1988,5000.0,WD(WARRANTY DEED),0.27,False,AR
16-19812-000,8/5/1983,0.0,WD(WARRANTY DEED),0.27,False,AR
16-19813-000,4/1/2019,200.0,SWD(SPECIAL WARRANTY DEED),0.31,False,AR
16-19813-000,1/20/2019,0.0,QCD(QUITCLAIM DEED),0.31,False,AR
16-19813-000,11/24/2009,0.0,CORRWD(CORRECTED WARRANTY DEED),0.31,False,AR
16-19813-000,8/25/2005,9000.0,WD(WARRANTY DEED),0.31,False,AR
16-19813-000,7/20/2002,0.0,DC(DEATH CERTIFICATE),0.31,False,AR
16-19813-000,7/19/1995,1000.0,CWD(CORPORATION WARRANTY DEED),0.31,False,AR
16-19813-000,3/8/1988,0.0,WD(WARRANTY DEED),0.31,False,AR
16-19813-000,3/8/1988,6000.0,WD(WARRANTY DEED),0.31,False,AR
16-19813-000,1/14/1986,0.0,CONT(CONTRACT),0.31,False,AR
16-19813-000,4/14/1985,0.0,CONT(CONTRACT),0.31,False,AR
16-19813-000,4/19/1979,6000.0,WD(WARRANTY DEED),0.31,False,AR
16-19814-000,9/22/2011,0.0,QCD(QUITCLAIM DEED),1.09,True,AR
16-19814-000,12/22/2010,0.0,QCD(QUITCLAIM DEED),1.09,True,AR
16-19814-000,12/30/1971,0.0,WD(WARRANTY DEED),1.09,True,AR
16-19814-001,12/30/1971,0.0,WD(WARRANTY DEED),0.23,False,AR
16-19815-000,"1,795",359.0,359,16.29,False,AR
16-19815-000,0,0.0,0,16.29,False,AR
16-19815-000,"1,795",359.0,359,16.29,False,AR
16-19815-000,,359.0,359,16.29,False,AR
16-19815-000,,0.06193,0.06193,16.29,False,AR
16-19815-000,,3.26,3.26,16.29,False,AR
16-19815-001,0,0.0,0,5.6,False,AR
16-19815-001,0,0.0,0,5.6,False,AR
16-19815-001,0,0.0,0,5.6,False,AR
16-19815-001,,0.0,0,5.6,False,AR
16-19815-001,,0.06193,0.06193,5.6,False,AR
16-23611-000,6/8/2021,0.0,AFF(AFFIDAVIT),0.36,False,AR
16-23611-000,4/6/2021,4000.0,WD(WARRANTY DEED),0.36,False,AR
16-23611-000,12/3/2008,0.0,WD(WARRANTY DEED),0.36,False,AR
16-23611-000,8/6/1981,0.0,WD(WARRANTY DEED),0.36,False,AR
16-23612-000,3/17/2000,2000.0,WD(WARRANTY DEED),0.38,False,AR
16-23612-000,6/22/1990,0.0,WD(WARRANTY DEED),0.38,False,AR
16-23612-000,6/12/1990,2000.0,WD(WARRANTY DEED),0.38,False,AR
16-23612-000,6/20/1986,2000.0,WD(WARRANTY DEED),0.38,False,AR
16-23612-000,11/11/1982,5000.0,WD(WARRANTY DEED),0.38,False,AR
16-23613-000,12/3/1999,3000.0,WD(WARRANTY DEED),0.28,True,AR
16-23613-000,6/21/1982,6000.0,WD(WARRANTY DEED),0.28,True,AR
16-23614-000,12/3/2003,1000.0,WD(WARRANTY DEED),0.29,False,AR
16-23614-000,10/9/1996,4000.0,WD(WARRANTY DEED),0.29,False,AR
16-23614-000,8/3/1981,0.0,CONT(CONTRACT),0.29,False,AR
16-23615-000,10/28/2003,1000.0,WD(WARRANTY DEED),0.39,False,AR
16-23615-000,4/8/1993,2000.0,WD(WARRANTY DEED),0.39,False,AR
16-23615-000,9/22/1992,1000.0,WD(WARRANTY DEED),0.39,False,AR
16-23615-000,9/14/1992,1000.0,WD(WARRANTY DEED),0.39,False,AR
16-23615-000,7/10/1987,3500.0,WD(WARRANTY DEED),0.39,False,AR
16-23616-000,8/29/2005,0.0,TRD(TRUSTEES DEED),0.32,False,AR
16-23616-000,12/30/1993,0.0,QCD(QUITCLAIM DEED),0.32,False,AR
16-23616-000,4/6/1988,1000.0,WD(WARRANTY DEED),0.32,False,AR
16-23616-000,5/17/1985,0.0,CONT(CONTRACT),0.32,False,AR
16-23616-000,12/10/1980,0.0,CONT(CONTRACT),0.32,False,AR
16-23617-000,9/17/1993,0.0,WD(WARRANTY DEED),0.31,False,AR
16-23617-000,8/5/1992,1000.0,WD(WARRANTY DEED),0.31,False,AR
16-23617-000,8/5/1992,1000.0,WD(WARRANTY DEED),0.31,False,AR
16-23617-000,1/26/1982,5000.0,WD(WARRANTY DEED),0.31,False,AR
16-23618-000,2/18/2003,1000.0,WD(WARRANTY DEED),0.31,False,NE
16-23618-000,1/28/1994,0.0,DC(DEATH CERTIFICATE),0.31,False,NE
16-23618-000,7/9/1982,4000.0,WD(WARRANTY DEED),0.31,False,NE
16-23619-000,1/13/2023,0.0,CERT(CERTIFICATE),0.33,False,AR
16-23619-000,2/28/2014,0.0,WD(WARRANTY DEED),0.33,False,AR
16-23619-000,9/17/2010,0.0,RD(REDEMPTION DEED),0.33,False,AR
16-23619-000,5/28/2010,0.0,SWD(SPECIAL WARRANTY DEED),0.33,False,AR
16-23619-000,12/7/2009,0.0,MTG-D(MORTGAGEE'S DEED),0.33,False,AR
16-23619-000,4/15/2002,3000.0,WD(WARRANTY DEED),0.33,False,AR
16-23619-000,4/18/1991,0.0,DC(DEATH CERTIFICATE),0.33,False,AR
16-23619-000,12/15/1983,6000.0,WD(WARRANTY DEED),0.33,False,AR
16-23620-000,1/13/2023,0.0,CERT(CERTIFICATE),0.44,True,AR
16-23620-000,2/28/2014,0.0,WD(WARRANTY DEED),0.44,True,AR
16-23620-000,5/28/2010,0.0,SWD(SPECIAL WARRANTY DEED),0.44,True,AR
16-23620-000,12/7/2009,0.0,MTG-D(MORTGAGEE'S DEED),0.44,True,AR
16-23620-000,4/15/2002,154000.0,WD(WARRANTY DEED),0.44,True,AR
16-23620-000,9/28/2001,0.0,OR(ORDER),0.44,True,AR
16-23620-000,12/21/2000,143000.0,WD(WARRANTY DEED),0.44,True,AR
16-23620-000,6/19/1997,6000.0,WD(WARRANTY DEED),0.44,True,AR
16-23620-000,6/23/1995,3000.0,WD(WARRANTY DEED),0.44,True,AR
16-23620-000,12/15/1993,2000.0,WD(WARRANTY DEED),0.44,True,AR
16-23620-000,12/15/1993,0.0,WD(WARRANTY DEED),0.44,True,AR
16-23620-000,8/29/1982,0.0,CONT(CONTRACT),0.44,True,AR
16-23621-000,4/15/2020,175000.0,WD(WARRANTY DEED),0.4,True,AR
16-23621-000,8/27/2013,0.0,WD(WARRANTY DEED),0.4,True,AR
16-23621-000,8/27/2013,0.0,CERT(CERTIFICATE),0.4,True,AR
16-23621-000,8/12/2010,127000.0,WD(WARRANTY DEED),0.4,True,AR
16-23621-000,6/8/2006,0.0,DC(DEATH CERTIFICATE),0.4,True,AR
16-23621-000,11/21/2005,146000.0,WD(WARRANTY DEED),0.4,True,AR
16-23621-000,7/22/2005,0.0,WD(WARRANTY DEED),0.4,True,AR
16-23621-000,9/29/2000,0.0,WD(WARRANTY DEED),0.4,True,AR
16-23621-000,9/18/2000,108000.0,WD(WARRANTY DEED),0.4,True,AR
16-23621-000,3/4/1996,89000.0,WD(WARRANTY DEED),0.4,True,AR
16-23621-000,4/22/1994,2000.0,CWD(CORPORATION WARRANTY DEED),0.4,True,AR
16-23621-000,4/13/1994,1000.0,WD(WARRANTY DEED),0.4,True,AR
16-23621-000,6/4/1984,0.0,WD(WARRANTY DEED),0.4,True,AR
16-23622-000,4/15/2020,175000.0,WD(WARRANTY DEED),0.42,False,AR
16-23622-000,8/27/2013,0.0,WD(WARRANTY DEED),0.42,False,AR
16-23622-000,8/27/2013,0.0,CERT(CERTIFICATE),0.42,False,AR
16-23622-000,8/12/2010,0.0,WD(WARRANTY DEED),0.42,False,AR
16-23622-000,6/8/2006,0.0,DC(DEATH CERTIFICATE),0.42,False,AR
16-23622-000,11/21/2005,146000.0,WD(WARRANTY DEED),0.42,False,AR
16-23622-000,7/22/2005,0.0,WD(WARRANTY DEED),0.42,False,AR
16-23622-000,9/18/2000,108000.0,WD(WARRANTY DEED),0.42,False,AR
16-23622-000,9/18/2000,0.0,QCD(QUITCLAIM DEED),0.42,False,AR
16-23622-000,4/18/1997,1000.0,CWD(CORPORATION WARRANTY DEED),0.42,False,AR
16-23622-000,3/26/1997,1000.0,CWD(CORPORATION WARRANTY DEED),0.42,False,AR
16-23622-000,1/23/1997,0.0,QCD(QUITCLAIM DEED),0.42,False,AR
16-23622-000,7/21/1996,0.0,DC(DEATH CERTIFICATE),0.42,False,AR
16-23622-000,4/4/1983,6000.0,WD(WARRANTY DEED),0.42,False,AR
16-23622-000,9/29/1920,0.0,WD(WARRANTY DEED),0.42,False,AR
16-23623-000,2/27/2018,0.0,QCD(QUITCLAIM DEED),0.46,False,AR
16-23623-000,9/20/2011,0.0,DC(DEATH CERTIFICATE),0.46,False,AR
16-23623-000,8/13/2002,0.0,QCD(QUITCLAIM DEED),0.46,False,AR
16-23623-000,8/8/2002,0.0,TRD(TRUSTEES DEED),0.46,False,AR
16-23623-000,2/18/1993,0.0,WD(WARRANTY DEED),0.46,False,AR
16-23623-000,8/1/1982,6000.0,WD(WARRANTY DEED),0.46,False,AR
16-23624-000,9/9/2024,0.0,ADHL(AR DEPT OF HEALTH LIST),0.25,False,AR
16-23624-000,8/15/2002,1000.0,QCD(QUITCLAIM DEED),0.25,False,AR
16-23624-000,5/29/2001,1000.0,CORRWD(CORRECTED WARRANTY DEED),0.25,False,AR
16-23624-000,5/2/2001,0.0,WD(WARRANTY DEED),0.25,False,AR
16-23624-000,10/17/1998,0.0,DC(DEATH CERTIFICATE),0.25,False,AR
16-23624-000,11/17/1983,6000.0,WD(WARRANTY DEED),0.25,False,AR
16-23625-000,1/28/2021,32000.0,SWD(SPECIAL WARRANTY DEED),0.31,False,FL
16-23625-000,1/19/2021,1000.0,SWD(SPECIAL WARRANTY DEED),0.31,False,FL
16-23625-000,3/15/2013,0.0,TRD(TRUSTEES DEED),0.31,False,FL
16-23625-000,9/2/2011,0.0,QCD(QUITCLAIM DEED),0.31,False,FL
16-23625-000,9/24/2008,0.0,WD(WARRANTY DEED),0.31,False,FL
16-23625-000,11/1/2007,0.0,DC(DEATH CERTIFICATE),0.31,False,FL
16-23625-000,12/14/1992,5000.0,WD(WARRANTY DEED),0.31,False,FL
16-23625-000,9/7/1989,0.0,WD(WARRANTY DEED),0.31,False,FL
16-23625-000,10/8/1982,4000.0,WD(WARRANTY DEED),0.31,False,FL
16-23626-000,7/1/2008,0.0,WD(WARRANTY DEED),0.29,False,CA
16-23626-000,6/12/2006,1000.0,WD(WARRANTY DEED),0.29,False,CA
16-23626-000,3/8/1999,1000.0,WD(WARRANTY DEED),0.29,False,CA
16-23626-000,11/23/1998,1000.0,WD(WARRANTY DEED),0.29,False,CA
16-23626-000,1/27/1993,0.0,CONT(CONTRACT),0.29,False,CA
16-23626-000,9/1/1983,0.0,CONT(CONTRACT),0.29,False,CA
16-23627-000,10/7/2022,7000.0,WD(WARRANTY DEED),0.27,False,
16-23627-000,10/5/2022,4000.0,WD(WARRANTY DEED),0.27,False,
16-23627-000,8/5/1982,6000.0,WD(WARRANTY DEED),0.27,False,
16-23628-000,10/20/2022,0.0,BD(BENEFICIARY DEED),0.36,False,MO
16-23628-000,1/13/2022,0.0,OBIT(OBITUARY),0.36,False,MO
16-23628-000,9/19/1979,4000.0,WD(WARRANTY DEED),0.36,False,MO
16-23629-000,3/15/2021,191000.0,WD(WARRANTY DEED),0.33,True,AR
16-23629-000,6/12/2020,3500.0,WD(WARRANTY DEED),0.33,True,AR
16-23629-000,10/21/2019,2000.0,SWD(SPECIAL WARRANTY DEED),0.33,True,AR
16-23629-000,9/26/2019,0.0,COMMD(COMMISSIONERS DEED),0.33,True,AR
16-23629-000,5/30/2019,0.0,RD(REDEMPTION DEED),0.33,True,AR
16-23629-000,3/26/2015,18000.0,WD(WARRANTY DEED),0.33,True,AR
16-23629-000,10/5/2011,0.0,QCD(QUITCLAIM DEED),0.33,True,AR
16-23629-000,10/5/2011,1693333.0,CORRQC(CORRECTED QUIT CLAIM DEED),0.33,True,AR
16-23629-000,11/24/2008,0.0,WD(WARRANTY DEED),0.33,True,AR
16-23629-000,9/20/2005,4000.0,WD(WARRANTY DEED),0.33,True,AR
16-23629-000,1/13/2003,0.0,RD(REDEMPTION DEED),0.33,True,AR
16-23629-000,3/11/1994,3800.0,WD(WARRANTY DEED),0.33,True,AR
16-23629-000,8/17/1981,0.0,HIST(HISTORICAL),0.33,True,AR
16-23630-000,12/22/2023,257000.0,WD(WARRANTY DEED),0.39,True,MO
16-23630-000,7/15/2022,0.0,WD(WARRANTY DEED),0.39,True,MO
16-23630-000,7/15/2022,0.0,BD(BENEFICIARY DEED),0.39,True,MO
16-23630-000,2/24/2021,120000.0,WD(WARRANTY DEED),0.39,True,MO
16-23630-000,10/10/2020,0.0,DC(DEATH CERTIFICATE),0.39,True,MO
16-23630-000,9/9/2020,0.0,BD(BENEFICIARY DEED),0.39,True,MO
16-23630-000,5/18/2018,120000.0,WD(WARRANTY DEED),0.39,True,MO
16-23630-000,12/23/2016,0.0,DC(DEATH CERTIFICATE),0.39,True,MO
16-23630-000,5/31/2013,109000.0,WD(WARRANTY DEED),0.39,True,MO
16-23630-000,12/9/2002,89000.0,WD(WARRANTY DEED),0.39,True,MO
16-23630-000,6/5/2002,2000.0,WD(WARRANTY DEED),0.39,True,MO
16-23630-000,11/9/1990,0.0,WD(WARRANTY DEED),0.39,True,MO
16-23630-000,11/8/1990,0.0,TRAG(TRUST AGREEMENT),0.39,True,MO
16-23630-000,7/17/1985,2000.0,WD(WARRANTY DEED),0.39,True,MO
16-23630-000,5/16/1984,6000.0,WD(WARRANTY DEED),0.39,True,MO
16-23631-000,9/21/1984,5000.0,WD(WARRANTY DEED),0.32,False,MO
16-23632-000,8/4/2023,0.0,ADHL(AR DEPT OF HEALTH LIST),0.31,False,AR
16-23632-000,12/1/2017,0.0,WD(WARRANTY DEED),0.31,False,AR
16-23632-000,12/4/1980,0.0,WD(WARRANTY DEED),0.31,False,AR
16-23633-000,8/21/2023,4000.0,COMMD(COMMISSIONERS DEED),0.36,False,AR
16-23633-000,1/24/1983,0.0,WD(WARRANTY DEED),0.36,False,AR
16-23634-000,9/18/2023,7900.0,WD(WARRANTY DEED),0.29,False,AR
16-23634-000,9/8/2023,0.0,WD(WARRANTY DEED),0.29,False,AR
16-23634-000,2/22/2023,0.0,CORRWD(CORRECTED WARRANTY DEED),0.29,False,AR
16-23634-000,2/1/2023,1550.0,WD(WARRANTY DEED),0.29,False,AR
16-23634-000,12/5/2020,2000.0,QCD(QUITCLAIM DEED),0.29,False,AR
16-23634-000,9/3/2020,0.0,LWD(LIMITED WARRANTY DEED),0.29,False,AR
16-23634-000,6/20/2011,1000.0,CWD(CORPORATION WARRANTY DEED),0.29,False,AR
16-23634-000,6/24/2010,0.0,COMMD(COMMISSIONERS DEED),0.29,False,AR
16-23634-000,3/17/2006,11000.0,WD(WARRANTY DEED),0.29,False,AR
16-23634-000,12/31/1984,5700.0,WD(WARRANTY DEED),0.29,False,AR
16-23635-000,4/17/2008,180000.0,WD(WARRANTY DEED),0.43,True,CO
16-23635-000,2/28/2008,0.0,WD(WARRANTY DEED),0.43,True,CO
16-23635-000,5/3/2005,178000.0,WD(WARRANTY DEED),0.43,True,CO
16-23635-000,4/13/2004,6000.0,WD(WARRANTY DEED),0.43,True,CO
16-23635-000,8/2/2002,0.0,DC(DEATH CERTIFICATE),0.43,True,CO
16-23635-000,6/17/1983,0.0,WD(WARRANTY DEED),0.43,True,CO
16-23636-000,2/18/2022,6000.0,WD(WARRANTY DEED),0.42,False,TX
16-23636-000,7/3/2010,0.0,SWD(SPECIAL WARRANTY DEED),0.42,False,TX
16-23636-000,10/22/2004,0.0,WD(WARRANTY DEED),0.42,False,TX
16-23636-000,4/29/2003,0.0,WD(WARRANTY DEED),0.42,False,TX
16-23636-000,3/4/2003,0.0,WD(WARRANTY DEED),0.42,False,TX
16-23636-000,8/31/1989,1000.0,WD(WARRANTY DEED),0.42,False,TX
16-23636-000,10/15/1980,4000.0,WD(WARRANTY DEED),0.42,False,TX
16-23637-000,2/25/2022,6750.0,WD(WARRANTY DEED),0.41,False,TX
16-23637-000,10/15/2021,100.0,QCD(QUITCLAIM DEED),0.41,False,TX
16-23637-000,4/9/2021,0.0,LWD(LIMITED WARRANTY DEED),0.41,False,TX
16-23637-000,12/20/2013,0.0,LWD(LIMITED WARRANTY DEED),0.41,False,TX
16-23637-000,4/30/2004,0.0,QCD(QUITCLAIM DEED),0.41,False,TX
16-23637-000,11/6/2003,0.0,QCD(QUITCLAIM DEED),0.41,False,TX
16-23637-000,10/14/2002,1000.0,QCD(QUITCLAIM DEED),0.41,False,TX
16-23637-000,8/23/2000,1000.0,WD(WARRANTY DEED),0.41,False,TX
16-23637-000,5/30/2000,0.0,RD(REDEMPTION DEED),0.41,False,TX
16-23637-000,5/1/2000,0.0,COMMD(COMMISSIONERS DEED),0.41,False,TX
16-23637-000,9/11/1997,0.0,AFF(AFFIDAVIT),0.41,False,TX
16-23637-000,5/15/1990,1000.0,WD(WARRANTY DEED),0.41,False,TX
16-23637-000,9/30/1987,1000.0,WD(WARRANTY DEED),0.41,False,TX
16-23637-000,9/1/1982,4000.0,WD(WARRANTY DEED),0.41,False,TX
16-23638-000,12/29/2023,8000.0,WD(WARRANTY DEED),0.33,False,AR
16-23638-000,10/20/2023,3000.0,WD(WARRANTY DEED),0.33,False,AR
16-23638-000,11/20/2015,0.0,RD(REDEMPTION DEED),0.33,False,AR
16-23638-000,11/28/2001,0.0,WD(WARRANTY DEED),0.33,False,AR
16-23638-000,11/28/2001,0.0,CERT(CERTIFICATE),0.33,False,AR
16-23638-000,10/30/1995,0.0,WD(WARRANTY DEED),0.33,False,AR
16-23638-000,8/29/1989,8000.0,WD(WARRANTY DEED),0.33,False,AR
16-23638-000,12/23/1985,0.0,WD(WARRANTY DEED),0.33,False,AR
16-23638-000,11/4/1982,9000.0,WD(WARRANTY DEED),0.33,False,AR
16-23639-000,4/14/2023,180000.0,AFF(AFFIDAVIT),0.3,True,AR
16-23639-000,4/6/2023,180000.0,WD(WARRANTY DEED),0.3,True,AR
16-23639-000,9/7/2021,0.0,WD(WARRANTY DEED),0.3,True,AR
16-23639-000,8/27/2008,75000.0,WD(WARRANTY DEED),0.3,True,AR
16-23639-000,4/29/2004,72000.0,WD(WARRANTY DEED),0.3,True,AR
16-23639-000,12/18/2000,63000.0,WD(WARRANTY DEED),0.3,True,AR
16-23639-000,4/28/1995,48000.0,WD(WARRANTY DEED),0.3,True,AR
16-23639-000,9/16/1982,4000.0,WD(WARRANTY DEED),0.3,True,AR
16-23640-000,4/14/2023,180000.0,AFF(AFFIDAVIT),0.29,False,AR
16-23640-000,8/31/2016,6500.0,WD(WARRANTY DEED),0.29,False,AR
16-23640-000,11/30/2011,0.0,CERT(CERTIFICATE),0.29,False,AR
16-23640-000,11/30/2011,0.0,BD(BENEFICIARY DEED),0.29,False,AR
16-23640-000,3/8/2005,4000.0,WD(WARRANTY DEED),0.29,False,AR
16-23640-000,3/10/1994,0.0,QCD(QUITCLAIM DEED),0.29,False,AR
16-23640-000,1/6/1994,0.0,QCD(QUITCLAIM DEED),0.29,False,AR
16-23640-000,1/6/1994,0.0,AB(ABSTRACT OF TRUST),0.29,False,AR
16-23640-000,1/6/1994,0.0,QCD(QUITCLAIM DEED),0.29,False,AR
16-23640-000,1/6/1994,0.0,AB(ABSTRACT OF TRUST),0.29,False,AR
16-23640-000,6/2/1986,0.0,WD(WARRANTY DEED),0.29,False,AR
16-23640-000,2/10/1983,0.0,WD(WARRANTY DEED),0.29,False,AR
16-23641-000,4/14/2023,180000.0,AFF(AFFIDAVIT),0.3,False,AR
16-23641-000,8/31/2016,6500.0,WD(WARRANTY DEED),0.3,False,AR
16-23641-000,11/30/2011,0.0,CERT(CERTIFICATE),0.3,False,AR
16-23641-000,11/30/2011,0.0,BD(BENEFICIARY DEED),0.3,False,AR
16-23641-000,4/27/2005,5000.0,WD(WARRANTY DEED),0.3,False,AR
16-23641-000,1/6/1986,0.0,WD(WARRANTY DEED),0.3,False,AR
16-23641-000,12/24/1985,0.0,WD(WARRANTY DEED),0.3,False,AR
16-23642-000,4/16/2021,3000.0,WD(WARRANTY DEED),0.33,False,AR
16-23642-000,4/28/1995,1000.0,CWD(CORPORATION WARRANTY DEED),0.33,False,AR
16-23642-000,4/28/1995,1000.0,WD(WARRANTY DEED),0.33,False,AR
16-23642-000,2/7/1991,0.0,CONT(CONTRACT),0.33,False,AR
16-23642-000,2/7/1991,0.0,TRD(TRUSTEES DEED),0.33,False,AR
16-23642-000,9/3/1982,0.0,WD(WARRANTY DEED),0.33,False,AR
16-23643-000,6/2/2024,4000.0,CWD(CORPORATION WARRANTY DEED),0.34,False,AR
16-23643-000,4/1/2019,4400.0,SWD(SPECIAL WARRANTY DEED),0.34,False,AR
16-23643-000,10/13/2015,0.0,QCD(QUITCLAIM DEED),0.34,False,AR
16-23643-000,1/10/2011,72000.0,WD(WARRANTY DEED),0.34,False,AR
16-23643-000,8/28/2009,1451000.0,QCD(QUITCLAIM DEED),0.34,False,AR
16-23643-000,8/21/2009,402000.0,DEED(GRANT DEED),0.34,False,AR
16-23643-000,9/15/2008,0.0,DEED(GRANT DEED),0.34,False,AR
16-23643-000,3/21/2006,9000.0,WD(WARRANTY DEED),0.34,False,AR
16-23643-000,9/16/1986,5000.0,WD(WARRANTY DEED),0.34,False,AR
16-23644-000,3/15/2022,0.0,QCD(QUITCLAIM DEED),0.38,False,FL
16-23644-000,11/5/2020,0.0,LWD(LIMITED WARRANTY DEED),0.38,False,FL
16-23644-000,11/6/2012,77000.0,WD(WARRANTY DEED),0.38,False,FL
16-23644-000,11/1/2012,50000.0,WD(WARRANTY DEED),0.38,False,FL
16-23644-000,8/21/2012,0.0,LWD(LIMITED WARRANTY DEED),0.38,False,FL
16-23644-000,5/5/2000,0.0,QCD(QUITCLAIM DEED),0.38,False,FL
16-23644-000,9/8/1999,0.0,WD(WARRANTY DEED),0.38,False,FL
16-23644-000,2/14/1994,1000.0,WD(WARRANTY DEED),0.38,False,FL
16-23644-000,2/14/1994,1000.0,WD(WARRANTY DEED),0.38,False,FL
16-23644-000,2/14/1973,4000.0,WD(WARRANTY DEED),0.38,False,FL
16-23644-000,1/1/1800,0.0,DC(DEATH CERTIFICATE),0.38,False,FL
16-23645-000,10/18/2024,3000.0,WD(WARRANTY DEED),0.31,False,AR
16-23645-000,5/19/2020,0.0,WD(WARRANTY DEED),0.31,False,AR
16-23645-000,8/3/2015,1000.0,TRD(TRUSTEES DEED),0.31,False,AR
16-23645-000,8/3/2015,0.0,CERT(CERTIFICATE),0.31,False,AR
16-23645-000,3/12/2010,0.0,OTHER(OTHER DOCUMENT),0.31,False,AR
16-23645-000,5/6/2003,0.0,WD(WARRANTY DEED),0.31,False,AR
16-23645-000,3/27/1985,2000.0,WD(WARRANTY DEED),0.31,False,AR
16-23645-000,11/5/1984,2000.0,WD(WARRANTY DEED),0.31,False,AR
16-23646-000,3/19/2025,8000.0,WD(WARRANTY DEED),0.3,False,AR
16-23646-000,12/1/2022,0.0,AFF(AFFIDAVIT),0.3,False,AR
16-23646-000,11/28/2022,7000.0,WD(WARRANTY DEED),0.3,False,AR
16-23646-000,8/16/2022,0.0,QCD(QUITCLAIM DEED),0.3,False,AR
16-23646-000,3/15/2021,0.0,LWD(LIMITED WARRANTY DEED),0.3,False,AR
16-23646-000,8/28/2009,1451000.0,QCD(QUITCLAIM DEED),0.3,False,AR
16-23646-000,8/21/2009,402000.0,DEED(GRANT DEED),0.3,False,AR
16-23646-000,9/15/2008,0.0,DEED(GRANT DEED),0.3,False,AR
16-23646-000,6/24/2005,5000.0,WD(WARRANTY DEED),0.3,False,AR
16-23646-000,4/1/2005,0.0,QCD(QUITCLAIM DEED),0.3,False,AR
16-23646-000,5/6/2004,0.0,QCD(QUITCLAIM DEED),0.3,False,AR
16-23646-000,7/25/2003,1000.0,QCD(QUITCLAIM DEED),0.3,False,AR
16-23646-000,11/12/1997,0.0,QCD(QUITCLAIM DEED),0.3,False,AR
16-23646-000,3/4/1997,1000.0,CWD(CORPORATION WARRANTY DEED),0.3,False,AR
16-23646-000,10/7/1993,500.0,COMMD(COMMISSIONERS DEED),0.3,False,AR
16-23646-000,4/7/1982,0.0,WD(WARRANTY DEED),0.3,False,AR
16-23647-000,3/29/2019,115000.0,WD(WARRANTY DEED),0.34,True,AR
16-23647-000,9/11/2014,0.0,WD(WARRANTY DEED),0.34,True,AR
16-23647-000,9/11/2014,0.0,TRAG(TRUST AGREEMENT),0.34,True,AR
16-23647-000,10/28/2008,0.0,WD(WARRANTY DEED),0.34,True,AR
16-23647-000,10/30/2000,61000.0,WD(WARRANTY DEED),0.34,True,AR
16-23647-000,6/1/1994,0.0,WD(WARRANTY DEED),0.34,True,AR
16-23647-000,1/15/1993,0.0,WD(WARRANTY DEED),0.34,True,AR
16-23647-000,10/9/1991,0.0,WD(WARRANTY DEED),0.34,True,AR
16-23647-000,10/9/1991,0.0,DC(DEATH CERTIFICATE),0.34,True,AR
16-23647-000,6/14/1976,5000.0,WD(WARRANTY DEED),0.34,True,AR
16-23648-000,7/9/2024,13000.0,WD(WARRANTY DEED),0.33,False,UT
16-23648-000,7/20/2023,10000.0,WD(WARRANTY DEED),0.33,False,UT
16-23648-000,1/27/2021,3000.0,COMMD(COMMISSIONERS DEED),0.33,False,UT
16-23648-000,7/7/2020,0.0,RD(REDEMPTION DEED),0.33,False,UT
16-23648-000,9/27/2012,7667.0,SWD(SPECIAL WARRANTY DEED),0.33,False,UT
16-23648-000,6/15/2010,0.0,SWD(SPECIAL WARRANTY DEED),0.33,False,UT
16-23648-000,11/28/2005,6000.0,WD(WARRANTY DEED),0.33,False,UT
16-23648-000,10/5/2005,4667.0,WD(WARRANTY DEED),0.33,False,UT
16-23648-000,1/30/1997,5000.0,WD(WARRANTY DEED),0.33,False,UT
16-23648-000,8/19/1990,0.0,CONT(CONTRACT),0.33,False,UT
16-23648-000,10/8/1982,0.0,WD(WARRANTY DEED),0.33,False,UT
16-23649-000,1/7/2022,0.0,RD(REDEMPTION DEED),0.35,False,AR
16-23649-000,12/16/2016,0.0,QCD(QUITCLAIM DEED),0.35,False,AR
16-23649-000,12/11/2001,0.0,DC(DEATH CERTIFICATE),0.35,False,AR
16-23649-000,12/11/2001,1000.0,QCD(QUITCLAIM DEED),0.35,False,AR
16-23649-000,6/11/1998,1000.0,QCD(QUITCLAIM DEED),0.35,False,AR
16-23649-000,10/13/1995,2000.0,WD(WARRANTY DEED),0.35,False,AR
16-23649-000,12/27/1994,5000.0,WD(WARRANTY DEED),0.35,False,AR
16-23649-000,8/17/1982,5000.0,WD(WARRANTY DEED),0.35,False,AR
16-23650-000,12/17/2024,5800.0,WD(WARRANTY DEED),0.32,False,FL
16-23650-000,10/5/2021,0.0,LWD(LIMITED WARRANTY DEED),0.32,False,FL
16-23650-000,9/28/1982,4000.0,WD(WARRANTY DEED),0.32,False,FL
16-23651-000,5/25/2022,1.0,QCD(QUITCLAIM DEED),0.38,False,AR
16-23651-000,6/13/2012,502.0,SWD(SPECIAL WARRANTY DEED),0.38,False,AR
16-23651-000,7/11/2011,0.0,QCD(QUITCLAIM DEED),0.38,False,AR
16-23651-000,5/15/2001,0.0,WD(WARRANTY DEED),0.38,False,AR
16-23651-000,2/8/1993,0.0,MEMO(MEMORANDUM),0.38,False,AR
16-23651-000,11/27/1979,2000.0,WD(WARRANTY DEED),0.38,False,AR
16-23652-000,10/12/2021,443000.0,WD(WARRANTY DEED),0.42,True,AR
16-23652-000,11/7/2017,0.0,EXD(EXECUTOR-EXECUTRIX DEED),0.42,True,AR
16-23652-000,6/28/2017,0.0,OR(ORDER),0.42,True,AR
16-23652-000,3/16/2017,0.0,OTHER(OTHER DOCUMENT),0.42,True,AR
16-23652-000,1/7/2012,0.0,QCD(QUITCLAIM DEED),0.42,True,AR
16-23652-000,9/25/2009,0.0,WD(WARRANTY DEED),0.42,True,AR
16-23652-000,7/31/2008,0.0,WD(WARRANTY DEED),0.42,True,AR
16-23652-000,2/21/2007,298000.0,WD(WARRANTY DEED),0.42,True,AR
16-23652-000,2/21/2007,318000.0,WD(WARRANTY DEED),0.42,True,AR
16-23652-000,6/16/2005,300000.0,WD(WARRANTY DEED),0.42,True,AR
16-23652-000,12/26/2002,4000.0,WD(WARRANTY DEED),0.42,True,AR
16-23652-000,12/26/2002,1000.0,CORRWD(CORRECTED WARRANTY DEED),0.42,True,AR
16-23652-000,12/9/2002,1000.0,WD(WARRANTY DEED),0.42,True,AR
16-23652-000,4/4/1999,0.0,DC(DEATH CERTIFICATE),0.42,True,AR
16-23652-000,12/8/1983,6000.0,WD(WARRANTY DEED),0.42,True,AR
16-23653-000,10/12/2021,443000.0,WD(WARRANTY DEED),0.36,False,AR
16-23653-000,11/7/2017,0.0,EXD(EXECUTOR-EXECUTRIX DEED),0.36,False,AR
16-23653-000,6/28/2017,0.0,OR(ORDER),0.36,False,AR
16-23653-000,3/16/2017,0.0,OTHER(OTHER DOCUMENT),0.36,False,AR
16-23653-000,1/7/2012,0.0,QCD(QUITCLAIM DEED),0.36,False,AR
16-23653-000,9/25/2009,0.0,WD(WARRANTY DEED),0.36,False,AR
16-23653-000,7/31/2008,0.0,WD(WARRANTY DEED),0.36,False,AR
16-23653-000,2/21/2007,298000.0,WD(WARRANTY DEED),0.36,False,AR
16-23653-000,2/21/2007,318000.0,WD(WARRANTY DEED),0.36,False,AR
16-23653-000,6/16/2005,300000.0,WD(WARRANTY DEED),0.36,False,AR
16-23653-000,5/6/2003,3000.0,WD(WARRANTY DEED),0.36,False,AR
16-23653-000,10/25/1983,5000.0,WD(WARRANTY DEED),0.36,False,AR
16-23654-000,6/25/2008,5000.0,COMMD(COMMISSIONERS DEED),0.29,False,AR
16-23654-000,2/13/2008,0.0,RD(REDEMPTION DEED),0.29,False,AR
16-23654-000,5/26/2005,0.0,RD(REDEMPTION DEED),0.29,False,AR
16-23654-000,3/31/1991,0.0,DC(DEATH CERTIFICATE),0.29,False,AR
16-23654-000,1/31/1983,5000.0,WD(WARRANTY DEED),0.29,False,AR
16-23655-000,5/24/2022,0.0,QCD(QUITCLAIM DEED),0.31,False,AR
16-23655-000,6/17/2020,5000.0,WD(WARRANTY DEED),0.31,False,AR
16-23655-000,1/21/2017,0.0,DC(DEATH CERTIFICATE),0.31,False,AR
16-23655-000,12/29/1992,4500.0,WD(WARRANTY DEED),0.31,False,AR
16-23655-000,9/7/1989,0.0,LWD(LIMITED WARRANTY DEED),0.31,False,AR
16-23655-000,1/9/1984,5000.0,WD(WARRANTY DEED),0.31,False,AR
16-23656-000,6/29/2009,0.0,WD(WARRANTY DEED),0.3,True,AR
16-23656-000,11/6/2006,106000.0,WD(WARRANTY DEED),0.3,True,AR
16-23656-000,11/6/2006,0.0,QCD(QUITCLAIM DEED),0.3,True,AR
16-23656-000,9/10/2006,0.0,DC(DEATH CERTIFICATE),0.3,True,AR
16-23656-000,10/27/2005,0.0,WD(WARRANTY DEED),0.3,True,AR
16-23656-000,10/25/2005,0.0,CERT(CERTIFICATE),0.3,True,AR
16-23656-000,6/28/2005,120000.0,WD(WARRANTY DEED),0.3,True,AR
16-23656-000,5/20/2002,84000.0,WD(WARRANTY DEED),0.3,True,AR
16-23656-000,1/4/2002,2000.0,WD(WARRANTY DEED),0.3,True,AR
16-23656-000,1/14/2000,1000.0,WD(WARRANTY DEED),0.3,True,AR
16-23656-000,1/15/1999,1000.0,WD(WARRANTY DEED),0.3,True,AR
16-23656-000,9/6/1983,5000.0,WD(WARRANTY DEED),0.3,True,AR
16-23657-000,4/26/2021,1250.0,WD(WARRANTY DEED),0.32,False,AR
16-23657-000,2/25/2021,1000.0,WD(WARRANTY DEED),0.32,False,AR
16-23657-000,6/11/1982,5000.0,WD(WARRANTY DEED),0.32,False,AR
16-23658-000,8/28/2015,167000.0,WD(WARRANTY DEED),0.37,True,AR
16-23658-000,11/30/2011,0.0,CERT(CERTIFICATE),0.37,True,AR
16-23658-000,11/30/2011,0.0,BD(BENEFICIARY DEED),0.37,True,AR
16-23658-000,12/27/2004,155000.0,WD(WARRANTY DEED),0.37,True,AR
16-23658-000,1/28/2004,4000.0,WD(WARRANTY DEED),0.37,True,AR
16-23658-000,9/26/1975,6000.0,WD(WARRANTY DEED),0.37,True,AR
16-23659-000,4/5/2012,0.0,SWD(SPECIAL WARRANTY DEED),0.29,True,AR
16-23659-000,6/21/2011,0.0,SWD(SPECIAL WARRANTY DEED),0.29,True,AR
16-23659-000,5/17/2011,0.0,MTG-D(MORTGAGEE'S DEED),0.29,True,AR
16-23659-000,9/27/2004,144000.0,WD(WARRANTY DEED),0.29,True,AR
16-23659-000,10/5/1999,2000.0,WD(WARRANTY DEED),0.29,True,AR
16-23659-000,3/28/1997,0.0,DC(DEATH CERTIFICATE),0.29,True,AR
16-23659-000,10/28/1982,5000.0,WD(WARRANTY DEED),0.29,True,AR
16-23660-000,3/18/2021,0.0,QCD(QUITCLAIM DEED),0.38,True,AR
16-23660-000,2/18/2020,279000.0,WD(WARRANTY DEED),0.38,True,AR
16-23660-000,9/12/2010,1000.0,QCD(QUITCLAIM DEED),0.38,True,AR
16-23660-000,9/27/2004,1000.0,WD(WARRANTY DEED),0.38,True,AR
16-23660-000,6/26/2003,1000.0,WD(WARRANTY DEED),0.38,True,AR
16-23660-000,6/10/2003,0.0,QCD(QUITCLAIM DEED),0.38,True,AR
16-23660-000,7/17/2002,0.0,QCD(QUITCLAIM DEED),0.38,True,AR
16-23660-000,3/8/1996,1000.0,CWD(CORPORATION WARRANTY DEED),0.38,True,AR
16-23660-000,1/15/1996,0.0,WD(WARRANTY DEED),0.38,True,AR
16-23660-000,10/3/1994,0.0,QCD(QUITCLAIM DEED),0.38,True,AR
16-23660-000,9/13/1994,5000.0,CWD(CORPORATION WARRANTY DEED),0.38,True,AR
16-23660-000,8/17/1994,0.0,WD(WARRANTY DEED),0.38,True,AR
16-23660-000,8/17/1994,0.0,WD(WARRANTY DEED),0.38,True,AR
16-23660-000,5/27/1994,1000.0,WD(WARRANTY DEED),0.38,True,AR
16-23660-000,5/2/1994,1000.0,WD(WARRANTY DEED),0.38,True,AR
16-23660-000,4/4/1994,1000.0,WD(WARRANTY DEED),0.38,True,AR
16-23660-000,12/20/1993,1000.0,WD(WARRANTY DEED),0.38,True,AR
16-23661-000,3/18/2021,0.0,QCD(QUITCLAIM DEED),0.45,True,AR
16-23661-000,2/18/2020,279000.0,WD(WARRANTY DEED),0.45,True,AR
16-23661-000,5/1/2007,240000.0,WD(WARRANTY DEED),0.45,True,AR
16-23661-000,2/28/2006,14000.0,WD(WARRANTY DEED),0.45,True,AR
16-23661-000,10/28/2005,6000.0,CWD(CORPORATION WARRANTY DEED),0.45,True,AR
16-23661-000,9/17/2004,0.0,COMMD(COMMISSIONERS DEED),0.45,True,AR
16-23661-000,11/5/2001,0.0,RD(REDEMPTION DEED),0.45,True,AR
16-23661-000,5/27/1982,5000.0,WD(WARRANTY DEED),0.45,True,AR
16-23662-000,12/7/2021,321000.0,WD(WARRANTY DEED),0.33,True,NC
16-23662-000,8/30/2019,245000.0,WD(WARRANTY DEED),0.33,True,NC
16-23662-000,7/5/2012,185000.0,SWD(SPECIAL WARRANTY DEED),0.33,True,NC
16-23662-000,3/28/2012,0.0,MTG-D(MORTGAGEE'S DEED),0.33,True,NC
16-23662-000,9/16/2005,239000.0,WD(WARRANTY DEED),0.33,True,NC
16-23662-000,6/21/2004,4000.0,WD(WARRANTY DEED),0.33,True,NC
16-23662-000,2/26/1996,0.0,WD(WARRANTY DEED),0.33,True,NC
16-23662-000,4/8/1983,0.0,WD(WARRANTY DEED),0.33,True,NC
16-23663-000,10/4/2019,3000.0,WD(WARRANTY DEED),0.34,False,AR
16-23663-000,10/7/2004,3000.0,WD(WARRANTY DEED),0.34,False,AR
16-23663-000,1/29/1996,1000.0,CWD(CORPORATION WARRANTY DEED),0.34,False,AR
16-23663-000,1/8/1996,1000.0,COMMD(COMMISSIONERS DEED),0.34,False,AR
16-23663-000,2/8/1984,7000.0,WD(WARRANTY DEED),0.34,False,AR
16-23664-000,11/12/2020,195000.0,WD(WARRANTY DEED),0.33,True,AR
16-23664-000,4/24/2008,132000.0,WD(WARRANTY DEED),0.33,True,AR
16-23664-000,11/15/2007,4000.0,WD(WARRANTY DEED),0.33,True,AR
16-23664-000,9/26/2006,0.0,DC(DEATH CERTIFICATE),0.33,True,AR
16-23664-000,4/6/1983,7000.0,WD(WARRANTY DEED),0.33,True,AR
16-23665-000,12/27/2019,0.0,WD(WARRANTY DEED),0.35,True,AR
16-23665-000,5/25/2010,0.0,SWD(SPECIAL WARRANTY DEED),0.35,True,AR
16-23665-000,3/29/2010,0.0,SWD(SPECIAL WARRANTY DEED),0.35,True,AR
16-23665-000,3/29/2010,0.0,MTG-D(MORTGAGEE'S DEED),0.35,True,AR
16-23665-000,9/25/2006,0.0,DC(DEATH CERTIFICATE),0.35,True,AR
16-23665-000,7/26/2004,0.0,QCD(QUITCLAIM DEED),0.35,True,AR
16-23665-000,4/29/2004,158000.0,WD(WARRANTY DEED),0.35,True,AR
16-23665-000,1/21/2003,4000.0,WD(WARRANTY DEED),0.35,True,AR
16-23665-000,8/7/1995,6000.0,WD(WARRANTY DEED),0.35,True,AR
16-23665-000,7/12/1986,0.0,CONT(CONTRACT),0.35,True,AR
16-23665-000,2/19/1986,0.0,CONT(CONTRACT),0.35,True,AR
16-23665-000,12/27/1983,0.0,CONT(CONTRACT),0.35,True,AR
16-23666-000,4/8/2013,0.0,AFF(AFFIDAVIT),0.29,True,CA
16-23666-000,3/26/2013,90000.0,WD(WARRANTY DEED),0.29,True,CA
16-23666-000,7/3/2003,133000.0,WD(WARRANTY DEED),0.29,True,CA
16-23666-000,12/10/2002,128000.0,WD(WARRANTY DEED),0.29,True,CA
16-23666-000,4/26/2002,3000.0,WD(WARRANTY DEED),0.29,True,CA
16-23666-000,12/17/1986,0.0,DC(DEATH CERTIFICATE),0.29,True,CA
16-23666-000,1/1/1982,6000.0,WD(WARRANTY DEED),0.29,True,CA
16-23667-000,6/15/2015,166000.0,WD(WARRANTY DEED),0.32,True,AR
16-23667-000,12/13/2010,0.0,CERT(CERTIFICATE),0.32,True,AR
16-23667-000,10/14/2003,0.0,WD(WARRANTY DEED),0.32,True,AR
16-23667-000,6/26/2003,160000.0,WD(WARRANTY DEED),0.32,True,AR
16-23667-000,11/25/2002,0.0,WD(WARRANTY DEED),0.32,True,AR
16-23667-000,8/14/2002,4000.0,WD(WARRANTY DEED),0.32,True,AR
16-23667-000,5/3/2002,1000.0,QCD(QUITCLAIM DEED),0.32,True,AR
16-23667-000,12/3/1991,6000.0,WD(WARRANTY DEED),0.32,True,AR
16-23667-000,6/20/1986,0.0,CONT(CONTRACT),0.32,True,AR
16-23667-000,7/15/1977,0.0,DC(DEATH CERTIFICATE),0.32,True,AR
16-23667-000,9/14/1970,0.0,WD(WARRANTY DEED),0.32,True,AR
16-23668-000,10/22/2020,250000.0,WD(WARRANTY DEED),0.3,True,AR
16-23668-000,3/26/2018,0.0,QCD(QUITCLAIM DEED),0.3,True,AR
16-23668-000,3/21/2018,190000.0,WD(WARRANTY DEED),0.3,True,AR
16-23668-000,8/27/2009,0.0,BD(BENEFICIARY DEED),0.3,True,AR
16-23668-000,9/28/2007,177000.0,WD(WARRANTY DEED),0.3,True,AR
16-23668-000,9/21/2004,153000.0,WD(WARRANTY DEED),0.3,True,AR
16-23668-000,1/3/2003,5000.0,WD(WARRANTY DEED),0.3,True,AR
16-23668-000,6/22/1998,6000.0,WD(WARRANTY DEED),0.3,True,AR
16-23668-000,6/22/1998,0.0,QCD(QUITCLAIM DEED),0.3,True,AR
16-23668-000,6/4/1986,0.0,CONT(CONTRACT),0.3,True,AR
16-23668-000,5/10/1983,6000.0,WD(WARRANTY DEED),0.3,True,AR
16-23669-000,7/17/2024,14000.0,WD(WARRANTY DEED),0.36,False,CA
16-23669-000,9/25/2008,20000.0,WD(WARRANTY DEED),0.36,False,CA
16-23669-000,8/3/2005,5000.0,WD(WARRANTY DEED),0.36,False,CA
16-23669-000,5/11/1998,2000.0,WD(WARRANTY DEED),0.36,False,CA
16-23669-000,2/25/1998,1000.0,WD(WARRANTY DEED),0.36,False,CA
16-23669-000,4/24/1991,0.0,DC(DEATH CERTIFICATE),0.36,False,CA
16-23669-000,9/8/1975,5000.0,WD(WARRANTY DEED),0.36,False,CA
16-23670-000,7/31/2024,12000.0,WD(WARRANTY DEED),0.3,False,CA
16-23670-000,4/26/2021,2000.0,WD(WARRANTY DEED),0.3,False,CA
16-23670-000,2/12/2021,0.0,RD(REDEMPTION DEED),0.3,False,CA
16-23670-000,7/12/2018,0.0,RD(REDEMPTION DEED),0.3,False,CA
16-23670-000,10/17/2012,0.0,WD(WARRANTY DEED),0.3,False,CA
16-23670-000,9/13/2012,0.0,QCD(QUITCLAIM DEED),0.3,False,CA
16-23670-000,8/21/2012,0.0,RD(REDEMPTION DEED),0.3,False,CA
16-23670-000,8/10/2009,2000.0,WD(WARRANTY DEED),0.3,False,CA
16-23670-000,5/25/2001,1000.0,WD(WARRANTY DEED),0.3,False,CA
16-23670-000,8/1/2000,2000.0,WD(WARRANTY DEED),0.3,False,CA
16-23670-000,8/1/2000,0.0,WD(WARRANTY DEED),0.3,False,CA
16-23670-000,6/20/2000,0.0,WD(WARRANTY DEED),0.3,False,CA
16-23670-000,5/14/1984,0.0,CONT(CONTRACT),0.3,False,CA
16-23671-000,10/2/2018,145000.0,WD(WARRANTY DEED),0.39,True,
16-23671-000,2/9/2016,110000.0,WD(WARRANTY DEED),0.39,True,
16-23671-000,6/25/2007,0.0,TRAG(TRUST AGREEMENT),0.39,True,
16-23671-000,8/12/2000,0.0,DC(DEATH CERTIFICATE),0.39,True,
16-23671-000,6/4/1990,0.0,WD(WARRANTY DEED),0.39,True,
16-23671-000,12/17/1984,6000.0,WD(WARRANTY DEED),0.39,True,
16-23672-000,11/21/2007,125000.0,WD(WARRANTY DEED),0.46,True,AR
16-23672-000,1/18/2007,0.0,WD(WARRANTY DEED),0.46,True,AR
16-23672-000,8/16/2005,3000.0,WD(WARRANTY DEED),0.46,True,AR
16-23672-000,8/16/2005,0.0,DC(DEATH CERTIFICATE),0.46,True,AR
16-23672-000,8/16/2005,0.0,TRAG(TRUST AGREEMENT),0.46,True,AR
16-23672-000,6/4/1990,0.0,WD(WARRANTY DEED),0.46,True,AR
16-23672-000,9/16/1988,2000.0,WD(WARRANTY DEED),0.46,True,AR
16-23672-000,1/27/1981,0.0,WD(WARRANTY DEED),0.46,True,AR
16-23673-000,3/8/2024,38000.0,WD(WARRANTY DEED),0.5,False,AR
16-23673-000,10/17/2022,23500.0,WD(WARRANTY DEED),0.5,False,AR
16-23673-000,8/26/2021,5500.0,WD(WARRANTY DEED),0.5,False,AR
16-23673-000,2/16/2015,0.0,DC(DEATH CERTIFICATE),0.5,False,AR
16-23673-000,2/16/2015,0.0,DC(DEATH CERTIFICATE),0.5,False,AR
16-23673-000,6/28/1994,5000.0,WD(WARRANTY DEED),0.5,False,AR
16-23673-000,9/8/1983,4000.0,WD(WARRANTY DEED),0.5,False,AR
16-23674-000,1/27/1995,0.0,QCD(QUITCLAIM DEED),0.29,False,AR
16-23674-000,10/16/1991,0.0,COMMD(COMMISSIONERS DEED),0.29,False,AR
16-23674-000,5/21/1991,0.0,RD(REDEMPTION DEED),0.29,False,AR
16-23674-000,6/9/1983,7000.0,WD(WARRANTY DEED),0.29,False,AR
16-23675-000,6/28/2024,600000.0,WD(WARRANTY DEED),0.28,True,AR
16-23675-000,10/17/2008,0.0,AFF(AFFIDAVIT),0.28,True,AR
16-23675-000,4/28/2008,0.0,SWD(SPECIAL WARRANTY DEED),0.28,True,AR
16-23675-000,4/28/2008,0.0,CORRQC(CORRECTED QUIT CLAIM DEED),0.28,True,AR
16-23675-000,12/3/2007,0.0,COMMD(COMMISSIONERS DEED),0.28,True,AR
16-23675-000,9/14/2005,4000.0,WD(WARRANTY DEED),0.28,True,AR
16-23675-000,9/9/2005,6000.0,WD(WARRANTY DEED),0.28,True,AR
16-23675-000,3/27/2002,0.0,QCD(QUITCLAIM DEED),0.28,True,AR
16-23675-000,3/27/2002,0.0,QCD(QUITCLAIM DEED),0.28,True,AR
16-23675-000,1/5/1999,1000.0,WD(WARRANTY DEED),0.28,True,AR
16-23675-000,11/23/1983,3000.0,WD(WARRANTY DEED),0.28,True,AR
16-23676-000,6/28/2024,600000.0,WD(WARRANTY DEED),0.26,False,AR
16-23676-000,10/17/2008,0.0,AFF(AFFIDAVIT),0.26,False,AR
16-23676-000,4/28/2008,0.0,SWD(SPECIAL WARRANTY DEED),0.26,False,AR
16-23676-000,12/3/2007,0.0,COMMD(COMMISSIONERS DEED),0.26,False,AR
16-23676-000,9/9/2005,6000.0,WD(WARRANTY DEED),0.26,False,AR
16-23676-000,8/31/2005,3000.0,WD(WARRANTY DEED),0.26,False,AR
16-23676-000,8/20/1996,1000.0,WD(WARRANTY DEED),0.26,False,AR
16-23676-000,9/9/1993,6000.0,WD(WARRANTY DEED),0.26,False,AR
16-23676-000,8/26/1985,0.0,CONT(CONTRACT),0.26,False,AR
16-23676-000,4/24/1985,0.0,CONT(CONTRACT),0.26,False,AR
16-23676-000,12/1/1984,0.0,CONT(CONTRACT),0.26,False,AR
16-23677-000,6/28/2024,600000.0,WD(WARRANTY DEED),0.27,False,AR
16-23677-000,6/7/2010,2000.0,COMMD(COMMISSIONERS DEED),0.27,False,AR
16-23677-000,7/16/2007,0.0,WD(WARRANTY DEED),0.27,False,AR
16-23677-000,7/16/2007,0.0,WD(WARRANTY DEED),0.27,False,AR
16-23677-000,9/5/2006,124667.0,WD(WARRANTY DEED),0.27,False,AR
16-23677-000,8/25/2006,0.0,QCD(QUITCLAIM DEED),0.27,False,AR
16-23677-000,10/21/2005,7000.0,WD(WARRANTY DEED),0.27,False,AR
16-23677-000,3/18/2005,4000.0,WD(WARRANTY DEED),0.27,False,AR
16-23677-000,11/14/2000,7000.0,WD(WARRANTY DEED),0.27,False,AR
16-23677-000,11/14/1986,5000.0,WD(WARRANTY DEED),0.27,False,AR
16-23677-000,8/22/1985,0.0,CONT(CONTRACT),0.27,False,AR
16-23678-000,4/30/2025,17000.0,WD(WARRANTY DEED),0.31,False,AR
16-23678-000,4/23/2008,20000.0,WD(WARRANTY DEED),0.31,False,AR
16-23678-000,1/26/2006,8000.0,WD(WARRANTY DEED),0.31,False,AR
16-23678-000,2/21/1987,0.0,DC(DEATH CERTIFICATE),0.31,False,AR
16-23678-000,10/16/1982,0.0,WD(WARRANTY DEED),0.31,False,AR
16-23679-000,2/5/2019,185000.0,WD(WARRANTY DEED),0.28,True,AR
16-23679-000,10/6/2017,1000.0,SWD(SPECIAL WARRANTY DEED),0.28,True,AR
16-23679-000,5/10/2016,0.0,QCD(QUITCLAIM DEED),0.28,True,AR
16-23679-000,10/6/2015,0.0,RD(REDEMPTION DEED),0.28,True,AR
16-23679-000,1/15/1998,0.0,RD(REDEMPTION DEED),0.28,True,AR
16-23679-000,5/19/1993,675.0,COMMD(COMMISSIONERS DEED),0.28,True,AR
16-23679-000,9/28/1992,0.0,RD(REDEMPTION DEED),0.28,True,AR
16-23679-000,5/11/1984,0.0,OR(ORDER),0.28,True,AR
16-23680-000,4/25/2025,10500.0,WD(WARRANTY DEED),0.27,False,MB
16-23680-000,8/9/2016,0.0,QCD(QUITCLAIM DEED),0.27,False,MB
16-23680-000,7/24/2001,0.0,RD(REDEMPTION DEED),0.27,False,MB
16-23680-000,6/7/1991,2000.0,WD(WARRANTY DEED),0.27,False,MB
16-23680-000,6/3/1983,6000.0,WD(WARRANTY DEED),0.27,False,MB
16-23681-000,3/13/2015,6000.0,WD(WARRANTY DEED),0.35,True,AR
16-23681-000,1/16/2014,0.0,QCD(QUITCLAIM DEED),0.35,True,AR
16-23681-000,11/12/1999,1000.0,QCD(QUITCLAIM DEED),0.35,True,AR
16-23681-000,7/22/1993,850.0,COMMD(COMMISSIONERS DEED),0.35,True,AR
16-23681-000,10/15/1983,0.0,WD(WARRANTY DEED),0.35,True,AR
16-23682-000,3/27/2020,0.0,WD(WARRANTY DEED),0.37,True,AR
16-23682-000,5/31/2014,178000.0,WD(WARRANTY DEED),0.37,True,AR
16-23682-000,3/26/2007,187000.0,WD(WARRANTY DEED),0.37,True,AR
16-23682-000,10/7/2003,0.0,RD(REDEMPTION DEED),0.37,True,AR
16-23682-000,8/22/2003,1000.0,COMMD(COMMISSIONERS DEED),0.37,True,AR
16-23682-000,11/24/1994,0.0,DC(DEATH CERTIFICATE),0.37,True,AR
16-23682-000,5/2/1983,6000.0,WD(WARRANTY DEED),0.37,True,AR
16-23683-000,5/16/1995,0.0,QCD(QUITCLAIM DEED),0.32,False,MO
16-23683-000,4/26/1990,8000.0,WD(WARRANTY DEED),0.32,False,MO
16-23683-000,8/30/1989,0.0,COMMD(COMMISSIONERS DEED),0.32,False,MO
16-23683-000,2/16/1984,8000.0,WD(WARRANTY DEED),0.32,False,MO
16-23684-000,9/27/2019,2000.0,WD(WARRANTY DEED),0.27,False,AR
16-23684-000,6/15/2011,1000.0,SWD(SPECIAL WARRANTY DEED),0.27,False,AR
16-23684-000,5/21/2010,0.0,COMMD(COMMISSIONERS DEED),0.27,False,AR
16-23684-000,8/25/2009,0.0,RD(REDEMPTION DEED),0.27,False,AR
16-23684-000,1/30/2004,1000.0,WD(WARRANTY DEED),0.27,False,AR
16-23684-000,6/16/2003,0.0,WD(WARRANTY DEED),0.27,False,AR
16-23684-000,9/19/2000,0.0,COMMD(COMMISSIONERS DEED),0.27,False,AR
16-23684-000,9/19/2000,0.0,COMMD(COMMISSIONERS DEED),0.27,False,AR
16-23684-000,9/10/1976,0.0,WD(WARRANTY DEED),0.27,False,AR
16-23685-000,2/21/2003,0.0,RD(REDEMPTION DEED),0.32,False,IL
16-23685-000,2/4/2000,0.0,QCD(QUITCLAIM DEED),0.32,False,IL
16-23685-000,2/4/2000,0.0,DC(DEATH CERTIFICATE),0.32,False,IL
16-23685-000,3/29/1993,0.0,QCD(QUITCLAIM DEED),0.32,False,IL
16-23685-000,12/23/1982,4000.0,WD(WARRANTY DEED),0.32,False,IL
16-23686-000,3/11/2019,148000.0,WD(WARRANTY DEED),0.32,True,AR
16-23686-000,10/19/2004,119000.0,WD(WARRANTY DEED),0.32,True,AR
16-23686-000,12/28/2000,0.0,WD(WARRANTY DEED),0.32,True,AR
16-23686-000,9/11/2000,2000.0,EXD(EXECUTOR-EXECUTRIX DEED),0.32,True,AR
16-23686-000,5/28/1998,5000.0,WD(WARRANTY DEED),0.32,True,AR
16-23686-000,10/19/1997,0.0,DC(DEATH CERTIFICATE),0.32,True,AR
16-23686-000,3/13/1997,0.0,WD(WARRANTY DEED),0.32,True,AR
16-23686-000,6/15/1983,6000.0,WD(WARRANTY DEED),0.32,True,AR
16-23686-000,1/1/1800,0.0,DC(DEATH CERTIFICATE),0.32,True,AR
16-23687-000,5/17/2005,157000.0,WD(WARRANTY DEED),0.31,True,AR
16-23687-000,7/15/2004,2000.0,WD(WARRANTY DEED),0.31,True,AR
16-23687-000,7/15/2004,0.0,QCD(QUITCLAIM DEED),0.31,True,AR
16-23687-000,9/16/2002,0.0,QCD(QUITCLAIM DEED),0.31,True,AR
16-23687-000,10/26/2001,0.0,DC(DEATH CERTIFICATE),0.31,True,AR
16-23687-000,9/3/1987,5000.0,WD(WARRANTY DEED),0.31,True,AR
16-23687-000,5/24/1986,0.0,CONT(CONTRACT),0.31,True,AR
16-23687-000,5/13/1986,5000.0,WD(WARRANTY DEED),0.31,True,AR
16-23688-000,5/17/2005,157000.0,WD(WARRANTY DEED),0.28,False,AR
16-23688-000,6/23/2004,2000.0,WD(WARRANTY DEED),0.28,False,AR
16-23688-000,12/7/1998,0.0,RD(REDEMPTION DEED),0.28,False,AR
16-23688-000,7/26/1993,0.0,WD(WARRANTY DEED),0.28,False,AR
16-23688-000,6/16/1993,1000.0,WD(WARRANTY DEED),0.28,False,AR
16-23688-000,6/11/1993,1000.0,WD(WARRANTY DEED),0.28,False,AR
16-23688-000,6/1/1993,1000.0,WD(WARRANTY DEED),0.28,False,AR
16-23688-000,5/28/1985,0.0,CONT(CONTRACT),0.28,False,AR
16-23689-000,10/19/2011,0.0,QCD(QUITCLAIM DEED),0.41,False,AR
16-23689-000,12/2/2003,0.0,QCD(QUITCLAIM DEED),0.41,False,AR
16-23689-000,12/8/1982,0.0,WD(WARRANTY DEED),0.41,False,AR
16-23690-000,1/11/2001,0.0,RD(REDEMPTION DEED),0.37,False,AR
16-23690-000,9/24/1992,1000.0,WD(WARRANTY DEED),0.37,False,AR
16-23690-000,8/26/1982,4000.0,WD(WARRANTY DEED),0.37,False,AR
16-23691-000,7/6/2018,236000.0,WD(WARRANTY DEED),0.29,True,AR
16-23691-000,7/14/2017,227000.0,TRWD(TRUSTEES WARRANTY DEED),0.29,True,AR
16-23691-000,10/30/2014,0.0,CERT(CERTIFICATE),0.29,True,AR
16-23691-000,10/30/2014,0.0,WD(WARRANTY DEED),0.29,True,AR
16-23691-000,2/7/2013,0.0,QCD(QUITCLAIM DEED),0.29,True,AR
16-23691-000,9/1/2005,209000.0,WD(WARRANTY DEED),0.29,True,AR
16-23691-000,6/9/2004,2000.0,WD(WARRANTY DEED),0.29,True,AR
16-23691-000,5/10/1996,0.0,QCD(QUITCLAIM DEED),0.29,True,AR
16-23691-000,7/25/1991,0.0,WD(WARRANTY DEED),0.29,True,AR
16-23691-000,5/5/1989,2000.0,WD(WARRANTY DEED),0.29,True,AR
16-23691-000,2/13/1989,1000.0,WD(WARRANTY DEED),0.29,True,AR
16-23691-000,2/26/1987,1000.0,FD(FIDUCIARY DEED),0.29,True,AR
16-23691-000,11/24/1986,1000.0,WD(WARRANTY DEED),0.29,True,AR
16-23692-000,10/25/2002,0.0,LWD(LIMITED WARRANTY DEED),0.27,False,MO
16-23692-000,7/17/1980,4000.0,WD(WARRANTY DEED),0.27,False,MO
16-23693-000,11/16/2022,363000.0,WD(WARRANTY DEED),0.27,True,AR
16-23693-000,7/30/2020,5000.0,TRWD(TRUSTEES WARRANTY DEED),0.27,True,AR
16-23693-000,8/10/2016,0.0,CERT(CERTIFICATE),0.27,True,AR
16-23693-000,8/10/2016,0.0,WD(WARRANTY DEED),0.27,True,AR
16-23693-000,6/23/2004,2000.0,WD(WARRANTY DEED),0.27,True,AR
16-23693-000,6/23/2004,0.0,WD(WARRANTY DEED),0.27,True,AR
16-23693-000,9/15/1983,0.0,WD(WARRANTY DEED),0.27,True,AR
16-23694-000,7/17/2024,381000.0,WD(WARRANTY DEED),0.27,True,AR
16-23694-000,11/4/2022,359000.0,WD(WARRANTY DEED),0.27,True,AR
16-23694-000,7/30/2020,5000.0,TRWD(TRUSTEES WARRANTY DEED),0.27,True,AR
16-23694-000,9/13/2017,0.0,AFF(AFFIDAVIT),0.27,True,AR
16-23694-000,11/18/2016,0.0,FD(FIDUCIARY DEED),0.27,True,AR
16-23694-000,8/10/2016,0.0,CERT(CERTIFICATE),0.27,True,AR
16-23694-000,8/10/2016,0.0,WD(WARRANTY DEED),0.27,True,AR
16-23694-000,7/13/2005,3000.0,WD(WARRANTY DEED),0.27,True,AR
16-23694-000,7/13/2005,0.0,QCD(QUITCLAIM DEED),0.27,True,AR
16-23694-000,4/4/1979,0.0,WD(WARRANTY DEED),0.27,True,AR
16-23695-000,4/16/2021,2000.0,WD(WARRANTY DEED),0.28,False,AR
16-23695-000,3/1/2006,0.0,DC(DEATH CERTIFICATE),0.28,False,AR
16-23695-000,1/21/2004,1000.0,WD(WARRANTY DEED),0.28,False,AR
16-23695-000,1/21/2004,0.0,QCD(QUITCLAIM DEED),0.28,False,AR
16-23695-000,11/2/1988,2000.0,WD(WARRANTY DEED),0.28,False,AR
16-23695-000,8/5/1988,0.0,WD(WARRANTY DEED),0.28,False,AR
16-23695-000,1/27/1988,0.0,RD(REDEMPTION DEED),0.28,False,AR
16-23695-000,12/11/1987,1000.0,COMMD(COMMISSIONERS DEED),0.28,False,AR
16-23695-000,12/29/1982,4000.0,WD(WARRANTY DEED),0.28,False,AR
16-23696-000,6/2/2023,7900.0,WD(WARRANTY DEED),0.27,False,AR
16-23696-000,3/13/2023,1500.0,WD(WARRANTY DEED),0.27,False,AR
16-23696-000,5/5/1976,6000.0,WD(WARRANTY DEED),0.27,False,AR
16-23697-000,6/3/2022,0.0,BD(BENEFICIARY DEED),0.28,False,AR
16-23697-000,7/30/2021,1000.0,QCD(QUITCLAIM DEED),0.28,False,AR
16-23697-000,5/6/2021,1000.0,QCD(QUITCLAIM DEED),0.28,False,AR
16-23697-000,5/20/2016,0.0,TRD(TRUSTEES DEED),0.28,False,AR
16-23697-000,6/24/2010,1000.0,QCD(QUITCLAIM DEED),0.28,False,AR
16-23697-000,5/15/2009,0.0,COMMD(COMMISSIONERS DEED),0.28,False,AR
16-23697-000,10/31/2008,0.0,RD(REDEMPTION DEED),0.28,False,AR
16-23697-000,1/7/1987,4000.0,WD(WARRANTY DEED),0.28,False,AR
16-23698-000,5/25/2023,5700.0,WD(WARRANTY DEED),0.27,False,CO
16-23698-000,4/24/2023,1000.0,WD(WARRANTY DEED),0.27,False,CO
16-23698-000,3/16/2018,1000.0,SWD(SPECIAL WARRANTY DEED),0.27,False,CO
16-23698-000,1/29/2014,1000.0,QCD(QUITCLAIM DEED),0.27,False,CO
16-23698-000,4/21/1992,0.0,WD(WARRANTY DEED),0.27,False,CO
16-23698-000,5/2/1983,0.0,WD(WARRANTY DEED),0.27,False,CO
16-23699-000,1/8/2025,0.0,AFF(AFFIDAVIT),0.31,True,TN
16-23699-000,10/23/2024,196000.0,WD(WARRANTY DEED),0.31,True,TN
16-23699-000,4/19/2021,0.0,WD(WARRANTY DEED),0.31,True,TN
16-23699-000,2/22/1996,0.0,QCD(QUITCLAIM DEED),0.31,True,TN
16-23699-000,1/30/1996,36000.0,WD(WARRANTY DEED),0.31,True,TN
16-23699-000,10/6/1992,37000.0,WD(WARRANTY DEED),0.31,True,TN
16-23699-000,5/6/1989,0.0,AFF(AFFIDAVIT),0.31,True,TN
16-23699-000,5/29/1975,0.0,WD(WARRANTY DEED),0.31,True,TN
16-23700-000,4/17/2021,7000.0,WD(WARRANTY DEED),0.32,False,CA
16-23700-000,3/31/2006,0.0,QCD(QUITCLAIM DEED),0.32,False,CA
16-23700-000,11/1/2005,0.0,CERT(CERTIFICATE),0.32,False,CA
16-23700-000,3/13/2005,0.0,ORD(ORDINANCE),0.32,False,CA
16-23700-000,10/3/2004,0.0,DC(DEATH CERTIFICATE),0.32,False,CA
16-23700-000,3/20/1996,0.0,RD(REDEMPTION DEED),0.32,False,CA
16-23700-000,12/19/1994,0.0,DC(DEATH CERTIFICATE),0.32,False,CA
16-23700-000,4/3/1991,0.0,QCD(QUITCLAIM DEED),0.32,False,CA
16-23700-000,5/20/1988,0.0,QCD(QUITCLAIM DEED),0.32,False,CA
16-23700-000,12/5/1986,1000.0,WD(WARRANTY DEED),0.32,False,CA
16-23700-000,1/13/1984,7000.0,WD(WARRANTY DEED),0.32,False,CA
16-23701-000,11/27/2023,0.0,DEC(DECREE),0.34,False,AR
16-23701-000,6/29/2023,2500.0,WD(WARRANTY DEED),0.34,False,AR
16-23701-000,4/26/2019,1000.0,QCD(QUITCLAIM DEED),0.34,False,AR
16-23701-000,3/25/2019,0.0,LWD(LIMITED WARRANTY DEED),0.34,False,AR
16-23701-000,10/5/2011,0.0,QCD(QUITCLAIM DEED),0.34,False,AR
16-23701-000,10/5/2011,1693333.0,CORRQC(CORRECTED QUIT CLAIM DEED),0.34,False,AR
16-23701-000,11/24/2008,0.0,WD(WARRANTY DEED),0.34,False,AR
16-23701-000,9/20/2005,8000.0,WD(WARRANTY DEED),0.34,False,AR
16-23701-000,3/24/2005,10000.0,WD(WARRANTY DEED),0.34,False,AR
16-23701-000,3/29/1988,0.0,CONT(CONTRACT),0.34,False,AR
16-23701-000,4/23/1982,4000.0,WD(WARRANTY DEED),0.34,False,AR
16-23702-000,7/21/2022,12000.0,WD(WARRANTY DEED),0.38,False,IL
16-23702-000,1/6/2020,1000.0,SWD(SPECIAL WARRANTY DEED),0.38,False,IL
16-23702-000,9/13/2019,0.0,LWD(LIMITED WARRANTY DEED),0.38,False,IL
16-23702-000,11/1/2012,50000.0,WD(WARRANTY DEED),0.38,False,IL
16-23702-000,8/21/2012,0.0,LWD(LIMITED WARRANTY DEED),0.38,False,IL
16-23702-000,8/6/1985,3000.0,WD(WARRANTY DEED),0.38,False,IL
16-23703-000,4/21/2025,27500.0,COMMD(COMMISSIONERS DEED),0.33,False,AR
16-23703-000,9/9/2021,18000.0,WD(WARRANTY DEED),0.33,False,AR
16-23703-000,10/5/2011,0.0,QCD(QUITCLAIM DEED),0.33,False,AR
16-23703-000,10/5/2011,1693333.0,CORRQC(CORRECTED QUIT CLAIM DEED),0.33,False,AR
16-23703-000,11/24/2008,0.0,WD(WARRANTY DEED),0.33,False,AR
16-23703-000,8/29/2005,0.0,CORRWD(CORRECTED WARRANTY DEED),0.33,False,AR
16-23703-000,8/23/2005,0.0,COMMD(COMMISSIONERS DEED),0.33,False,AR
16-23703-000,7/29/2005,1000.0,WD(WARRANTY DEED),0.33,False,AR
16-23703-000,5/6/2004,0.0,QCD(QUITCLAIM DEED),0.33,False,AR
16-23703-000,6/7/2002,0.0,QCD(QUITCLAIM DEED),0.33,False,AR
16-23703-000,6/7/2002,0.0,QCD(QUITCLAIM DEED),0.33,False,AR
16-23703-000,5/3/2001,1000.0,QCD(QUITCLAIM DEED),0.33,False,AR
16-23703-000,11/22/1999,1000.0,WD(WARRANTY DEED),0.33,False,AR
16-23703-000,8/28/1989,0.0,DC(DEATH CERTIFICATE),0.33,False,AR
16-23703-000,3/1/1982,4000.0,WD(WARRANTY DEED),0.33,False,AR
16-23704-000,9/9/2021,18000.0,WD(WARRANTY DEED),0.31,False,CA
16-23704-000,10/5/2011,0.0,QCD(QUITCLAIM DEED),0.31,False,CA
16-23704-000,10/5/2011,1693333.0,CORRQC(CORRECTED QUIT CLAIM DEED),0.31,False,CA
16-23704-000,11/24/2008,0.0,WD(WARRANTY DEED),0.31,False,CA
16-23704-000,9/12/2005,8000.0,WD(WARRANTY DEED),0.31,False,CA
16-23704-000,6/27/1995,0.0,DC(DEATH CERTIFICATE),0.31,False,CA
16-23704-000,10/1/1982,0.0,WD(WARRANTY DEED),0.31,False,CA
16-23705-000,7/10/2020,0.0,QCD(QUITCLAIM DEED),0.3,True,AR
16-23705-000,7/10/2020,0.0,MEMO(MEMORANDUM),0.3,True,AR
16-23705-000,12/15/2014,6500.0,WD(WARRANTY DEED),0.3,True,AR
16-23705-000,7/12/2005,5000.0,WD(WARRANTY DEED),0.3,True,AR
16-23705-000,12/8/1985,0.0,WD(WARRANTY DEED),0.3,True,AR
16-23705-000,5/9/1984,0.0,WD(WARRANTY DEED),0.3,True,AR
16-23706-000,7/10/2020,0.0,QCD(QUITCLAIM DEED),0.37,True,AR
16-23706-000,7/10/2020,0.0,MEMO(MEMORANDUM),0.37,True,AR
16-23706-000,11/11/2014,4500.0,WD(WARRANTY DEED),0.37,True,AR
16-23706-000,3/27/2013,0.0,QCD(QUITCLAIM DEED),0.37,True,AR
16-23706-000,4/30/2008,0.0,WD(WARRANTY DEED),0.37,True,AR
16-23706-000,4/30/2008,0.0,CERT(CERTIFICATE),0.37,True,AR
16-23706-000,5/14/2007,10000.0,WD(WARRANTY DEED),0.37,True,AR
16-23706-000,5/3/2006,0.0,CWD(CORPORATION WARRANTY DEED),0.37,True,AR
16-23706-000,5/1/2006,8000.0,WD(WARRANTY DEED),0.37,True,AR
16-23706-000,12/8/2004,0.0,DC(DEATH CERTIFICATE),0.37,True,AR
16-23706-000,1/26/1982,8000.0,WD(WARRANTY DEED),0.37,True,AR
16-23707-000,4/7/2022,290000.0,TRWD(TRUSTEES WARRANTY DEED),0.36,True,AR
16-23707-000,1/12/2022,0.0,DC(DEATH CERTIFICATE),0.36,True,AR
16-23707-000,12/18/2012,0.0,CERT(CERTIFICATE),0.36,True,AR
16-23707-000,12/18/2012,0.0,BD(BENEFICIARY DEED),0.36,True,AR
16-23707-000,6/9/2012,0.0,DC(DEATH CERTIFICATE),0.36,True,AR
16-23707-000,3/31/1998,1000.0,WD(WARRANTY DEED),0.36,True,AR
16-23707-000,7/16/1985,2000.0,WD(WARRANTY DEED),0.36,True,AR
16-23707-000,2/25/1976,6000.0,WD(WARRANTY DEED),0.36,True,AR
16-23708-000,2/3/2023,520000.0,WD(WARRANTY DEED),0.37,True,AR
16-23708-000,3/7/2020,0.0,DC(DEATH CERTIFICATE),0.37,True,AR
16-23708-000,7/31/2017,246000.0,WD(WARRANTY DEED),0.37,True,AR
16-23708-000,11/4/2015,229000.0,WD(WARRANTY DEED),0.37,True,AR
16-23708-000,4/7/2014,0.0,QCD(QUITCLAIM DEED),0.37,True,AR
16-23708-000,4/30/2008,0.0,WD(WARRANTY DEED),0.37,True,AR
16-23708-000,4/30/2008,0.0,CERT(CERTIFICATE),0.37,True,AR
16-23708-000,3/15/2004,4000.0,WD(WARRANTY DEED),0.37,True,AR
16-23708-000,10/25/1985,0.0,WD(WARRANTY DEED),0.37,True,AR
16-23708-000,6/21/1984,0.0,WD(WARRANTY DEED),0.37,True,AR
16-23709-000,2/3/2023,520000.0,WD(WARRANTY DEED),0.34,True,AR
16-23709-000,3/7/2020,0.0,DC(DEATH CERTIFICATE),0.34,True,AR
16-23709-000,7/31/2017,246000.0,WD(WARRANTY DEED),0.34,True,AR
16-23709-000,11/4/2015,229000.0,WD(WARRANTY DEED),0.34,True,AR
16-23709-000,9/11/2013,0.0,WD(WARRANTY DEED),0.34,True,AR
16-23709-000,4/30/2008,0.0,WD(WARRANTY DEED),0.34,True,AR
16-23709-000,4/30/2008,0.0,CERT(CERTIFICATE),0.34,True,AR
16-23709-000,8/22/2003,133000.0,WD(WARRANTY DEED),0.34,True,AR
16-23709-000,5/23/2002,0.0,QCD(QUITCLAIM DEED),0.34,True,AR
16-23709-000,2/8/2001,0.0,QCD(QUITCLAIM DEED),0.34,True,AR
16-23709-000,12/20/2000,0.0,QCD(QUITCLAIM DEED),0.34,True,AR
16-23709-000,7/9/1999,0.0,WD(WARRANTY DEED),0.34,True,AR
16-23709-000,7/9/1999,0.0,MEMO(MEMORANDUM),0.34,True,AR
16-23709-000,3/9/1998,3000.0,EXD(EXECUTOR-EXECUTRIX DEED),0.34,True,AR
16-23709-000,2/18/1998,0.0,OR(ORDER),0.34,True,AR
16-23709-000,4/5/1978,0.0,DC(DEATH CERTIFICATE),0.34,True,AR
16-23710-000,8/29/2003,165000.0,WD(WARRANTY DEED),0.32,True,AR
16-23710-000,9/17/2002,0.0,QCD(QUITCLAIM DEED),0.32,True,AR
16-23710-000,2/8/2001,0.0,QCD(QUITCLAIM DEED),0.32,True,AR
16-23710-000,12/20/2000,0.0,QCD(QUITCLAIM DEED),0.32,True,AR
16-23710-000,7/9/1999,0.0,WD(WARRANTY DEED),0.32,True,AR
16-23710-000,7/9/1999,0.0,MEMO(MEMORANDUM),0.32,True,AR
16-23710-000,4/19/1999,3000.0,WD(WARRANTY DEED),0.32,True,AR
16-23710-000,4/14/1998,0.0,QCD(QUITCLAIM DEED),0.32,True,AR
16-23710-000,2/17/1998,8000.0,WD(WARRANTY DEED),0.32,True,AR
16-23710-000,11/2/1984,8000.0,WD(WARRANTY DEED),0.32,True,AR
16-23711-000,5/5/2021,4000.0,WD(WARRANTY DEED),0.32,False,AR
16-23711-000,12/29/2017,0.0,DC(DEATH CERTIFICATE),0.32,False,AR
16-23711-000,1/17/1985,7000.0,WD(WARRANTY DEED),0.32,False,AR
16-23712-000,4/13/2021,0.0,ML(MARRIAGE LICENSE),0.35,False,AR
16-23712-000,8/10/2020,0.0,BD(BENEFICIARY DEED),0.35,False,AR
16-23712-000,12/16/2016,0.0,BD(BENEFICIARY DEED),0.35,False,AR
16-23712-000,7/15/2013,0.0,QCD(QUITCLAIM DEED),0.35,False,AR
16-23712-000,3/25/1991,0.0,RD(REDEMPTION DEED),0.35,False,AR
16-23712-000,3/4/1991,0.0,COMMD(COMMISSIONERS DEED),0.35,False,AR
16-23712-000,8/1/1977,0.0,HIST(HISTORICAL),0.35,False,AR
16-23713-000,2/7/2022,5100.0,WD(WARRANTY DEED),0.36,False,MT
16-23713-000,12/27/1994,1000.0,WD(WARRANTY DEED),0.36,False,MT
16-23713-000,10/11/1984,1500.0,WD(WARRANTY DEED),0.36,False,MT
16-23714-000,7/30/2009,0.0,QCD(QUITCLAIM DEED),0.34,False,AR
16-23714-000,4/5/2006,0.0,QCD(QUITCLAIM DEED),0.34,False,AR
16-23714-000,8/18/1987,0.0,QCD(QUITCLAIM DEED),0.34,False,AR
16-23714-000,7/31/1987,1000.0,WD(WARRANTY DEED),0.34,False,AR
16-23715-000,10/2/2009,0.0,QCD(QUITCLAIM DEED),0.27,False,AR
16-23715-000,12/16/2002,1000.0,COMMD(COMMISSIONERS DEED),0.27,False,AR
16-23715-000,9/9/1983,6000.0,WD(WARRANTY DEED),0.27,False,AR
16-23716-000,9/7/2023,0.0,WD(WARRANTY DEED),0.3,False,AR
16-23716-000,9/7/2023,0.0,CERT(CERTIFICATE),0.3,False,AR
16-23716-000,7/27/2022,505000.0,WD(WARRANTY DEED),0.3,False,AR
16-23716-000,9/23/2021,420000.0,WD(WARRANTY DEED),0.3,False,AR
16-23716-000,6/19/2020,340000.0,WD(WARRANTY DEED),0.3,False,AR
16-23716-000,6/24/2019,10000.0,TRWD(TRUSTEES WARRANTY DEED),0.3,False,AR
16-23716-000,6/24/2019,0.0,TRAG(TRUST AGREEMENT),0.3,False,AR
16-23716-000,2/12/2010,0.0,CORRWD(CORRECTED WARRANTY DEED),0.3,False,AR
16-23716-000,1/15/2010,15000.0,QCD(QUITCLAIM DEED),0.3,False,AR
16-23716-000,9/20/2002,8000.0,WD(WARRANTY DEED),0.3,False,AR
16-23716-000,7/12/2002,3000.0,WD(WARRANTY DEED),0.3,False,AR
16-23716-000,6/1/1995,0.0,CERT(CERTIFICATE),0.3,False,AR
16-23716-000,4/25/1994,0.0,QCD(QUITCLAIM DEED),0.3,False,AR
16-23716-000,6/26/1987,0.0,WD(WARRANTY DEED),0.3,False,AR
16-23716-000,2/17/1984,6000.0,WD(WARRANTY DEED),0.3,False,AR
16-23717-000,9/7/2023,0.0,WD(WARRANTY DEED),0.35,True,AR
16-23717-000,9/7/2023,0.0,CERT(CERTIFICATE),0.35,True,AR
16-23717-000,7/27/2022,505000.0,WD(WARRANTY DEED),0.35,True,AR
16-23717-000,9/23/2021,420000.0,WD(WARRANTY DEED),0.35,True,AR
16-23717-000,6/19/2020,340000.0,WD(WARRANTY DEED),0.35,True,AR
16-23717-000,6/24/2019,10000.0,TRWD(TRUSTEES WARRANTY DEED),0.35,True,AR
16-23717-000,6/24/2019,0.0,TRAG(TRUST AGREEMENT),0.35,True,AR
16-23717-000,2/12/2010,0.0,CORRWD(CORRECTED WARRANTY DEED),0.35,True,AR
16-23717-000,1/15/2010,0.0,QCD(QUITCLAIM DEED),0.35,True,AR
16-23717-000,9/20/2002,8000.0,WD(WARRANTY DEED),0.35,True,AR
16-23717-000,7/12/2002,4000.0,WD(WARRANTY DEED),0.35,True,AR
16-23717-000,3/5/1979,3000.0,WD(WARRANTY DEED),0.35,True,AR
16-23718-000,2/3/2021,285000.0,WD(WARRANTY DEED),0.37,True,AR
16-23718-000,5/7/2020,0.0,CERT(CERTIFICATE),0.37,True,AR
16-23718-000,2/14/2020,6000.0,CWD(CORPORATION WARRANTY DEED),0.37,True,AR
16-23718-000,10/12/2005,6000.0,WD(WARRANTY DEED),0.37,True,AR
16-23718-000,10/20/1983,6000.0,WD(WARRANTY DEED),0.37,True,AR
16-23719-000,4/23/2020,0.0,LWD(LIMITED WARRANTY DEED),0.42,False,AR
16-23719-000,8/28/2009,1451000.0,QCD(QUITCLAIM DEED),0.42,False,AR
16-23719-000,8/21/2009,402000.0,DEED(GRANT DEED),0.42,False,AR
16-23719-000,9/15/2008,0.0,DEED(GRANT DEED),0.42,False,AR
16-23719-000,9/26/2005,8000.0,WD(WARRANTY DEED),0.42,False,AR
16-23719-000,10/8/1990,2000.0,WD(WARRANTY DEED),0.42,False,AR
16-23719-000,4/15/1988,1000.0,WD(WARRANTY DEED),0.42,False,AR
16-23719-000,9/12/1983,6000.0,WD(WARRANTY DEED),0.42,False,AR
16-23720-000,3/16/2023,0.0,QCD(QUITCLAIM DEED),0.38,True,AR
16-23720-000,1/10/2019,1000.0,QCD(QUITCLAIM DEED),0.38,True,AR
16-23720-000,3/6/2012,1000.0,SWD(SPECIAL WARRANTY DEED),0.38,True,AR
16-23720-000,7/13/2009,0.0,COMMD(COMMISSIONERS DEED),0.38,True,AR
16-23720-000,3/21/1997,2000.0,WD(WARRANTY DEED),0.38,True,AR
16-23720-000,3/26/1993,0.0,WD(WARRANTY DEED),0.38,True,AR
16-23720-000,3/26/1993,0.0,AB(ABSTRACT OF TRUST),0.38,True,AR
16-23720-000,1/30/1988,0.0,DC(DEATH CERTIFICATE),0.38,True,AR
16-23720-000,7/27/1971,6000.0,WD(WARRANTY DEED),0.38,True,AR
16-23721-000,7/25/2024,490000.0,TRWD(TRUSTEES WARRANTY DEED),0.41,True,AR
16-23721-000,12/8/2023,0.0,QCD(QUITCLAIM DEED),0.41,True,AR
16-23721-000,2/17/2022,360000.0,WD(WARRANTY DEED),0.41,True,AR
16-23721-000,7/21/2005,125000.0,WD(WARRANTY DEED),0.41,True,AR
16-23721-000,7/3/2003,0.0,QCD(QUITCLAIM DEED),0.41,True,AR
16-23721-000,7/26/2000,95000.0,WD(WARRANTY DEED),0.41,True,AR
16-23721-000,4/3/1995,0.0,QCD(QUITCLAIM DEED),0.41,True,AR
16-23721-000,12/20/1988,66000.0,WD(WARRANTY DEED),0.41,True,AR
16-23721-000,2/22/1988,5000.0,WD(WARRANTY DEED),0.41,True,AR
16-23721-000,12/22/1980,5000.0,WD(WARRANTY DEED),0.41,True,AR
16-23722-000,10/12/2016,222000.0,WD(WARRANTY DEED),0.27,False,AR
16-23722-000,8/3/2016,0.0,DC(DEATH CERTIFICATE),0.27,False,AR
16-23722-000,5/30/2015,200000.0,WD(WARRANTY DEED),0.27,False,AR
16-23722-000,7/16/2009,0.0,CORRWD(CORRECTED WARRANTY DEED),0.27,False,AR
16-23722-000,7/15/2009,13000.0,WD(WARRANTY DEED),0.27,False,AR
16-23722-000,7/8/2009,0.0,CORRQC(CORRECTED QUIT CLAIM DEED),0.27,False,AR
16-23722-000,12/26/2007,0.0,QCD(QUITCLAIM DEED),0.27,False,AR
16-23722-000,3/14/2006,0.0,QCD(QUITCLAIM DEED),0.27,False,AR
16-23722-000,6/17/2005,9000.0,QCD(QUITCLAIM DEED),0.27,False,AR
16-23722-000,5/2/2005,3000.0,WD(WARRANTY DEED),0.27,False,AR
16-23722-000,11/10/2003,0.0,RD(REDEMPTION DEED),0.27,False,AR
16-23722-000,10/24/1994,0.0,QCD(QUITCLAIM DEED),0.27,False,AR
16-23722-000,12/10/1992,0.0,WD(WARRANTY DEED),0.27,False,AR
16-23722-000,4/22/1991,0.0,DC(DEATH CERTIFICATE),0.27,False,AR
16-23722-000,11/9/1977,0.0,WD(WARRANTY DEED),0.27,False,AR
16-23723-000,10/12/2016,222000.0,WD(WARRANTY DEED),0.3,True,AR
16-23723-000,8/3/2016,0.0,DC(DEATH CERTIFICATE),0.3,True,AR
16-23723-000,5/30/2015,200000.0,WD(WARRANTY DEED),0.3,True,AR
16-23723-000,12/5/2005,13000.0,WD(WARRANTY DEED),0.3,True,AR
16-23723-000,6/14/2005,1000.0,WD(WARRANTY DEED),0.3,True,AR
16-23723-000,7/29/1975,5000.0,WD(WARRANTY DEED),0.3,True,AR
16-23724-000,12/18/2023,0.0,QCD(QUITCLAIM DEED),0.25,False,MO
16-23724-000,4/21/2020,1000.0,SWD(SPECIAL WARRANTY DEED),0.25,False,MO
16-23724-000,4/1/2020,0.0,COMMD(COMMISSIONERS DEED),0.25,False,MO
16-23724-000,2/22/2017,1.0,WD(WARRANTY DEED),0.25,False,MO
16-23724-000,4/21/2015,0.0,RD(REDEMPTION DEED),0.25,False,MO
16-23724-000,1/16/2008,100000.0,WD(WARRANTY DEED),0.25,False,MO
16-23724-000,12/9/2005,6000.0,WD(WARRANTY DEED),0.25,False,MO
16-23724-000,6/14/1984,6000.0,WD(WARRANTY DEED),0.25,False,MO
16-23725-000,7/5/2009,0.0,QCD(QUITCLAIM DEED),0.4,True,AR
16-23725-000,7/2/2007,0.0,QCD(QUITCLAIM DEED),0.4,True,AR
16-23725-000,7/12/1990,32000.0,WD(WARRANTY DEED),0.4,True,AR
16-23725-000,6/18/1990,0.0,QCD(QUITCLAIM DEED),0.4,True,AR
16-23725-000,12/13/1984,32000.0,WD(WARRANTY DEED),0.4,True,AR
16-23726-000,2/25/2022,10000.0,WD(WARRANTY DEED),0.3,False,MO
16-23726-000,3/3/2021,0.0,LWD(LIMITED WARRANTY DEED),0.3,False,MO
16-23726-000,8/28/2009,1451000.0,QCD(QUITCLAIM DEED),0.3,False,MO
16-23726-000,8/21/2009,402000.0,DEED(GRANT DEED),0.3,False,MO
16-23726-000,9/15/2008,0.0,DEED(GRANT DEED),0.3,False,MO
16-23726-000,2/27/2006,414000.0,WD(WARRANTY DEED),0.3,False,MO
16-23726-000,11/30/2005,6000.0,WD(WARRANTY DEED),0.3,False,MO
16-23726-000,12/7/1990,4000.0,WD(WARRANTY DEED),0.3,False,MO
16-23726-000,6/8/1978,0.0,CONT(CONTRACT),0.3,False,MO
16-23727-000,11/14/2023,0.0,WD(WARRANTY DEED),0.35,True,AR
16-23727-000,6/24/1994,60000.0,WD(WARRANTY DEED),0.35,True,AR
16-23727-000,1/24/1994,1000.0,WD(WARRANTY DEED),0.35,True,AR
16-23727-000,10/25/1983,6000.0,WD(WARRANTY DEED),0.35,True,AR
16-23728-000,8/14/2020,0.0,LWD(LIMITED WARRANTY DEED),0.38,False,
16-23728-000,8/28/2009,1451000.0,QCD(QUITCLAIM DEED),0.38,False,
16-23728-000,8/21/2009,402000.0,DEED(GRANT DEED),0.38,False,
16-23728-000,9/15/2008,0.0,DEED(GRANT DEED),0.38,False,
16-23728-000,12/27/2005,7000.0,WD(WARRANTY DEED),0.38,False,
16-23728-000,12/8/1997,0.0,WD(WARRANTY DEED),0.38,False,
16-23728-000,9/27/1995,0.0,QCD(QUITCLAIM DEED),0.38,False,
16-23728-000,4/14/1978,0.0,WD(WARRANTY DEED),0.38,False,
16-23729-000,4/14/1994,1000.0,WD(WARRANTY DEED),0.41,False,MO
16-23729-000,4/1/1994,1000.0,WD(WARRANTY DEED),0.41,False,MO
16-23729-000,4/1/1994,0.0,DC(DEATH CERTIFICATE),0.41,False,MO
16-23729-000,8/16/1980,0.0,WD(WARRANTY DEED),0.41,False,MO
16-23730-000,2/23/2007,158000.0,WD(WARRANTY DEED),0.32,True,AR
16-23730-000,12/5/2005,12000.0,WD(WARRANTY DEED),0.32,True,AR
16-23730-000,9/22/2005,3000.0,WD(WARRANTY DEED),0.32,True,AR
16-23730-000,7/13/1976,6000.0,WD(WARRANTY DEED),0.32,True,AR
16-23731-000,2/28/1997,1000.0,CWD(CORPORATION WARRANTY DEED),0.35,False,TX
16-23731-000,2/28/1997,0.0,QCD(QUITCLAIM DEED),0.35,False,TX
16-23731-000,8/30/1996,5000.0,CWD(CORPORATION WARRANTY DEED),0.35,False,TX
16-23731-000,8/30/1996,1000.0,WD(WARRANTY DEED),0.35,False,TX
16-23731-000,7/21/1982,0.0,WD(WARRANTY DEED),0.35,False,TX
16-23732-000,"2,460",492.0,492,22.0,False,AR
16-23732-000,0,0.0,0,22.0,False,AR
16-23732-000,"2,460",492.0,492,22.0,False,AR
16-23732-000,,492.0,492,22.0,False,AR
16-23732-000,,0.06193,0.06193,22.0,False,AR
16-23732-000,,4.4,4.4,22.0,False,AR
16-23732-001,0,0.0,0,15.2,False,AR
16-23732-001,0,0.0,0,15.2,False,AR
16-23732-001,0,0.0,0,15.2,False,AR
16-23732-001,,0.0,0,15.2,False,AR
16-23732-001,,0.06193,0.06193,15.2,False,AR
16-40647-000,9/24/1999,0.0,WD(WARRANTY DEED),0.93,True,AR
16-40647-000,5/16/1996,221000.0,WD(WARRANTY DEED),0.93,True,AR
16-40647-001,7/8/2005,0.0,QCD(QUITCLAIM DEED),1.52,True,AR
16-40647-001,7/8/2005,867000.0,WD(WARRANTY DEED),1.52,True,AR
16-40647-001,8/23/1996,401000.0,WD(WARRANTY DEED),1.52,True,AR
16-40647-002,7/8/2005,0.0,QCD(QUITCLAIM DEED),0.16,False,AR
16-40647-002,6/24/2005,0.0,QCD(QUITCLAIM DEED),0.16,False,AR
16-40647-002,6/24/2005,0.0,QCD(QUITCLAIM DEED),0.16,False,AR
16-40791-000,10/30/2002,0.0,WD(WARRANTY DEED),0.84,True,AR
16-40791-000,10/27/2000,84000.0,WD(WARRANTY DEED),0.84,True,AR
16-40791-001,3/6/2019,0.0,WD(WARRANTY DEED),0.92,False,AR
16-40791-001,11/30/2018,225000.0,WD(WARRANTY DEED),0.92,False,AR
16-40792-000,2/6/2025,0.0,CERT(CERTIFICATE),0.65,True,AR
16-40792-000,4/3/2013,0.0,QCD(QUITCLAIM DEED),0.65,True,AR
16-40792-000,4/3/2013,0.0,CERT(CERTIFICATE),0.65,True,AR
16-40792-000,6/30/2000,95000.0,WD(WARRANTY DEED),0.65,True,AR
16-40793-000,12/20/2024,0.0,AFF(AFFIDAVIT),0.15,False,
16-40793-000,5/23/2024,10899862.0,SWD(SPECIAL WARRANTY DEED),0.15,False,
16-40793-000,5/23/2024,0.0,QCD(QUITCLAIM DEED),0.15,False,
16-40793-000,5/22/2024,0.0,QCD(QUITCLAIM DEED),0.15,False,
16-41077-000,8/30/2024,0.0,WD(WARRANTY DEED),2.2,True,TX
16-41077-000,8/10/2021,700000.0,WD(WARRANTY DEED),2.2,True,TX
16-41077-000,12/21/2018,18000.0,PP(PARENT PARCEL (FOR SPLIT)),2.2,True,TX
16-41077-000,12/21/2018,0.0,BD(BENEFICIARY DEED),2.2,True,TX
16-41077-000,1/10/2014,0.0,QCD(QUITCLAIM DEED),2.2,True,TX
16-41077-000,4/1/2013,0.0,BD(BENEFICIARY DEED),2.2,True,TX
16-41077-000,4/1/2013,0.0,CERT(CERTIFICATE),2.2,True,TX
16-41077-000,1/25/2013,0.0,DC(DEATH CERTIFICATE),2.2,True,TX
16-41077-000,7/26/2005,25000.0,WD(WARRANTY DEED),2.2,True,TX
16-41078-000,8/30/2024,0.0,WD(WARRANTY DEED),6.13,True,TX
16-41078-000,10/19/2022,1450000.0,WD(WARRANTY DEED),6.13,True,TX
16-41078-000,12/21/2018,18000.0,WD(WARRANTY DEED),6.13,True,TX
16-41078-000,1/10/2014,0.0,QCD(QUITCLAIM DEED),6.13,True,TX
16-41078-000,6/8/2005,36000.0,WD(WARRANTY DEED),6.13,True,TX
16-41079-000,10/29/2024,0.0,QCD(QUITCLAIM DEED),4.01,True,TX
16-41079-000,8/30/2024,0.0,WD(WARRANTY DEED),4.01,True,TX
16-41079-000,7/28/2022,1200000.0,WD(WARRANTY DEED),4.01,True,TX
16-41079-000,11/5/2007,56000.0,WD(WARRANTY DEED),4.01,True,TX
16-41079-000,10/5/2005,20000.0,WD(WARRANTY DEED),4.01,True,TX
16-41080-000,10/29/2024,2500000.0,WD(WARRANTY DEED),4.04,True,TX
16-41080-000,10/4/2024,0.0,QCD(QUITCLAIM DEED),4.04,True,TX
16-41080-000,8/4/2009,0.0,WD(WARRANTY DEED),4.04,True,TX
16-41080-000,11/24/2003,48000.0,WD(WARRANTY DEED),4.04,True,TX
16-41081-000,8/30/2024,0.0,WD(WARRANTY DEED),4.01,False,TX
16-41081-000,4/17/2020,55000.0,WD(WARRANTY DEED),4.01,False,TX
16-41081-000,2/4/2015,55000.0,WD(WARRANTY DEED),4.01,False,TX
16-41081-000,9/21/2012,45000.0,WD(WARRANTY DEED),4.01,False,TX
16-41081-000,4/4/2006,50000.0,WD(WARRANTY DEED),4.01,False,TX
16-41081-000,7/26/2005,20000.0,WD(WARRANTY DEED),4.01,False,TX
16-41081-000,12/21/2000,0.0,TRAG(TRUST AGREEMENT),4.01,False,TX
16-41082-000,12/24/2003,0.0,WD(WARRANTY DEED),1.16,False,AR
16-41083-000,5/23/2024,10899862.0,SWD(SPECIAL WARRANTY DEED),1.29,False,
16-41083-000,9/18/2023,0.0,SWD(SPECIAL WARRANTY DEED),1.29,False,
16-79398-000,"1,295",259.0,259,4.9,False,AR
16-79398-000,0,0.0,0,4.9,False,AR
16-79398-000,"1,295",259.0,259,4.9,False,AR
16-79398-000,,259.0,259,4.9,False,AR
16-79398-000,,0.06193,0.06193,4.9,False,AR
16-79399-000,6/15/2020,5100000.0,WD(WARRANTY DEED),54.5,False,TX
16-79399-000,10/5/2016,595000.0,WD(WARRANTY DEED),54.5,False,TX
16-79399-000,9/26/2016,0.0,QCD(QUITCLAIM DEED),54.5,False,TX
16-79399-000,9/26/2016,0.0,QCD(QUITCLAIM DEED),54.5,False,TX
16-79399-000,9/26/2016,0.0,BD(BENEFICIARY DEED),54.5,False,TX
16-79399-000,9/26/2016,0.0,BD(BENEFICIARY DEED),54.5,False,TX
16-79399-000,9/26/2016,0.0,BD(BENEFICIARY DEED),54.5,False,TX
16-79399-000,9/13/2016,0.0,BD(BENEFICIARY DEED),54.5,False,TX
16-79399-000,9/13/2016,0.0,BD(BENEFICIARY DEED),54.5,False,TX
16-79399-000,9/13/2016,0.0,BD(BENEFICIARY DEED),54.5,False,TX
16-79399-000,4/29/2016,0.0,QCD(QUITCLAIM DEED),54.5,False,TX
16-79399-000,4/29/2016,0.0,QCD(QUITCLAIM DEED),54.5,False,TX
16-79399-000,8/13/2010,0.0,DC(DEATH CERTIFICATE),54.5,False,TX
16-79399-000,3/31/2008,0.0,POA(POWER OF ATTORNEY),54.5,False,TX
16-79399-000,10/3/1997,0.0,CORRWD(CORRECTED WARRANTY DEED),54.5,False,TX
16-79399-000,2/6/1997,30000.0,WD(WARRANTY DEED),54.5,False,TX
16-79399-000,3/2/1993,0.0,AFF(AFFIDAVIT),54.5,False,TX
16-79399-000,7/7/1992,0.0,CORRWD(CORRECTED WARRANTY DEED),54.5,False,TX
16-79399-000,8/20/1991,0.0,CORRWD(CORRECTED WARRANTY DEED),54.5,False,TX
16-79399-000,6/27/1991,0.0,WD(WARRANTY DEED),54.5,False,TX
16-79399-000,6/27/1991,0.0,QCD(QUITCLAIM DEED),54.5,False,TX
16-79399-000,4/12/1991,0.0,CERT(CERTIFICATE),54.5,False,TX
16-79399-000,11/17/1987,0.0,WD(WARRANTY DEED),54.5,False,TX
16-79399-000,8/14/1985,215000.0,WD(WARRANTY DEED),54.5,False,TX
16-79399-000,10/26/1977,0.0,WD(WARRANTY DEED),54.5,False,TX
16-79399-000,6/17/1963,0.0,WD(WARRANTY DEED),54.5,False,TX
16-79399-001,6/15/2020,5100000.0,WD(WARRANTY DEED),1.95,True,TX
16-79399-001,10/21/2016,1800000.0,WD(WARRANTY DEED),1.95,True,TX
16-79399-001,3/17/2009,2000000.0,WD(WARRANTY DEED),1.95,True,TX
16-79399-001,8/29/2006,1500000.0,WD(WARRANTY DEED),1.95,True,TX
16-79399-001,8/28/2006,111000.0,WD(WARRANTY DEED),1.95,True,TX
16-79399-001,1/7/2004,1200000.0,WD(WARRANTY DEED),1.95,True,TX
16-79399-001,12/5/1995,0.0,WD(WARRANTY DEED),1.95,True,TX
16-79399-001,8/16/1994,200000.0,WD(WARRANTY DEED),1.95,True,TX
16-79399-001,9/3/1992,310000.0,WD(WARRANTY DEED),1.95,True,TX
16-79399-001,7/19/1990,0.0,QCD(QUITCLAIM DEED),1.95,True,TX
16-79399-001,7/17/1990,0.0,CORRWD(CORRECTED WARRANTY DEED),1.95,True,TX
16-79399-001,7/13/1990,40000.0,WD(WARRANTY DEED),1.95,True,TX
16-79399-001,12/14/1988,0.0,EA(EASEMENT),1.95,True,TX
16-79399-001,12/14/1988,45000.0,WD(WARRANTY DEED),1.95,True,TX
16-79399-001,8/14/1985,13000.0,WD(WARRANTY DEED),1.95,True,TX
16-79399-001,8/14/1985,215000.0,WD(WARRANTY DEED),1.95,True,TX
16-79399-002,8/30/2024,0.0,WD(WARRANTY DEED),0.23,True,TX
16-79399-002,1/21/2021,563000.0,CWD(CORPORATION WARRANTY DEED),0.23,True,TX
16-79399-002,5/19/2015,420000.0,WD(WARRANTY DEED),0.23,True,TX
16-79399-002,3/4/2004,0.0,TRAG(TRUST AGREEMENT),0.23,True,TX
16-79399-002,3/4/2004,0.0,WD(WARRANTY DEED),0.23,True,TX
16-79399-002,12/13/1999,198000.0,WD(WARRANTY DEED),0.23,True,TX
16-79399-002,1/1/1800,13000.0,WD(WARRANTY DEED),0.23,True,TX
16-79399-003,8/30/2024,0.0,WD(WARRANTY DEED),6.22,True,TX
16-79399-003,9/10/2020,690000.0,WD(WARRANTY DEED),6.22,True,TX
16-79399-003,5/12/2020,675000.0,TRWD(TRUSTEES WARRANTY DEED),6.22,True,TX
16-79399-003,6/19/2014,0.0,WD(WARRANTY DEED),6.22,True,TX
16-79399-003,6/19/2014,0.0,CERT(CERTIFICATE),6.22,True,TX
16-79399-003,10/18/2010,0.0,DC(DEATH CERTIFICATE),6.22,True,TX
16-79399-003,6/24/2002,200000.0,WD(WARRANTY DEED),6.22,True,TX
16-79399-003,8/24/2000,0.0,DC(DEATH CERTIFICATE),6.22,True,TX
16-79399-003,10/15/1999,0.0,WD(WARRANTY DEED),6.22,True,TX
16-79399-003,9/17/1999,150000.0,WD(WARRANTY DEED),6.22,True,TX
16-79399-003,9/17/1999,0.0,AFF(AFFIDAVIT),6.22,True,TX
16-79399-003,7/29/1998,83000.0,WD(WARRANTY DEED),6.22,True,TX
16-79399-003,2/17/1993,0.0,AFF(AFFIDAVIT),6.22,True,TX
16-79399-003,7/7/1992,80000.0,WD(WARRANTY DEED),6.22,True,TX
16-79399-003,7/7/1992,0.0,CORRWD(CORRECTED WARRANTY DEED),6.22,True,TX
16-79399-003,8/21/1991,0.0,WD(WARRANTY DEED),6.22,True,TX
16-79399-003,6/27/1991,0.0,WD(WARRANTY DEED),6.22,True,TX
16-79399-003,11/17/1987,0.0,WD(WARRANTY DEED),6.22,True,TX
16-79399-004,6/15/2020,5100000.0,WD(WARRANTY DEED),0.65,True,TX
16-79399-004,2/24/2017,750000.0,WD(WARRANTY DEED),0.65,True,TX
16-79399-004,6/23/2015,369000.0,WD(WARRANTY DEED),0.65,True,TX
16-79399-004,2/25/2010,0.0,QCD(QUITCLAIM DEED),0.65,True,TX
16-79399-004,2/25/2010,0.0,QCD(QUITCLAIM DEED),0.65,True,TX
16-79399-004,12/23/2009,0.0,CERT(CERTIFICATE),0.65,True,TX
16-79399-004,4/5/2006,490000.0,WD(WARRANTY DEED),0.65,True,TX
16-79399-004,5/2/2001,290000.0,WD(WARRANTY DEED),0.65,True,TX
16-79399-004,5/2/2001,0.0,WD(WARRANTY DEED),0.65,True,TX
16-79399-004,5/1/2001,0.0,CERT(CERTIFICATE),0.65,True,TX
16-79399-004,5/1/2001,0.0,WD(WARRANTY DEED),0.65,True,TX
16-79399-004,11/24/2000,0.0,DC(DEATH CERTIFICATE),0.65,True,TX
16-79399-004,3/3/1999,0.0,CORRWD(CORRECTED WARRANTY DEED),0.65,True,TX
16-79399-004,4/25/1997,0.0,WD(WARRANTY DEED),0.65,True,TX
16-79399-004,4/25/1997,0.0,CERT(CERTIFICATE),0.65,True,TX
16-79399-004,2/26/1992,0.0,WD(WARRANTY DEED),0.65,True,TX
16-79399-004,2/26/1992,0.0,WD(WARRANTY DEED),0.65,True,TX
16-79399-004,11/6/1989,0.0,EA(EASEMENT),0.65,True,TX
16-79399-004,12/14/1988,0.0,EA(EASEMENT),0.65,True,TX
16-79399-004,12/14/1988,45000.0,WD(WARRANTY DEED),0.65,True,TX
16-79399-005,8/30/2024,0.0,WD(WARRANTY DEED),0.37,True,TX
16-79399-005,1/18/2022,1000000.0,TRWD(TRUSTEES WARRANTY DEED),0.37,True,TX
16-79399-005,4/3/2006,0.0,MEMO(MEMORANDUM),0.37,True,TX
16-79399-005,4/3/2006,0.0,MEMO(MEMORANDUM),0.37,True,TX
16-79399-005,4/3/2006,0.0,QCD(QUITCLAIM DEED),0.37,True,TX
16-79399-005,4/3/2006,0.0,QCD(QUITCLAIM DEED),0.37,True,TX
16-79399-005,7/19/1990,0.0,QCD(QUITCLAIM DEED),0.37,True,TX
16-79399-005,7/17/1990,0.0,CORRWD(CORRECTED WARRANTY DEED),0.37,True,TX
16-79399-005,7/13/1990,40000.0,WD(WARRANTY DEED),0.37,True,TX
16-79399-006,8/30/2024,0.0,WD(WARRANTY DEED),0.54,False,TX
16-79399-006,12/17/2020,3000000.0,WD(WARRANTY DEED),0.54,False,TX
16-79399-006,1/23/2019,0.0,TRAG(TRUST AGREEMENT),0.54,False,TX
16-79399-006,1/23/2019,0.0,TRAG(TRUST AGREEMENT),0.54,False,TX
16-79399-006,9/29/2005,0.0,QCD(QUITCLAIM DEED),0.54,False,TX
16-79399-006,9/29/2005,0.0,QCD(QUITCLAIM DEED),0.54,False,TX
16-79399-006,6/13/2003,450000.0,WD(WARRANTY DEED),0.54,False,TX
16-79399-006,12/16/1999,0.0,MEMO(MEMORANDUM),0.54,False,TX
16-79399-006,12/16/1999,0.0,TRAG(TRUST AGREEMENT),0.54,False,TX
16-79399-006,12/17/1996,0.0,CORRQC(CORRECTED QUIT CLAIM DEED),0.54,False,TX
16-79399-006,7/19/1996,0.0,QCD(QUITCLAIM DEED),0.54,False,TX
16-79399-006,9/3/1992,310000.0,WD(WARRANTY DEED),0.54,False,TX
16-79399-007,6/15/2020,5100000.0,WD(WARRANTY DEED),2.45,False,TX
16-79399-007,2/24/2017,750000.0,WD(WARRANTY DEED),2.45,False,TX
16-79399-007,3/26/2010,0.0,WD(WARRANTY DEED),2.45,False,TX
16-79399-007,4/10/2009,0.0,PLAT(PLAT),2.45,False,TX
16-79399-007,4/4/2009,0.0,WD(WARRANTY DEED),2.45,False,TX
16-79399-007,4/4/2009,0.0,WD(WARRANTY DEED),2.45,False,TX
16-79399-007,8/28/2006,111000.0,WD(WARRANTY DEED),2.45,False,TX
16-79399-007,6/30/2004,0.0,HIST(HISTORICAL),2.45,False,TX
16-79399-007,1/7/2004,1200000.0,WD(WARRANTY DEED),2.45,False,TX
16-79399-007,10/3/1997,0.0,CORRWD(CORRECTED WARRANTY DEED),2.45,False,TX
16-79399-007,2/6/1997,30000.0,WD(WARRANTY DEED),2.45,False,TX
16-79399-025,1/17/2024,7975000.0,SWD(SPECIAL WARRANTY DEED),0.05,False,AR
16-79399-026,1/17/2024,7975000.0,SWD(SPECIAL WARRANTY DEED),0.03,False,AR
16-79400-000,9/18/2020,800000.0,WD(WARRANTY DEED),1.14,True,TX
16-79400-000,4/1/2005,370000.0,WD(WARRANTY DEED),1.14,True,TX
16-79400-000,10/22/2003,0.0,WD(WARRANTY DEED),1.14,True,TX
16-79400-000,9/23/2002,0.0,DC(DEATH CERTIFICATE),1.14,True,TX
16-79400-000,5/15/1991,0.0,CORRWD(CORRECTED WARRANTY DEED),1.14,True,TX
16-79400-000,1/30/1991,0.0,DC(DEATH CERTIFICATE),1.14,True,TX
16-79400-000,12/14/1989,0.0,MEMO(MEMORANDUM),1.14,True,TX
16-79400-000,12/14/1989,0.0,WD(WARRANTY DEED),1.14,True,TX
16-79400-000,5/20/1980,32000.0,WD(WARRANTY DEED),1.14,True,TX
16-79400-000,11/1/1977,26000.0,WD(WARRANTY DEED),1.14,True,TX
16-79401-000,9/18/2020,800000.0,WD(WARRANTY DEED),0.13,True,TX
16-79401-000,4/4/2005,110000.0,WD(WARRANTY DEED),0.13,True,TX
16-79401-000,10/22/2003,0.0,WD(WARRANTY DEED),0.13,True,TX
16-79401-000,9/23/2002,0.0,DC(DEATH CERTIFICATE),0.13,True,TX
16-79401-000,1/30/1991,0.0,DC(DEATH CERTIFICATE),0.13,True,TX
16-79401-000,12/14/1989,0.0,MEMO(MEMORANDUM),0.13,True,TX
16-79401-000,12/14/1989,0.0,WD(WARRANTY DEED),0.13,True,TX
16-79402-000,8/30/2024,0.0,WD(WARRANTY DEED),1.45,True,TX
16-79402-000,9/10/2020,690000.0,WD(WARRANTY DEED),1.45,True,TX
16-79402-000,5/12/2020,675000.0,TRWD(TRUSTEES WARRANTY DEED),1.45,True,TX
16-79402-000,6/19/2014,0.0,WD(WARRANTY DEED),1.45,True,TX
16-79402-000,6/19/2014,0.0,CERT(CERTIFICATE),1.45,True,TX
16-79402-000,10/18/2010,0.0,DC(DEATH CERTIFICATE),1.45,True,TX
16-79402-000,1/4/1988,300000.0,WD(WARRANTY DEED),1.45,True,TX
16-79404-000,10/1/2024,0.0,AFF(AFFIDAVIT),33.22,False,TX
16-79404-000,9/25/2024,0.0,AFF(AFFIDAVIT),33.22,False,TX
16-79404-000,8/30/2024,0.0,WD(WARRANTY DEED),33.22,False,TX
16-79404-000,10/9/2020,195000.0,SWD(SPECIAL WARRANTY DEED),33.22,False,TX
16-79404-000,1/10/2002,15000.0,WD(WARRANTY DEED),33.22,False,TX
16-79404-000,10/24/1996,8000.0,WD(WARRANTY DEED),33.22,False,TX
16-79404-010,8/30/2024,0.0,WD(WARRANTY DEED),39.65,False,TX
16-79404-010,12/17/2021,1500000.0,EXD(EXECUTOR-EXECUTRIX DEED),39.65,False,TX
16-79404-010,9/10/2021,0.0,SWD(SPECIAL WARRANTY DEED),39.65,False,TX
16-79404-010,9/1/2021,0.0,SWD(SPECIAL WARRANTY DEED),39.65,False,TX
16-79404-010,8/29/2007,25000.0,WD(WARRANTY DEED),39.65,False,TX
16-79404-010,8/10/2004,0.0,EXD(EXECUTOR-EXECUTRIX DEED),39.65,False,TX
16-79404-010,11/13/1999,0.0,DC(DEATH CERTIFICATE),39.65,False,TX
16-79404-010,2/5/1959,8000.0,WD(WARRANTY DEED),39.65,False,TX
16-79404-010,9/17/1948,0.0,WD(WARRANTY DEED),39.65,False,TX
16-79405-001,10/30/2020,2500000.0,WD(WARRANTY DEED),5.85,False,TX
16-79405-001,10/7/2020,0.0,CERT(CERTIFICATE),5.85,False,TX
16-79405-001,6/9/2017,0.0,TRWD(TRUSTEES WARRANTY DEED),5.85,False,TX
16-79405-001,4/28/2017,0.0,DC(DEATH CERTIFICATE),5.85,False,TX
16-79405-001,2/15/2002,0.0,WD(WARRANTY DEED),5.85,False,TX
16-79405-001,1/10/2002,15000.0,WD(WARRANTY DEED),5.85,False,TX
16-79405-002,10/30/2020,2500000.0,WD(WARRANTY DEED),3.01,True,TX
16-79405-002,10/7/2020,0.0,CERT(CERTIFICATE),3.01,True,TX
16-79405-002,6/9/2017,0.0,TRWD(TRUSTEES WARRANTY DEED),3.01,True,TX
16-79405-002,4/28/2017,0.0,DC(DEATH CERTIFICATE),3.01,True,TX
16-79405-002,3/29/1999,0.0,WD(WARRANTY DEED),3.01,True,TX
16-79405-002,3/26/1997,0.0,WD(WARRANTY DEED),3.01,True,TX
16-79405-002,10/24/1996,8000.0,WD(WARRANTY DEED),3.01,True,TX
16-79406-001,7/29/2022,63000.0,WD(WARRANTY DEED),0.42,True,AR
16-79406-001,9/14/2020,53000.0,WD(WARRANTY DEED),0.42,True,AR
16-79406-001,12/11/2001,0.0,RD(REDEMPTION DEED),0.42,True,AR
16-79406-001,11/21/2001,49667.0,WD(WARRANTY DEED),0.42,True,AR
16-79406-001,9/12/2001,0.0,COMMD(COMMISSIONERS DEED),0.42,True,AR
16-79406-001,8/9/1993,38000.0,WD(WARRANTY DEED),0.42,True,AR
16-79406-001,11/10/1992,0.0,QCD(QUITCLAIM DEED),0.42,True,AR
16-79406-001,11/10/1992,0.0,QCD(QUITCLAIM DEED),0.42,True,AR
16-79406-001,2/12/1987,3000.0,WD(WARRANTY DEED),0.42,True,AR
16-79406-001,6/26/1985,3000.0,WD(WARRANTY DEED),0.42,True,AR
16-79406-002,7/29/2022,280000.0,WD(WARRANTY DEED),1.17,True,AR
16-79406-002,9/14/2020,143000.0,WD(WARRANTY DEED),1.17,True,AR
16-79406-002,3/31/1999,0.0,WD(WARRANTY DEED),1.17,True,AR
16-79406-002,11/3/1997,11000.0,WD(WARRANTY DEED),1.17,True,AR
16-79406-002,8/9/1993,38000.0,WD(WARRANTY DEED),1.17,True,AR
16-79406-002,2/12/1987,3000.0,WD(WARRANTY DEED),1.17,True,AR
16-79406-002,6/26/1985,3000.0,WD(WARRANTY DEED),1.17,True,AR
16-79407-000,8/30/2024,0.0,WD(WARRANTY DEED),2.0,True,TX
16-79407-000,1/15/2021,500000.0,WD(WARRANTY DEED),2.0,True,TX
16-79407-000,2/16/2018,72000.0,PP(PARENT PARCEL (FOR SPLIT)),2.0,True,TX
16-79407-000,12/27/2017,0.0,PP(PARENT PARCEL (FOR SPLIT)),2.0,True,TX
16-79407-000,1/12/2017,370000.0,WD(WARRANTY DEED),2.0,True,TX
16-79407-000,9/27/2016,360000.0,WD(WARRANTY DEED),2.0,True,TX
16-79407-000,7/10/2012,0.0,DC(DEATH CERTIFICATE),2.0,True,TX
16-79407-000,4/6/1999,151000.0,WD(WARRANTY DEED),2.0,True,TX
16-79407-000,9/24/1980,35000.0,WD(WARRANTY DEED),2.0,True,TX
16-79407-000,7/2/1973,50000.0,WD(WARRANTY DEED),2.0,True,TX
16-79407-000,2/5/1959,8000.0,WD(WARRANTY DEED),2.0,True,TX
16-79407-001,12/27/2017,0.0,PLAT(PLAT),0.17,False,AR
16-79407-002,8/30/2024,0.0,WD(WARRANTY DEED),6.95,False,TX
16-79407-002,9/10/2020,145000.0,WD(WARRANTY DEED),6.95,False,TX
16-79407-002,2/16/2018,72000.0,WD(WARRANTY DEED),6.95,False,TX
16-79408-001,8/30/2024,0.0,WD(WARRANTY DEED),2.5,False,TX
16-79408-001,12/17/2021,1500000.0,EXD(EXECUTOR-EXECUTRIX DEED),2.5,False,TX
16-79408-001,9/10/2021,0.0,SWD(SPECIAL WARRANTY DEED),2.5,False,TX
16-79408-001,9/1/2021,0.0,SWD(SPECIAL WARRANTY DEED),2.5,False,TX
16-79408-001,2/4/2015,0.0,QCD(QUITCLAIM DEED),2.5,False,TX
16-79408-001,1/20/2010,20000.0,TRD(TRUSTEES DEED),2.5,False,TX
16-79408-001,9/12/2007,0.0,WD(WARRANTY DEED),2.5,False,TX
16-79408-001,8/29/2007,25000.0,WD(WARRANTY DEED),2.5,False,TX
16-79408-001,8/10/2004,0.0,EXD(EXECUTOR-EXECUTRIX DEED),2.5,False,TX
16-79408-002,10/1/2024,0.0,AFF(AFFIDAVIT),24.75,False,TX
16-79408-002,9/25/2024,0.0,AFF(AFFIDAVIT),24.75,False,TX
16-79408-002,8/30/2024,0.0,WD(WARRANTY DEED),24.75,False,TX
16-79408-002,10/9/2020,195000.0,SWD(SPECIAL WARRANTY DEED),24.75,False,TX
16-79408-002,9/29/2020,0.0,OTHER(OTHER DOCUMENT),24.75,False,TX
16-79408-002,5/1/1968,0.0,CERT(CERTIFICATE),24.75,False,TX
16-79408-002,1/25/1964,0.0,SWD(SPECIAL WARRANTY DEED),24.75,False,TX
16-79408-003,10/1/2024,0.0,AFF(AFFIDAVIT),0.62,False,TX
16-79408-003,9/25/2024,0.0,AFF(AFFIDAVIT),0.62,False,TX
16-79408-003,8/30/2024,0.0,WD(WARRANTY DEED),0.62,False,TX
16-79408-003,10/9/2020,195000.0,SWD(SPECIAL WARRANTY DEED),0.62,False,TX
16-79408-003,9/29/2020,0.0,OTHER(OTHER DOCUMENT),0.62,False,TX
16-79408-003,5/1/1968,0.0,CERT(CERTIFICATE),0.62,False,TX
16-79408-003,1/25/1964,0.0,SWD(SPECIAL WARRANTY DEED),0.62,False,TX
18-79403-000,8/7/1974,6325.0,WD(WARRANTY DEED),1.81,False,AR
