PARCELID,sold_date,sold_price,deed_type,acre_area,has_house,owner_state
16-04626-000,3/28/2025,410000.0,WD(WARRANTY DEED),0.3,True,AR
16-04626-000,10/22/2024,0.0,CERT(CERTIFICATE),0.3,True,AR
16-04626-000,1/2/2023,0.0,DC(DEATH CERTIFICATE),0.3,True,AR
16-04626-000,4/27/2005,0.0,WD(WARRANTY DEED),0.3,True,AR
16-04626-000,4/27/2005,0.0,CERT(CERTIFICATE),0.3,True,AR
16-04626-000,11/25/2003,175000.0,WD(WARRANTY DEED),0.3,True,AR
16-04626-000,12/9/1993,0.0,WD(WARRANTY DEED),0.3,True,AR
16-04626-000,12/7/1993,0.0,TRAG(TRUST AGREEMENT),0.3,True,AR
16-04626-000,7/24/1990,124000.0,WD(WARRANTY DEED),0.3,True,AR
16-04626-000,1/4/1984,9000.0,WD(WARRANTY DEED),0.3,True,AR
16-04627-000,9/26/2024,597000.0,WD(WARRANTY DEED),0.31,True,AR
16-04627-000,5/29/2024,295000.0,WD(WARRANTY DEED),0.31,True,AR
16-04627-000,1/26/2005,0.0,QCD(QUITCLAIM DEED),0.31,True,AR
16-04627-000,6/29/2004,0.0,QCD(QUITCLAIM DEED),0.31,True,AR
16-04627-000,8/1/2003,147000.0,WD(WARRANTY DEED),0.31,True,AR
16-04627-000,1/9/1990,0.0,WD(WARRANTY DEED),0.31,True,AR
16-04627-000,2/29/1984,7000.0,WD(WARRANTY DEED),0.31,True,AR
16-04628-000,8/5/2019,1250.0,SWD(SPECIAL WARRANTY DEED),0.27,False,AR
16-04628-000,6/20/2019,0.0,COMMD(COMMISSIONERS DEED),0.27,False,AR
16-04628-000,3/22/2019,0.0,RD(REDEMPTION DEED),0.27,False,AR
16-04628-000,11/22/1994,1000.0,WD(WARRANTY DEED),0.27,False,AR
16-04628-000,5/20/1976,7000.0,WD(WARRANTY DEED),0.27,False,AR
16-04629-000,4/1/2025,549800.0,WD(WARRANTY DEED),0.29,True,AR
16-04629-000,4/28/2023,495000.0,WD(WARRANTY DEED),0.29,True,AR
16-04629-000,7/1/2022,17500.0,WD(WARRANTY DEED),0.29,True,AR
16-04629-000,9/15/2021,0.0,RD(REDEMPTION DEED),0.29,True,AR
16-04629-000,8/30/2021,52000.0,WD(WARRANTY DEED),0.29,True,AR
16-04629-000,10/13/2017,0.0,RD(REDEMPTION DEED),0.29,True,AR
16-04629-000,8/28/2009,1451000.0,QCD(QUITCLAIM DEED),0.29,True,AR
16-04629-000,8/21/2009,402000.0,DEED(GRANT DEED),0.29,True,AR
16-04629-000,9/15/2008,0.0,DEED(GRANT DEED),0.29,True,AR
16-04629-000,11/15/2005,7000.0,WD(WARRANTY DEED),0.29,True,AR
16-04629-000,4/25/2005,0.0,WD(WARRANTY DEED),0.29,True,AR
16-04629-000,2/6/1995,4000.0,WD(WARRANTY DEED),0.29,True,AR
16-04629-000,1/9/1990,0.0,WD(WARRANTY DEED),0.29,True,AR
16-04629-000,2/8/1988,2000.0,WD(WARRANTY DEED),0.29,True,AR
16-04629-000,10/31/1983,0.0,DC(DEATH CERTIFICATE),0.29,True,AR
16-04629-000,9/23/1983,0.0,HIST(HISTORICAL),0.29,True,AR
16-04630-000,1/7/2022,273000.0,WD(WARRANTY DEED),0.26,False,AR
16-04630-000,9/30/2016,0.0,WD(WARRANTY DEED),0.26,False,AR
16-04630-000,4/4/1996,4000.0,WD(WARRANTY DEED),0.26,False,AR
16-04630-000,9/12/1983,8000.0,WD(WARRANTY DEED),0.26,False,AR
16-04631-000,1/7/2022,273000.0,WD(WARRANTY DEED),0.31,True,AR
16-04631-000,9/30/2016,120000.0,WD(WARRANTY DEED),0.31,True,AR
16-04631-000,9/27/2016,0.0,MEMO(MEMORANDUM),0.31,True,AR
16-04631-000,8/9/2013,0.0,TRAG(TRUST AGREEMENT),0.31,True,AR
16-04631-000,2/18/2005,0.0,WD(WARRANTY DEED),0.31,True,AR
16-04631-000,1/21/2005,0.0,CERT(CERTIFICATE),0.31,True,AR
16-04631-000,9/3/2002,0.0,DC(DEATH CERTIFICATE),0.31,True,AR
16-04631-000,5/27/1982,7000.0,WD(WARRANTY DEED),0.31,True,AR
16-04632-000,11/15/2013,178000.0,WD(WARRANTY DEED),0.28,False,AR
16-04632-000,8/24/2001,175000.0,WD(WARRANTY DEED),0.28,False,AR
16-04632-000,11/12/1999,0.0,WD(WARRANTY DEED),0.28,False,AR
16-04632-000,1/14/1999,0.0,DC(DEATH CERTIFICATE),0.28,False,AR
16-04632-000,11/3/1993,0.0,WD(WARRANTY DEED),0.28,False,AR
16-04632-000,7/9/1992,4000.0,WD(WARRANTY DEED),0.28,False,AR
16-04632-000,2/12/1979,8000.0,WD(WARRANTY DEED),0.28,False,AR
16-04633-000,11/15/2013,178000.0,WD(WARRANTY DEED),0.3,True,AR
16-04633-000,8/24/2001,175000.0,WD(WARRANTY DEED),0.3,True,AR
16-04633-000,11/12/1999,0.0,WD(WARRANTY DEED),0.3,True,AR
16-04633-000,1/14/1999,0.0,DC(DEATH CERTIFICATE),0.3,True,AR
16-04633-000,5/19/1997,0.0,TRAG(TRUST AGREEMENT),0.3,True,AR
16-04633-000,11/3/1993,0.0,WD(WARRANTY DEED),0.3,True,AR
16-04633-000,2/6/1992,3000.0,WD(WARRANTY DEED),0.3,True,AR
16-04633-000,4/12/1976,7000.0,WD(WARRANTY DEED),0.3,True,AR
16-04634-000,6/10/2011,0.0,SWD(SPECIAL WARRANTY DEED),0.27,True,AR
16-04634-000,11/29/2010,0.0,SWD(SPECIAL WARRANTY DEED),0.27,True,AR
16-04634-000,11/17/2010,0.0,WD(WARRANTY DEED),0.27,True,AR
16-04634-000,5/16/2005,70000.0,WD(WARRANTY DEED),0.27,True,AR
16-04634-000,11/21/2003,0.0,CONT(CONTRACT),0.27,True,AR
16-04634-000,11/26/1990,75000.0,WD(WARRANTY DEED),0.27,True,AR
16-04634-000,8/24/1984,93000.0,WD(WARRANTY DEED),0.27,True,AR
16-04634-000,3/12/1984,5000.0,WD(WARRANTY DEED),0.27,True,AR
16-04635-000,9/3/2024,0.0,BD(BENEFICIARY DEED),0.3,True,AR
16-04635-000,8/31/2006,175000.0,WD(WARRANTY DEED),0.3,True,AR
16-04635-000,8/16/1995,124000.0,WD(WARRANTY DEED),0.3,True,AR
16-04635-000,7/2/1991,0.0,WD(WARRANTY DEED),0.3,True,AR
16-04635-000,6/28/1991,0.0,TRAG(TRUST AGREEMENT),0.3,True,AR
16-04635-000,2/12/1981,100000.0,WD(WARRANTY DEED),0.3,True,AR
16-04636-000,9/30/2024,189000.0,TRD(TRUSTEES DEED),0.31,True,AR
16-04636-000,8/4/2023,0.0,CERT(CERTIFICATE),0.31,True,AR
16-04636-000,7/25/2023,0.0,DC(DEATH CERTIFICATE),0.31,True,AR
16-04636-000,7/20/2023,0.0,BD(BENEFICIARY DEED),0.31,True,AR
16-04636-000,7/20/2023,0.0,TRWD(TRUSTEES WARRANTY DEED),0.31,True,AR
16-04636-000,7/20/2023,0.0,TRAG(TRUST AGREEMENT),0.31,True,AR
16-04636-000,5/25/2010,0.0,WD(WARRANTY DEED),0.31,True,AR
16-04636-000,5/25/2010,0.0,CERT(CERTIFICATE),0.31,True,AR
16-04636-000,3/9/2005,85000.0,WD(WARRANTY DEED),0.31,True,AR
16-04636-000,10/26/2000,0.0,DC(DEATH CERTIFICATE),0.31,True,AR
16-04636-000,8/22/1986,9000.0,WD(WARRANTY DEED),0.31,True,AR
16-04636-000,9/30/1985,0.0,WD(WARRANTY DEED),0.31,True,AR
16-04636-000,9/30/1985,0.0,WD(WARRANTY DEED),0.31,True,AR
16-04636-000,8/12/1985,0.0,WD(WARRANTY DEED),0.31,True,AR
16-04637-000,6/7/2022,20000.0,TRWD(TRUSTEES WARRANTY DEED),0.3,False,AR
16-04637-000,1/18/2022,0.0,WD(WARRANTY DEED),0.3,False,AR
16-04637-000,1/18/2022,0.0,CERT(CERTIFICATE),0.3,False,AR
16-04637-000,2/3/2006,8000.0,WD(WARRANTY DEED),0.3,False,AR
16-04637-000,1/9/2002,0.0,OTHER(OTHER DOCUMENT),0.3,False,AR
16-04637-000,1/9/2002,1000.0,QCD(QUITCLAIM DEED),0.3,False,AR
16-04637-000,4/18/2000,0.0,POA(POWER OF ATTORNEY),0.3,False,AR
16-04637-000,8/14/1995,5000.0,WD(WARRANTY DEED),0.3,False,AR
16-04637-000,9/14/1992,0.0,WD(WARRANTY DEED),0.3,False,AR
16-04637-000,12/7/1983,0.0,WD(WARRANTY DEED),0.3,False,AR
16-04638-000,10/10/2024,0.0,QCD(QUITCLAIM DEED),0.28,False,AR
16-04638-000,2/27/2020,1000.0,SWD(SPECIAL WARRANTY DEED),0.28,False,AR
16-04638-000,12/30/2019,0.0,COMMD(COMMISSIONERS DEED),0.28,False,AR
16-04638-000,9/29/2019,0.0,RD(REDEMPTION DEED),0.28,False,AR
16-04638-000,9/12/2019,0.0,RD(REDEMPTION DEED),0.28,False,AR
16-04638-000,12/9/2005,6000.0,WD(WARRANTY DEED),0.28,False,AR
16-04638-000,10/18/1984,0.0,WD(WARRANTY DEED),0.28,False,AR
16-04639-000,7/11/2024,28000.0,WD(WARRANTY DEED),0.32,False,FL
16-04639-000,10/13/2017,0.0,RD(REDEMPTION DEED),0.32,False,FL
16-04639-000,8/28/2009,1451000.0,QCD(QUITCLAIM DEED),0.32,False,FL
16-04639-000,8/21/2009,402000.0,DEED(GRANT DEED),0.32,False,FL
16-04639-000,9/15/2008,0.0,DEED(GRANT DEED),0.32,False,FL
16-04639-000,12/15/2004,0.0,WD(WARRANTY DEED),0.32,False,FL
16-04639-000,12/14/2004,0.0,CORRWD(CORRECTED WARRANTY DEED),0.32,False,FL
16-04639-000,9/28/2004,16000.0,WD(WARRANTY DEED),0.32,False,FL
16-04639-000,7/8/2004,0.0,WD(WARRANTY DEED),0.32,False,FL
16-04639-000,12/11/1996,0.0,RD(REDEMPTION DEED),0.32,False,FL
16-04639-000,11/29/1982,8000.0,WD(WARRANTY DEED),0.32,False,FL
16-04640-000,1/29/2025,0.0,CERT(CERTIFICATE),0.24,True,
16-04640-000,8/14/2018,0.0,WD(WARRANTY DEED),0.24,True,
16-04640-000,8/14/2018,0.0,CERT(CERTIFICATE),0.24,True,
16-04640-000,5/15/2017,121250.0,SWD(SPECIAL WARRANTY DEED),0.24,True,
16-04640-000,2/23/2017,0.0,AFF(AFFIDAVIT),0.24,True,
16-04640-000,12/22/2016,0.0,MTG-D(MORTGAGEE'S DEED),0.24,True,
16-04640-000,2/11/2016,0.0,DC(DEATH CERTIFICATE),0.24,True,
16-04640-000,10/14/2013,0.0,QCD(QUITCLAIM DEED),0.24,True,
16-04640-000,10/14/2013,0.0,CERT(CERTIFICATE),0.24,True,
16-04640-000,3/21/2011,0.0,DC(DEATH CERTIFICATE),0.24,True,
16-04640-000,7/12/2007,142000.0,WD(WARRANTY DEED),0.24,True,
16-04640-000,9/24/2001,117000.0,WD(WARRANTY DEED),0.24,True,
16-04640-000,6/23/1997,119000.0,WD(WARRANTY DEED),0.24,True,
16-04640-000,1/23/1997,0.0,DC(DEATH CERTIFICATE),0.24,True,
16-04640-000,1/1/1997,0.0,WD(WARRANTY DEED),0.24,True,
16-04640-000,12/16/1982,14000.0,WD(WARRANTY DEED),0.24,True,
16-04641-000,8/16/2004,118000.0,WD(WARRANTY DEED),0.31,True,AR
16-04641-000,8/11/1995,0.0,WD(WARRANTY DEED),0.31,True,AR
16-04641-000,8/11/1995,0.0,TRAG(TRUST AGREEMENT),0.31,True,AR
16-04641-000,9/24/1985,0.0,HIST(HISTORICAL),0.31,True,AR
16-04641-000,2/20/1983,0.0,DC(DEATH CERTIFICATE),0.31,True,AR
16-04642-000,7/15/2024,365000.0,WD(WARRANTY DEED),0.3,True,AR
16-04642-000,4/25/2022,353000.0,WD(WARRANTY DEED),0.3,True,AR
16-04642-000,3/6/2019,175000.0,WD(WARRANTY DEED),0.3,True,AR
16-04642-000,11/30/2015,0.0,BD(BENEFICIARY DEED),0.3,True,AR
16-04642-000,5/7/2014,150000.0,WD(WARRANTY DEED),0.3,True,AR
16-04642-000,7/4/2011,0.0,DC(DEATH CERTIFICATE),0.3,True,AR
16-04642-000,5/20/2008,0.0,CERT(CERTIFICATE),0.3,True,AR
16-04642-000,5/20/2008,0.0,WD(WARRANTY DEED),0.3,True,AR
16-04642-000,5/27/1999,144000.0,WD(WARRANTY DEED),0.3,True,AR
16-04642-000,5/4/1985,13000.0,WD(WARRANTY DEED),0.3,True,AR
16-04642-000,9/23/1980,11000.0,WD(WARRANTY DEED),0.3,True,AR
16-04643-000,8/13/2013,0.0,CERT(CERTIFICATE),0.34,True,AR
16-04643-000,6/1/2004,0.0,AFF(AFFIDAVIT),0.34,True,AR
16-04643-000,6/1/2004,0.0,DEC(DECREE),0.34,True,AR
16-04643-000,3/19/2003,0.0,WD(WARRANTY DEED),0.34,True,AR
16-04643-000,3/6/2001,125000.0,WD(WARRANTY DEED),0.34,True,AR
16-04643-000,2/25/1998,0.0,DC(DEATH CERTIFICATE),0.34,True,AR
16-04643-000,10/26/1984,97000.0,WD(WARRANTY DEED),0.34,True,AR
16-04643-000,6/20/1984,8000.0,WD(WARRANTY DEED),0.34,True,AR
16-04644-000,3/22/2021,0.0,QCD(QUITCLAIM DEED),0.35,True,WI
16-04644-000,1/26/2021,310000.0,WD(WARRANTY DEED),0.35,True,WI
16-04644-000,5/12/2009,204000.0,WD(WARRANTY DEED),0.35,True,WI
16-04644-000,8/16/2001,146000.0,WD(WARRANTY DEED),0.35,True,WI
16-04644-000,12/19/2000,0.0,DC(DEATH CERTIFICATE),0.35,True,WI
16-04644-000,2/9/1989,0.0,WD(WARRANTY DEED),0.35,True,WI
16-04644-000,12/9/1981,8000.0,WD(WARRANTY DEED),0.35,True,WI
16-04645-000,2/6/2018,3000.0,WD(WARRANTY DEED),0.32,False,AR
16-04645-000,8/25/2015,0.0,WD(WARRANTY DEED),0.32,False,AR
16-04645-000,6/2/2015,0.0,RD(REDEMPTION DEED),0.32,False,AR
16-04645-000,8/11/2011,0.0,RD(REDEMPTION DEED),0.32,False,AR
16-04645-000,11/8/2001,0.0,WD(WARRANTY DEED),0.32,False,AR
16-04645-000,10/29/2001,0.0,WD(WARRANTY DEED),0.32,False,AR
16-04645-000,7/27/2001,0.0,WD(WARRANTY DEED),0.32,False,AR
16-04645-000,7/27/2001,0.0,TRAG(TRUST AGREEMENT),0.32,False,AR
16-04645-000,6/29/2000,0.0,WD(WARRANTY DEED),0.32,False,AR
16-04645-000,2/6/1998,0.0,QCD(QUITCLAIM DEED),0.32,False,AR
16-04645-000,6/18/1997,4000.0,WD(WARRANTY DEED),0.32,False,AR
16-04645-000,6/18/1997,0.0,WD(WARRANTY DEED),0.32,False,AR
16-04645-000,3/24/1983,8000.0,WD(WARRANTY DEED),0.32,False,AR
16-04646-000,8/14/2020,0.0,WD(WARRANTY DEED),0.34,True,AR
16-04646-000,11/16/2007,161000.0,WD(WARRANTY DEED),0.34,True,AR
16-04646-000,12/22/2003,0.0,WD(WARRANTY DEED),0.34,True,AR
16-04646-000,12/22/2003,0.0,WD(WARRANTY DEED),0.34,True,AR
16-04646-000,11/8/2001,0.0,WD(WARRANTY DEED),0.34,True,AR
16-04646-000,10/29/2001,0.0,WD(WARRANTY DEED),0.34,True,AR
16-04646-000,8/2/2001,0.0,TRAG(TRUST AGREEMENT),0.34,True,AR
16-04646-000,7/27/2001,0.0,WD(WARRANTY DEED),0.34,True,AR
16-04646-000,6/29/2000,143000.0,WD(WARRANTY DEED),0.34,True,AR
16-04646-000,6/22/1998,0.0,DC(DEATH CERTIFICATE),0.34,True,AR
16-04646-000,6/6/1995,140000.0,WD(WARRANTY DEED),0.34,True,AR
16-04646-000,5/18/1984,143000.0,WD(WARRANTY DEED),0.34,True,AR
16-04647-000,1/30/2020,0.0,QCD(QUITCLAIM DEED),0.22,True,AR
16-04647-000,5/22/2019,265000.0,WD(WARRANTY DEED),0.22,True,AR
16-04647-000,2/22/2011,0.0,SWD(SPECIAL WARRANTY DEED),0.22,True,AR
16-04647-000,9/8/2010,0.0,CORRQC(CORRECTED QUIT CLAIM DEED),0.22,True,AR
16-04647-000,8/25/2010,0.0,MTG-D(MORTGAGEE'S DEED),0.22,True,AR
16-04647-000,7/19/2010,0.0,QCD(QUITCLAIM DEED),0.22,True,AR
16-04647-000,3/14/2005,0.0,QCD(QUITCLAIM DEED),0.22,True,AR
16-04647-000,9/8/2004,200000.0,WD(WARRANTY DEED),0.22,True,AR
16-04647-000,11/25/2002,0.0,DC(DEATH CERTIFICATE),0.22,True,AR
16-04647-000,1/12/1989,1000.0,QCD(QUITCLAIM DEED),0.22,True,AR
16-04648-000,12/20/2019,0.0,ADMN(ADMINISTRATORS DEED),0.32,True,AR
16-04648-000,12/10/1999,7000.0,WD(WARRANTY DEED),0.32,True,AR
16-04648-000,8/11/1993,0.0,DC(DEATH CERTIFICATE),0.32,True,AR
16-04648-000,6/7/1988,0.0,WD(WARRANTY DEED),0.32,True,AR
16-04648-000,10/3/1983,97000.0,WD(WARRANTY DEED),0.32,True,AR
16-04649-000,4/7/2021,0.0,WD(WARRANTY DEED),0.32,True,AR
16-04649-000,1/14/2021,319000.0,CORRWD(CORRECTED WARRANTY DEED),0.32,True,AR
16-04649-000,5/31/2002,163000.0,WD(WARRANTY DEED),0.32,True,AR
16-04649-000,8/11/2000,138000.0,WD(WARRANTY DEED),0.32,True,AR
16-04649-000,11/25/1998,0.0,WD(WARRANTY DEED),0.32,True,AR
16-04649-000,5/8/1994,0.0,DC(DEATH CERTIFICATE),0.32,True,AR
16-04649-000,10/16/1984,0.0,WD(WARRANTY DEED),0.32,True,AR
16-04650-000,4/21/2023,350000.0,WD(WARRANTY DEED),0.28,True,TX
16-04650-000,11/13/2020,195000.0,WD(WARRANTY DEED),0.28,True,TX
16-04650-000,7/18/2013,144000.0,WD(WARRANTY DEED),0.28,True,TX
16-04650-000,12/16/2004,0.0,EXD(EXECUTOR-EXECUTRIX DEED),0.28,True,TX
16-04650-000,3/13/2004,0.0,DC(DEATH CERTIFICATE),0.28,True,TX
16-04650-000,1/25/2004,0.0,DC(DEATH CERTIFICATE),0.28,True,TX
16-04650-000,1/3/1989,100000.0,WD(WARRANTY DEED),0.28,True,TX
16-04650-000,11/16/1982,12000.0,WD(WARRANTY DEED),0.28,True,TX
16-04650-000,10/28/1982,7000.0,WD(WARRANTY DEED),0.28,True,TX
16-04651-000,5/23/2022,223000.0,TRWD(TRUSTEES WARRANTY DEED),0.32,True,AR
16-04651-000,5/23/2022,0.0,MEMO(MEMORANDUM),0.32,True,AR
16-04651-000,12/7/2016,99000.0,WD(WARRANTY DEED),0.32,True,AR
16-04651-000,7/8/2009,0.0,DC(DEATH CERTIFICATE),0.32,True,AR
16-04651-000,2/27/2007,0.0,TRAG(TRUST AGREEMENT),0.32,True,AR
16-04651-000,10/7/1991,0.0,WD(WARRANTY DEED),0.32,True,AR
16-04651-000,10/13/1989,0.0,TRAG(TRUST AGREEMENT),0.32,True,AR
16-04651-000,8/13/1982,10000.0,WD(WARRANTY DEED),0.32,True,AR
16-04652-000,8/27/2017,0.0,DC(DEATH CERTIFICATE),0.41,True,AR
16-04652-000,7/12/2016,109900.0,AFF(AFFIDAVIT),0.41,True,AR
16-04652-000,7/7/2016,110000.0,SWD(SPECIAL WARRANTY DEED),0.41,True,AR
16-04652-000,11/12/2015,0.0,MTG-D(MORTGAGEE'S DEED),0.41,True,AR
16-04652-000,5/20/2005,146000.0,WD(WARRANTY DEED),0.41,True,AR
16-04652-000,5/20/2005,0.0,DC(DEATH CERTIFICATE),0.41,True,AR
16-04652-000,12/6/2002,0.0,AMEND(AMENDMENT),0.41,True,AR
16-04652-000,4/1/1993,0.0,WD(WARRANTY DEED),0.41,True,AR
16-04652-000,4/1/1993,0.0,MEMO(MEMORANDUM),0.41,True,AR
16-04652-000,12/14/1987,99000.0,WD(WARRANTY DEED),0.41,True,AR
16-04652-000,3/18/1986,8000.0,WD(WARRANTY DEED),0.41,True,AR
16-04652-000,4/20/1984,0.0,CONT(CONTRACT),0.41,True,AR
16-04653-000,2/21/2021,0.0,OTHER(OTHER DOCUMENT),0.39,True,AR
16-04653-000,1/5/2016,207000.0,WD(WARRANTY DEED),0.39,True,AR
16-04653-000,2/10/2012,150000.0,WD(WARRANTY DEED),0.39,True,AR
16-04653-000,9/14/1993,7000.0,WD(WARRANTY DEED),0.39,True,AR
16-04653-000,10/1/1991,1000.0,WD(WARRANTY DEED),0.39,True,AR
16-04653-000,9/22/1986,8000.0,WD(WARRANTY DEED),0.39,True,AR
16-04653-000,5/23/1986,0.0,WD(WARRANTY DEED),0.39,True,AR
16-04653-000,8/5/1984,11000.0,WD(WARRANTY DEED),0.39,True,AR
16-04653-000,3/4/1983,7000.0,WD(WARRANTY DEED),0.39,True,AR
16-04654-000,6/7/2022,15000.0,TRWD(TRUSTEES WARRANTY DEED),0.38,False,AR
16-04654-000,1/18/2022,0.0,WD(WARRANTY DEED),0.38,False,AR
16-04654-000,1/18/2022,0.0,CERT(CERTIFICATE),0.38,False,AR
16-04654-000,4/18/2006,12000.0,WD(WARRANTY DEED),0.38,False,AR
16-04654-000,8/1/1983,7000.0,WD(WARRANTY DEED),0.38,False,AR
16-04655-000,7/3/2007,0.0,QCD(QUITCLAIM DEED),0.31,True,AR
16-04655-000,9/20/2005,90000.0,WD(WARRANTY DEED),0.31,True,AR
16-04655-000,3/2/1992,0.0,DC(DEATH CERTIFICATE),0.31,True,AR
16-04655-000,1/24/1992,0.0,WD(WARRANTY DEED),0.31,True,AR
16-04655-000,1/24/1992,0.0,CERT(CERTIFICATE),0.31,True,AR
16-04656-000,12/21/2021,0.0,RD(REDEMPTION DEED),0.3,False,AR
16-04656-000,12/2/2021,6000.0,WD(WARRANTY DEED),0.3,False,AR
16-04656-000,10/11/2017,0.0,RD(REDEMPTION DEED),0.3,False,AR
16-04656-000,8/28/2009,1451000.0,QCD(QUITCLAIM DEED),0.3,False,AR
16-04656-000,8/21/2009,402000.0,DEED(GRANT DEED),0.3,False,AR
16-04656-000,9/15/2008,0.0,DEED(GRANT DEED),0.3,False,AR
16-04656-000,9/22/2005,4000.0,WD(WARRANTY DEED),0.3,False,AR
16-04656-000,9/7/1988,0.0,WD(WARRANTY DEED),0.3,False,AR
16-04656-000,4/14/1983,8000.0,WD(WARRANTY DEED),0.3,False,AR
16-04657-000,4/23/2024,0.0,WD(WARRANTY DEED),0.28,True,NE
16-04657-000,8/24/2018,0.0,DC(DEATH CERTIFICATE),0.28,True,NE
16-04657-000,11/21/2003,0.0,QCD(QUITCLAIM DEED),0.28,True,NE
16-04657-000,8/5/1994,0.0,RD(REDEMPTION DEED),0.28,True,NE
16-04658-000,6/23/2024,0.0,ADHL(AR DEPT OF HEALTH LIST),0.29,True,AR
16-04658-000,5/4/1999,101000.0,WD(WARRANTY DEED),0.29,True,AR
16-04658-000,11/5/1990,0.0,DC(DEATH CERTIFICATE),0.29,True,AR
16-04658-000,10/19/1983,100000.0,WD(WARRANTY DEED),0.29,True,AR
16-04658-000,12/31/1982,10000.0,WD(WARRANTY DEED),0.29,True,AR
16-04659-000,6/23/2014,114000.0,WD(WARRANTY DEED),0.29,True,AR
16-04659-000,10/29/2009,0.0,CERT(CERTIFICATE),0.29,True,AR
16-04659-000,12/3/1999,125000.0,WD(WARRANTY DEED),0.29,True,AR
16-04659-000,6/7/1995,113000.0,WD(WARRANTY DEED),0.29,True,AR
16-04659-000,9/5/1994,0.0,AB(ABSTRACT OF TRUST),0.29,True,AR
16-04659-000,7/15/1992,110000.0,WD(WARRANTY DEED),0.29,True,AR
16-04659-000,5/17/1990,0.0,WD(WARRANTY DEED),0.29,True,AR
16-04659-000,12/22/1984,12000.0,WD(WARRANTY DEED),0.29,True,AR
16-04659-000,7/6/1984,11000.0,WD(WARRANTY DEED),0.29,True,AR
16-04660-000,2/4/2015,120000.0,WD(WARRANTY DEED),0.3,True,AR
16-04660-000,1/3/2014,0.0,DC(DEATH CERTIFICATE),0.3,True,AR
16-04660-000,12/27/1995,0.0,WD(WARRANTY DEED),0.3,True,AR
16-04660-000,6/15/1993,0.0,WD(WARRANTY DEED),0.3,True,AR
16-04660-000,11/13/1991,0.0,WD(WARRANTY DEED),0.3,True,AR
16-04660-000,5/17/1988,0.0,WD(WARRANTY DEED),0.3,True,AR
16-04660-000,4/21/1983,125000.0,WD(WARRANTY DEED),0.3,True,AR
16-04660-000,10/1/1981,112000.0,WD(WARRANTY DEED),0.3,True,AR
16-04661-000,2/4/2015,120000.0,WD(WARRANTY DEED),0.3,False,AR
16-04661-000,1/3/2014,0.0,DC(DEATH CERTIFICATE),0.3,False,AR
16-04661-000,1/2/1996,0.0,WD(WARRANTY DEED),0.3,False,AR
16-04661-000,5/17/1988,0.0,WD(WARRANTY DEED),0.3,False,AR
16-04661-000,9/6/1983,8000.0,WD(WARRANTY DEED),0.3,False,AR
16-04661-000,3/31/1983,7000.0,WD(WARRANTY DEED),0.3,False,AR
16-04662-000,11/25/2008,2000.0,COMMD(COMMISSIONERS DEED),0.31,False,CA
16-04662-000,5/9/2008,0.0,RD(REDEMPTION DEED),0.31,False,CA
16-04662-000,8/4/1983,8000.0,WD(WARRANTY DEED),0.31,False,CA
16-04663-000,5/17/2023,0.0,BD(BENEFICIARY DEED),0.28,False,AR
16-04663-000,4/29/2016,1000.0,WD(WARRANTY DEED),0.28,False,AR
16-04663-000,8/17/2009,1000.0,WD(WARRANTY DEED),0.28,False,AR
16-04663-000,3/17/1999,0.0,AMEND(AMENDMENT),0.28,False,AR
16-04663-000,7/18/1997,0.0,CORRWD(CORRECTED WARRANTY DEED),0.28,False,AR
16-04663-000,3/25/1997,1000.0,CWD(CORPORATION WARRANTY DEED),0.28,False,AR
16-04663-000,3/10/1997,0.0,RD(REDEMPTION DEED),0.28,False,AR
16-04663-000,1/29/1997,1000.0,COMMD(COMMISSIONERS DEED),0.28,False,AR
16-04663-000,11/15/1982,7000.0,WD(WARRANTY DEED),0.28,False,AR
16-04664-000,7/29/2020,183000.0,WD(WARRANTY DEED),0.32,True,AR
16-04664-000,3/26/2008,132000.0,WD(WARRANTY DEED),0.32,True,AR
16-04664-000,5/1/2000,90000.0,WD(WARRANTY DEED),0.32,True,AR
16-04664-000,2/26/1997,88000.0,WD(WARRANTY DEED),0.32,True,AR
16-04664-000,5/17/1988,93000.0,WD(WARRANTY DEED),0.32,True,AR
16-04664-000,5/5/1988,70000.0,WD(WARRANTY DEED),0.32,True,AR
16-04664-000,1/8/1988,2000.0,WD(WARRANTY DEED),0.32,True,AR
16-04664-000,9/27/1982,9000.0,WD(WARRANTY DEED),0.32,True,AR
16-04665-000,7/15/2021,1500.0,TRWD(TRUSTEES WARRANTY DEED),0.26,False,AR
16-04665-000,3/1/2021,0.0,WD(WARRANTY DEED),0.26,False,AR
16-04665-000,3/1/2021,0.0,CERT(CERTIFICATE),0.26,False,AR
16-04665-000,3/8/1999,0.0,WD(WARRANTY DEED),0.26,False,AR
16-04665-000,3/8/1999,2000.0,WD(WARRANTY DEED),0.26,False,AR
16-04665-000,1/29/1999,0.0,COMMD(COMMISSIONERS DEED),0.26,False,AR
16-04665-000,4/15/1994,0.0,WD(WARRANTY DEED),0.26,False,AR
16-04665-000,4/5/1994,0.0,DC(DEATH CERTIFICATE),0.26,False,AR
16-04665-000,10/13/1992,0.0,TRAG(TRUST AGREEMENT),0.26,False,AR
16-04665-000,3/31/1990,0.0,CONT(CONTRACT),0.26,False,AR
16-04665-000,3/27/1980,0.0,CONT(CONTRACT),0.26,False,AR
16-04665-000,3/27/1980,1000.0,WD(WARRANTY DEED),0.26,False,AR
16-04666-000,10/5/2017,142000.0,WD(WARRANTY DEED),0.28,True,AR
16-04666-000,10/5/2017,0.0,BD(BENEFICIARY DEED),0.28,True,AR
16-04666-000,5/16/2012,0.0,BD(BENEFICIARY DEED),0.28,True,AR
16-04666-000,8/25/2006,140000.0,WD(WARRANTY DEED),0.28,True,AR
16-04666-000,10/5/1998,90000.0,WD(WARRANTY DEED),0.28,True,AR
16-04666-000,8/7/1992,0.0,WD(WARRANTY DEED),0.28,True,AR
16-04666-000,11/15/1982,88000.0,WD(WARRANTY DEED),0.28,True,AR
16-04666-000,9/5/1980,7000.0,WD(WARRANTY DEED),0.28,True,AR
16-04667-000,9/8/2021,220000.0,WD(WARRANTY DEED),0.3,True,AR
16-04667-000,8/30/2021,0.0,DC(DEATH CERTIFICATE),0.3,True,AR
16-04667-000,2/8/2002,122000.0,WD(WARRANTY DEED),0.3,True,AR
16-04667-000,3/21/1990,0.0,WD(WARRANTY DEED),0.3,True,AR
16-04667-000,10/27/1989,0.0,DC(DEATH CERTIFICATE),0.3,True,AR
16-04667-000,5/23/1983,0.0,WD(WARRANTY DEED),0.3,True,AR
16-04667-000,12/21/1982,14000.0,WD(WARRANTY DEED),0.3,True,AR
16-04668-000,9/21/2020,206000.0,WD(WARRANTY DEED),0.29,True,AR
16-04668-000,6/30/2020,0.0,ADMN(ADMINISTRATORS DEED),0.29,True,AR
16-04668-000,11/26/2019,0.0,OR(ORDER),0.29,True,AR
16-04668-000,10/22/2019,0.0,RD(REDEMPTION DEED),0.29,True,AR
16-04668-000,5/3/2019,0.0,DC(DEATH CERTIFICATE),0.29,True,AR
16-04668-000,9/27/2008,0.0,DC(DEATH CERTIFICATE),0.29,True,AR
16-04668-000,8/16/2006,135000.0,WD(WARRANTY DEED),0.29,True,AR
16-04668-000,9/18/2003,0.0,WD(WARRANTY DEED),0.29,True,AR
16-04668-000,9/17/1982,108000.0,WD(WARRANTY DEED),0.29,True,AR
16-04669-000,10/30/2012,140000.0,WD(WARRANTY DEED),0.3,True,AR
16-04669-000,4/16/2007,177000.0,CORRWD(CORRECTED WARRANTY DEED),0.3,True,AR
16-04669-000,4/5/2007,0.0,WD(WARRANTY DEED),0.3,True,AR
16-04669-000,12/19/2005,9000.0,WD(WARRANTY DEED),0.3,True,AR
16-04669-000,11/23/1982,8000.0,WD(WARRANTY DEED),0.3,True,AR
16-04670-000,8/9/2001,3000.0,WD(WARRANTY DEED),0.28,False,IA
16-04670-000,7/23/1986,10000.0,WD(WARRANTY DEED),0.28,False,IA
16-04670-000,6/2/1981,9000.0,WD(WARRANTY DEED),0.28,False,IA
16-04671-000,12/23/2016,130000.0,WD(WARRANTY DEED),0.29,True,AR
16-04671-000,8/15/2012,118000.0,WD(WARRANTY DEED),0.29,True,AR
16-04671-000,3/20/2006,146000.0,TRD(TRUSTEES DEED),0.29,True,AR
16-04671-000,1/5/1999,0.0,WD(WARRANTY DEED),0.29,True,AR
16-04671-000,1/5/1999,0.0,CERT(CERTIFICATE),0.29,True,AR
16-04671-000,7/28/1997,103000.0,WD(WARRANTY DEED),0.29,True,AR
16-04671-000,8/14/1996,6000.0,WD(WARRANTY DEED),0.29,True,AR
16-04671-000,5/31/1994,0.0,WD(WARRANTY DEED),0.29,True,AR
16-04671-000,11/17/1982,8000.0,WD(WARRANTY DEED),0.29,True,AR
16-04672-000,4/28/2022,290000.0,TRWD(TRUSTEES WARRANTY DEED),0.27,True,AR
16-04672-000,4/28/2022,0.0,CERT(CERTIFICATE),0.27,True,AR
16-04672-000,4/7/2021,0.0,TRWD(TRUSTEES WARRANTY DEED),0.27,True,AR
16-04672-000,4/7/2021,0.0,CERT(CERTIFICATE),0.27,True,AR
16-04672-000,12/28/2012,100000.0,WD(WARRANTY DEED),0.27,True,AR
16-04672-000,12/23/2012,0.0,CERT(CERTIFICATE),0.27,True,AR
16-04672-000,9/14/2007,0.0,AFF(AFFIDAVIT),0.27,True,AR
16-04672-000,9/15/1998,0.0,WD(WARRANTY DEED),0.27,True,AR
16-04672-000,9/10/1998,0.0,CERT(CERTIFICATE),0.27,True,AR
16-04672-000,10/18/1982,10000.0,WD(WARRANTY DEED),0.27,True,AR
16-04672-000,6/15/1981,8000.0,WD(WARRANTY DEED),0.27,True,AR
16-04672-000,5/29/1981,9000.0,WD(WARRANTY DEED),0.27,True,AR
16-04673-000,6/29/2020,438000.0,TRWD(TRUSTEES WARRANTY DEED),0.58,True,AR
16-04673-000,6/29/2020,0.0,TRWD(TRUSTEES WARRANTY DEED),0.58,True,AR
16-04673-000,6/29/2020,0.0,CERT(CERTIFICATE),0.58,True,AR
16-04673-000,6/29/2020,0.0,CERT(CERTIFICATE),0.58,True,AR
16-04673-000,5/28/2016,0.0,DC(DEATH CERTIFICATE),0.58,True,AR
16-04673-000,6/19/2012,0.0,CERT(CERTIFICATE),0.58,True,AR
16-04673-000,6/27/2006,0.0,TRD(TRUSTEES DEED),0.58,True,AR
16-04673-000,6/26/2006,0.0,TRAG(TRUST AGREEMENT),0.58,True,AR
16-04673-000,9/15/2005,0.0,DC(DEATH CERTIFICATE),0.58,True,AR
16-04673-000,8/23/1999,0.0,TRAG(TRUST AGREEMENT),0.58,True,AR
16-04673-000,4/23/1993,0.0,TRAG(TRUST AGREEMENT),0.58,True,AR
16-04673-000,10/6/1981,0.0,WD(WARRANTY DEED),0.58,True,AR
16-04675-000,11/29/2010,0.0,WD(WARRANTY DEED),0.28,False,FL
16-04675-000,8/1/2006,0.0,CORRWD(CORRECTED WARRANTY DEED),0.28,False,FL
16-04675-000,2/24/2006,731000.0,WD(WARRANTY DEED),0.28,False,FL
16-04675-000,1/25/2006,6000.0,WD(WARRANTY DEED),0.28,False,FL
16-04675-000,10/2/1995,0.0,DC(DEATH CERTIFICATE),0.28,False,FL
16-04675-000,11/19/1982,8000.0,WD(WARRANTY DEED),0.28,False,FL
16-04676-000,3/21/2022,0.0,RD(REDEMPTION DEED),0.37,True,AR
16-04676-000,3/29/2019,0.0,EXD(EXECUTOR-EXECUTRIX DEED),0.37,True,AR
16-04676-000,2/25/2019,0.0,AFF(AFFIDAVIT),0.37,True,AR
16-04676-000,1/20/2000,77000.0,WD(WARRANTY DEED),0.37,True,AR
16-04676-000,7/10/1998,0.0,WD(WARRANTY DEED),0.37,True,AR
16-04676-000,5/14/1998,0.0,WD(WARRANTY DEED),0.37,True,AR
16-04676-000,2/23/1998,0.0,COMMD(COMMISSIONERS DEED),0.37,True,AR
16-04676-000,11/24/1992,65000.0,WD(WARRANTY DEED),0.37,True,AR
16-04676-000,11/24/1992,0.0,CERT(CERTIFICATE),0.37,True,AR
16-04676-000,6/22/1990,0.0,WD(WARRANTY DEED),0.37,True,AR
16-04677-000,5/20/2021,0.0,RD(REDEMPTION DEED),0.35,False,TX
16-04677-000,11/3/2017,0.0,AFF(AFFIDAVIT),0.35,False,TX
16-04677-000,5/20/2017,500.0,QCD(QUITCLAIM DEED),0.35,False,TX
16-04677-000,3/6/2016,0.0,DC(DEATH CERTIFICATE),0.35,False,TX
16-04677-000,2/27/2016,0.0,DC(DEATH CERTIFICATE),0.35,False,TX
16-04677-000,10/30/2001,0.0,CERT(CERTIFICATE),0.35,False,TX
16-04677-000,9/14/1998,1000.0,WD(WARRANTY DEED),0.35,False,TX
16-04677-000,1/10/1984,7000.0,WD(WARRANTY DEED),0.35,False,TX
16-04678-000,1/3/2005,2000.0,WD(WARRANTY DEED),0.33,False,AR
16-04678-000,8/20/1976,8000.0,WD(WARRANTY DEED),0.33,False,AR
16-04679-000,12/10/2020,0.0,BD(BENEFICIARY DEED),0.3,False,AR
16-04679-000,10/26/2020,0.0,FD(FIDUCIARY DEED),0.3,False,AR
16-04679-000,9/10/2018,0.0,OR(ORDER),0.3,False,AR
16-04679-000,7/4/2018,0.0,DC(DEATH CERTIFICATE),0.3,False,AR
16-04679-000,7/15/1994,2000.0,WD(WARRANTY DEED),0.3,False,AR
16-04679-000,11/8/1993,1200.0,WD(WARRANTY DEED),0.3,False,AR
16-04679-000,9/18/1992,1000.0,COMMD(COMMISSIONERS DEED),0.3,False,AR
16-04679-000,1/27/1977,8000.0,WD(WARRANTY DEED),0.3,False,AR
16-04680-000,5/27/2014,80000.0,WD(WARRANTY DEED),0.26,True,AR
16-04680-000,1/27/2014,0.0,OR(ORDER),0.26,True,AR
16-04680-000,7/14/2008,84000.0,WD(WARRANTY DEED),0.26,True,AR
16-04680-000,6/6/2003,72000.0,WD(WARRANTY DEED),0.26,True,AR
16-04680-000,5/4/1994,58000.0,WD(WARRANTY DEED),0.26,True,AR
16-04680-000,11/24/1992,0.0,QCD(QUITCLAIM DEED),0.26,True,AR
16-04680-000,9/22/1992,0.0,MEMO(MEMORANDUM),0.26,True,AR
16-04680-000,12/3/1990,45000.0,WD(WARRANTY DEED),0.26,True,AR
16-04680-000,12/19/1986,45000.0,WD(WARRANTY DEED),0.26,True,AR
16-04680-000,11/7/1986,46000.0,WD(WARRANTY DEED),0.26,True,AR
16-04680-000,4/20/1983,0.0,TRAG(TRUST AGREEMENT),0.26,True,AR
16-04680-000,8/10/1979,39000.0,WD(WARRANTY DEED),0.26,True,AR
16-04681-000,7/2/2015,137000.0,WD(WARRANTY DEED),0.27,True,AR
16-04681-000,1/16/2009,142000.0,WD(WARRANTY DEED),0.27,True,AR
16-04681-000,1/16/2009,142000.0,WD(WARRANTY DEED),0.27,True,AR
16-04681-000,4/29/2004,148000.0,WD(WARRANTY DEED),0.27,True,AR
16-04681-000,9/8/1997,131000.0,WD(WARRANTY DEED),0.27,True,AR
16-04681-000,3/7/1995,3000.0,WD(WARRANTY DEED),0.27,True,AR
16-04681-000,3/10/1983,8000.0,WD(WARRANTY DEED),0.27,True,AR
16-04682-000,5/13/2025,485000.0,WD(WARRANTY DEED),0.35,True,AR
16-04682-000,4/30/2024,0.0,BD(BENEFICIARY DEED),0.35,True,AR
16-04682-000,6/7/2022,399000.0,WD(WARRANTY DEED),0.35,True,AR
16-04682-000,4/1/2020,200000.0,WD(WARRANTY DEED),0.35,True,AR
16-04682-000,8/16/2019,130000.0,WD(WARRANTY DEED),0.35,True,AR
16-04682-000,10/21/2005,150000.0,WD(WARRANTY DEED),0.35,True,AR
16-04682-000,9/25/1991,0.0,TRD(TRUSTEES DEED),0.35,True,AR
16-04682-000,9/25/1991,76000.0,DOT(DEED OF TRUST),0.35,True,AR
16-04682-000,6/14/1978,8000.0,WD(WARRANTY DEED),0.35,True,AR
16-04683-000,9/6/2024,0.0,WD(WARRANTY DEED),0.33,False,AR
16-04683-000,5/15/2019,3000.0,WD(WARRANTY DEED),0.33,False,AR
16-04683-000,6/9/1998,0.0,WD(WARRANTY DEED),0.33,False,AR
16-04683-000,9/30/1994,0.0,WD(WARRANTY DEED),0.33,False,AR
16-04683-000,9/6/1994,1000.0,WD(WARRANTY DEED),0.33,False,AR
16-04683-000,4/11/1990,0.0,WD(WARRANTY DEED),0.33,False,AR
16-04683-000,10/23/1987,0.0,CONT(CONTRACT),0.33,False,AR
16-04683-000,10/28/1982,8000.0,WD(WARRANTY DEED),0.33,False,AR
16-04684-000,11/21/2024,14000.0,WD(WARRANTY DEED),0.33,False,AR
16-04684-000,8/31/2022,0.0,SWD(SPECIAL WARRANTY DEED),0.33,False,AR
16-04684-000,1/13/2020,3000.0,WD(WARRANTY DEED),0.33,False,AR
16-04684-000,10/11/2017,0.0,RD(REDEMPTION DEED),0.33,False,AR
16-04684-000,8/28/2009,1451000.0,QCD(QUITCLAIM DEED),0.33,False,AR
16-04684-000,8/21/2009,402000.0,DEED(GRANT DEED),0.33,False,AR
16-04684-000,9/15/2008,0.0,DEED(GRANT DEED),0.33,False,AR
16-04684-000,11/16/2005,6000.0,WD(WARRANTY DEED),0.33,False,AR
16-04684-000,9/9/1994,0.0,WD(WARRANTY DEED),0.33,False,AR
16-04684-000,6/1/1993,0.0,DC(DEATH CERTIFICATE),0.33,False,AR
16-04684-000,12/23/1982,8000.0,WD(WARRANTY DEED),0.33,False,AR
16-04685-000,11/4/2016,0.0,DC(DEATH CERTIFICATE),0.32,False,OK
16-04685-000,1/13/2015,0.0,QCD(QUITCLAIM DEED),0.32,False,OK
16-04685-000,12/22/1987,12000.0,WD(WARRANTY DEED),0.32,False,OK
16-04685-000,12/8/1982,10000.0,WD(WARRANTY DEED),0.32,False,OK
16-04686-000,11/27/2024,0.0,BD(BENEFICIARY DEED),0.31,False,MO
16-04686-000,3/14/2011,2000.0,TRD(TRUSTEES DEED),0.31,False,MO
16-04686-000,12/30/2010,0.0,TRD(TRUSTEES DEED),0.31,False,MO
16-04686-000,11/27/2009,0.0,WD(WARRANTY DEED),0.31,False,MO
16-04686-000,1/9/1984,0.0,WD(WARRANTY DEED),0.31,False,MO
16-04687-000,4/1/2017,0.0,DC(DEATH CERTIFICATE),0.32,True,AR
16-04687-000,3/2/2012,0.0,WD(WARRANTY DEED),0.32,True,AR
16-04687-000,9/3/2002,134000.0,WD(WARRANTY DEED),0.32,True,AR
16-04687-000,11/18/1999,140000.0,WD(WARRANTY DEED),0.32,True,AR
16-04687-000,7/17/1996,0.0,WD(WARRANTY DEED),0.32,True,AR
16-04687-000,7/15/1996,0.0,MEMO(MEMORANDUM),0.32,True,AR
16-04687-000,9/19/1995,128000.0,WD(WARRANTY DEED),0.32,True,AR
16-04687-000,4/5/1991,4000.0,WD(WARRANTY DEED),0.32,True,AR
16-04687-000,11/20/1984,10000.0,WD(WARRANTY DEED),0.32,True,AR
16-04688-000,7/18/2015,0.0,DC(DEATH CERTIFICATE),0.33,True,AR
16-04688-000,5/27/1999,177000.0,WD(WARRANTY DEED),0.33,True,AR
16-04688-000,11/14/1985,0.0,WD(WARRANTY DEED),0.33,True,AR
16-04688-000,9/7/1982,10000.0,WD(WARRANTY DEED),0.33,True,AR
16-04689-000,9/25/2024,492000.0,WD(WARRANTY DEED),0.29,True,AR
16-04689-000,12/21/2021,0.0,WD(WARRANTY DEED),0.29,True,AR
16-04689-000,6/19/2012,177000.0,TRWD(TRUSTEES WARRANTY DEED),0.29,True,AR
16-04689-000,6/19/2012,0.0,CERT(CERTIFICATE),0.29,True,AR
16-04689-000,4/11/2011,175000.0,WD(WARRANTY DEED),0.29,True,AR
16-04689-000,4/26/1993,5000.0,WD(WARRANTY DEED),0.29,True,AR
16-04689-000,10/26/1982,10000.0,WD(WARRANTY DEED),0.29,True,AR
16-04690-000,4/3/2007,11000.0,WD(WARRANTY DEED),0.32,False,FL
16-04690-000,6/22/2004,0.0,WD(WARRANTY DEED),0.32,False,FL
16-04690-000,8/17/1982,11000.0,WD(WARRANTY DEED),0.32,False,FL
16-04691-000,9/18/2024,0.0,TRWD(TRUSTEES WARRANTY DEED),0.29,False,AR
16-04691-000,8/17/2017,0.0,DC(DEATH CERTIFICATE),0.29,False,AR
16-04691-000,11/15/2011,0.0,WD(WARRANTY DEED),0.29,False,AR
16-04691-000,9/13/1983,10000.0,WD(WARRANTY DEED),0.29,False,AR
16-04692-000,1/20/2021,0.0,LWD(LIMITED WARRANTY DEED),0.29,False,AR
16-04692-000,10/24/2012,37000.0,WD(WARRANTY DEED),0.29,False,AR
16-04692-000,10/22/2012,6000.0,WD(WARRANTY DEED),0.29,False,AR
16-04692-000,8/16/2011,0.0,CWD(CORPORATION WARRANTY DEED),0.29,False,AR
16-04692-000,12/17/2009,1000.0,SWD(SPECIAL WARRANTY DEED),0.29,False,AR
16-04692-000,12/9/2008,0.0,COMMD(COMMISSIONERS DEED),0.29,False,AR
16-04692-000,2/13/2007,0.0,RD(REDEMPTION DEED),0.29,False,AR
16-04692-000,4/22/2002,1000.0,CORRWD(CORRECTED WARRANTY DEED),0.29,False,AR
16-04692-000,2/11/1987,2000.0,WD(WARRANTY DEED),0.29,False,AR
16-04692-000,4/24/1985,0.0,CONT(CONTRACT),0.29,False,AR
16-04692-000,6/6/1980,0.0,WD(WARRANTY DEED),0.29,False,AR
16-04693-000,9/28/2020,1500.0,WD(WARRANTY DEED),0.29,False,AR
16-04693-000,3/9/2020,455.0,WD(WARRANTY DEED),0.29,False,AR
16-04693-000,6/22/2019,0.0,DC(DEATH CERTIFICATE),0.29,False,AR
16-04693-000,7/13/1989,0.0,WD(WARRANTY DEED),0.29,False,AR
16-04693-000,12/30/1987,0.0,DC(DEATH CERTIFICATE),0.29,False,AR
16-04693-000,7/15/1987,0.0,WD(WARRANTY DEED),0.29,False,AR
16-04693-000,9/26/1985,7600.0,WD(WARRANTY DEED),0.29,False,AR
16-04693-000,8/9/1985,0.0,QCD(QUITCLAIM DEED),0.29,False,AR
16-04693-000,9/1/1983,9000.0,WD(WARRANTY DEED),0.29,False,AR
16-04694-000,9/15/2024,32000.0,SWD(SPECIAL WARRANTY DEED),0.26,False,TN
16-04694-000,8/30/2024,28000.0,WD(WARRANTY DEED),0.26,False,TN
16-04694-000,8/30/2024,0.0,QCD(QUITCLAIM DEED),0.26,False,TN
16-04694-000,4/8/2021,0.0,LWD(LIMITED WARRANTY DEED),0.26,False,TN
16-04694-000,8/28/2009,1451000.0,QCD(QUITCLAIM DEED),0.26,False,TN
16-04694-000,8/21/2009,402000.0,DEED(GRANT DEED),0.26,False,TN
16-04694-000,9/15/2008,0.0,DEED(GRANT DEED),0.26,False,TN
16-04694-000,12/19/2005,7000.0,COMMD(COMMISSIONERS DEED),0.26,False,TN
16-04694-000,11/22/1982,11000.0,WD(WARRANTY DEED),0.26,False,TN
16-04695-000,7/13/2021,285000.0,WD(WARRANTY DEED),0.4,True,AR
16-04695-000,10/8/2014,129000.0,WD(WARRANTY DEED),0.4,True,AR
16-04695-000,6/7/2014,0.0,DC(DEATH CERTIFICATE),0.4,True,AR
16-04695-000,9/2/2010,124000.0,WD(WARRANTY DEED),0.4,True,AR
16-04695-000,1/8/2001,128000.0,WD(WARRANTY DEED),0.4,True,AR
16-04695-000,1/8/2001,0.0,AFF(AFFIDAVIT),0.4,True,AR
16-04695-000,6/25/1996,0.0,QCD(QUITCLAIM DEED),0.4,True,AR
16-04695-000,9/9/1991,6000.0,WD(WARRANTY DEED),0.4,True,AR
16-04695-000,10/13/1989,0.0,RD(REDEMPTION DEED),0.4,True,AR
16-04695-000,8/4/1983,8000.0,WD(WARRANTY DEED),0.4,True,AR
16-04696-000,1/5/2024,0.0,PP(PARENT PARCEL (FOR SPLIT)),12.32,False,AR
16-04696-001,1/19/2024,1350000.0,WD(WARRANTY DEED),0.26,False,TX
16-04696-001,1/5/2024,0.0,QCD(QUITCLAIM DEED),0.26,False,TX
16-04697-000,0,0.0,0,6.36,False,AR
16-04697-000,0,0.0,0,6.36,False,AR
16-04697-000,0,0.0,0,6.36,False,AR
16-04697-000,,0.0,0,6.36,False,AR
16-04697-000,,0.06193,0.06193,6.36,False,AR
16-12316-000,3/13/2017,225000.0,WD(WARRANTY DEED),0.3,True,AR
16-12316-000,11/18/2011,175000.0,WD(WARRANTY DEED),0.3,True,AR
16-12316-000,2/26/2009,170000.0,WD(WARRANTY DEED),0.3,True,AR
16-12316-000,1/25/2006,170000.0,WD(WARRANTY DEED),0.3,True,AR
16-12316-000,12/1/1982,110000.0,WD(WARRANTY DEED),0.3,True,AR
16-12317-000,3/13/2017,225000.0,WD(WARRANTY DEED),0.32,False,AR
16-12317-000,11/18/2011,0.0,WD(WARRANTY DEED),0.32,False,AR
16-12317-000,2/26/2009,170000.0,WD(WARRANTY DEED),0.32,False,AR
16-12317-000,1/25/2006,170000.0,WD(WARRANTY DEED),0.32,False,AR
16-12317-000,5/23/1988,11000.0,WD(WARRANTY DEED),0.32,False,AR
16-12317-000,1/15/1982,11000.0,WD(WARRANTY DEED),0.32,False,AR
16-12318-000,4/10/2024,443000.0,WD(WARRANTY DEED),0.4,True,AR
16-12318-000,4/20/2018,240000.0,WD(WARRANTY DEED),0.4,True,AR
16-12318-000,3/10/2016,196000.0,WD(WARRANTY DEED),0.4,True,AR
16-12318-000,11/15/2011,182000.0,WD(WARRANTY DEED),0.4,True,AR
16-12318-000,11/15/2011,0.0,CORRQC(CORRECTED QUIT CLAIM DEED),0.4,True,AR
16-12318-000,6/30/2009,0.0,QCD(QUITCLAIM DEED),0.4,True,AR
16-12318-000,3/25/2009,0.0,WD(WARRANTY DEED),0.4,True,AR
16-12318-000,11/14/2008,0.0,QCD(QUITCLAIM DEED),0.4,True,AR
16-12318-000,11/8/1998,0.0,QCD(QUITCLAIM DEED),0.4,True,AR
16-12318-000,1/27/1995,0.0,WD(WARRANTY DEED),0.4,True,AR
16-12318-000,1/24/1995,0.0,CERT(CERTIFICATE),0.4,True,AR
16-12318-000,5/21/1993,150000.0,WD(WARRANTY DEED),0.4,True,AR
16-12318-000,12/4/1985,148000.0,WD(WARRANTY DEED),0.4,True,AR
16-12318-000,8/2/1982,15000.0,CWD(CORPORATION WARRANTY DEED),0.4,True,AR
16-12319-000,1/29/2025,350000.0,WD(WARRANTY DEED),0.3,True,AR
16-12319-000,1/21/2025,0.0,AFF(AFFIDAVIT),0.3,True,AR
16-12319-000,10/15/2024,0.0,QCD(QUITCLAIM DEED),0.3,True,AR
16-12319-000,10/15/2024,0.0,QCD(QUITCLAIM DEED),0.3,True,AR
16-12319-000,6/5/2019,170000.0,WD(WARRANTY DEED),0.3,True,AR
16-12319-000,10/21/2009,96000.0,WD(WARRANTY DEED),0.3,True,AR
16-12319-000,9/8/2003,100000.0,FD(FIDUCIARY DEED),0.3,True,AR
16-12319-000,6/16/1990,0.0,DC(DEATH CERTIFICATE),0.3,True,AR
16-12320-000,5/9/2018,165000.0,WD(WARRANTY DEED),0.27,True,AR
16-12320-000,7/28/2017,155000.0,WD(WARRANTY DEED),0.27,True,AR
16-12320-000,1/25/2017,61000.0,WD(WARRANTY DEED),0.27,True,AR
16-12320-000,5/12/1997,90000.0,WD(WARRANTY DEED),0.27,True,AR
16-12320-000,8/27/1993,0.0,QCD(QUITCLAIM DEED),0.27,True,AR
16-12320-000,8/13/1993,45000.0,WD(WARRANTY DEED),0.27,True,AR
16-12320-000,5/1/1992,68365.0,COMMD(COMMISSIONERS DEED),0.27,True,AR
16-12320-000,6/4/1981,72000.0,WD(WARRANTY DEED),0.27,True,AR
16-12321-000,4/13/2023,5500.0,WD(WARRANTY DEED),0.24,False,AR
16-12321-000,3/5/2021,0.0,LWD(LIMITED WARRANTY DEED),0.24,False,AR
16-12321-000,10/22/2008,0.0,WD(WARRANTY DEED),0.24,False,AR
16-12321-000,6/14/2001,0.0,DC(DEATH CERTIFICATE),0.24,False,AR
16-12321-000,5/14/1982,8000.0,WD(WARRANTY DEED),0.24,False,AR
16-12322-000,1/3/2013,0.0,QCD(QUITCLAIM DEED),0.31,True,AR
16-12322-000,10/27/2012,120000.0,WD(WARRANTY DEED),0.31,True,AR
16-12322-000,4/30/2008,139000.0,WD(WARRANTY DEED),0.31,True,AR
16-12322-000,4/8/1983,10000.0,WD(WARRANTY DEED),0.31,True,AR
16-12323-000,6/5/2023,350000.0,WD(WARRANTY DEED),0.38,True,AR
16-12323-000,2/7/2020,206000.0,WD(WARRANTY DEED),0.38,True,AR
16-12323-000,6/22/2010,0.0,QCD(QUITCLAIM DEED),0.38,True,AR
16-12323-000,11/25/2008,117000.0,WD(WARRANTY DEED),0.38,True,AR
16-12323-000,8/31/2008,0.0,OTHER(OTHER DOCUMENT),0.38,True,AR
16-12323-000,5/29/2008,0.0,OTHER(OTHER DOCUMENT),0.38,True,AR
16-12323-000,5/29/2008,0.0,OR(ORDER),0.38,True,AR
16-12323-000,7/14/2007,0.0,DC(DEATH CERTIFICATE),0.38,True,AR
16-12323-000,3/8/2007,0.0,POA(POWER OF ATTORNEY),0.38,True,AR
16-12323-000,5/21/2001,0.0,CWD(CORPORATION WARRANTY DEED),0.38,True,AR
16-12323-000,1/8/2001,0.0,QCD(QUITCLAIM DEED),0.38,True,AR
16-12323-000,7/19/2000,0.0,TRAG(TRUST AGREEMENT),0.38,True,AR
16-12323-000,7/19/2000,0.0,QCD(QUITCLAIM DEED),0.38,True,AR
16-12323-000,1/24/1994,76000.0,WD(WARRANTY DEED),0.38,True,AR
16-12323-000,2/19/1974,45000.0,WD(WARRANTY DEED),0.38,True,AR
16-12324-000,5/24/2022,262000.0,SWD(SPECIAL WARRANTY DEED),0.41,True,MO
16-12324-000,5/24/2022,262000.0,SWD(SPECIAL WARRANTY DEED),0.41,True,MO
16-12324-000,3/14/2022,0.0,COMMD(COMMISSIONERS DEED),0.41,True,MO
16-12324-000,8/15/2006,190000.0,WD(WARRANTY DEED),0.41,True,MO
16-12324-000,3/5/2002,146000.0,WD(WARRANTY DEED),0.41,True,MO
16-12324-000,2/1/1996,105000.0,WD(WARRANTY DEED),0.41,True,MO
16-12324-000,2/1/1996,70000.0,WD(WARRANTY DEED),0.41,True,MO
16-12324-000,8/10/1994,0.0,CONT(CONTRACT),0.41,True,MO
16-12324-000,8/10/1994,0.0,WD(WARRANTY DEED),0.41,True,MO
16-12324-000,11/6/1986,0.0,CONT(CONTRACT),0.41,True,MO
16-12324-000,8/20/1986,61000.0,WD(WARRANTY DEED),0.41,True,MO
16-12324-000,4/10/1986,0.0,COMMD(COMMISSIONERS DEED),0.41,True,MO
16-12324-000,5/23/1985,0.0,QCD(QUITCLAIM DEED),0.41,True,MO
16-12325-000,11/12/2002,0.0,QCD(QUITCLAIM DEED),0.35,False,AR
16-12325-000,4/12/2000,0.0,CERT(CERTIFICATE),0.35,False,AR
16-12325-000,4/12/2000,0.0,WD(WARRANTY DEED),0.35,False,AR
16-12325-000,1/6/1999,2000.0,WD(WARRANTY DEED),0.35,False,AR
16-12325-000,1/24/1996,0.0,OR(ORDER),0.35,False,AR
16-12325-000,11/23/1995,0.0,DC(DEATH CERTIFICATE),0.35,False,AR
16-12325-000,10/16/1990,5000.0,WD(WARRANTY DEED),0.35,False,AR
16-12325-000,8/24/1990,0.0,CONT(CONTRACT),0.35,False,AR
16-12325-000,12/6/1989,0.0,CONT(CONTRACT),0.35,False,AR
16-12325-000,5/10/1981,0.0,CONT(CONTRACT),0.35,False,AR
16-12326-000,11/12/2002,295000.0,WD(WARRANTY DEED),0.42,True,AR
16-12326-000,4/12/2000,0.0,CERT(CERTIFICATE),0.42,True,AR
16-12326-000,4/12/2000,0.0,WD(WARRANTY DEED),0.42,True,AR
16-12326-000,11/25/1998,145000.0,WD(WARRANTY DEED),0.42,True,AR
16-12326-000,1/15/1997,0.0,DC(DEATH CERTIFICATE),0.42,True,AR
16-12326-000,1/14/1997,0.0,WD(WARRANTY DEED),0.42,True,AR
16-12326-000,1/14/1997,0.0,CERT(CERTIFICATE),0.42,True,AR
16-12326-000,3/30/1982,12000.0,WD(WARRANTY DEED),0.42,True,AR
16-12327-000,12/6/2021,280000.0,WD(WARRANTY DEED),0.37,True,AR
16-12327-000,4/29/2021,261000.0,WD(WARRANTY DEED),0.37,True,AR
16-12327-000,9/19/2020,219000.0,WD(WARRANTY DEED),0.37,True,AR
16-12327-000,9/6/2018,185000.0,WD(WARRANTY DEED),0.37,True,AR
16-12327-000,10/30/2013,126000.0,WD(WARRANTY DEED),0.37,True,AR
16-12327-000,11/17/1989,0.0,WD(WARRANTY DEED),0.37,True,AR
16-12327-000,2/1/1983,14000.0,WD(WARRANTY DEED),0.37,True,AR
16-12328-000,9/19/2019,215000.0,WD(WARRANTY DEED),0.29,True,AR
16-12328-000,4/13/2017,190000.0,WD(WARRANTY DEED),0.29,True,AR
16-12328-000,7/10/2012,0.0,WD(WARRANTY DEED),0.29,True,AR
16-12328-000,7/10/2012,0.0,CERT(CERTIFICATE),0.29,True,AR
16-12328-000,10/17/2011,0.0,DC(DEATH CERTIFICATE),0.29,True,AR
16-12328-000,9/28/1989,18000.0,WD(WARRANTY DEED),0.29,True,AR
16-12328-000,3/14/1984,0.0,WD(WARRANTY DEED),0.29,True,AR
16-12329-000,8/15/2017,195000.0,WD(WARRANTY DEED),0.28,True,AR
16-12329-000,11/25/2016,117000.0,ADMN(ADMINISTRATORS DEED),0.28,True,AR
16-12329-000,9/8/2016,0.0,ADMN(ADMINISTRATORS DEED),0.28,True,AR
16-12329-000,3/5/2014,0.0,DC(DEATH CERTIFICATE),0.28,True,AR
16-12329-000,8/14/1998,0.0,FD(FIDUCIARY DEED),0.28,True,AR
16-12329-000,6/10/1998,0.0,QCD(QUITCLAIM DEED),0.28,True,AR
16-12329-000,6/25/1991,0.0,DC(DEATH CERTIFICATE),0.28,True,AR
16-12329-000,1/31/1987,0.0,DC(DEATH CERTIFICATE),0.28,True,AR
16-12329-000,1/21/1987,0.0,WD(WARRANTY DEED),0.28,True,AR
16-12329-000,11/10/1981,112000.0,WD(WARRANTY DEED),0.28,True,AR
16-12330-000,3/26/2024,325000.0,WD(WARRANTY DEED),0.29,True,FL
16-12330-000,6/29/2023,0.0,DC(DEATH CERTIFICATE),0.29,True,FL
16-12330-000,7/19/2022,0.0,BD(BENEFICIARY DEED),0.29,True,FL
16-12330-000,2/22/2005,170000.0,WD(WARRANTY DEED),0.29,True,FL
16-12330-000,5/27/2004,0.0,OTHER(OTHER DOCUMENT),0.29,True,FL
16-12330-000,5/27/2004,0.0,AFF(AFFIDAVIT),0.29,True,FL
16-12330-000,12/10/2003,0.0,QCD(QUITCLAIM DEED),0.29,True,FL
16-12330-000,3/18/1999,0.0,DC(DEATH CERTIFICATE),0.29,True,FL
16-12330-000,12/13/1982,15000.0,WD(WARRANTY DEED),0.29,True,FL
16-12331-000,8/13/2019,400000.0,WD(WARRANTY DEED),0.3,True,TX
16-12331-000,6/5/2000,2000.0,WD(WARRANTY DEED),0.3,True,TX
16-12331-000,7/8/1993,5000.0,WD(WARRANTY DEED),0.3,True,TX
16-12331-000,9/6/1991,0.0,WD(WARRANTY DEED),0.3,True,TX
16-12331-000,8/16/1991,0.0,TRAG(TRUST AGREEMENT),0.3,True,TX
16-12332-000,8/13/2019,400000.0,WD(WARRANTY DEED),0.29,False,TX
16-12332-000,6/5/2000,3000.0,WD(WARRANTY DEED),0.29,False,TX
16-12332-000,2/22/1996,0.0,WD(WARRANTY DEED),0.29,False,TX
16-12332-000,9/14/1984,0.0,QCD(QUITCLAIM DEED),0.29,False,TX
16-12333-000,2/22/2024,0.0,BD(BENEFICIARY DEED),0.24,False,AR
16-12333-000,2/20/2024,9500.0,WD(WARRANTY DEED),0.24,False,AR
16-12333-000,2/12/2024,5000.0,WD(WARRANTY DEED),0.24,False,AR
16-12333-000,6/20/1977,8000.0,WD(WARRANTY DEED),0.24,False,AR
16-12334-000,8/29/2023,370000.0,TRWD(TRUSTEES WARRANTY DEED),0.23,True,
16-12334-000,8/29/2023,0.0,CERT(CERTIFICATE),0.23,True,
16-12334-000,8/15/2023,0.0,CERT(CERTIFICATE),0.23,True,
16-12334-000,4/8/2021,10.0,QCD(QUITCLAIM DEED),0.23,True,
16-12334-000,4/8/2021,10.0,QCD(QUITCLAIM DEED),0.23,True,
16-12334-000,10/30/2018,0.0,AFF(AFFIDAVIT),0.23,True,
16-12334-000,10/17/2018,0.0,QCD(QUITCLAIM DEED),0.23,True,
16-12334-000,2/3/2005,188000.0,WD(WARRANTY DEED),0.23,True,
16-12334-000,12/17/1998,0.0,WD(WARRANTY DEED),0.23,True,
16-12334-000,12/17/1998,0.0,WD(WARRANTY DEED),0.23,True,
16-12334-000,12/1/1994,0.0,WD(WARRANTY DEED),0.23,True,
16-12334-000,10/27/1994,0.0,TRAG(TRUST AGREEMENT),0.23,True,
16-12334-000,9/28/1990,133000.0,WD(WARRANTY DEED),0.23,True,
16-12334-000,4/24/1987,7000.0,WD(WARRANTY DEED),0.23,True,
16-12334-000,3/13/1984,0.0,WD(WARRANTY DEED),0.23,True,
16-12335-000,2/4/2025,384000.0,TRWD(TRUSTEES WARRANTY DEED),0.29,True,AR
16-12335-000,2/4/2025,0.0,CERT(CERTIFICATE),0.29,True,AR
16-12335-000,4/29/2008,0.0,POA(POWER OF ATTORNEY),0.29,True,AR
16-12335-000,4/29/2008,0.0,POA(POWER OF ATTORNEY),0.29,True,AR
16-12335-000,4/29/2008,0.0,WD(WARRANTY DEED),0.29,True,AR
16-12335-000,4/29/2008,0.0,CERT(CERTIFICATE),0.29,True,AR
16-12335-000,1/16/2004,161000.0,WD(WARRANTY DEED),0.29,True,AR
16-12335-000,5/4/1998,4000.0,WD(WARRANTY DEED),0.29,True,AR
16-12335-000,4/10/1989,0.0,WD(WARRANTY DEED),0.29,True,AR
16-12335-000,4/10/1989,0.0,DC(DEATH CERTIFICATE),0.29,True,AR
16-12335-000,8/31/1977,0.0,WD(WARRANTY DEED),0.29,True,AR
16-12336-000,10/22/2020,0.0,LWD(LIMITED WARRANTY DEED),0.29,False,CA
16-12336-000,8/28/2009,1451000.0,QCD(QUITCLAIM DEED),0.29,False,CA
16-12336-000,8/21/2009,402000.0,DEED(GRANT DEED),0.29,False,CA
16-12336-000,9/15/2008,0.0,DEED(GRANT DEED),0.29,False,CA
16-12336-000,11/1/2005,6000.0,WD(WARRANTY DEED),0.29,False,CA
16-12336-000,7/29/1992,4500.0,WD(WARRANTY DEED),0.29,False,CA
16-12336-000,4/18/1991,0.0,WD(WARRANTY DEED),0.29,False,CA
16-12336-000,11/20/1981,13000.0,WD(WARRANTY DEED),0.29,False,CA
16-12337-000,11/25/2024,25000.0,WD(WARRANTY DEED),0.26,False,KS
16-12337-000,9/27/2024,72000.0,WD(WARRANTY DEED),0.26,False,KS
16-12337-000,9/27/2024,72000.0,WD(WARRANTY DEED),0.26,False,KS
16-12337-000,4/21/2022,0.0,RD(REDEMPTION DEED),0.26,False,KS
16-12337-000,3/24/2021,0.0,QCD(QUITCLAIM DEED),0.26,False,KS
16-12337-000,7/29/2015,0.0,LWD(LIMITED WARRANTY DEED),0.26,False,KS
16-12337-000,10/27/1981,6000.0,WD(WARRANTY DEED),0.26,False,KS
16-12338-000,7/8/2024,434000.0,WD(WARRANTY DEED),0.39,True,AR
16-12338-000,12/16/2021,0.0,EXD(EXECUTOR-EXECUTRIX DEED),0.39,True,AR
16-12338-000,12/16/2021,319000.0,TRWD(TRUSTEES WARRANTY DEED),0.39,True,AR
16-12338-000,12/16/2021,0.0,MEMO(MEMORANDUM),0.39,True,AR
16-12338-000,12/10/2021,0.0,OR(ORDER),0.39,True,AR
16-12338-000,8/1/2021,0.0,OTHER(OTHER DOCUMENT),0.39,True,AR
16-12338-000,6/28/2013,0.0,TRAG(TRUST AGREEMENT),0.39,True,AR
16-12338-000,9/23/2001,0.0,DC(DEATH CERTIFICATE),0.39,True,AR
16-12338-000,6/13/1994,0.0,WD(WARRANTY DEED),0.39,True,AR
16-12338-000,6/30/1993,7000.0,WD(WARRANTY DEED),0.39,True,AR
16-12338-000,10/29/1990,6000.0,WD(WARRANTY DEED),0.39,True,AR
16-12339-000,2/11/2022,375000.0,WD(WARRANTY DEED),0.36,False,AR
16-12339-000,11/29/2016,0.0,RD(REDEMPTION DEED),0.36,False,AR
16-12339-000,11/14/2016,2500.0,WD(WARRANTY DEED),0.36,False,AR
16-12339-000,8/28/2009,1451000.0,QCD(QUITCLAIM DEED),0.36,False,AR
16-12339-000,8/21/2009,402000.0,DEED(GRANT DEED),0.36,False,AR
16-12339-000,9/15/2008,0.0,DEED(GRANT DEED),0.36,False,AR
16-12339-000,3/31/2006,430000.0,WD(WARRANTY DEED),0.36,False,AR
16-12339-000,9/27/2005,6000.0,WD(WARRANTY DEED),0.36,False,AR
16-12339-000,1/3/1977,0.0,DC(DEATH CERTIFICATE),0.36,False,AR
16-12340-000,2/11/2022,375000.0,WD(WARRANTY DEED),0.37,True,AR
16-12340-000,11/24/2003,153000.0,WD(WARRANTY DEED),0.37,True,AR
16-12340-000,8/12/2003,0.0,DC(DEATH CERTIFICATE),0.37,True,AR
16-12340-000,4/19/1979,9000.0,WD(WARRANTY DEED),0.37,True,AR
16-12341-000,10/5/2023,0.0,DC(DEATH CERTIFICATE),0.35,True,AR
16-12341-000,6/25/2012,127000.0,WD(WARRANTY DEED),0.35,True,AR
16-12341-000,6/26/2002,0.0,WD(WARRANTY DEED),0.35,True,AR
16-12341-000,9/7/1988,118000.0,WD(WARRANTY DEED),0.35,True,AR
16-12341-000,8/19/1985,0.0,HIST(HISTORICAL),0.35,True,AR
16-12341-000,6/28/1985,3000.0,WD(WARRANTY DEED),0.35,True,AR
16-12341-000,6/28/1985,3000.0,WD(WARRANTY DEED),0.35,True,AR
16-12341-000,8/3/1982,8000.0,WD(WARRANTY DEED),0.35,True,AR
16-12342-000,7/6/2018,207000.0,WD(WARRANTY DEED),0.42,True,AR
16-12342-000,7/31/2001,153000.0,WD(WARRANTY DEED),0.42,True,AR
16-12342-000,6/24/1994,133000.0,WD(WARRANTY DEED),0.42,True,AR
16-12342-000,9/28/1992,2000.0,WD(WARRANTY DEED),0.42,True,AR
16-12342-000,5/2/1972,7000.0,WD(WARRANTY DEED),0.42,True,AR
16-12343-000,7/25/2018,4000.0,CWD(CORPORATION WARRANTY DEED),0.36,False,AR
16-12343-000,11/25/2013,8000.0,QCD(QUITCLAIM DEED),0.36,False,AR
16-12343-000,4/19/2013,4000.0,WD(WARRANTY DEED),0.36,False,AR
16-12343-000,2/6/2012,46000.0,WD(WARRANTY DEED),0.36,False,AR
16-12343-000,6/2/2011,0.0,WD(WARRANTY DEED),0.36,False,AR
16-12343-000,4/20/2005,3000.0,WD(WARRANTY DEED),0.36,False,AR
16-12343-000,3/31/1982,7000.0,WD(WARRANTY DEED),0.36,False,AR
16-12344-000,12/19/2003,0.0,QCD(QUITCLAIM DEED),0.36,True,AR
16-12344-000,12/8/2002,0.0,DC(DEATH CERTIFICATE),0.36,True,AR
16-12344-000,3/16/1998,63000.0,WD(WARRANTY DEED),0.36,True,AR
16-12344-000,8/1/1990,0.0,TRAG(TRUST AGREEMENT),0.36,True,AR
16-12344-000,8/1/1990,0.0,WD(WARRANTY DEED),0.36,True,AR
16-12344-000,6/8/1989,0.0,DC(DEATH CERTIFICATE),0.36,True,AR
16-12344-000,6/1/1984,55000.0,WD(WARRANTY DEED),0.36,True,AR
16-12345-000,7/2/2013,0.0,SWD(SPECIAL WARRANTY DEED),0.39,True,
16-12345-000,10/10/2012,0.0,SWD(SPECIAL WARRANTY DEED),0.39,True,
16-12345-000,9/20/2012,0.0,TRD(TRUSTEES DEED),0.39,True,
16-12345-000,3/23/2007,142000.0,WD(WARRANTY DEED),0.39,True,
16-12345-000,4/29/1994,90000.0,WD(WARRANTY DEED),0.39,True,
16-12345-000,1/11/1989,0.0,DC(DEATH CERTIFICATE),0.39,True,
16-12345-000,1/30/1978,9000.0,WD(WARRANTY DEED),0.39,True,
16-12346-000,5/4/2012,84000.0,WD(WARRANTY DEED),0.31,True,AR
16-12346-000,5/30/2008,0.0,CERT(CERTIFICATE),0.31,True,AR
16-12346-000,5/30/2008,0.0,QCD(QUITCLAIM DEED),0.31,True,AR
16-12346-000,1/26/1984,85000.0,WD(WARRANTY DEED),0.31,True,AR
16-12347-000,11/18/2008,0.0,QCD(QUITCLAIM DEED),0.34,True,AR
16-12347-000,10/6/2004,130000.0,WD(WARRANTY DEED),0.34,True,AR
16-12347-000,7/3/1985,78000.0,WD(WARRANTY DEED),0.34,True,AR
16-12348-000,1/19/2024,1350000.0,WD(WARRANTY DEED),0.32,False,TX
16-12348-000,6/26/2018,0.0,DC(DEATH CERTIFICATE),0.32,False,TX
16-12348-000,9/18/1996,10000.0,WD(WARRANTY DEED),0.32,False,TX
16-12348-000,6/19/1984,10000.0,WD(WARRANTY DEED),0.32,False,TX
16-12349-000,1/8/2025,0.0,AFF(AFFIDAVIT),0.28,True,AR
16-12349-000,11/14/2024,450000.0,CWD(CORPORATION WARRANTY DEED),0.28,True,AR
16-12349-000,4/30/2024,12000.0,WD(WARRANTY DEED),0.28,True,AR
16-12349-000,5/17/2023,7000.0,WD(WARRANTY DEED),0.28,True,AR
16-12349-000,3/15/2022,0.0,BD(BENEFICIARY DEED),0.28,True,AR
16-12349-000,3/11/2021,2000.0,SWD(SPECIAL WARRANTY DEED),0.28,True,AR
16-12349-000,2/26/2021,0.0,QCD(QUITCLAIM DEED),0.28,True,AR
16-12349-000,8/11/2010,0.0,WD(WARRANTY DEED),0.28,True,AR
16-12349-000,4/28/2010,0.0,WD(WARRANTY DEED),0.28,True,AR
16-12349-000,3/3/2010,0.0,SWD(SPECIAL WARRANTY DEED),0.28,True,AR
16-12349-000,5/21/2009,0.0,COMMD(COMMISSIONERS DEED),0.28,True,AR
16-12349-000,3/6/2006,15000.0,WD(WARRANTY DEED),0.28,True,AR
16-12349-000,8/12/2005,3000.0,WD(WARRANTY DEED),0.28,True,AR
16-12349-000,3/6/2002,1000.0,WD(WARRANTY DEED),0.28,True,AR
16-12349-000,7/9/1982,8000.0,WD(WARRANTY DEED),0.28,True,AR
16-12349-000,5/24/1981,3000.0,WD(WARRANTY DEED),0.28,True,AR
16-12349-000,5/24/1981,0.0,CONT(CONTRACT),0.28,True,AR
16-12350-000,1/31/2025,540000.0,WD(WARRANTY DEED),0.31,True,AR
16-12350-000,2/25/2022,450000.0,WD(WARRANTY DEED),0.31,True,AR
16-12350-000,1/17/2013,193000.0,WD(WARRANTY DEED),0.31,True,AR
16-12350-000,10/10/2012,0.0,DC(DEATH CERTIFICATE),0.31,True,AR
16-12350-000,6/6/1995,0.0,CERT(CERTIFICATE),0.31,True,AR
16-12350-000,10/7/1992,148000.0,WD(WARRANTY DEED),0.31,True,AR
16-12350-000,11/27/1989,0.0,WD(WARRANTY DEED),0.31,True,AR
16-12350-000,7/7/1983,0.0,WD(WARRANTY DEED),0.31,True,AR
16-12351-000,11/25/2019,190000.0,WD(WARRANTY DEED),0.36,True,AR
16-12351-000,10/16/2006,143000.0,WD(WARRANTY DEED),0.36,True,AR
16-12351-000,4/22/2003,122000.0,WD(WARRANTY DEED),0.36,True,AR
16-12351-000,12/4/1996,105000.0,WD(WARRANTY DEED),0.36,True,AR
16-12351-000,4/24/1996,0.0,TRAG(TRUST AGREEMENT),0.36,True,AR
16-12351-000,4/24/1996,0.0,QCD(QUITCLAIM DEED),0.36,True,AR
16-12351-000,8/31/1987,89000.0,WD(WARRANTY DEED),0.36,True,AR
16-12351-000,4/20/1981,79000.0,WD(WARRANTY DEED),0.36,True,AR
16-12352-000,5/22/2023,0.0,ADHL(AR DEPT OF HEALTH LIST),0.31,True,AR
16-12352-000,9/13/2021,0.0,WD(WARRANTY DEED),0.31,True,AR
16-12352-000,6/9/2020,195000.0,WD(WARRANTY DEED),0.31,True,AR
16-12352-000,6/20/2000,155000.0,WD(WARRANTY DEED),0.31,True,AR
16-12352-000,8/22/1997,160000.0,WD(WARRANTY DEED),0.31,True,AR
16-12352-000,3/6/1992,134000.0,WD(WARRANTY DEED),0.31,True,AR
16-12352-000,7/28/1988,118000.0,WD(WARRANTY DEED),0.31,True,AR
16-12352-000,12/20/1985,8000.0,WD(WARRANTY DEED),0.31,True,AR
16-12352-000,6/3/1981,0.0,CONT(CONTRACT),0.31,True,AR
16-12353-000,11/17/2003,156000.0,WD(WARRANTY DEED),0.29,True,CA
16-12353-000,10/18/1996,0.0,AFF(AFFIDAVIT),0.29,True,CA
16-12353-000,10/10/1996,0.0,WD(WARRANTY DEED),0.29,True,CA
16-12353-000,1/17/1996,0.0,CORRWD(CORRECTED WARRANTY DEED),0.29,True,CA
16-12353-000,7/15/1994,140000.0,WD(WARRANTY DEED),0.29,True,CA
16-12353-000,12/8/1980,10000.0,WD(WARRANTY DEED),0.29,True,CA
16-12354-000,10/24/2017,0.0,BD(BENEFICIARY DEED),0.28,True,AR
16-12354-000,4/30/2010,0.0,DC(DEATH CERTIFICATE),0.28,True,AR
16-12354-000,6/13/2006,120000.0,WD(WARRANTY DEED),0.28,True,AR
16-12354-000,9/9/2004,90000.0,WD(WARRANTY DEED),0.28,True,AR
16-12354-000,12/22/1992,72000.0,WD(WARRANTY DEED),0.28,True,AR
16-12354-000,6/7/1991,65000.0,WD(WARRANTY DEED),0.28,True,AR
16-12354-000,11/2/1990,0.0,WD(WARRANTY DEED),0.28,True,AR
16-12354-000,11/2/1990,0.0,WD(WARRANTY DEED),0.28,True,AR
16-12354-000,11/2/1990,62000.0,WD(WARRANTY DEED),0.28,True,AR
16-12354-000,4/5/1977,8000.0,WD(WARRANTY DEED),0.28,True,AR
16-12355-000,4/10/2019,180000.0,WD(WARRANTY DEED),0.38,True,AR
16-12355-000,8/25/2014,0.0,DC(DEATH CERTIFICATE),0.38,True,AR
16-12355-000,5/30/2007,157000.0,WD(WARRANTY DEED),0.38,True,AR
16-12355-000,5/9/2007,0.0,CERT(CERTIFICATE),0.38,True,AR
16-12355-000,3/26/2005,0.0,DC(DEATH CERTIFICATE),0.38,True,AR
16-12355-000,12/21/2001,0.0,WD(WARRANTY DEED),0.38,True,AR
16-12355-000,7/16/1985,94000.0,WD(WARRANTY DEED),0.38,True,AR
16-12355-000,1/3/1985,12000.0,WD(WARRANTY DEED),0.38,True,AR
16-12356-000,11/19/2012,0.0,SWD(SPECIAL WARRANTY DEED),0.34,True,AR
16-12356-000,9/19/2012,0.0,MTG-D(MORTGAGEE'S DEED),0.34,True,AR
16-12356-000,4/20/2010,0.0,DEC(DECREE),0.34,True,AR
16-12356-000,3/2/2004,3000.0,WD(WARRANTY DEED),0.34,True,AR
16-12356-000,6/21/1999,0.0,RD(REDEMPTION DEED),0.34,True,AR
16-12356-000,6/1/1999,1000.0,COMMD(COMMISSIONERS DEED),0.34,True,AR
16-12356-000,12/23/1992,8000.0,WD(WARRANTY DEED),0.34,True,AR
16-12356-000,6/1/1982,7000.0,WD(WARRANTY DEED),0.34,True,AR
16-12357-000,10/28/2016,315000.0,WD(WARRANTY DEED),0.3,True,AR
16-12357-000,5/23/2006,11000.0,WD(WARRANTY DEED),0.3,True,AR
16-12357-000,6/14/1982,7000.0,WD(WARRANTY DEED),0.3,True,AR
16-12358-000,3/21/2024,12000.0,WD(WARRANTY DEED),0.31,False,AR
16-12358-000,3/10/2016,0.0,RD(REDEMPTION DEED),0.31,False,AR
16-12358-000,2/12/2009,0.0,WD(WARRANTY DEED),0.31,False,AR
16-12358-000,3/7/2006,1333.0,WD(WARRANTY DEED),0.31,False,AR
16-12358-000,3/7/2006,6000.0,WD(WARRANTY DEED),0.31,False,AR
16-12358-000,2/24/2006,731000.0,WD(WARRANTY DEED),0.31,False,AR
16-12358-000,12/11/1989,2000.0,WD(WARRANTY DEED),0.31,False,AR
16-12358-000,3/17/1982,7000.0,WD(WARRANTY DEED),0.31,False,AR
16-12359-000,3/27/2025,0.0,BD(BENEFICIARY DEED),0.28,False,KS
16-12359-000,9/10/1980,6000.0,WD(WARRANTY DEED),0.28,False,KS
16-12360-000,10/20/2021,0.0,BD(BENEFICIARY DEED),0.38,True,AR
16-12360-000,5/30/2003,134000.0,WD(WARRANTY DEED),0.38,True,AR
16-12360-000,7/19/1998,0.0,QCD(QUITCLAIM DEED),0.38,True,AR
16-12360-000,7/19/1998,0.0,QCD(QUITCLAIM DEED),0.38,True,AR
16-12360-000,5/2/1994,0.0,WD(WARRANTY DEED),0.38,True,AR
16-12360-000,4/18/1994,98000.0,WD(WARRANTY DEED),0.38,True,AR
16-12360-000,2/15/1990,2000.0,WD(WARRANTY DEED),0.38,True,AR
16-12360-000,11/28/1988,2000.0,WD(WARRANTY DEED),0.38,True,AR
16-12360-000,3/12/1986,0.0,DC(DEATH CERTIFICATE),0.38,True,AR
16-12360-000,10/29/1982,5000.0,WD(WARRANTY DEED),0.38,True,AR
16-12361-000,7/20/2017,3000.0,WD(WARRANTY DEED),0.32,False,AR
16-12361-000,11/29/2010,0.0,WD(WARRANTY DEED),0.32,False,AR
16-12361-000,8/1/2006,0.0,CORRWD(CORRECTED WARRANTY DEED),0.32,False,AR
16-12361-000,2/17/2006,7000.0,WD(WARRANTY DEED),0.32,False,AR
16-12361-000,2/15/2006,731000.0,CWD(CORPORATION WARRANTY DEED),0.32,False,AR
16-12361-000,10/17/1994,0.0,WD(WARRANTY DEED),0.32,False,AR
16-12361-000,10/14/1994,0.0,TRAG(TRUST AGREEMENT),0.32,False,AR
16-12361-000,6/9/1977,6000.0,WD(WARRANTY DEED),0.32,False,AR
16-12362-000,4/29/2016,189000.0,WD(WARRANTY DEED),0.34,True,AR
16-12362-000,3/27/2015,108000.0,SWD(SPECIAL WARRANTY DEED),0.34,True,AR
16-12362-000,11/19/2014,0.0,MTG-D(MORTGAGEE'S DEED),0.34,True,AR
16-12362-000,1/13/2010,121000.0,SWD(SPECIAL WARRANTY DEED),0.34,True,AR
16-12362-000,7/14/2009,0.0,MTG-D(MORTGAGEE'S DEED),0.34,True,AR
16-12362-000,10/8/2004,120000.0,WD(WARRANTY DEED),0.34,True,AR
16-12362-000,1/31/2002,0.0,CONT(CONTRACT),0.34,True,AR
16-12362-000,11/14/1990,117000.0,WD(WARRANTY DEED),0.34,True,AR
16-12362-000,5/29/1990,0.0,TRAG(TRUST AGREEMENT),0.34,True,AR
16-12362-000,12/21/1981,85000.0,WD(WARRANTY DEED),0.34,True,AR
16-12363-000,6/9/2021,0.0,AFF(AFFIDAVIT),0.29,True,AR
16-12363-000,11/5/2014,150000.0,WD(WARRANTY DEED),0.29,True,AR
16-12363-000,9/25/2010,0.0,DC(DEATH CERTIFICATE),0.29,True,AR
16-12363-000,9/25/2010,0.0,DC(DEATH CERTIFICATE),0.29,True,AR
16-12363-000,6/15/1995,0.0,WD(WARRANTY DEED),0.29,True,AR
16-12363-000,6/14/1995,140000.0,WD(WARRANTY DEED),0.29,True,AR
16-12363-000,6/14/1995,0.0,AFF(AFFIDAVIT),0.29,True,AR
16-12363-000,6/14/1995,0.0,AFF(AFFIDAVIT),0.29,True,AR
16-12363-000,9/8/1992,140000.0,WD(WARRANTY DEED),0.29,True,AR
16-12363-000,4/30/1991,10000.0,WD(WARRANTY DEED),0.29,True,AR
16-12363-000,12/15/1989,10000.0,CONT(CONTRACT),0.29,True,AR
16-12363-000,11/30/1989,7000.0,CONT(CONTRACT),0.29,True,AR
16-12363-000,9/1/1982,7000.0,WD(WARRANTY DEED),0.29,True,AR
16-12364-000,1/19/2022,410000.0,WD(WARRANTY DEED),0.32,True,AR
16-12364-000,10/28/2019,3500.0,WD(WARRANTY DEED),0.32,True,AR
16-12364-000,11/6/2015,0.0,DC(DEATH CERTIFICATE),0.32,True,AR
16-12364-000,12/30/1974,7000.0,WD(WARRANTY DEED),0.32,True,AR
16-12365-000,8/4/2020,0.0,BD(BENEFICIARY DEED),0.31,True,AR
16-12365-000,6/12/2015,95000.0,WD(WARRANTY DEED),0.31,True,AR
16-12365-000,12/19/2014,0.0,DC(DEATH CERTIFICATE),0.31,True,AR
16-12365-000,6/2/2008,0.0,BD(BENEFICIARY DEED),0.31,True,AR
16-12365-000,9/12/2003,0.0,QCD(QUITCLAIM DEED),0.31,True,AR
16-12365-000,9/21/1995,94000.0,WD(WARRANTY DEED),0.31,True,AR
16-12365-000,4/5/1993,80000.0,WD(WARRANTY DEED),0.31,True,AR
16-12365-000,8/2/1990,75000.0,WD(WARRANTY DEED),0.31,True,AR
16-12365-000,7/1/1989,0.0,DC(DEATH CERTIFICATE),0.31,True,AR
16-12365-000,7/1/1989,0.0,DC(DEATH CERTIFICATE),0.31,True,AR
16-12365-000,6/9/1989,0.0,WD(WARRANTY DEED),0.31,True,AR
16-12365-000,12/29/1980,88000.0,WD(WARRANTY DEED),0.31,True,AR
16-12366-000,5/25/1982,7000.0,WD(WARRANTY DEED),0.25,False,WY
16-12367-000,12/27/2022,0.0,QCD(QUITCLAIM DEED),0.31,True,AR
16-12367-000,10/17/2022,0.0,BD(BENEFICIARY DEED),0.31,True,AR
16-12367-000,4/15/2009,85000.0,WD(WARRANTY DEED),0.31,True,AR
16-12367-000,11/26/2008,0.0,MTG-D(MORTGAGEE'S DEED),0.31,True,AR
16-12367-000,1/19/2002,0.0,ML(MARRIAGE LICENSE),0.31,True,AR
16-12367-000,10/1/2001,94000.0,WD(WARRANTY DEED),0.31,True,AR
16-12367-000,3/6/1995,87000.0,WD(WARRANTY DEED),0.31,True,AR
16-12367-000,9/21/1992,0.0,DC(DEATH CERTIFICATE),0.31,True,AR
16-12367-000,7/16/1985,83000.0,WD(WARRANTY DEED),0.31,True,AR
16-12368-000,7/28/2016,86000.0,WD(WARRANTY DEED),0.23,True,AR
16-12368-000,7/20/2016,0.0,CORRQC(CORRECTED QUIT CLAIM DEED),0.23,True,AR
16-12368-000,1/4/2016,0.0,QCD(QUITCLAIM DEED),0.23,True,AR
16-12368-000,9/20/2013,0.0,QCD(QUITCLAIM DEED),0.23,True,AR
16-12368-000,11/19/2009,89000.0,WD(WARRANTY DEED),0.23,True,AR
16-12368-000,5/6/2003,115000.0,WD(WARRANTY DEED),0.23,True,AR
16-12368-000,1/15/1994,0.0,DC(DEATH CERTIFICATE),0.23,True,AR
16-12368-000,8/18/1989,4000.0,WD(WARRANTY DEED),0.23,True,AR
16-12369-000,2/18/2024,0.0,ADHL(AR DEPT OF HEALTH LIST),0.3,True,AR
16-12369-000,10/12/2011,0.0,BD(BENEFICIARY DEED),0.3,True,AR
16-12369-000,8/1/2007,132000.0,WD(WARRANTY DEED),0.3,True,AR
16-12369-000,1/5/2007,90000.0,WD(WARRANTY DEED),0.3,True,AR
16-12369-000,1/5/2007,0.0,EXD(EXECUTOR-EXECUTRIX DEED),0.3,True,AR
16-12369-000,3/26/2005,0.0,DC(DEATH CERTIFICATE),0.3,True,AR
16-12369-000,1/31/2003,0.0,DC(DEATH CERTIFICATE),0.3,True,AR
16-12369-000,6/7/1994,95000.0,WD(WARRANTY DEED),0.3,True,AR
16-12369-000,10/1/1983,98000.0,CWD(CORPORATION WARRANTY DEED),0.3,True,AR
16-12370-000,2/27/2009,110000.0,WD(WARRANTY DEED),0.32,True,AR
16-12370-000,1/30/2001,0.0,DC(DEATH CERTIFICATE),0.32,True,AR
16-12370-000,1/30/2001,0.0,DC(DEATH CERTIFICATE),0.32,True,AR
16-12370-000,3/31/1986,85000.0,WD(WARRANTY DEED),0.32,True,AR
16-12370-000,3/6/1985,11000.0,WD(WARRANTY DEED),0.32,True,AR
16-12370-000,4/30/1984,7000.0,WD(WARRANTY DEED),0.32,True,AR
16-12371-000,10/1/2021,259000.0,WD(WARRANTY DEED),0.25,True,AR
16-12371-000,9/2/2016,155000.0,WD(WARRANTY DEED),0.25,True,AR
16-12371-000,12/5/2015,0.0,DC(DEATH CERTIFICATE),0.25,True,AR
16-12371-000,3/11/2008,142000.0,WD(WARRANTY DEED),0.25,True,AR
16-12371-000,12/20/2001,108000.0,WD(WARRANTY DEED),0.25,True,AR
16-12371-000,1/2/1998,0.0,DC(DEATH CERTIFICATE),0.25,True,AR
16-12371-000,9/12/1994,0.0,AMEND(AMENDMENT),0.25,True,AR
16-12371-000,9/12/1994,0.0,AMEND(AMENDMENT),0.25,True,AR
16-12371-000,11/16/1988,0.0,WD(WARRANTY DEED),0.25,True,AR
16-12371-000,12/19/1983,11000.0,WD(WARRANTY DEED),0.25,True,AR
16-12372-000,9/27/2013,143000.0,SWD(SPECIAL WARRANTY DEED),0.37,True,AR
16-12372-000,8/30/2013,0.0,MTG-D(MORTGAGEE'S DEED),0.37,True,AR
16-12372-000,12/11/2008,0.0,OTHER(OTHER DOCUMENT),0.37,True,AR
16-12372-000,10/17/2008,0.0,CERT(CERTIFICATE),0.37,True,AR
16-12372-000,10/16/2008,178000.0,WD(WARRANTY DEED),0.37,True,AR
16-12372-000,10/16/2008,0.0,CERT(CERTIFICATE),0.37,True,AR
16-12372-000,9/30/2004,0.0,CERT(CERTIFICATE),0.37,True,AR
16-12372-000,9/30/2004,0.0,WD(WARRANTY DEED),0.37,True,AR
16-12372-000,11/20/2000,157000.0,WD(WARRANTY DEED),0.37,True,AR
16-12372-000,3/20/2000,6000.0,WD(WARRANTY DEED),0.37,True,AR
16-12372-000,7/20/1912,9000.0,WD(WARRANTY DEED),0.37,True,AR
16-12373-000,12/9/2019,190000.0,WD(WARRANTY DEED),0.35,True,AR
16-12373-000,7/29/2016,148000.0,WD(WARRANTY DEED),0.35,True,AR
16-12373-000,8/31/2001,123000.0,WD(WARRANTY DEED),0.35,True,AR
16-12373-000,10/26/1989,97000.0,WD(WARRANTY DEED),0.35,True,AR
16-12373-000,10/26/1989,97000.0,WD(WARRANTY DEED),0.35,True,AR
16-12373-000,8/9/1988,9000.0,WD(WARRANTY DEED),0.35,True,AR
16-12373-000,6/20/1986,9000.0,WD(WARRANTY DEED),0.35,True,AR
16-12373-000,6/2/1982,8000.0,WD(WARRANTY DEED),0.35,True,AR
16-12374-000,3/7/2025,427800.0,WD(WARRANTY DEED),0.42,True,AR
16-12374-000,8/26/2022,320000.0,WD(WARRANTY DEED),0.42,True,AR
16-12374-000,10/10/2017,171000.0,WD(WARRANTY DEED),0.42,True,AR
16-12374-000,5/7/2010,164000.0,WD(WARRANTY DEED),0.42,True,AR
16-12374-000,7/13/2007,165000.0,WD(WARRANTY DEED),0.42,True,AR
16-12374-000,2/7/2003,0.0,QCD(QUITCLAIM DEED),0.42,True,AR
16-12374-000,8/14/2000,125000.0,WD(WARRANTY DEED),0.42,True,AR
16-12374-000,11/16/1999,0.0,WD(WARRANTY DEED),0.42,True,AR
16-12374-000,11/2/1999,0.0,WD(WARRANTY DEED),0.42,True,AR
16-12374-000,10/28/1999,0.0,CERT(CERTIFICATE),0.42,True,AR
16-12374-000,12/1/1992,110000.0,WD(WARRANTY DEED),0.42,True,AR
16-12374-000,5/2/1978,11000.0,WD(WARRANTY DEED),0.42,True,AR
16-12375-000,9/23/1999,130000.0,WD(WARRANTY DEED),0.42,True,AR
16-12375-000,12/6/1996,0.0,DC(DEATH CERTIFICATE),0.42,True,AR
16-12375-000,7/19/1985,163000.0,WD(WARRANTY DEED),0.42,True,AR
16-12375-000,11/5/1984,18000.0,WD(WARRANTY DEED),0.42,True,AR
16-12376-000,9/11/2020,260000.0,TRWD(TRUSTEES WARRANTY DEED),0.32,True,AR
16-12376-000,12/22/2006,0.0,WD(WARRANTY DEED),0.32,True,AR
16-12376-000,12/22/2006,0.0,OTHER(OTHER DOCUMENT),0.32,True,AR
16-12376-000,7/24/1985,135000.0,CORRWD(CORRECTED WARRANTY DEED),0.32,True,AR
16-12376-000,7/24/1985,135000.0,WD(WARRANTY DEED),0.32,True,AR
16-12376-000,9/24/1984,9500.0,WD(WARRANTY DEED),0.32,True,AR
16-12376-000,9/12/1984,7500.0,WD(WARRANTY DEED),0.32,True,AR
16-12377-000,6/18/2018,233000.0,WD(WARRANTY DEED),0.27,True,AR
16-12377-000,8/26/2016,170000.0,WD(WARRANTY DEED),0.27,True,AR
16-12377-000,11/1/2005,158000.0,WD(WARRANTY DEED),0.27,True,AR
16-12377-000,1/10/1985,114000.0,WD(WARRANTY DEED),0.27,True,AR
16-12378-000,2/13/2025,0.0,BD(BENEFICIARY DEED),0.28,True,AR
16-12378-000,7/13/2023,0.0,BD(BENEFICIARY DEED),0.28,True,AR
16-12378-000,6/26/2023,0.0,DC(DEATH CERTIFICATE),0.28,True,AR
16-12378-000,6/1/2023,0.0,BD(BENEFICIARY DEED),0.28,True,AR
16-12378-000,11/30/1994,102000.0,WD(WARRANTY DEED),0.28,True,AR
16-12378-000,5/1/1992,80000.0,WD(WARRANTY DEED),0.28,True,AR
16-12378-000,9/18/1979,76000.0,WD(WARRANTY DEED),0.28,True,AR
16-12379-000,5/11/2019,176000.0,TRWD(TRUSTEES WARRANTY DEED),0.34,True,NJ
16-12379-000,5/11/2019,0.0,CERT(CERTIFICATE),0.34,True,NJ
16-12379-000,6/18/2011,0.0,DC(DEATH CERTIFICATE),0.34,True,NJ
16-12379-000,1/6/2004,0.0,WD(WARRANTY DEED),0.34,True,NJ
16-12379-000,12/22/2003,0.0,CERT(CERTIFICATE),0.34,True,NJ
16-12379-000,1/19/1990,80000.0,WD(WARRANTY DEED),0.34,True,NJ
16-12379-000,5/3/1982,95000.0,WD(WARRANTY DEED),0.34,True,NJ
16-12380-000,7/8/2019,0.0,WD(WARRANTY DEED),0.3,True,AR
16-12380-000,7/8/2019,0.0,CERT(CERTIFICATE),0.3,True,AR
16-12380-000,4/30/2002,165000.0,WD(WARRANTY DEED),0.3,True,AR
16-12380-000,11/3/1987,0.0,WD(WARRANTY DEED),0.3,True,AR
16-12380-000,10/29/1987,0.0,TRAG(TRUST AGREEMENT),0.3,True,AR
16-12380-000,5/10/1984,10000.0,WD(WARRANTY DEED),0.3,True,AR
16-12381-000,3/27/2009,0.0,TRD(TRUSTEES DEED),0.32,True,AR
16-12381-000,3/27/2009,0.0,CERT(CERTIFICATE),0.32,True,AR
16-12381-000,3/27/2009,0.0,CERT(CERTIFICATE),0.32,True,AR
16-12381-000,1/28/2009,0.0,DC(DEATH CERTIFICATE),0.32,True,AR
16-12381-000,7/26/2005,0.0,TRAG(TRUST AGREEMENT),0.32,True,AR
16-12381-000,8/21/2002,0.0,WD(WARRANTY DEED),0.32,True,AR
16-12381-000,8/14/2002,0.0,TRD(TRUSTEES DEED),0.32,True,AR
16-12381-000,8/16/1996,0.0,QCD(QUITCLAIM DEED),0.32,True,AR
16-12381-000,8/14/1996,0.0,TRAG(TRUST AGREEMENT),0.32,True,AR
16-12381-000,9/5/1989,75000.0,WD(WARRANTY DEED),0.32,True,AR
16-12381-000,11/3/1987,0.0,WD(WARRANTY DEED),0.32,True,AR
16-12382-000,11/22/2004,246000.0,WD(WARRANTY DEED),0.32,True,AR
16-12382-000,2/10/2004,8000.0,WD(WARRANTY DEED),0.32,True,AR
16-12382-000,6/21/1996,4000.0,CWD(CORPORATION WARRANTY DEED),0.32,True,AR
16-12382-000,3/13/1996,3000.0,WD(WARRANTY DEED),0.32,True,AR
16-12382-000,10/13/1985,0.0,WD(WARRANTY DEED),0.32,True,AR
16-12382-000,11/1/1979,0.0,HIST(HISTORICAL),0.32,True,AR
16-12383-000,8/11/2022,0.0,BD(BENEFICIARY DEED),0.31,True,AR
16-12383-000,8/11/2022,0.0,BD(BENEFICIARY DEED),0.31,True,AR
16-12383-000,6/19/2019,0.0,BD(BENEFICIARY DEED),0.31,True,AR
16-12383-000,6/30/2015,172000.0,WD(WARRANTY DEED),0.31,True,AR
16-12383-000,1/6/2005,157000.0,WD(WARRANTY DEED),0.31,True,AR
16-12383-000,5/5/1992,0.0,DC(DEATH CERTIFICATE),0.31,True,AR
16-12383-000,8/8/1991,8000.0,WD(WARRANTY DEED),0.31,True,AR
16-12383-000,11/13/1990,0.0,WD(WARRANTY DEED),0.31,True,AR
16-12383-000,9/23/1986,0.0,DC(DEATH CERTIFICATE),0.31,True,AR
16-12383-000,11/18/1977,7000.0,WD(WARRANTY DEED),0.31,True,AR
16-12384-000,7/30/2020,171500.0,WD(WARRANTY DEED),0.28,True,AR
16-12384-000,11/30/2005,222000.0,WD(WARRANTY DEED),0.28,True,AR
16-12384-000,4/8/2004,208000.0,WD(WARRANTY DEED),0.28,True,AR
16-12384-000,5/21/2002,205000.0,WD(WARRANTY DEED),0.28,True,AR
16-12384-000,7/10/2000,173000.0,WD(WARRANTY DEED),0.28,True,AR
16-12384-000,12/2/1999,175000.0,WD(WARRANTY DEED),0.28,True,AR
16-12384-000,12/1/1999,0.0,MEMO(MEMORANDUM),0.28,True,AR
16-12384-000,10/16/1998,0.0,WD(WARRANTY DEED),0.28,True,AR
16-12384-000,6/15/1998,162000.0,WD(WARRANTY DEED),0.28,True,AR
16-12384-000,10/6/1993,6000.0,WD(WARRANTY DEED),0.28,True,AR
16-12384-000,9/17/1993,10000.0,WD(WARRANTY DEED),0.28,True,AR
16-12385-000,10/24/2024,313000.0,WD(WARRANTY DEED),0.23,True,AR
16-12385-000,1/13/2022,0.0,BD(BENEFICIARY DEED),0.23,True,AR
16-12385-000,1/13/2022,0.0,BD(BENEFICIARY DEED),0.23,True,AR
16-12385-000,9/30/2020,0.0,DC(DEATH CERTIFICATE),0.23,True,AR
16-12385-000,8/22/2018,145000.0,WD(WARRANTY DEED),0.23,True,AR
16-12385-000,1/22/2014,75000.0,SWD(SPECIAL WARRANTY DEED),0.23,True,AR
16-12385-000,4/17/2013,0.0,MTG-D(MORTGAGEE'S DEED),0.23,True,AR
16-12385-000,11/30/2012,0.0,QCD(QUITCLAIM DEED),0.23,True,AR
16-12385-000,9/2/2005,115000.0,WD(WARRANTY DEED),0.23,True,AR
16-12385-000,8/5/2003,87000.0,WD(WARRANTY DEED),0.23,True,AR
16-12385-000,6/20/2000,74000.0,WD(WARRANTY DEED),0.23,True,AR
16-12385-000,2/5/1988,0.0,WD(WARRANTY DEED),0.23,True,AR
16-12385-000,8/23/1977,9000.0,WD(WARRANTY DEED),0.23,True,AR
16-12386-000,4/5/2012,0.0,MEMO(MEMORANDUM),0.23,True,AR
16-12386-000,4/5/2012,0.0,WD(WARRANTY DEED),0.23,True,AR
16-12386-000,1/29/2012,0.0,DC(DEATH CERTIFICATE),0.23,True,AR
16-12386-000,11/5/2003,139000.0,WD(WARRANTY DEED),0.23,True,AR
16-12386-000,6/27/1993,113000.0,WD(WARRANTY DEED),0.23,True,AR
16-12386-000,5/6/1991,108000.0,WD(WARRANTY DEED),0.23,True,AR
16-12386-000,5/11/1987,0.0,TRAG(TRUST AGREEMENT),0.23,True,AR
16-12386-000,7/14/1986,100000.0,WD(WARRANTY DEED),0.23,True,AR
16-12386-000,1/15/1979,87000.0,WD(WARRANTY DEED),0.23,True,AR
16-12387-000,5/30/2025,0.0,BD(BENEFICIARY DEED),0.24,True,AR
16-12387-000,6/11/2021,0.0,WD(WARRANTY DEED),0.24,True,AR
16-12387-000,6/11/2021,0.0,MEMO(MEMORANDUM),0.24,True,AR
16-12387-000,11/9/2019,0.0,DC(DEATH CERTIFICATE),0.24,True,AR
16-12387-000,11/19/2014,0.0,DC(DEATH CERTIFICATE),0.24,True,AR
16-12387-000,3/29/1991,0.0,WD(WARRANTY DEED),0.24,True,AR
16-12387-000,3/29/1991,0.0,TRAG(TRUST AGREEMENT),0.24,True,AR
16-12387-000,5/27/1977,7000.0,WD(WARRANTY DEED),0.24,True,AR
16-12388-000,1/20/2006,6000.0,WD(WARRANTY DEED),0.22,False,TX
16-12388-000,5/14/1996,2000.0,WD(WARRANTY DEED),0.22,False,TX
16-12388-000,11/9/1994,9000.0,WD(WARRANTY DEED),0.22,False,TX
16-12388-000,12/3/1987,0.0,WD(WARRANTY DEED),0.22,False,TX
16-12388-000,9/16/1985,0.0,WD(WARRANTY DEED),0.22,False,TX
16-12388-000,6/17/1983,0.0,WD(WARRANTY DEED),0.22,False,TX
16-12389-000,5/20/2021,0.0,WD(WARRANTY DEED),0.27,True,AR
16-12389-000,5/20/2021,0.0,CERT(CERTIFICATE),0.27,True,AR
16-12389-000,4/29/2010,110000.0,WD(WARRANTY DEED),0.27,True,AR
16-12389-000,10/9/2000,0.0,WD(WARRANTY DEED),0.27,True,AR
16-12389-000,10/4/2000,0.0,AB(ABSTRACT OF TRUST),0.27,True,AR
16-12389-000,10/4/1993,5000.0,WD(WARRANTY DEED),0.27,True,AR
16-12390-000,6/10/2021,216000.0,WD(WARRANTY DEED),0.28,True,AR
16-12390-000,9/18/2014,97000.0,WD(WARRANTY DEED),0.28,True,AR
16-12390-000,8/15/1996,66000.0,WD(WARRANTY DEED),0.28,True,AR
16-12390-000,2/6/1996,0.0,DC(DEATH CERTIFICATE),0.28,True,AR
16-12390-000,7/10/1978,46000.0,WD(WARRANTY DEED),0.28,True,AR
16-12391-000,9/27/2024,72000.0,WD(WARRANTY DEED),0.28,False,FL
16-12391-000,9/27/2024,72000.0,WD(WARRANTY DEED),0.28,False,FL
16-12391-000,8/6/2021,5000.0,QCD(QUITCLAIM DEED),0.28,False,FL
16-12391-000,12/7/2020,0.0,LWD(LIMITED WARRANTY DEED),0.28,False,FL
16-12391-000,2/4/2013,98000.0,WD(WARRANTY DEED),0.28,False,FL
16-12391-000,2/4/2013,9000.0,WD(WARRANTY DEED),0.28,False,FL
16-12391-000,12/19/2012,1000.0,SWD(SPECIAL WARRANTY DEED),0.28,False,FL
16-12391-000,11/23/2011,0.0,COMMD(COMMISSIONERS DEED),0.28,False,FL
16-12391-000,5/15/2006,9000.0,WD(WARRANTY DEED),0.28,False,FL
16-12391-000,2/24/2004,0.0,QCD(QUITCLAIM DEED),0.28,False,FL
16-12391-000,5/5/2003,0.0,QCD(QUITCLAIM DEED),0.28,False,FL
16-12391-000,5/5/2003,0.0,QCD(QUITCLAIM DEED),0.28,False,FL
16-12391-000,9/3/1991,7000.0,WD(WARRANTY DEED),0.28,False,FL
16-12391-000,8/13/1986,0.0,CONT(CONTRACT),0.28,False,FL
16-12392-000,10/10/2024,1000.0,WD(WARRANTY DEED),0.3,False,AR
16-12392-000,5/30/2024,6000.0,WD(WARRANTY DEED),0.3,False,AR
16-12392-000,11/29/2023,0.0,QCD(QUITCLAIM DEED),0.3,False,AR
16-12392-000,3/17/2021,0.0,QCD(QUITCLAIM DEED),0.3,False,AR
16-12392-000,4/8/2019,0.0,TRWD(TRUSTEES WARRANTY DEED),0.3,False,AR
16-12392-000,3/28/2019,0.0,CERT(CERTIFICATE),0.3,False,AR
16-12392-000,7/30/1996,0.0,QCD(QUITCLAIM DEED),0.3,False,AR
16-12392-000,1/19/1976,6000.0,WD(WARRANTY DEED),0.3,False,AR
16-12393-000,12/13/2023,0.0,BD(BENEFICIARY DEED),0.32,False,AR
16-12393-000,4/7/2022,0.0,BD(BENEFICIARY DEED),0.32,False,AR
16-12393-000,12/31/2020,2500.0,WD(WARRANTY DEED),0.32,False,AR
16-12393-000,4/19/1990,3000.0,WD(WARRANTY DEED),0.32,False,AR
16-12393-000,12/30/1982,7000.0,WD(WARRANTY DEED),0.32,False,AR
16-12394-000,4/14/2023,0.0,WD(WARRANTY DEED),0.32,False,AR
16-12394-000,8/24/2022,449000.0,TRWD(TRUSTEES WARRANTY DEED),0.32,False,AR
16-12394-000,6/10/2021,2000.0,WD(WARRANTY DEED),0.32,False,AR
16-12394-000,5/28/2021,0.0,AFF(AFFIDAVIT),0.32,False,AR
16-12394-000,5/12/2014,0.0,QCD(QUITCLAIM DEED),0.32,False,AR
16-12394-000,12/13/2010,0.0,CERT(CERTIFICATE),0.32,False,AR
16-12394-000,10/2/2009,0.0,ADHL(AR DEPT OF HEALTH LIST),0.32,False,AR
16-12394-000,4/26/1999,0.0,AB(ABSTRACT OF TRUST),0.32,False,AR
16-12394-000,4/26/1999,0.0,WD(WARRANTY DEED),0.32,False,AR
16-12394-000,7/26/1982,7000.0,WD(WARRANTY DEED),0.32,False,AR
16-12395-000,4/14/2023,0.0,WD(WARRANTY DEED),0.34,True,AR
16-12395-000,8/24/2022,449000.0,TRWD(TRUSTEES WARRANTY DEED),0.34,True,AR
16-12395-000,4/18/2019,0.0,WD(WARRANTY DEED),0.34,True,AR
16-12395-000,4/18/2019,0.0,CERT(CERTIFICATE),0.34,True,AR
16-12395-000,3/21/2005,227000.0,WD(WARRANTY DEED),0.34,True,AR
16-12395-000,5/19/2004,3000.0,WD(WARRANTY DEED),0.34,True,AR
16-12395-000,2/21/2001,0.0,RD(REDEMPTION DEED),0.34,True,AR
16-12395-000,3/8/1988,8000.0,WD(WARRANTY DEED),0.34,True,AR
16-12396-000,4/14/2023,0.0,WD(WARRANTY DEED),0.32,False,AR
16-12396-000,8/24/2022,449000.0,TRWD(TRUSTEES WARRANTY DEED),0.32,False,AR
16-12396-000,6/15/2020,1000.0,WD(WARRANTY DEED),0.32,False,AR
16-12396-000,9/12/2014,1000.0,WD(WARRANTY DEED),0.32,False,AR
16-12396-000,11/29/2007,0.0,QCD(QUITCLAIM DEED),0.32,False,AR
16-12396-000,11/24/1999,0.0,OTHER(OTHER DOCUMENT),0.32,False,AR
16-12396-000,11/17/1997,0.0,RD(REDEMPTION DEED),0.32,False,AR
16-12396-000,9/22/1997,1000.0,COMMD(COMMISSIONERS DEED),0.32,False,AR
16-12396-000,6/15/1983,7000.0,WD(WARRANTY DEED),0.32,False,AR
16-12397-000,4/10/2019,150000.0,WD(WARRANTY DEED),0.32,True,AR
16-12397-000,3/15/2017,117000.0,WD(WARRANTY DEED),0.32,True,AR
16-12397-000,11/8/2007,0.0,WD(WARRANTY DEED),0.32,True,AR
16-12397-000,8/24/2006,0.0,DC(DEATH CERTIFICATE),0.32,True,AR
16-12397-000,2/24/2004,0.0,AMEND(AMENDMENT),0.32,True,AR
16-12397-000,8/23/2003,0.0,DC(DEATH CERTIFICATE),0.32,True,AR
16-12397-000,6/1/1992,0.0,WD(WARRANTY DEED),0.32,True,AR
16-12397-000,5/26/1992,0.0,TRAG(TRUST AGREEMENT),0.32,True,AR
16-12397-000,2/26/1992,0.0,TRAG(TRUST AGREEMENT),0.32,True,AR
16-12397-000,7/24/1973,51000.0,WD(WARRANTY DEED),0.32,True,AR
16-12398-000,10/26/2012,0.0,WD(WARRANTY DEED),0.27,True,AR
16-12398-000,10/26/2012,0.0,CERT(CERTIFICATE),0.27,True,AR
16-12398-000,11/19/2007,125000.0,WD(WARRANTY DEED),0.27,True,AR
16-12398-000,3/1/1987,0.0,DC(DEATH CERTIFICATE),0.27,True,AR
16-12398-000,4/25/1985,82539.0,COMMD(COMMISSIONERS DEED),0.27,True,AR
16-12399-000,12/19/2023,279000.0,TRWD(TRUSTEES WARRANTY DEED),0.28,True,AR
16-12399-000,6/29/2023,0.0,CERT(CERTIFICATE),0.28,True,AR
16-12399-000,10/1/2020,0.0,WD(WARRANTY DEED),0.28,True,AR
16-12399-000,3/18/2020,187000.0,WD(WARRANTY DEED),0.28,True,AR
16-12399-000,10/15/2015,104000.0,WD(WARRANTY DEED),0.28,True,AR
16-12399-000,2/25/2013,80000.0,WD(WARRANTY DEED),0.28,True,AR
16-12399-000,9/4/2003,85000.0,WD(WARRANTY DEED),0.28,True,AR
16-12399-000,6/7/1999,0.0,QCD(QUITCLAIM DEED),0.28,True,AR
16-12399-000,7/6/1998,72000.0,WD(WARRANTY DEED),0.28,True,AR
16-12399-000,4/9/1998,0.0,QCD(QUITCLAIM DEED),0.28,True,AR
16-12399-000,4/9/1998,0.0,TRAG(TRUST AGREEMENT),0.28,True,AR
16-12399-000,1/15/1996,45000.0,WD(WARRANTY DEED),0.28,True,AR
16-12399-000,11/23/1993,0.0,QCD(QUITCLAIM DEED),0.28,True,AR
16-12399-000,11/4/1993,65000.0,WD(WARRANTY DEED),0.28,True,AR
16-12399-000,10/4/1993,0.0,ML(MARRIAGE LICENSE),0.28,True,AR
16-12399-000,1/10/1986,0.0,DC(DEATH CERTIFICATE),0.28,True,AR
16-12399-000,12/30/1982,0.0,DC(DEATH CERTIFICATE),0.28,True,AR
16-12399-000,5/6/1975,9000.0,WD(WARRANTY DEED),0.28,True,AR
16-12400-000,9/26/2013,122000.0,SWD(SPECIAL WARRANTY DEED),0.27,True,AR
16-12400-000,4/17/2013,0.0,COMMD(COMMISSIONERS DEED),0.27,True,AR
16-12400-000,10/4/2005,115000.0,TRD(TRUSTEES DEED),0.27,True,AR
16-12400-000,10/4/2005,0.0,CORRWD(CORRECTED WARRANTY DEED),0.27,True,AR
16-12400-000,4/11/2005,0.0,TRAG(TRUST AGREEMENT),0.27,True,AR
16-12400-000,4/11/2005,0.0,TRAG(TRUST AGREEMENT),0.27,True,AR
16-12400-000,8/15/1990,0.0,WD(WARRANTY DEED),0.27,True,AR
16-12400-000,10/5/1987,100000.0,WD(WARRANTY DEED),0.27,True,AR
16-12400-000,4/2/1987,10000.0,WD(WARRANTY DEED),0.27,True,AR
16-12400-000,6/8/1982,0.0,WD(WARRANTY DEED),0.27,True,AR
16-12401-000,3/6/2020,0.0,QCD(QUITCLAIM DEED),0.27,True,AR
16-12401-000,12/11/2017,156000.0,WD(WARRANTY DEED),0.27,True,AR
16-12401-000,10/6/2017,0.0,FD(FIDUCIARY DEED),0.27,True,AR
16-12401-000,6/20/2017,0.0,DC(DEATH CERTIFICATE),0.27,True,AR
16-12401-000,5/27/2016,0.0,WD(WARRANTY DEED),0.27,True,AR
16-12401-000,5/27/2016,0.0,CERT(CERTIFICATE),0.27,True,AR
16-12401-000,7/18/2012,108000.0,TRD(TRUSTEES DEED),0.27,True,AR
16-12401-000,9/27/2011,0.0,DC(DEATH CERTIFICATE),0.27,True,AR
16-12401-000,2/11/2003,0.0,MEMO(MEMORANDUM),0.27,True,AR
16-12401-000,11/19/2002,0.0,AFF(AFFIDAVIT),0.27,True,AR
16-12401-000,12/15/1992,0.0,QCD(QUITCLAIM DEED),0.27,True,AR
16-12401-000,11/2/1992,0.0,MEMO(MEMORANDUM),0.27,True,AR
16-12401-000,9/27/1982,8000.0,WD(WARRANTY DEED),0.27,True,AR
16-12402-000,5/4/2012,113000.0,WD(WARRANTY DEED),0.26,True,AR
16-12402-000,7/18/2005,0.0,QCD(QUITCLAIM DEED),0.26,True,AR
16-12402-000,6/27/2005,118000.0,WD(WARRANTY DEED),0.26,True,AR
16-12402-000,2/19/2003,0.0,WD(WARRANTY DEED),0.26,True,AR
16-12402-000,7/26/2002,104000.0,WD(WARRANTY DEED),0.26,True,AR
16-12402-000,3/2/2002,0.0,DC(DEATH CERTIFICATE),0.26,True,AR
16-12402-000,1/20/2000,0.0,TRAG(TRUST AGREEMENT),0.26,True,AR
16-12402-000,12/23/1997,0.0,OTHER(OTHER DOCUMENT),0.26,True,AR
16-12402-000,10/28/1996,0.0,WD(WARRANTY DEED),0.26,True,AR
16-12402-000,10/15/1996,100000.0,WD(WARRANTY DEED),0.26,True,AR
16-12402-000,12/27/1989,0.0,TRAG(TRUST AGREEMENT),0.26,True,AR
16-12402-000,12/27/1989,0.0,TRAG(TRUST AGREEMENT),0.26,True,AR
16-12402-000,5/8/1978,8000.0,WD(WARRANTY DEED),0.26,True,AR
16-12403-000,9/7/2021,270000.0,WD(WARRANTY DEED),0.24,True,AR
16-12403-000,10/31/2020,206000.0,WD(WARRANTY DEED),0.24,True,AR
16-12403-000,12/15/2017,158000.0,WD(WARRANTY DEED),0.24,True,AR
16-12403-000,10/14/2014,0.0,SWD(SPECIAL WARRANTY DEED),0.24,True,AR
16-12403-000,3/28/2014,0.0,MTG-D(MORTGAGEE'S DEED),0.24,True,AR
16-12403-000,4/24/2007,152000.0,WD(WARRANTY DEED),0.24,True,AR
16-12403-000,5/5/2005,0.0,WD(WARRANTY DEED),0.24,True,AR
16-12403-000,5/5/2005,122000.0,WD(WARRANTY DEED),0.24,True,AR
16-12403-000,5/5/2005,0.0,QCD(QUITCLAIM DEED),0.24,True,AR
16-12403-000,5/5/2005,0.0,QCD(QUITCLAIM DEED),0.24,True,AR
16-12403-000,5/5/2005,0.0,POA(POWER OF ATTORNEY),0.24,True,AR
16-12403-000,3/15/2005,0.0,QCD(QUITCLAIM DEED),0.24,True,AR
16-12403-000,11/4/1996,100000.0,CORRWD(CORRECTED WARRANTY DEED),0.24,True,AR
16-12403-000,10/1/1996,100000.0,WD(WARRANTY DEED),0.24,True,AR
16-12403-000,8/9/1991,0.0,WD(WARRANTY DEED),0.24,True,AR
16-12403-000,4/11/1983,10000.0,WD(WARRANTY DEED),0.24,True,AR
16-12404-000,11/3/2014,0.0,WD(WARRANTY DEED),0.26,True,AR
16-12404-000,4/15/2008,195000.0,WD(WARRANTY DEED),0.26,True,AR
16-12404-000,11/1/2005,190000.0,WD(WARRANTY DEED),0.26,True,AR
16-12404-000,5/9/2005,0.0,DC(DEATH CERTIFICATE),0.26,True,AR
16-12404-000,3/3/2000,0.0,QCD(QUITCLAIM DEED),0.26,True,AR
16-12404-000,2/14/1992,0.0,DC(DEATH CERTIFICATE),0.26,True,AR
16-12404-000,9/16/1985,145000.0,WD(WARRANTY DEED),0.26,True,AR
16-12404-000,11/1/1983,9000.0,WD(WARRANTY DEED),0.26,True,AR
16-12405-000,11/1/2016,0.0,WD(WARRANTY DEED),0.28,True,AR
16-12405-000,2/15/2005,114000.0,WD(WARRANTY DEED),0.28,True,AR
16-12405-000,7/23/1990,0.0,WD(WARRANTY DEED),0.28,True,AR
16-12405-000,10/4/1986,0.0,DC(DEATH CERTIFICATE),0.28,True,AR
16-12405-000,2/2/1977,8000.0,WD(WARRANTY DEED),0.28,True,AR
16-12406-000,1/31/2022,275000.0,WD(WARRANTY DEED),0.28,True,AR
16-12406-000,4/30/2021,228000.0,WD(WARRANTY DEED),0.28,True,AR
16-12406-000,3/21/2021,165000.0,WD(WARRANTY DEED),0.28,True,AR
16-12406-000,9/21/2020,0.0,QCD(QUITCLAIM DEED),0.28,True,AR
16-12406-000,6/3/2020,178000.0,TRWD(TRUSTEES WARRANTY DEED),0.28,True,AR
16-12406-000,6/3/2020,0.0,CERT(CERTIFICATE),0.28,True,AR
16-12406-000,6/22/2000,0.0,DC(DEATH CERTIFICATE),0.28,True,AR
16-12406-000,12/16/1994,0.0,QCD(QUITCLAIM DEED),0.28,True,AR
16-12406-000,6/27/1994,120000.0,WD(WARRANTY DEED),0.28,True,AR
16-12406-000,11/19/1993,0.0,WD(WARRANTY DEED),0.28,True,AR
16-12406-000,10/2/1990,12000.0,WD(WARRANTY DEED),0.28,True,AR
16-12406-000,8/4/1988,12000.0,WD(WARRANTY DEED),0.28,True,AR
16-12406-000,1/29/1988,9000.0,WD(WARRANTY DEED),0.28,True,AR
16-12406-000,1/25/1974,7000.0,WD(WARRANTY DEED),0.28,True,AR
16-12407-000,9/7/2017,127000.0,WD(WARRANTY DEED),0.26,True,AR
16-12407-000,1/31/2017,0.0,BD(BENEFICIARY DEED),0.26,True,AR
16-12407-000,11/12/2016,0.0,DC(DEATH CERTIFICATE),0.26,True,AR
16-12407-000,12/9/1997,75000.0,WD(WARRANTY DEED),0.26,True,AR
16-12407-000,10/31/1983,0.0,DC(DEATH CERTIFICATE),0.26,True,AR
16-12407-000,8/31/1979,71000.0,WD(WARRANTY DEED),0.26,True,AR
16-12408-000,10/14/2022,242000.0,WD(WARRANTY DEED),0.3,True,AR
16-12408-000,6/14/2022,200000.0,WD(WARRANTY DEED),0.3,True,AR
16-12408-000,9/11/2014,96000.0,WD(WARRANTY DEED),0.3,True,AR
16-12408-000,11/20/2009,87000.0,WD(WARRANTY DEED),0.3,True,AR
16-12408-000,3/3/2009,0.0,MTG-D(MORTGAGEE'S DEED),0.3,True,AR
16-12408-000,10/8/2007,135000.0,WD(WARRANTY DEED),0.3,True,AR
16-12408-000,9/18/2007,0.0,DC(DEATH CERTIFICATE),0.3,True,AR
16-12408-000,6/10/2005,111000.0,WD(WARRANTY DEED),0.3,True,AR
16-12408-000,4/10/2005,0.0,DC(DEATH CERTIFICATE),0.3,True,AR
16-12408-000,5/5/1997,0.0,WD(WARRANTY DEED),0.3,True,AR
16-12408-000,4/2/1997,0.0,DC(DEATH CERTIFICATE),0.3,True,AR
16-12408-000,9/11/1996,0.0,CERT(CERTIFICATE),0.3,True,AR
16-12408-000,1/14/1992,0.0,QCD(QUITCLAIM DEED),0.3,True,AR
16-12408-000,12/17/1991,0.0,DC(DEATH CERTIFICATE),0.3,True,AR
16-12408-000,7/1/1983,74000.0,WD(WARRANTY DEED),0.3,True,AR
16-12409-000,4/30/2014,130000.0,WD(WARRANTY DEED),0.34,True,AR
16-12409-000,4/30/2014,0.0,MEMO(MEMORANDUM),0.34,True,AR
16-12409-000,1/7/2014,0.0,OTHER(OTHER DOCUMENT),0.34,True,AR
16-12409-000,1/7/2014,0.0,DC(DEATH CERTIFICATE),0.34,True,AR
16-12409-000,3/10/2012,0.0,DC(DEATH CERTIFICATE),0.34,True,AR
16-12409-000,3/10/2012,0.0,DC(DEATH CERTIFICATE),0.34,True,AR
16-12409-000,6/10/1996,0.0,WD(WARRANTY DEED),0.34,True,AR
16-12409-000,6/10/1996,0.0,CERT(CERTIFICATE),0.34,True,AR
16-12409-000,3/21/1984,0.0,WD(WARRANTY DEED),0.34,True,AR
16-12410-000,7/6/2023,233000.0,WD(WARRANTY DEED),0.35,True,AR
16-12410-000,3/28/2023,0.0,QCD(QUITCLAIM DEED),0.35,True,AR
16-12410-000,1/28/2015,90000.0,WD(WARRANTY DEED),0.35,True,AR
16-12410-000,9/1/2005,94000.0,WD(WARRANTY DEED),0.35,True,AR
16-12410-000,10/10/2002,0.0,RD(REDEMPTION DEED),0.35,True,AR
16-12410-000,7/30/2002,72000.0,WD(WARRANTY DEED),0.35,True,AR
16-12410-000,6/20/2002,0.0,CERT(CERTIFICATE),0.35,True,AR
16-12410-000,8/20/1998,0.0,QCD(QUITCLAIM DEED),0.35,True,AR
16-12410-000,9/4/1992,62000.0,WD(WARRANTY DEED),0.35,True,AR
16-12410-000,9/13/1989,55000.0,EXD(EXECUTOR-EXECUTRIX DEED),0.35,True,AR
16-12410-000,1/16/1989,0.0,DC(DEATH CERTIFICATE),0.35,True,AR
16-12410-000,1/5/1983,63000.0,WD(WARRANTY DEED),0.35,True,AR
16-12411-000,4/28/2025,0.0,ML(MARRIAGE LICENSE),0.27,True,AR
16-12411-000,4/4/2025,300000.0,WD(WARRANTY DEED),0.27,True,AR
16-12411-000,3/27/2003,120000.0,WD(WARRANTY DEED),0.27,True,AR
16-12411-000,11/29/1990,0.0,WD(WARRANTY DEED),0.27,True,AR
16-12411-000,11/29/1990,0.0,TRAG(TRUST AGREEMENT),0.27,True,AR
16-12411-000,10/7/1988,96000.0,WD(WARRANTY DEED),0.27,True,AR
16-12411-000,12/24/1987,9000.0,WD(WARRANTY DEED),0.27,True,AR
16-12411-000,12/17/1987,0.0,WD(WARRANTY DEED),0.27,True,AR
16-12411-000,2/6/1984,0.0,WD(WARRANTY DEED),0.27,True,AR
16-12412-000,12/7/2021,370000.0,TRWD(TRUSTEES WARRANTY DEED),0.53,True,AR
16-12412-000,7/9/2019,0.0,WD(WARRANTY DEED),0.53,True,AR
16-12412-000,7/9/2019,0.0,CERT(CERTIFICATE),0.53,True,AR
16-12412-000,3/21/2018,231000.0,WD(WARRANTY DEED),0.53,True,AR
16-12412-000,5/1/2017,0.0,DC(DEATH CERTIFICATE),0.53,True,AR
16-12412-000,4/1/2005,195000.0,WD(WARRANTY DEED),0.53,True,AR
16-12412-000,4/1/2005,195000.0,WD(WARRANTY DEED),0.53,True,AR
16-12412-000,12/6/2004,0.0,QCD(QUITCLAIM DEED),0.53,True,AR
16-12412-000,12/6/2004,0.0,QCD(QUITCLAIM DEED),0.53,True,AR
16-12412-000,3/23/2000,0.0,DC(DEATH CERTIFICATE),0.53,True,AR
16-12412-000,7/24/1995,7000.0,WD(WARRANTY DEED),0.53,True,AR
16-12412-000,1/26/1988,4500.0,WD(WARRANTY DEED),0.53,True,AR
16-12412-000,8/18/1977,0.0,WD(WARRANTY DEED),0.53,True,AR
16-12412-000,11/19/1976,7000.0,WD(WARRANTY DEED),0.53,True,AR
16-12414-000,10/18/2023,0.0,WD(WARRANTY DEED),0.31,True,AR
16-12414-000,4/12/2021,0.0,QCD(QUITCLAIM DEED),0.31,True,AR
16-12414-000,2/25/2005,103000.0,WD(WARRANTY DEED),0.31,True,AR
16-12414-000,11/2/1994,0.0,QCD(QUITCLAIM DEED),0.31,True,AR
16-12414-000,3/23/1994,0.0,DC(DEATH CERTIFICATE),0.31,True,AR
16-12414-000,2/8/1991,0.0,QCD(QUITCLAIM DEED),0.31,True,AR
16-12414-000,1/3/1985,0.0,WD(WARRANTY DEED),0.31,True,AR
16-12415-000,12/31/2024,25000.0,WD(WARRANTY DEED),0.34,False,AR
16-12415-000,12/30/2024,0.0,AOH(AFFIDAVIT OF HEIRSHIP),0.34,False,AR
16-12415-000,12/30/2024,0.0,AOH(AFFIDAVIT OF HEIRSHIP),0.34,False,AR
16-12415-000,12/20/2024,0.0,QCD(QUITCLAIM DEED),0.34,False,AR
16-12415-000,8/6/2022,0.0,DC(DEATH CERTIFICATE),0.34,False,AR
16-12415-000,4/6/2022,0.0,BD(BENEFICIARY DEED),0.34,False,AR
16-12415-000,3/8/2010,0.0,AFF(AFFIDAVIT),0.34,False,AR
16-12415-000,2/27/2007,0.0,DC(DEATH CERTIFICATE),0.34,False,AR
16-12415-000,6/3/1993,0.0,DC(DEATH CERTIFICATE),0.34,False,AR
16-12415-000,6/18/1975,8000.0,WD(WARRANTY DEED),0.34,False,AR
16-12416-000,12/15/2016,165000.0,WD(WARRANTY DEED),0.3,True,AR
16-12416-000,12/15/2016,0.0,WD(WARRANTY DEED),0.3,True,AR
16-12416-000,7/26/2010,0.0,DC(DEATH CERTIFICATE),0.3,True,AR
16-12416-000,7/18/2010,0.0,BD(BENEFICIARY DEED),0.3,True,AR
16-12416-000,2/19/2010,0.0,DC(DEATH CERTIFICATE),0.3,True,AR
16-12416-000,8/22/1984,0.0,QCD(QUITCLAIM DEED),0.3,True,AR
16-12416-000,2/17/1984,0.0,WD(WARRANTY DEED),0.3,True,AR
16-12417-000,9/25/2021,261000.0,TRWD(TRUSTEES WARRANTY DEED),0.28,True,AR
16-12417-000,7/3/2017,0.0,CERT(CERTIFICATE),0.28,True,AR
16-12417-000,1/15/2014,0.0,DC(DEATH CERTIFICATE),0.28,True,AR
16-12417-000,9/30/2004,0.0,WD(WARRANTY DEED),0.28,True,AR
16-12417-000,12/8/1992,8000.0,WD(WARRANTY DEED),0.28,True,AR
16-12417-000,6/13/1977,7000.0,WD(WARRANTY DEED),0.28,True,AR
16-12417-000,11/27/1975,0.0,DC(DEATH CERTIFICATE),0.28,True,AR
16-12418-000,1/14/2020,176000.0,TRWD(TRUSTEES WARRANTY DEED),0.29,True,AR
16-12418-000,10/15/2019,0.0,DC(DEATH CERTIFICATE),0.29,True,AR
16-12418-000,2/15/2017,0.0,DC(DEATH CERTIFICATE),0.29,True,AR
16-12418-000,11/5/2007,0.0,WD(WARRANTY DEED),0.29,True,AR
16-12418-000,10/30/2007,0.0,CERT(CERTIFICATE),0.29,True,AR
16-12418-000,6/12/2003,77000.0,WD(WARRANTY DEED),0.29,True,AR
16-12418-000,6/9/2003,0.0,MEMO(MEMORANDUM),0.29,True,AR
16-12418-000,8/18/1997,0.0,QCD(QUITCLAIM DEED),0.29,True,AR
16-12418-000,10/14/1988,0.0,WD(WARRANTY DEED),0.29,True,AR
16-12418-000,6/4/1985,10000.0,WD(WARRANTY DEED),0.29,True,AR
16-12419-000,10/7/2021,0.0,BD(BENEFICIARY DEED),0.31,True,AR
16-12419-000,4/26/2019,160000.0,WD(WARRANTY DEED),0.31,True,AR
16-12419-000,5/2/2018,0.0,DC(DEATH CERTIFICATE),0.31,True,AR
16-12419-000,4/28/2012,0.0,DC(DEATH CERTIFICATE),0.31,True,AR
16-12419-000,1/3/2006,0.0,CORRWD(CORRECTED WARRANTY DEED),0.31,True,AR
16-12419-000,12/19/2005,0.0,WD(WARRANTY DEED),0.31,True,AR
16-12419-000,12/19/2005,0.0,CERT(CERTIFICATE),0.31,True,AR
16-12419-000,8/31/1989,92000.0,WD(WARRANTY DEED),0.31,True,AR
16-12419-000,1/6/1989,0.0,DC(DEATH CERTIFICATE),0.31,True,AR
16-12419-000,7/25/1988,0.0,WD(WARRANTY DEED),0.31,True,AR
16-12419-000,8/1/1983,0.0,WD(WARRANTY DEED),0.31,True,AR
16-12420-000,9/23/2024,0.0,AFF(AFFIDAVIT),0.33,True,AR
16-12420-000,9/13/2024,315000.0,TRD(TRUSTEES DEED),0.33,True,AR
16-12420-000,9/13/2024,0.0,CERT(CERTIFICATE),0.33,True,AR
16-12420-000,9/13/2006,148000.0,FD(FIDUCIARY DEED),0.33,True,AR
16-12420-000,6/7/2006,0.0,DC(DEATH CERTIFICATE),0.33,True,AR
16-12420-000,10/19/2005,0.0,WD(WARRANTY DEED),0.33,True,AR
16-12420-000,10/19/2005,0.0,CERT(CERTIFICATE),0.33,True,AR
16-12420-000,9/8/2005,0.0,DC(DEATH CERTIFICATE),0.33,True,AR
16-12420-000,10/25/1985,87000.0,WD(WARRANTY DEED),0.33,True,AR
16-12420-000,3/7/1983,88000.0,WD(WARRANTY DEED),0.33,True,AR
16-12420-000,5/18/1982,9000.0,WD(WARRANTY DEED),0.33,True,AR
16-12420-000,8/29/1977,7000.0,WD(WARRANTY DEED),0.33,True,AR
16-12420-000,8/23/1977,9000.0,WD(WARRANTY DEED),0.33,True,AR
16-12421-000,8/3/2015,112000.0,WD(WARRANTY DEED),0.32,True,AR
16-12421-000,11/15/2011,75000.0,WD(WARRANTY DEED),0.32,True,AR
16-12421-000,1/2/2011,0.0,DC(DEATH CERTIFICATE),0.32,True,AR
16-12421-000,12/1/1999,88000.0,WD(WARRANTY DEED),0.32,True,AR
16-12421-000,2/11/1999,0.0,DEED(GRANT DEED),0.32,True,AR
16-12421-000,10/15/1998,0.0,WD(WARRANTY DEED),0.32,True,AR
16-12421-000,7/23/1998,0.0,COMMD(COMMISSIONERS DEED),0.32,True,AR
16-12421-000,12/8/1995,75000.0,WD(WARRANTY DEED),0.32,True,AR
16-12421-000,12/8/1995,0.0,TRAG(TRUST AGREEMENT),0.32,True,AR
16-12421-000,10/27/1989,0.0,OTHER(OTHER DOCUMENT),0.32,True,AR
16-12421-000,10/16/1989,0.0,DC(DEATH CERTIFICATE),0.32,True,AR
16-12421-000,9/28/1989,0.0,WD(WARRANTY DEED),0.32,True,AR
16-12421-000,10/15/1984,80000.0,WD(WARRANTY DEED),0.32,True,AR
16-12422-000,2/6/2025,375000.0,WD(WARRANTY DEED),0.31,True,AR
16-12422-000,12/10/2024,0.0,AFF(AFFIDAVIT),0.31,True,AR
16-12422-000,10/7/2019,205000.0,WD(WARRANTY DEED),0.31,True,AR
16-12422-000,10/25/2004,207000.0,WD(WARRANTY DEED),0.31,True,AR
16-12422-000,4/1/2004,5000.0,WD(WARRANTY DEED),0.31,True,AR
16-12422-000,9/10/2002,0.0,DC(DEATH CERTIFICATE),0.31,True,AR
16-12422-000,1/24/1974,8000.0,WD(WARRANTY DEED),0.31,True,AR
16-12423-000,9/25/2024,13000.0,WD(WARRANTY DEED),0.3,False,TX
16-12423-000,5/23/2016,1000.0,WD(WARRANTY DEED),0.3,False,TX
16-12423-000,7/11/2013,0.0,WD(WARRANTY DEED),0.3,False,TX
16-12423-000,1/10/2012,0.0,WD(WARRANTY DEED),0.3,False,TX
16-12423-000,6/30/2003,0.0,MEMO(MEMORANDUM),0.3,False,TX
16-12423-000,3/4/1991,0.0,WD(WARRANTY DEED),0.3,False,TX
16-12423-000,5/17/1972,8000.0,WD(WARRANTY DEED),0.3,False,TX
16-12424-000,1/29/2010,0.0,CERT(CERTIFICATE),0.28,True,AR
16-12424-000,1/29/2010,0.0,BD(BENEFICIARY DEED),0.28,True,AR
16-12424-000,9/27/1990,113000.0,WD(WARRANTY DEED),0.28,True,AR
16-12424-000,12/2/1989,0.0,DC(DEATH CERTIFICATE),0.28,True,AR
16-12424-000,9/24/1982,0.0,WD(WARRANTY DEED),0.28,True,AR
16-12425-000,7/22/2015,235000.0,WD(WARRANTY DEED),0.25,True,AR
16-12425-000,10/20/2011,0.0,QCD(QUITCLAIM DEED),0.25,True,AR
16-12425-000,10/11/2004,233000.0,WD(WARRANTY DEED),0.25,True,AR
16-12425-000,3/29/2004,0.0,WD(WARRANTY DEED),0.25,True,AR
16-12425-000,3/1/2004,7000.0,WD(WARRANTY DEED),0.25,True,AR
16-12425-000,3/8/1994,0.0,RD(REDEMPTION DEED),0.25,True,AR
16-12425-000,8/13/1983,3000.0,WD(WARRANTY DEED),0.25,True,AR
16-12425-000,8/1/1983,0.0,CONT(CONTRACT),0.25,True,AR
16-12426-000,7/26/2019,144000.0,WD(WARRANTY DEED),0.26,True,AR
16-12426-000,5/26/2017,120000.0,WD(WARRANTY DEED),0.26,True,AR
16-12426-000,10/5/2015,106000.0,WD(WARRANTY DEED),0.26,True,AR
16-12426-000,8/25/2010,80000.0,SWD(SPECIAL WARRANTY DEED),0.26,True,AR
16-12426-000,5/14/2010,0.0,SWD(SPECIAL WARRANTY DEED),0.26,True,AR
16-12426-000,5/11/2010,0.0,COMMD(COMMISSIONERS DEED),0.26,True,AR
16-12426-000,6/25/2007,122000.0,WD(WARRANTY DEED),0.26,True,AR
16-12426-000,5/19/2004,120000.0,WD(WARRANTY DEED),0.26,True,AR
16-12426-000,5/31/2001,93000.0,WD(WARRANTY DEED),0.26,True,AR
16-12426-000,11/2/1999,74000.0,WD(WARRANTY DEED),0.26,True,AR
16-12426-000,5/6/1999,0.0,WD(WARRANTY DEED),0.26,True,AR
16-12426-000,5/6/1999,0.0,CERT(CERTIFICATE),0.26,True,AR
16-12426-000,6/28/1994,0.0,DC(DEATH CERTIFICATE),0.26,True,AR
16-12426-000,9/23/1983,72000.0,WD(WARRANTY DEED),0.26,True,AR
16-12427-000,8/23/2023,0.0,BD(BENEFICIARY DEED),0.28,True,AR
16-12427-000,6/15/2011,80000.0,WD(WARRANTY DEED),0.28,True,AR
16-12427-000,6/15/2011,0.0,CERT(CERTIFICATE),0.28,True,AR
16-12427-000,4/25/2010,0.0,DC(DEATH CERTIFICATE),0.28,True,AR
16-12427-000,10/5/1993,0.0,DC(DEATH CERTIFICATE),0.28,True,AR
16-12427-000,6/1/1993,0.0,WD(WARRANTY DEED),0.28,True,AR
16-12427-000,5/26/1993,0.0,TRAG(TRUST AGREEMENT),0.28,True,AR
16-12427-000,1/24/1989,60000.0,WD(WARRANTY DEED),0.28,True,AR
16-12427-000,1/24/1984,0.0,WD(WARRANTY DEED),0.28,True,AR
16-12428-000,4/2/2003,180000.0,WD(WARRANTY DEED),0.46,True,AR
16-12428-000,1/28/1987,0.0,CORRWD(CORRECTED WARRANTY DEED),0.46,True,AR
16-12428-000,12/19/1986,141000.0,WD(WARRANTY DEED),0.46,True,AR
16-12429-000,8/21/2002,135000.0,EXD(EXECUTOR-EXECUTRIX DEED),0.37,True,AR
16-12429-000,1/6/2001,0.0,DC(DEATH CERTIFICATE),0.37,True,AR
16-12429-000,10/8/1987,103000.0,WD(WARRANTY DEED),0.37,True,AR
16-12429-000,5/21/1985,8000.0,WD(WARRANTY DEED),0.37,True,AR
16-12429-000,8/26/1981,10000.0,WD(WARRANTY DEED),0.37,True,AR
16-12430-000,5/28/2021,3000.0,WD(WARRANTY DEED),0.26,False,TX
16-12430-000,2/12/2021,5000.0,WD(WARRANTY DEED),0.26,False,TX
16-12430-000,5/3/2006,0.0,QCD(QUITCLAIM DEED),0.26,False,TX
16-12430-000,3/19/1998,1000.0,WD(WARRANTY DEED),0.26,False,TX
16-12430-000,11/18/1996,12000.0,WD(WARRANTY DEED),0.26,False,TX
16-12430-000,7/22/1991,0.0,WD(WARRANTY DEED),0.26,False,TX
16-12430-000,10/26/1990,0.0,WD(WARRANTY DEED),0.26,False,TX
16-12430-000,10/24/1990,0.0,TRAG(TRUST AGREEMENT),0.26,False,TX
16-12430-000,7/16/1985,0.0,WD(WARRANTY DEED),0.26,False,TX
16-12431-000,9/27/2024,16000.0,WD(WARRANTY DEED),0.29,False,FL
16-12431-000,10/11/2017,0.0,RD(REDEMPTION DEED),0.29,False,FL
16-12431-000,8/28/2009,1451000.0,QCD(QUITCLAIM DEED),0.29,False,FL
16-12431-000,8/21/2009,402000.0,DEED(GRANT DEED),0.29,False,FL
16-12431-000,9/15/2008,0.0,DEED(GRANT DEED),0.29,False,FL
16-12431-000,9/12/2005,10000.0,WD(WARRANTY DEED),0.29,False,FL
16-12431-000,8/8/2005,0.0,RD(REDEMPTION DEED),0.29,False,FL
16-12431-000,7/8/2005,1000.0,WD(WARRANTY DEED),0.29,False,FL
16-12431-000,12/21/2000,0.0,WD(WARRANTY DEED),0.29,False,FL
16-12431-000,9/5/2000,0.0,WD(WARRANTY DEED),0.29,False,FL
16-12431-000,5/2/1991,0.0,WD(WARRANTY DEED),0.29,False,FL
16-12431-000,8/9/1988,10000.0,WD(WARRANTY DEED),0.29,False,FL
16-12431-000,1/13/1986,0.0,WD(WARRANTY DEED),0.29,False,FL
16-12431-000,3/1/1982,15000.0,WD(WARRANTY DEED),0.29,False,FL
16-12432-000,1/16/2021,0.0,DC(DEATH CERTIFICATE),0.37,False,AR
16-12432-000,1/16/2021,0.0,DC(DEATH CERTIFICATE),0.37,False,AR
16-12432-000,1/3/2012,0.0,WD(WARRANTY DEED),0.37,False,AR
16-12432-000,10/10/2009,0.0,QCD(QUITCLAIM DEED),0.37,False,AR
16-12432-000,5/20/2009,0.0,QCD(QUITCLAIM DEED),0.37,False,AR
16-12432-000,2/28/2006,0.0,OTHER(OTHER DOCUMENT),0.37,False,AR
16-12432-000,3/18/2005,3000.0,WD(WARRANTY DEED),0.37,False,AR
16-12432-000,1/10/2002,1000.0,WD(WARRANTY DEED),0.37,False,AR
16-12432-000,7/1/1999,0.0,RD(REDEMPTION DEED),0.37,False,AR
16-12432-000,4/3/1998,0.0,WD(WARRANTY DEED),0.37,False,AR
16-12432-000,1/26/1998,1000.0,WD(WARRANTY DEED),0.37,False,AR
16-12432-000,1/22/1998,0.0,WD(WARRANTY DEED),0.37,False,AR
16-12432-000,9/15/1982,7000.0,WD(WARRANTY DEED),0.37,False,AR
16-12433-000,6/1/2005,149000.0,WD(WARRANTY DEED),0.31,True,AR
16-12433-000,5/29/2003,115000.0,WD(WARRANTY DEED),0.31,True,AR
16-12433-000,7/16/1996,112000.0,WD(WARRANTY DEED),0.31,True,AR
16-12433-000,10/29/1992,88000.0,WD(WARRANTY DEED),0.31,True,AR
16-12433-000,12/12/1973,8000.0,WD(WARRANTY DEED),0.31,True,AR
16-12434-000,8/15/2017,0.0,CERT(CERTIFICATE),0.29,True,AR
16-12434-000,12/17/2012,0.0,DC(DEATH CERTIFICATE),0.29,True,AR
16-12434-000,4/11/2003,185000.0,WD(WARRANTY DEED),0.29,True,AR
16-12434-000,8/20/1990,0.0,WD(WARRANTY DEED),0.29,True,AR
16-12434-000,12/15/1988,6000.0,WD(WARRANTY DEED),0.29,True,AR
16-12435-000,11/1/2019,108000.0,QCD(QUITCLAIM DEED),0.27,True,
16-12435-000,8/22/2018,118000.0,WD(WARRANTY DEED),0.27,True,
16-12435-000,9/19/2011,0.0,QCD(QUITCLAIM DEED),0.27,True,
16-12435-000,9/16/2011,0.0,CONT(CONTRACT),0.27,True,
16-12435-000,4/3/1990,0.0,WD(WARRANTY DEED),0.27,True,
16-12435-000,10/19/1988,0.0,DC(DEATH CERTIFICATE),0.27,True,
16-12435-000,11/12/1982,0.0,WD(WARRANTY DEED),0.27,True,
16-12436-000,3/30/1999,0.0,RD(REDEMPTION DEED),0.31,False,KS
16-12436-000,7/12/1991,10500.0,WD(WARRANTY DEED),0.31,False,KS
16-12436-000,6/25/1984,0.0,CONT(CONTRACT),0.31,False,KS
16-12437-000,2/11/2025,140000.0,WD(WARRANTY DEED),0.28,False,OX
16-12437-000,5/2/2022,55000.0,WD(WARRANTY DEED),0.28,False,OX
16-12437-000,12/28/2020,0.0,LWD(LIMITED WARRANTY DEED),0.28,False,OX
16-12437-000,12/5/2012,202000.0,WD(WARRANTY DEED),0.28,False,OX
16-12437-000,12/3/2012,24000.0,CWD(CORPORATION WARRANTY DEED),0.28,False,OX
16-12437-000,2/15/2006,6000.0,WD(WARRANTY DEED),0.28,False,OX
16-12438-000,4/7/2022,0.0,BD(BENEFICIARY DEED),0.27,False,AR
16-12438-000,12/31/2020,2000.0,WD(WARRANTY DEED),0.27,False,AR
16-12438-000,6/8/1995,5000.0,WD(WARRANTY DEED),0.27,False,AR
16-12438-000,8/2/1993,0.0,WD(WARRANTY DEED),0.27,False,AR
16-12438-000,5/6/1977,0.0,HIST(HISTORICAL),0.27,False,AR
16-12439-000,6/24/2021,201000.0,TRWD(TRUSTEES WARRANTY DEED),0.29,True,AR
16-12439-000,7/3/2018,0.0,WD(WARRANTY DEED),0.29,True,AR
16-12439-000,7/3/2018,0.0,CERT(CERTIFICATE),0.29,True,AR
16-12439-000,11/19/2009,0.0,CERT(CERTIFICATE),0.29,True,AR
16-12439-000,10/4/2004,0.0,QCD(QUITCLAIM DEED),0.29,True,AR
16-12439-000,9/22/2003,95000.0,WD(WARRANTY DEED),0.29,True,AR
16-12439-000,1/17/2003,0.0,WD(WARRANTY DEED),0.29,True,AR
16-12439-000,1/17/2003,93000.0,WD(WARRANTY DEED),0.29,True,AR
16-12439-000,12/5/1995,89000.0,WD(WARRANTY DEED),0.29,True,AR
16-12439-000,5/6/1991,69000.0,WD(WARRANTY DEED),0.29,True,AR
16-12439-000,9/28/1990,0.0,DC(DEATH CERTIFICATE),0.29,True,AR
16-12439-000,5/25/1990,75000.0,WD(WARRANTY DEED),0.29,True,AR
16-12439-000,1/31/1980,88000.0,WD(WARRANTY DEED),0.29,True,AR
16-12440-000,9/23/2019,125000.0,WD(WARRANTY DEED),0.26,True,AR
16-12440-000,7/1/2014,0.0,CORRWD(CORRECTED WARRANTY DEED),0.26,True,AR
16-12440-000,7/1/2014,30000.0,WD(WARRANTY DEED),0.26,True,AR
16-12440-000,10/19/2005,0.0,WD(WARRANTY DEED),0.26,True,AR
16-12440-000,8/29/2005,0.0,WD(WARRANTY DEED),0.26,True,AR
16-12440-000,8/29/2005,0.0,CERT(CERTIFICATE),0.26,True,AR
16-12440-000,3/17/1979,39000.0,WD(WARRANTY DEED),0.26,True,AR
16-12441-000,5/5/2021,290000.0,WD(WARRANTY DEED),0.36,True,AR
16-12441-000,4/30/2019,199000.0,WD(WARRANTY DEED),0.36,True,AR
16-12441-000,4/17/2019,0.0,POA(POWER OF ATTORNEY),0.36,True,AR
16-12441-000,3/15/2010,0.0,SWD(SPECIAL WARRANTY DEED),0.36,True,AR
16-12441-000,2/26/2010,0.0,POA(POWER OF ATTORNEY),0.36,True,AR
16-12441-000,2/16/2010,0.0,POA(POWER OF ATTORNEY),0.36,True,AR
16-12441-000,12/29/2009,0.0,MTG-D(MORTGAGEE'S DEED),0.36,True,AR
16-12441-000,4/19/2005,179000.0,WD(WARRANTY DEED),0.36,True,AR
16-12441-000,7/22/1994,0.0,WD(WARRANTY DEED),0.36,True,AR
16-12441-000,5/15/1991,0.0,TRAG(TRUST AGREEMENT),0.36,True,AR
16-12441-000,5/15/1991,0.0,TRAG(TRUST AGREEMENT),0.36,True,AR
16-12441-000,9/29/1989,131000.0,WD(WARRANTY DEED),0.36,True,AR
16-12441-000,6/11/1986,11000.0,WD(WARRANTY DEED),0.36,True,AR
16-12441-000,5/4/1981,10000.0,WD(WARRANTY DEED),0.36,True,AR
16-12441-000,5/4/1981,0.0,CONT(CONTRACT),0.36,True,AR
16-12442-000,1/19/2024,1350000.0,WD(WARRANTY DEED),0.51,False,TX
16-12442-000,6/26/2018,0.0,DC(DEATH CERTIFICATE),0.51,False,TX
16-12442-000,9/10/1996,0.0,WD(WARRANTY DEED),0.51,False,TX
16-12442-000,6/12/1996,250000.0,WD(WARRANTY DEED),0.51,False,TX
16-12443-000,11/6/2007,155000.0,WD(WARRANTY DEED),0.36,True,MN
16-12443-000,7/25/2007,0.0,QCD(QUITCLAIM DEED),0.36,True,MN
16-12443-000,4/13/2007,0.0,LTR(LETTER),0.36,True,MN
16-12443-000,6/4/2002,105000.0,WD(WARRANTY DEED),0.36,True,MN
16-12443-000,12/9/1999,79000.0,WD(WARRANTY DEED),0.36,True,MN
16-12443-000,3/12/1999,0.0,DC(DEATH CERTIFICATE),0.36,True,MN
16-12443-000,5/21/1997,0.0,WD(WARRANTY DEED),0.36,True,MN
16-12443-000,5/21/1997,0.0,CERT(CERTIFICATE),0.36,True,MN
16-12443-000,12/30/1980,0.0,QCD(QUITCLAIM DEED),0.36,True,MN
16-12444-000,10/20/2020,0.0,CERT(CERTIFICATE),0.32,True,AR
16-12444-000,10/20/2020,0.0,WD(WARRANTY DEED),0.32,True,AR
16-12444-000,7/7/2019,0.0,DC(DEATH CERTIFICATE),0.32,True,AR
16-12444-000,3/2/2004,170000.0,WD(WARRANTY DEED),0.32,True,AR
16-12444-000,2/26/1997,0.0,WD(WARRANTY DEED),0.32,True,AR
16-12444-000,8/13/1996,118000.0,WD(WARRANTY DEED),0.32,True,AR
16-12444-000,10/26/1995,0.0,WD(WARRANTY DEED),0.32,True,AR
16-12444-000,11/27/1993,0.0,DC(DEATH CERTIFICATE),0.32,True,AR
16-12444-000,10/28/1992,0.0,DC(DEATH CERTIFICATE),0.32,True,AR
16-12444-000,12/28/1984,0.0,WD(WARRANTY DEED),0.32,True,AR
16-12445-000,3/11/2024,0.0,QCD(QUITCLAIM DEED),0.35,True,KS
16-12445-000,6/9/2008,157000.0,WD(WARRANTY DEED),0.35,True,KS
16-12445-000,1/18/2006,0.0,WD(WARRANTY DEED),0.35,True,KS
16-12445-000,1/18/2006,0.0,TRAG(TRUST AGREEMENT),0.35,True,KS
16-12445-000,6/11/2001,133000.0,WD(WARRANTY DEED),0.35,True,KS
16-12445-000,5/3/2000,0.0,WD(WARRANTY DEED),0.35,True,KS
16-12445-000,3/29/2000,0.0,CERT(CERTIFICATE),0.35,True,KS
16-12445-000,3/29/2000,0.0,CERT(CERTIFICATE),0.35,True,KS
16-12445-000,11/3/1989,85000.0,WD(WARRANTY DEED),0.35,True,KS
16-12445-000,7/2/1980,53000.0,WD(WARRANTY DEED),0.35,True,KS
16-12446-000,9/5/2024,0.0,WD(WARRANTY DEED),0.64,True,AR
16-12446-000,11/17/2022,550000.0,WD(WARRANTY DEED),0.64,True,AR
16-12446-000,6/21/2002,155000.0,FD(FIDUCIARY DEED),0.64,True,AR
16-12446-000,12/16/2001,0.0,DC(DEATH CERTIFICATE),0.64,True,AR
16-12446-000,8/19/2001,0.0,DC(DEATH CERTIFICATE),0.64,True,AR
16-12446-000,8/11/1993,0.0,WD(WARRANTY DEED),0.64,True,AR
16-12446-000,3/25/1992,0.0,WD(WARRANTY DEED),0.64,True,AR
16-12446-000,3/23/1992,0.0,TRAG(TRUST AGREEMENT),0.64,True,AR
16-12446-000,3/23/1992,0.0,TRAG(TRUST AGREEMENT),0.64,True,AR
16-12446-000,4/18/1984,0.0,WD(WARRANTY DEED),0.64,True,AR
16-12447-000,6/16/2014,385000.0,WD(WARRANTY DEED),1.0,True,AR
16-12447-000,1/3/2005,250000.0,TRD(TRUSTEES DEED),1.0,True,AR
16-12447-000,12/22/2000,0.0,DC(DEATH CERTIFICATE),1.0,True,AR
16-12447-000,2/24/1995,0.0,WD(WARRANTY DEED),1.0,True,AR
16-12447-000,2/22/1995,0.0,TRAG(TRUST AGREEMENT),1.0,True,AR
16-12447-000,9/17/1984,235000.0,WD(WARRANTY DEED),1.0,True,AR
16-12448-000,12/11/1996,415000.0,WD(WARRANTY DEED),22.04,False,AR
16-12448-000,12/10/1996,0.0,WD(WARRANTY DEED),22.04,False,AR
16-12450-001,0,0.0,0,7.1,False,AR
16-12450-001,0,0.0,0,7.1,False,AR
16-12450-001,0,0.0,0,7.1,False,AR
16-12450-001,,0.0,0,7.1,False,AR
16-12450-001,,0.06193,0.06193,7.1,False,AR
16-23078-000,1/17/2023,280000.0,WD(WARRANTY DEED),0.21,True,CA
16-23078-000,3/16/2017,0.0,DC(DEATH CERTIFICATE),0.21,True,CA
16-23078-000,1/31/2011,0.0,BD(BENEFICIARY DEED),0.21,True,CA
16-23078-000,10/18/2003,0.0,DC(DEATH CERTIFICATE),0.21,True,CA
16-23078-000,6/17/1991,0.0,CORRWD(CORRECTED WARRANTY DEED),0.21,True,CA
16-23078-000,4/22/1991,85000.0,WD(WARRANTY DEED),0.21,True,CA
16-23078-000,12/5/1989,0.0,WD(WARRANTY DEED),0.21,True,CA
16-23078-000,9/10/1984,7200.0,WD(WARRANTY DEED),0.21,True,CA
16-23078-000,9/8/1984,9200.0,WD(WARRANTY DEED),0.21,True,CA
16-23079-000,6/14/2024,475000.0,WD(WARRANTY DEED),0.33,True,AR
16-23079-000,2/8/2022,280000.0,WD(WARRANTY DEED),0.33,True,AR
16-23079-000,3/17/2016,145000.0,WD(WARRANTY DEED),0.33,True,AR
16-23079-000,1/30/2007,0.0,QCD(QUITCLAIM DEED),0.33,True,AR
16-23079-000,12/29/2000,100000.0,WD(WARRANTY DEED),0.33,True,AR
16-23079-000,10/13/2000,0.0,OR(ORDER),0.33,True,AR
16-23079-000,8/30/1990,95000.0,WD(WARRANTY DEED),0.33,True,AR
16-23079-000,6/30/1989,0.0,WD(WARRANTY DEED),0.33,True,AR
16-23079-000,2/10/1989,1000.0,WD(WARRANTY DEED),0.33,True,AR
16-23079-000,2/7/1989,0.0,WD(WARRANTY DEED),0.33,True,AR
16-23079-000,1/27/1989,0.0,WD(WARRANTY DEED),0.33,True,AR
16-23079-000,7/11/1988,0.0,COMMD(COMMISSIONERS DEED),0.33,True,AR
16-23079-000,11/13/1985,0.0,WD(WARRANTY DEED),0.33,True,AR
16-23079-000,5/9/1977,0.0,WD(WARRANTY DEED),0.33,True,AR
16-23080-000,4/17/2025,0.0,QCD(QUITCLAIM DEED),0.27,True,AR
16-23080-000,1/17/2018,168000.0,WD(WARRANTY DEED),0.27,True,AR
16-23080-000,11/30/2009,0.0,RD(REDEMPTION DEED),0.27,True,AR
16-23080-000,10/30/2009,127000.0,WD(WARRANTY DEED),0.27,True,AR
16-23080-000,8/28/2009,52000.0,WD(WARRANTY DEED),0.27,True,AR
16-23080-000,7/9/2009,0.0,MTG-D(MORTGAGEE'S DEED),0.27,True,AR
16-23080-000,7/12/2005,8000.0,WD(WARRANTY DEED),0.27,True,AR
16-23080-000,8/31/1977,0.0,WD(WARRANTY DEED),0.27,True,AR
16-23081-000,10/23/2020,0.0,RD(REDEMPTION DEED),0.28,False,MO
16-23081-000,6/1/2015,0.0,RD(REDEMPTION DEED),0.28,False,MO
16-23081-000,4/23/1984,0.0,WD(WARRANTY DEED),0.28,False,MO
16-23082-000,12/30/2024,0.0,BD(BENEFICIARY DEED),0.29,True,AR
16-23082-000,11/8/2023,0.0,BD(BENEFICIARY DEED),0.29,True,AR
16-23082-000,5/6/2022,0.0,BD(BENEFICIARY DEED),0.29,True,AR
16-23082-000,10/19/2020,0.0,BD(BENEFICIARY DEED),0.29,True,AR
16-23082-000,3/1/2013,50000.0,TRWD(TRUSTEES WARRANTY DEED),0.29,True,AR
16-23082-000,2/10/1994,0.0,WD(WARRANTY DEED),0.29,True,AR
16-23082-000,2/10/1994,0.0,TRAG(TRUST AGREEMENT),0.29,True,AR
16-23082-000,8/21/1978,45000.0,WD(WARRANTY DEED),0.29,True,AR
16-23083-000,2/11/2025,140000.0,WD(WARRANTY DEED),0.28,False,OX
16-23083-000,5/2/2022,55000.0,WD(WARRANTY DEED),0.28,False,OX
16-23083-000,3/3/2021,0.0,LWD(LIMITED WARRANTY DEED),0.28,False,OX
16-23083-000,8/28/2009,1451000.0,QCD(QUITCLAIM DEED),0.28,False,OX
16-23083-000,8/21/2009,402000.0,DEED(GRANT DEED),0.28,False,OX
16-23083-000,9/15/2008,0.0,DEED(GRANT DEED),0.28,False,OX
16-23083-000,12/19/2005,8000.0,COMMD(COMMISSIONERS DEED),0.28,False,OX
16-23083-000,12/2/2005,0.0,RD(REDEMPTION DEED),0.28,False,OX
16-23083-000,7/10/2002,5000.0,WD(WARRANTY DEED),0.28,False,OX
16-23083-000,8/4/1988,0.0,CONT(CONTRACT),0.28,False,OX
16-23084-000,6/18/2003,79000.0,WD(WARRANTY DEED),0.36,True,AR
16-23084-000,3/23/1998,0.0,AB(ABSTRACT OF TRUST),0.36,True,AR
16-23084-000,3/23/1998,0.0,WD(WARRANTY DEED),0.36,True,AR
16-23084-000,3/23/1998,0.0,DC(DEATH CERTIFICATE),0.36,True,AR
16-23084-000,7/3/1985,52500.0,WD(WARRANTY DEED),0.36,True,AR
16-23085-000,7/18/2016,159000.0,WD(WARRANTY DEED),0.34,True,AR
16-23085-000,6/17/2015,159000.0,WD(WARRANTY DEED),0.34,True,AR
16-23085-000,5/25/2001,136000.0,WD(WARRANTY DEED),0.34,True,AR
16-23085-000,10/29/1993,144000.0,WD(WARRANTY DEED),0.34,True,AR
16-23085-000,5/8/1978,8000.0,WD(WARRANTY DEED),0.34,True,AR
16-23086-000,11/24/2021,8000.0,WD(WARRANTY DEED),0.33,True,AR
16-23086-000,3/3/2021,0.0,LWD(LIMITED WARRANTY DEED),0.33,True,AR
16-23086-000,8/28/2009,1451000.0,QCD(QUITCLAIM DEED),0.33,True,AR
16-23086-000,8/21/2009,402000.0,DEED(GRANT DEED),0.33,True,AR
16-23086-000,9/15/2008,0.0,DEED(GRANT DEED),0.33,True,AR
16-23086-000,4/24/2006,590000.0,WD(WARRANTY DEED),0.33,True,AR
16-23086-000,1/13/2006,6000.0,WD(WARRANTY DEED),0.33,True,AR
16-23086-000,10/28/2002,1000.0,WD(WARRANTY DEED),0.33,True,AR
16-23086-000,12/18/2001,0.0,WD(WARRANTY DEED),0.33,True,AR
16-23086-000,2/20/1984,9000.0,WD(WARRANTY DEED),0.33,True,AR
16-23087-000,12/8/2020,2500.0,WD(WARRANTY DEED),0.37,False,
16-23087-000,7/14/1995,3000.0,CWD(CORPORATION WARRANTY DEED),0.37,False,
16-23087-000,7/14/1995,1000.0,WD(WARRANTY DEED),0.37,False,
16-23087-000,12/7/1987,0.0,QCD(QUITCLAIM DEED),0.37,False,
16-23087-000,8/12/1987,0.0,HIST(HISTORICAL),0.37,False,
16-23087-000,6/1/1982,0.0,WD(WARRANTY DEED),0.37,False,
16-23087-000,10/1/1980,0.0,CONT(CONTRACT),0.37,False,
16-23088-000,10/25/2023,0.0,REVBD(REVOCATION OF BENEFICIARY DEED),0.3,True,AR
16-23088-000,10/23/2023,215000.0,WD(WARRANTY DEED),0.3,True,AR
16-23088-000,7/5/2022,0.0,BD(BENEFICIARY DEED),0.3,True,AR
16-23088-000,10/13/2021,215000.0,WD(WARRANTY DEED),0.3,True,AR
16-23088-000,10/20/2017,0.0,QCD(QUITCLAIM DEED),0.3,True,AR
16-23088-000,11/13/2015,95000.0,WD(WARRANTY DEED),0.3,True,AR
16-23088-000,5/15/2015,51000.0,MTG-D(MORTGAGEE'S DEED),0.3,True,AR
16-23088-000,7/31/2012,57500.0,SWD(SPECIAL WARRANTY DEED),0.3,True,AR
16-23088-000,3/28/2012,0.0,MTG-D(MORTGAGEE'S DEED),0.3,True,AR
16-23088-000,11/7/2006,96000.0,WD(WARRANTY DEED),0.3,True,AR
16-23088-000,11/12/1991,46000.0,WD(WARRANTY DEED),0.3,True,AR
16-23088-000,5/16/1981,46000.0,WD(WARRANTY DEED),0.3,True,AR
16-23089-000,6/24/1999,110000.0,WD(WARRANTY DEED),0.29,True,AR
16-23089-000,6/2/1980,9000.0,WD(WARRANTY DEED),0.29,True,AR
16-23090-000,8/24/1999,5000.0,WD(WARRANTY DEED),0.26,False,AR
16-23090-000,4/21/1981,0.0,WD(WARRANTY DEED),0.26,False,AR
16-23091-000,3/3/2022,0.0,DC(DEATH CERTIFICATE),0.29,True,AR
16-23091-000,7/21/1999,0.0,WD(WARRANTY DEED),0.29,True,AR
16-23091-000,7/19/1999,0.0,CERT(CERTIFICATE),0.29,True,AR
16-23091-000,12/23/1996,93000.0,WD(WARRANTY DEED),0.29,True,AR
16-23091-000,4/15/1996,78000.0,WD(WARRANTY DEED),0.29,True,AR
16-23091-000,3/16/1990,0.0,WD(WARRANTY DEED),0.29,True,AR
16-23091-000,5/6/1987,81000.0,WD(WARRANTY DEED),0.29,True,AR
16-23091-000,3/11/1986,75000.0,WD(WARRANTY DEED),0.29,True,AR
16-23091-000,4/12/1985,8000.0,WD(WARRANTY DEED),0.29,True,AR
16-23092-000,1/17/2018,184000.0,WD(WARRANTY DEED),0.3,True,AR
16-23092-000,6/2/2017,151000.0,TRWD(TRUSTEES WARRANTY DEED),0.3,True,AR
16-23092-000,8/26/2013,0.0,WD(WARRANTY DEED),0.3,True,AR
16-23092-000,8/23/2013,0.0,CERT(CERTIFICATE),0.3,True,AR
16-23092-000,10/3/2000,87000.0,WD(WARRANTY DEED),0.3,True,AR
16-23092-000,8/16/1993,85000.0,WD(WARRANTY DEED),0.3,True,AR
16-23092-000,8/16/1993,0.0,QCD(QUITCLAIM DEED),0.3,True,AR
16-23092-000,5/6/1987,90000.0,WD(WARRANTY DEED),0.3,True,AR
16-23092-000,5/6/1987,66000.0,WD(WARRANTY DEED),0.3,True,AR
16-23092-000,6/20/1985,8000.0,WD(WARRANTY DEED),0.3,True,AR
16-23093-000,2/23/2024,347000.0,WD(WARRANTY DEED),0.32,True,AR
16-23093-000,6/9/2022,301000.0,TRWD(TRUSTEES WARRANTY DEED),0.32,True,AR
16-23093-000,7/20/2014,0.0,DC(DEATH CERTIFICATE),0.32,True,AR
16-23093-000,5/2/2005,0.0,WD(WARRANTY DEED),0.32,True,AR
16-23093-000,5/2/2005,0.0,TRAG(TRUST AGREEMENT),0.32,True,AR
16-23093-000,2/3/1998,130000.0,WD(WARRANTY DEED),0.32,True,AR
16-23093-000,5/1/1992,100000.0,WD(WARRANTY DEED),0.32,True,AR
16-23093-000,10/29/1987,0.0,WD(WARRANTY DEED),0.32,True,AR
16-23093-000,9/25/1987,0.0,DC(DEATH CERTIFICATE),0.32,True,AR
16-23093-000,7/10/1979,86000.0,WD(WARRANTY DEED),0.32,True,AR
16-23094-000,3/25/2024,0.0,BD(BENEFICIARY DEED),0.36,True,AR
16-23094-000,7/12/2020,0.0,DC(DEATH CERTIFICATE),0.36,True,AR
16-23094-000,3/26/2009,60000.0,WD(WARRANTY DEED),0.36,True,AR
16-23094-000,11/3/2008,0.0,MTG-D(MORTGAGEE'S DEED),0.36,True,AR
16-23094-000,12/30/2007,0.0,DC(DEATH CERTIFICATE),0.36,True,AR
16-23094-000,10/5/2006,0.0,QCD(QUITCLAIM DEED),0.36,True,AR
16-23094-000,9/15/2006,0.0,QCD(QUITCLAIM DEED),0.36,True,AR
16-23094-000,11/29/2004,0.0,QCD(QUITCLAIM DEED),0.36,True,AR
16-23094-000,10/14/2004,0.0,QCD(QUITCLAIM DEED),0.36,True,AR
16-23094-000,11/6/2003,0.0,QCD(QUITCLAIM DEED),0.36,True,AR
16-23094-000,11/3/2003,0.0,QCD(QUITCLAIM DEED),0.36,True,AR
16-23094-000,10/8/2003,165000.0,WD(WARRANTY DEED),0.36,True,AR
16-23094-000,5/18/1998,115000.0,WD(WARRANTY DEED),0.36,True,AR
16-23094-000,2/18/1997,86000.0,WD(WARRANTY DEED),0.36,True,AR
16-23095-000,1/23/2012,103000.0,CWD(CORPORATION WARRANTY DEED),0.37,True,AR
16-23095-000,7/21/2010,58000.0,SWD(SPECIAL WARRANTY DEED),0.37,True,AR
16-23095-000,10/29/2009,0.0,MTG-D(MORTGAGEE'S DEED),0.37,True,AR
16-23095-000,5/2/2007,150000.0,WD(WARRANTY DEED),0.37,True,AR
16-23095-000,10/4/2005,0.0,POA(POWER OF ATTORNEY),0.37,True,AR
16-23095-000,5/21/2005,0.0,DC(DEATH CERTIFICATE),0.37,True,AR
16-23095-000,12/14/2004,131000.0,WD(WARRANTY DEED),0.37,True,AR
16-23095-000,9/12/2003,120000.0,WD(WARRANTY DEED),0.37,True,AR
16-23095-000,9/1/1995,82000.0,WD(WARRANTY DEED),0.37,True,AR
16-23095-000,5/8/1992,68000.0,WD(WARRANTY DEED),0.37,True,AR
16-23095-000,5/2/1991,0.0,WD(WARRANTY DEED),0.37,True,AR
16-23095-000,4/29/1991,0.0,TRAG(TRUST AGREEMENT),0.37,True,AR
16-23095-000,3/16/1978,8000.0,WD(WARRANTY DEED),0.37,True,AR
16-23096-000,8/31/2020,175000.0,WD(WARRANTY DEED),0.37,True,AR
16-23096-000,5/31/2016,118000.0,ADMN(ADMINISTRATORS DEED),0.37,True,AR
16-23096-000,7/25/2012,75000.0,SWD(SPECIAL WARRANTY DEED),0.37,True,AR
16-23096-000,5/17/2012,0.0,MTG-D(MORTGAGEE'S DEED),0.37,True,AR
16-23096-000,6/18/2003,110000.0,WD(WARRANTY DEED),0.37,True,AR
16-23096-000,2/1/1994,0.0,WD(WARRANTY DEED),0.37,True,AR
16-23096-000,1/31/1994,0.0,CERT(CERTIFICATE),0.37,True,AR
16-23096-000,10/28/1992,85000.0,WD(WARRANTY DEED),0.37,True,AR
16-23096-000,3/18/1992,0.0,WD(WARRANTY DEED),0.37,True,AR
16-23096-000,6/7/1989,76000.0,WD(WARRANTY DEED),0.37,True,AR
16-23097-000,6/14/2023,250000.0,WD(WARRANTY DEED),0.35,True,AR
16-23097-000,2/11/2021,173000.0,WD(WARRANTY DEED),0.35,True,AR
16-23097-000,1/2/2020,158000.0,WD(WARRANTY DEED),0.35,True,AR
16-23097-000,6/13/2019,98000.0,MTG-D(MORTGAGEE'S DEED),0.35,True,AR
16-23097-000,11/1/2018,0.0,DC(DEATH CERTIFICATE),0.35,True,AR
16-23097-000,6/19/2006,110000.0,WD(WARRANTY DEED),0.35,True,AR
16-23097-000,2/23/2005,0.0,QCD(QUITCLAIM DEED),0.35,True,AR
16-23097-000,10/1/2004,72000.0,WD(WARRANTY DEED),0.35,True,AR
16-23097-000,6/23/1992,55000.0,WD(WARRANTY DEED),0.35,True,AR
16-23097-000,9/29/1978,0.0,WD(WARRANTY DEED),0.35,True,AR
16-23098-000,5/27/2015,119000.0,WD(WARRANTY DEED),0.29,True,AR
16-23098-000,1/9/2015,65000.0,WD(WARRANTY DEED),0.29,True,AR
16-23098-000,6/20/2006,124000.0,WD(WARRANTY DEED),0.29,True,AR
16-23098-000,7/1/2001,0.0,DC(DEATH CERTIFICATE),0.29,True,AR
16-23098-000,12/4/1996,98000.0,WD(WARRANTY DEED),0.29,True,AR
16-23098-000,8/1/1994,105000.0,WD(WARRANTY DEED),0.29,True,AR
16-23098-000,12/31/1979,10000.0,WD(WARRANTY DEED),0.29,True,AR
16-23099-000,2/1/2008,0.0,QCD(QUITCLAIM DEED),0.36,True,AR
16-23099-000,1/30/2008,121000.0,WD(WARRANTY DEED),0.36,True,AR
16-23099-000,7/23/2007,0.0,MTG-D(MORTGAGEE'S DEED),0.36,True,AR
16-23099-000,2/6/2006,0.0,QCD(QUITCLAIM DEED),0.36,True,AR
16-23099-000,2/6/2006,166000.0,TRD(TRUSTEES DEED),0.36,True,AR
16-23099-000,8/15/1989,0.0,WD(WARRANTY DEED),0.36,True,AR
16-23099-000,8/15/1989,0.0,WD(WARRANTY DEED),0.36,True,AR
16-23099-000,11/8/1977,11000.0,WD(WARRANTY DEED),0.36,True,AR
16-23100-000,12/2/2021,265000.0,WD(WARRANTY DEED),0.35,True,AR
16-23100-000,1/7/2017,0.0,DC(DEATH CERTIFICATE),0.35,True,AR
16-23100-000,7/7/1999,0.0,DC(DEATH CERTIFICATE),0.35,True,AR
16-23100-000,4/23/1993,99000.0,WD(WARRANTY DEED),0.35,True,AR
16-23100-000,9/14/1992,81000.0,WD(WARRANTY DEED),0.35,True,AR
16-23101-000,2/26/2018,213000.0,WD(WARRANTY DEED),0.32,True,AR
16-23101-000,6/2/2017,0.0,DC(DEATH CERTIFICATE),0.32,True,AR
16-23101-000,5/10/2017,0.0,CERT(CERTIFICATE),0.32,True,AR
16-23101-000,5/10/2017,0.0,CERT(CERTIFICATE),0.32,True,AR
16-23101-000,5/10/2017,0.0,CERT(CERTIFICATE),0.32,True,AR
16-23101-000,5/10/2017,0.0,CERT(CERTIFICATE),0.32,True,AR
16-23101-000,5/4/2017,0.0,DC(DEATH CERTIFICATE),0.32,True,AR
16-23101-000,4/29/1991,0.0,WD(WARRANTY DEED),0.32,True,AR
16-23101-000,4/29/1991,0.0,TRAG(TRUST AGREEMENT),0.32,True,AR
16-23101-000,4/29/1991,0.0,TRAG(TRUST AGREEMENT),0.32,True,AR
16-23101-000,12/18/1987,0.0,CONT(CONTRACT),0.32,True,AR
16-23102-000,3/5/2024,408000.0,WD(WARRANTY DEED),0.27,True,AR
16-23102-000,11/26/2018,0.0,QCD(QUITCLAIM DEED),0.27,True,AR
16-23102-000,9/17/2017,0.0,ML(MARRIAGE LICENSE),0.27,True,AR
16-23102-000,8/29/2011,125000.0,TRWD(TRUSTEES WARRANTY DEED),0.27,True,AR
16-23102-000,5/23/2011,0.0,CERT(CERTIFICATE),0.27,True,AR
16-23102-000,5/13/2011,0.0,DC(DEATH CERTIFICATE),0.27,True,AR
16-23102-000,10/27/1995,0.0,QCD(QUITCLAIM DEED),0.27,True,AR
16-23102-000,10/11/1995,0.0,POA(POWER OF ATTORNEY),0.27,True,AR
16-23102-000,8/19/1983,0.0,WD(WARRANTY DEED),0.27,True,AR
16-23103-000,5/7/2010,0.0,BD(BENEFICIARY DEED),0.25,True,AR
16-23103-000,2/11/2002,105000.0,WD(WARRANTY DEED),0.25,True,AR
16-23103-000,12/6/1991,83000.0,WD(WARRANTY DEED),0.25,True,AR
16-23103-000,6/7/1989,83000.0,WD(WARRANTY DEED),0.25,True,AR
16-23103-000,8/4/1988,94000.0,WD(WARRANTY DEED),0.25,True,AR
16-23103-000,7/20/1988,70000.0,WD(WARRANTY DEED),0.25,True,AR
16-23103-000,3/17/1988,6000.0,WD(WARRANTY DEED),0.25,True,AR
16-23103-000,1/4/1986,8000.0,WD(WARRANTY DEED),0.25,True,AR
16-23104-000,4/19/2022,0.0,QCD(QUITCLAIM DEED),0.26,True,AR
16-23104-000,5/20/2020,0.0,AFF(AFFIDAVIT),0.26,True,AR
16-23104-000,5/13/2020,215000.0,WD(WARRANTY DEED),0.26,True,AR
16-23104-000,4/12/2019,2000.0,WD(WARRANTY DEED),0.26,True,AR
16-23104-000,12/17/2018,0.0,DC(DEATH CERTIFICATE),0.26,True,AR
16-23104-000,4/24/2015,0.0,CWD(CORPORATION WARRANTY DEED),0.26,True,AR
16-23104-000,4/24/2015,100.0,WD(WARRANTY DEED),0.26,True,AR
16-23104-000,11/26/2014,0.0,WD(WARRANTY DEED),0.26,True,AR
16-23104-000,5/22/1996,10000.0,WD(WARRANTY DEED),0.26,True,AR
16-23104-000,7/2/1982,0.0,WD(WARRANTY DEED),0.26,True,AR
16-23104-000,6/30/1977,0.0,CONT(CONTRACT),0.26,True,AR
16-23105-000,1/21/2022,0.0,RD(REDEMPTION DEED),0.31,False,AR
16-23105-000,1/14/2022,10000.0,WD(WARRANTY DEED),0.31,False,AR
16-23105-000,2/17/2017,0.0,RD(REDEMPTION DEED),0.31,False,AR
16-23105-000,8/28/2009,1451000.0,QCD(QUITCLAIM DEED),0.31,False,AR
16-23105-000,8/21/2009,402000.0,DEED(GRANT DEED),0.31,False,AR
16-23105-000,9/15/2008,0.0,DEED(GRANT DEED),0.31,False,AR
16-23105-000,8/3/2005,2000.0,WD(WARRANTY DEED),0.31,False,AR
16-23105-000,1/13/1997,0.0,WD(WARRANTY DEED),0.31,False,AR
16-23105-000,7/2/1982,0.0,WD(WARRANTY DEED),0.31,False,AR
16-23106-000,8/18/2021,0.0,WD(WARRANTY DEED),0.35,True,AR
16-23106-000,8/18/2021,0.0,CERT(CERTIFICATE),0.35,True,AR
16-23106-000,10/7/2020,265000.0,WD(WARRANTY DEED),0.35,True,AR
16-23106-000,3/3/2008,0.0,DC(DEATH CERTIFICATE),0.35,True,AR
16-23106-000,8/26/2003,150000.0,WD(WARRANTY DEED),0.35,True,AR
16-23106-000,2/1/2002,137000.0,WD(WARRANTY DEED),0.35,True,AR
16-23106-000,12/1/2001,0.0,DC(DEATH CERTIFICATE),0.35,True,AR
16-23106-000,12/15/1982,9000.0,WD(WARRANTY DEED),0.35,True,AR
16-23107-000,4/21/2020,5000.0,TRWD(TRUSTEES WARRANTY DEED),0.32,False,OK
16-23107-000,4/21/2020,0.0,MEMO(MEMORANDUM),0.32,False,OK
16-23107-000,5/22/2018,0.0,AFF(AFFIDAVIT),0.32,False,OK
16-23107-000,8/9/1999,0.0,WD(WARRANTY DEED),0.32,False,OK
16-23107-000,1/21/1994,0.0,CORRWD(CORRECTED WARRANTY DEED),0.32,False,OK
16-23107-000,1/11/1990,0.0,WD(WARRANTY DEED),0.32,False,OK
16-23108-000,9/22/1986,10000.0,WD(WARRANTY DEED),0.28,False,AR
16-23108-000,9/27/1977,0.0,WD(WARRANTY DEED),0.28,False,AR
16-23109-000,3/27/2025,326000.0,WD(WARRANTY DEED),0.28,True,AR
16-23109-000,10/17/2003,123000.0,WD(WARRANTY DEED),0.28,True,AR
16-23109-000,11/21/1997,0.0,WD(WARRANTY DEED),0.28,True,AR
16-23109-000,11/20/1997,0.0,CERT(CERTIFICATE),0.28,True,AR
16-23109-000,7/3/1990,0.0,QCD(QUITCLAIM DEED),0.28,True,AR
16-23109-000,10/10/1989,8000.0,WD(WARRANTY DEED),0.28,True,AR
16-23109-000,7/16/1982,0.0,WD(WARRANTY DEED),0.28,True,AR
16-23110-000,5/4/2023,255000.0,WD(WARRANTY DEED),0.26,True,AR
16-23110-000,8/4/2020,165000.0,TRWD(TRUSTEES WARRANTY DEED),0.26,True,AR
16-23110-000,8/4/2020,0.0,CERT(CERTIFICATE),0.26,True,AR
16-23110-000,7/25/2018,0.0,DC(DEATH CERTIFICATE),0.26,True,AR
16-23110-000,4/25/2012,0.0,WD(WARRANTY DEED),0.26,True,AR
16-23110-000,4/25/2012,0.0,CERT(CERTIFICATE),0.26,True,AR
16-23110-000,2/17/2012,0.0,DC(DEATH CERTIFICATE),0.26,True,AR
16-23110-000,3/11/2009,70000.0,WD(WARRANTY DEED),0.26,True,AR
16-23110-000,9/17/2008,0.0,MTG-D(MORTGAGEE'S DEED),0.26,True,AR
16-23110-000,11/7/2005,115000.0,WD(WARRANTY DEED),0.26,True,AR
16-23110-000,11/2/2004,89000.0,WD(WARRANTY DEED),0.26,True,AR
16-23110-000,2/27/1996,70000.0,WD(WARRANTY DEED),0.26,True,AR
16-23110-000,12/5/1993,0.0,DC(DEATH CERTIFICATE),0.26,True,AR
16-23110-000,7/8/1991,62000.0,WD(WARRANTY DEED),0.26,True,AR
16-23110-000,5/6/1991,50000.0,WD(WARRANTY DEED),0.26,True,AR
16-23110-000,9/27/1990,0.0,DC(DEATH CERTIFICATE),0.26,True,AR
16-23110-000,5/1/1986,61000.0,WD(WARRANTY DEED),0.26,True,AR
16-23110-000,9/8/1978,58000.0,WD(WARRANTY DEED),0.26,True,AR
16-23111-000,3/14/2013,0.0,QCD(QUITCLAIM DEED),0.34,True,AR
16-23111-000,1/12/2007,0.0,WD(WARRANTY DEED),0.34,True,AR
16-23111-000,12/27/2006,120000.0,WD(WARRANTY DEED),0.34,True,AR
16-23111-000,5/16/1989,80000.0,WD(WARRANTY DEED),0.34,True,AR
16-23111-000,9/26/1988,80000.0,WD(WARRANTY DEED),0.34,True,AR
16-23111-000,12/19/1986,72000.0,WD(WARRANTY DEED),0.34,True,AR
16-23111-000,4/2/1985,10000.0,WD(WARRANTY DEED),0.34,True,AR
16-23112-000,2/26/2024,0.0,QCD(QUITCLAIM DEED),0.34,True,AR
16-23112-000,6/7/2019,260000.0,WD(WARRANTY DEED),0.34,True,AR
16-23112-000,8/16/2018,0.0,QCD(QUITCLAIM DEED),0.34,True,AR
16-23112-000,3/10/2006,0.0,WD(WARRANTY DEED),0.34,True,AR
16-23112-000,3/7/2006,0.0,CERT(CERTIFICATE),0.34,True,AR
16-23112-000,8/8/2005,0.0,QCD(QUITCLAIM DEED),0.34,True,AR
16-23112-000,8/8/2005,0.0,QCD(QUITCLAIM DEED),0.34,True,AR
16-23112-000,10/9/2002,0.0,WD(WARRANTY DEED),0.34,True,AR
16-23112-000,10/3/2002,0.0,CERT(CERTIFICATE),0.34,True,AR
16-23112-000,11/2/1998,11000.0,WD(WARRANTY DEED),0.34,True,AR
16-23112-000,1/13/1986,0.0,WD(WARRANTY DEED),0.34,True,AR
16-23112-000,12/4/1985,17000.0,WD(WARRANTY DEED),0.34,True,AR
16-23112-000,5/4/1985,13000.0,WD(WARRANTY DEED),0.34,True,AR
16-23113-000,6/12/2001,0.0,QCD(QUITCLAIM DEED),0.32,False,AR
16-23113-000,6/6/2001,0.0,QCD(QUITCLAIM DEED),0.32,False,AR
16-23113-000,1/25/1999,0.0,WD(WARRANTY DEED),0.32,False,AR
16-23113-000,11/30/1998,8000.0,WD(WARRANTY DEED),0.32,False,AR
16-23113-000,11/30/1998,0.0,AB(ABSTRACT OF TRUST),0.32,False,AR
16-23113-000,8/15/1995,0.0,QCD(QUITCLAIM DEED),0.32,False,AR
16-23113-000,3/1/1982,16000.0,WD(WARRANTY DEED),0.32,False,AR
16-23114-000,5/3/2004,0.0,WD(WARRANTY DEED),0.38,True,AR
16-23114-000,12/27/2002,0.0,QCD(QUITCLAIM DEED),0.38,True,AR
16-23114-000,6/11/1992,48000.0,WD(WARRANTY DEED),0.38,True,AR
16-23114-000,10/22/1984,0.0,WD(WARRANTY DEED),0.38,True,AR
16-23115-000,8/3/2021,266000.0,WD(WARRANTY DEED),0.38,True,AR
16-23115-000,10/23/2019,0.0,CERT(CERTIFICATE),0.38,True,AR
16-23115-000,10/23/2019,159000.0,TRWD(TRUSTEES WARRANTY DEED),0.38,True,AR
16-23115-000,6/11/2019,0.0,DC(DEATH CERTIFICATE),0.38,True,AR
16-23115-000,4/27/2019,0.0,DC(DEATH CERTIFICATE),0.38,True,AR
16-23115-000,3/12/2007,0.0,CORRQC(CORRECTED QUIT CLAIM DEED),0.38,True,AR
16-23115-000,6/18/1996,154000.0,WD(WARRANTY DEED),0.38,True,AR
16-23115-000,10/15/1985,0.0,WD(WARRANTY DEED),0.38,True,AR
16-23115-000,9/2/1979,0.0,WD(WARRANTY DEED),0.38,True,AR
16-23116-000,5/9/2022,0.0,CERT(CERTIFICATE),0.36,True,AR
16-23116-000,8/25/2015,0.0,CERT(CERTIFICATE),0.36,True,AR
16-23116-000,8/25/2015,0.0,TRD(TRUSTEES DEED),0.36,True,AR
16-23116-000,11/21/2014,0.0,CERT(CERTIFICATE),0.36,True,AR
16-23116-000,11/21/2014,0.0,TRD(TRUSTEES DEED),0.36,True,AR
16-23116-000,8/20/2003,0.0,WD(WARRANTY DEED),0.36,True,AR
16-23116-000,6/10/2002,158000.0,WD(WARRANTY DEED),0.36,True,AR
16-23116-000,10/31/1991,0.0,WD(WARRANTY DEED),0.36,True,AR
16-23116-000,10/30/1991,0.0,TRAG(TRUST AGREEMENT),0.36,True,AR
16-23116-000,11/20/1984,133000.0,WD(WARRANTY DEED),0.36,True,AR
16-23116-000,6/19/1984,15000.0,WD(WARRANTY DEED),0.36,True,AR
16-23117-000,6/15/2020,186000.0,WD(WARRANTY DEED),0.38,True,AR
16-23117-000,6/16/2016,148000.0,WD(WARRANTY DEED),0.38,True,AR
16-23117-000,11/6/2013,120000.0,WD(WARRANTY DEED),0.38,True,AR
16-23117-000,7/11/2002,0.0,WD(WARRANTY DEED),0.38,True,AR
16-23117-000,7/9/2002,0.0,TRAG(TRUST AGREEMENT),0.38,True,AR
16-23117-000,1/14/2002,130000.0,WD(WARRANTY DEED),0.38,True,AR
16-23117-000,5/30/2001,121000.0,WD(WARRANTY DEED),0.38,True,AR
16-23117-000,3/8/2001,0.0,DC(DEATH CERTIFICATE),0.38,True,AR
16-23117-000,11/21/1998,0.0,DC(DEATH CERTIFICATE),0.38,True,AR
16-23117-000,1/27/1998,0.0,WD(WARRANTY DEED),0.38,True,AR
16-23117-000,1/14/1998,0.0,CERT(CERTIFICATE),0.38,True,AR
16-23117-000,6/21/1983,13000.0,WD(WARRANTY DEED),0.38,True,AR
16-23118-000,7/3/2017,192000.0,WD(WARRANTY DEED),0.38,True,AR
16-23118-000,10/21/2015,186000.0,WD(WARRANTY DEED),0.38,True,AR
16-23118-000,10/21/2015,0.0,BD(BENEFICIARY DEED),0.38,True,AR
16-23118-000,10/9/2014,0.0,BD(BENEFICIARY DEED),0.38,True,AR
16-23118-000,1/22/1999,161000.0,WD(WARRANTY DEED),0.38,True,AR
16-23118-000,4/23/1997,139000.0,WD(WARRANTY DEED),0.38,True,AR
16-23118-000,9/11/1996,0.0,WD(WARRANTY DEED),0.38,True,AR
16-23118-000,9/4/1996,0.0,CERT(CERTIFICATE),0.38,True,AR
16-23118-000,11/23/1992,145000.0,WD(WARRANTY DEED),0.38,True,AR
16-23118-000,1/3/1992,0.0,QCD(QUITCLAIM DEED),0.38,True,AR
16-23118-000,6/11/1991,125000.0,WD(WARRANTY DEED),0.38,True,AR
16-23118-000,5/30/1991,0.0,MEMO(MEMORANDUM),0.38,True,AR
16-23118-000,10/21/1987,0.0,WD(WARRANTY DEED),0.38,True,AR
16-23118-000,10/12/1987,2000.0,WD(WARRANTY DEED),0.38,True,AR
16-23118-000,9/20/1985,135000.0,WD(WARRANTY DEED),0.38,True,AR
16-23119-000,5/13/2014,0.0,WD(WARRANTY DEED),0.32,True,AR
16-23119-000,5/13/2014,0.0,CERT(CERTIFICATE),0.32,True,AR
16-23119-000,8/13/2012,0.0,DC(DEATH CERTIFICATE),0.32,True,AR
16-23119-000,8/13/2012,0.0,DC(DEATH CERTIFICATE),0.32,True,AR
16-23119-000,1/4/2000,163000.0,WD(WARRANTY DEED),0.32,True,AR
16-23119-000,1/4/2000,0.0,DC(DEATH CERTIFICATE),0.32,True,AR
16-23119-000,9/27/1990,0.0,WD(WARRANTY DEED),0.32,True,AR
16-23119-000,3/6/1985,0.0,WD(WARRANTY DEED),0.32,True,AR
16-23119-001,5/3/2004,0.0,WD(WARRANTY DEED),3.12,True,AR
16-23119-001,12/27/2002,0.0,QCD(QUITCLAIM DEED),3.12,True,AR
16-23119-001,2/8/1988,445000.0,WD(WARRANTY DEED),3.12,True,AR
16-23119-002,7/23/2018,0.0,WD(WARRANTY DEED),0.91,True,AR
16-23119-002,7/23/2018,0.0,CERT(CERTIFICATE),0.91,True,AR
16-23119-002,12/17/2004,228000.0,WD(WARRANTY DEED),0.91,True,AR
16-23119-002,11/2/1988,117000.0,WD(WARRANTY DEED),0.91,True,AR
16-23119-002,11/2/1988,138000.0,WD(WARRANTY DEED),0.91,True,AR
16-23120-000,8/7/2014,170000.0,QCD(QUITCLAIM DEED),17.38,False,AR
16-23120-000,3/25/2004,0.0,QCD(QUITCLAIM DEED),17.38,False,AR
16-23120-000,3/25/2004,0.0,WD(WARRANTY DEED),17.38,False,AR
16-23120-000,6/21/1993,4000.0,WD(WARRANTY DEED),17.38,False,AR
16-23120-001,5/3/2004,0.0,WD(WARRANTY DEED),1.04,True,AR
16-23120-001,12/27/2002,0.0,QCD(QUITCLAIM DEED),1.04,True,AR
16-23120-001,6/21/1993,4000.0,WD(WARRANTY DEED),1.04,True,AR
16-23120-002,3/25/2004,0.0,QCD(QUITCLAIM DEED),4.01,True,AR
16-23120-002,3/25/2004,0.0,WD(WARRANTY DEED),4.01,True,AR
16-23121-000,12/28/1988,0.0,WD(WARRANTY DEED),5.08,False,AR
16-23121-001,0,0.0,0,2.49,False,AR
16-23121-001,0,0.0,0,2.49,False,AR
16-23121-001,0,0.0,0,2.49,False,AR
16-23121-001,,0.0,0,2.49,False,AR
16-23121-001,,0.06193,0.06193,2.49,False,AR
16-34063-053,6/25/2015,4200000.0,PP(PARENT PARCEL (FOR SPLIT)),0.21,True,AR
16-34063-053,3/1/2007,8500000.0,WD(WARRANTY DEED),0.21,True,AR
16-34063-053,9/2/2004,5769000.0,WD(WARRANTY DEED),0.21,True,AR
16-34063-054,1/9/2020,0.0,RD(REDEMPTION DEED),3.17,True,AR
16-34063-054,6/25/2015,4200000.0,SWD(SPECIAL WARRANTY DEED),3.17,True,AR
16-34085-010,6/25/2015,4200000.0,PP(PARENT PARCEL (FOR SPLIT)),20.96,False,AR
16-34085-010,3/1/2007,8500000.0,WD(WARRANTY DEED),20.96,False,AR
16-34085-010,9/2/2004,5769000.0,WD(WARRANTY DEED),20.96,False,AR
16-34085-010,6/30/1995,32000.0,WD(WARRANTY DEED),20.96,False,AR
16-34085-010,9/12/1986,0.0,WD(WARRANTY DEED),20.96,False,AR
16-34085-010,11/15/1985,0.0,WD(WARRANTY DEED),20.96,False,AR
16-34085-010,1/1/1800,0.0,HIST(HISTORICAL),20.96,False,AR
16-34085-011,2/3/2020,0.0,RD(REDEMPTION DEED),0.53,True,AR
16-34085-011,6/25/2015,4200000.0,SWD(SPECIAL WARRANTY DEED),0.53,True,AR
16-35103-000,6/20/2023,270000.0,WD(WARRANTY DEED),0.08,True,NC
16-35103-000,4/16/2021,170000.0,WD(WARRANTY DEED),0.08,True,NC
16-35103-000,9/25/2008,0.0,QCD(QUITCLAIM DEED),0.08,True,NC
16-35103-000,5/9/2006,120000.0,WD(WARRANTY DEED),0.08,True,NC
16-35103-000,5/20/2003,91000.0,WD(WARRANTY DEED),0.08,True,NC
16-35103-000,6/26/2002,62600.0,WD(WARRANTY DEED),0.08,True,NC
16-35103-000,3/13/2002,0.0,HIST(HISTORICAL),0.08,True,NC
16-35103-000,6/12/1996,89000.0,WD(WARRANTY DEED),0.08,True,NC
16-35103-000,12/16/1988,0.0,WD(WARRANTY DEED),0.08,True,NC
16-35103-000,11/7/1985,75000.0,WD(WARRANTY DEED),0.08,True,NC
16-35103-000,11/3/1979,0.0,WD(WARRANTY DEED),0.08,True,NC
16-35104-000,7/5/2024,55000.0,WD(WARRANTY DEED),0.05,True,AR
16-35104-000,4/8/2016,0.0,WD(WARRANTY DEED),0.05,True,AR
16-35104-000,8/1/2011,0.0,WD(WARRANTY DEED),0.05,True,AR
16-35104-000,8/1/2011,83000.0,WD(WARRANTY DEED),0.05,True,AR
16-35104-000,9/29/2003,77000.0,WD(WARRANTY DEED),0.05,True,AR
16-35104-000,12/1/1994,0.0,WD(WARRANTY DEED),0.05,True,AR
16-35104-000,1/19/1993,65000.0,WD(WARRANTY DEED),0.05,True,AR
16-35104-000,9/26/1979,80000.0,WD(WARRANTY DEED),0.05,True,AR
16-35105-000,3/5/2024,0.0,QCD(QUITCLAIM DEED),0.06,True,AR
16-35105-000,7/11/2019,0.0,TRAG(TRUST AGREEMENT),0.06,True,AR
16-35105-000,7/11/2019,128000.0,TRWD(TRUSTEES WARRANTY DEED),0.06,True,AR
16-35105-000,12/21/2018,0.0,TRD(TRUSTEES DEED),0.06,True,AR
16-35105-000,9/12/2016,0.0,BD(BENEFICIARY DEED),0.06,True,AR
16-35105-000,9/6/2016,92000.0,WD(WARRANTY DEED),0.06,True,AR
16-35105-000,7/17/2007,133000.0,WD(WARRANTY DEED),0.06,True,AR
16-35105-000,1/29/2007,0.0,WD(WARRANTY DEED),0.06,True,AR
16-35105-000,1/29/2007,0.0,CERT(CERTIFICATE),0.06,True,AR
16-35105-000,6/30/2005,129000.0,WD(WARRANTY DEED),0.06,True,AR
16-35105-000,11/10/2003,84000.0,WD(WARRANTY DEED),0.06,True,AR
16-35105-000,8/24/1999,90000.0,WD(WARRANTY DEED),0.06,True,AR
16-35105-000,12/15/1995,0.0,WD(WARRANTY DEED),0.06,True,AR
16-35105-000,12/15/1995,0.0,CERT(CERTIFICATE),0.06,True,AR
16-35105-000,4/18/1980,0.0,WD(WARRANTY DEED),0.06,True,AR
16-35106-000,5/3/2017,207000.0,WD(WARRANTY DEED),0.14,True,AR
16-35106-000,3/5/2014,0.0,DC(DEATH CERTIFICATE),0.14,True,AR
16-35106-000,4/4/1991,168000.0,WD(WARRANTY DEED),0.14,True,AR
16-35106-000,9/26/1979,0.0,HIST(HISTORICAL),0.14,True,AR
16-35107-000,6/25/2020,265000.0,WD(WARRANTY DEED),0.1,True,
16-35107-000,11/4/2015,131000.0,WD(WARRANTY DEED),0.1,True,
16-35107-000,3/3/2004,0.0,QCD(QUITCLAIM DEED),0.1,True,
16-35107-000,12/18/2000,176000.0,WD(WARRANTY DEED),0.1,True,
16-35107-000,1/10/2000,0.0,WD(WARRANTY DEED),0.1,True,
16-35107-000,5/1/1998,0.0,DC(DEATH CERTIFICATE),0.1,True,
16-35107-000,1/28/1991,0.0,TRAG(TRUST AGREEMENT),0.1,True,
16-35107-000,1/28/1991,0.0,TRAG(TRUST AGREEMENT),0.1,True,
16-35107-000,1/28/1991,0.0,WD(WARRANTY DEED),0.1,True,
16-35107-000,7/30/1980,165000.0,WD(WARRANTY DEED),0.1,True,
16-35108-000,7/12/2021,268000.0,WD(WARRANTY DEED),0.09,True,AR
16-35108-000,9/24/2020,0.0,DC(DEATH CERTIFICATE),0.09,True,AR
16-35108-000,5/1/2020,0.0,BD(BENEFICIARY DEED),0.09,True,AR
16-35108-000,5/1/2020,0.0,BD(BENEFICIARY DEED),0.09,True,AR
16-35108-000,10/13/2016,153000.0,WD(WARRANTY DEED),0.09,True,AR
16-35108-000,2/25/2002,164000.0,WD(WARRANTY DEED),0.09,True,AR
16-35108-000,4/12/1990,0.0,WD(WARRANTY DEED),0.09,True,AR
16-35108-000,9/26/1979,42000.0,WD(WARRANTY DEED),0.09,True,AR
16-35109-000,9/2/2020,0.0,WD(WARRANTY DEED),0.09,True,AR
16-35109-000,9/2/2020,0.0,CERT(CERTIFICATE),0.09,True,AR
16-35109-000,5/10/2018,143000.0,TRWD(TRUSTEES WARRANTY DEED),0.09,True,AR
16-35109-000,3/17/2018,0.0,CERT(CERTIFICATE),0.09,True,AR
16-35109-000,9/23/2005,0.0,WD(WARRANTY DEED),0.09,True,AR
16-35109-000,6/17/2005,0.0,DC(DEATH CERTIFICATE),0.09,True,AR
16-35109-000,12/15/1995,0.0,WD(WARRANTY DEED),0.09,True,AR
16-35109-000,12/15/1995,0.0,CERT(CERTIFICATE),0.09,True,AR
16-35109-000,7/6/1988,86000.0,WD(WARRANTY DEED),0.09,True,AR
16-35109-000,9/26/1979,0.0,HIST(HISTORICAL),0.09,True,AR
16-35110-000,2/20/2019,85000.0,WD(WARRANTY DEED),0.05,True,AR
16-35110-000,5/10/1996,9000.0,QCD(QUITCLAIM DEED),0.05,True,AR
16-35110-000,12/28/1988,75000.0,WD(WARRANTY DEED),0.05,True,AR
16-35110-000,3/7/1984,0.0,ADMN(ADMINISTRATORS DEED),0.05,True,AR
16-35111-000,7/20/2023,1775000.0,WD(WARRANTY DEED),0.02,True,AR
16-35111-000,2/6/2018,0.0,QCD(QUITCLAIM DEED),0.02,True,AR
16-35111-000,3/21/2017,84000.0,TRD(TRUSTEES DEED),0.02,True,AR
16-35111-000,8/7/2013,79000.0,WD(WARRANTY DEED),0.02,True,AR
16-35111-000,2/27/2009,73000.0,WD(WARRANTY DEED),0.02,True,AR
16-35111-000,11/26/2007,0.0,WD(WARRANTY DEED),0.02,True,AR
16-35111-000,11/15/2007,0.0,WD(WARRANTY DEED),0.02,True,AR
16-35111-000,8/17/2007,0.0,WD(WARRANTY DEED),0.02,True,AR
16-35111-000,8/15/2007,0.0,COMMD(COMMISSIONERS DEED),0.02,True,AR
16-35111-000,8/4/2006,114000.0,WD(WARRANTY DEED),0.02,True,AR
16-35111-000,11/15/2004,79000.0,WD(WARRANTY DEED),0.02,True,AR
16-35111-000,11/11/2004,0.0,MEMO(MEMORANDUM),0.02,True,AR
16-35111-000,3/6/1992,0.0,QCD(QUITCLAIM DEED),0.02,True,AR
16-35111-000,9/26/1979,66000.0,WD(WARRANTY DEED),0.02,True,AR
16-35112-000,9/2/2021,185000.0,WD(WARRANTY DEED),0.02,True,AZ
16-35112-000,5/3/2021,140000.0,WD(WARRANTY DEED),0.02,True,AZ
16-35112-000,7/18/2016,0.0,QCD(QUITCLAIM DEED),0.02,True,AZ
16-35112-000,11/1/2006,112000.0,WD(WARRANTY DEED),0.02,True,AZ
16-35112-000,11/1/2006,0.0,POA(POWER OF ATTORNEY),0.02,True,AZ
16-35112-000,8/12/2003,80000.0,WD(WARRANTY DEED),0.02,True,AZ
16-35112-000,11/8/2000,0.0,QCD(QUITCLAIM DEED),0.02,True,AZ
16-35112-000,10/1/1992,60000.0,WD(WARRANTY DEED),0.02,True,AZ
16-35112-000,9/23/1992,0.0,WD(WARRANTY DEED),0.02,True,AZ
16-35112-000,9/26/1979,66000.0,WD(WARRANTY DEED),0.02,True,AZ
16-35113-000,5/27/2020,0.0,BD(BENEFICIARY DEED),0.04,True,AR
16-35113-000,10/18/2018,81000.0,WD(WARRANTY DEED),0.04,True,AR
16-35113-000,9/26/2018,0.0,QCD(QUITCLAIM DEED),0.04,True,AR
16-35113-000,6/15/2018,0.0,QCD(QUITCLAIM DEED),0.04,True,AR
16-35113-000,9/19/2013,86000.0,WD(WARRANTY DEED),0.04,True,AR
16-35113-000,3/8/2006,89000.0,WD(WARRANTY DEED),0.04,True,AR
16-35113-000,7/7/1998,0.0,WD(WARRANTY DEED),0.04,True,AR
16-35113-000,3/27/1998,0.0,WD(WARRANTY DEED),0.04,True,AR
16-35113-000,3/26/1998,0.0,MEMO(MEMORANDUM),0.04,True,AR
16-35113-000,9/29/1992,0.0,WD(WARRANTY DEED),0.04,True,AR
16-35113-000,7/6/1988,43500.0,WD(WARRANTY DEED),0.04,True,AR
16-35113-000,6/3/1988,74000.0,WD(WARRANTY DEED),0.04,True,AR
16-35113-000,6/28/1983,0.0,CONT(CONTRACT),0.04,True,AR
16-35114-000,5/12/2020,140000.0,TRWD(TRUSTEES WARRANTY DEED),0.04,True,AR
16-35114-000,7/26/2007,0.0,QCD(QUITCLAIM DEED),0.04,True,AR
16-35114-000,2/22/2006,128000.0,WD(WARRANTY DEED),0.04,True,AR
16-35114-000,7/26/2004,109000.0,WD(WARRANTY DEED),0.04,True,AR
16-35114-000,10/23/2000,85000.0,WD(WARRANTY DEED),0.04,True,AR
16-35114-000,1/13/1995,83000.0,WD(WARRANTY DEED),0.04,True,AR
16-35114-000,1/13/1995,0.0,MEMO(MEMORANDUM),0.04,True,AR
16-35114-000,9/30/1994,0.0,QCD(QUITCLAIM DEED),0.04,True,AR
16-35114-000,10/18/1979,84000.0,WD(WARRANTY DEED),0.04,True,AR
16-35115-000,10/5/2022,0.0,QCD(QUITCLAIM DEED),0.03,True,AR
16-35115-000,9/24/2021,0.0,QCD(QUITCLAIM DEED),0.03,True,AR
16-35115-000,7/8/2021,159000.0,WD(WARRANTY DEED),0.03,True,AR
16-35115-000,9/26/2017,97000.0,WD(WARRANTY DEED),0.03,True,AR
16-35115-000,6/20/2005,88000.0,WD(WARRANTY DEED),0.03,True,AR
16-35115-000,3/15/2004,74000.0,WD(WARRANTY DEED),0.03,True,AR
16-35115-000,12/10/1999,70000.0,WD(WARRANTY DEED),0.03,True,AR
16-35115-000,10/8/1997,69000.0,WD(WARRANTY DEED),0.03,True,AR
16-35115-000,10/8/1997,0.0,HIST(HISTORICAL),0.03,True,AR
16-35115-000,4/17/1996,0.0,QCD(QUITCLAIM DEED),0.03,True,AR
16-35115-000,9/25/1995,68000.0,WD(WARRANTY DEED),0.03,True,AR
16-35115-000,6/28/1993,64000.0,WD(WARRANTY DEED),0.03,True,AR
16-35115-000,8/11/1986,0.0,WD(WARRANTY DEED),0.03,True,AR
16-35115-000,10/18/1979,0.0,WD(WARRANTY DEED),0.03,True,AR
16-35116-000,2/7/2020,128000.0,WD(WARRANTY DEED),0.03,True,AR
16-35116-000,3/8/2017,90000.0,WD(WARRANTY DEED),0.03,True,AR
16-35116-000,4/25/2006,0.0,WD(WARRANTY DEED),0.03,True,AR
16-35116-000,7/15/2004,80000.0,WD(WARRANTY DEED),0.03,True,AR
16-35116-000,3/15/1999,69000.0,WD(WARRANTY DEED),0.03,True,AR
16-35116-000,3/31/1997,64000.0,WD(WARRANTY DEED),0.03,True,AR
16-35116-000,9/5/1995,62000.0,WD(WARRANTY DEED),0.03,True,AR
16-35116-000,7/31/1992,47000.0,WD(WARRANTY DEED),0.03,True,AR
16-35116-000,5/5/1992,0.0,COMMD(COMMISSIONERS DEED),0.03,True,AR
16-35116-000,6/25/1987,40000.0,WD(WARRANTY DEED),0.03,True,AR
16-35116-000,7/2/1980,70000.0,WD(WARRANTY DEED),0.03,True,AR
16-35117-000,6/4/2024,270000.0,WD(WARRANTY DEED),0.06,True,AR
16-35117-000,6/29/2018,93000.0,COMMD(COMMISSIONERS DEED),0.06,True,AR
16-35117-000,6/16/2008,0.0,WD(WARRANTY DEED),0.06,True,AR
16-35117-000,6/16/2008,0.0,WD(WARRANTY DEED),0.06,True,AR
16-35117-000,2/26/2001,0.0,QCD(QUITCLAIM DEED),0.06,True,AR
16-35117-000,2/20/2001,0.0,QCD(QUITCLAIM DEED),0.06,True,AR
16-35117-000,2/20/2001,0.0,QCD(QUITCLAIM DEED),0.06,True,AR
16-35117-000,11/30/2000,79000.0,WD(WARRANTY DEED),0.06,True,AR
16-35117-000,9/10/1992,0.0,WD(WARRANTY DEED),0.06,True,AR
16-35117-000,9/10/1992,0.0,DC(DEATH CERTIFICATE),0.06,True,AR
16-35117-000,9/10/1992,60000.0,WD(WARRANTY DEED),0.06,True,AR
16-35117-000,1/7/1986,0.0,DC(DEATH CERTIFICATE),0.06,True,AR
16-35117-000,10/18/1979,71000.0,WD(WARRANTY DEED),0.06,True,AR
16-35117-000,12/29/1929,0.0,DC(DEATH CERTIFICATE),0.06,True,AR
16-35118-000,4/4/2024,0.0,BD(BENEFICIARY DEED),0.04,True,AR
16-35118-000,2/1/2021,124000.0,TRWD(TRUSTEES WARRANTY DEED),0.04,True,AR
16-35118-000,7/24/2020,0.0,OTHER(OTHER DOCUMENT),0.04,True,AR
16-35118-000,1/19/2007,0.0,WD(WARRANTY DEED),0.04,True,AR
16-35118-000,1/19/2007,0.0,CERT(CERTIFICATE),0.04,True,AR
16-35118-000,11/5/2004,80000.0,WD(WARRANTY DEED),0.04,True,AR
16-35118-000,7/1/2003,0.0,QCD(QUITCLAIM DEED),0.04,True,AR
16-35118-000,11/13/1997,0.0,WD(WARRANTY DEED),0.04,True,AR
16-35118-000,11/12/1997,0.0,WD(WARRANTY DEED),0.04,True,AR
16-35118-000,6/22/1987,66000.0,WD(WARRANTY DEED),0.04,True,AR
16-35118-000,5/10/1984,0.0,QCD(QUITCLAIM DEED),0.04,True,AR
16-35119-000,3/9/2022,225000.0,WD(WARRANTY DEED),0.03,True,AR
16-35119-000,2/25/2021,159000.0,WD(WARRANTY DEED),0.03,True,AR
16-35119-000,3/27/2015,74000.0,WD(WARRANTY DEED),0.03,True,AR
16-35119-000,9/8/2003,82000.0,WD(WARRANTY DEED),0.03,True,AR
16-35119-000,8/8/2001,147000.0,WD(WARRANTY DEED),0.03,True,AR
16-35119-000,8/30/1995,63000.0,WD(WARRANTY DEED),0.03,True,AR
16-35119-000,7/6/1993,68000.0,WD(WARRANTY DEED),0.03,True,AR
16-35119-000,4/23/1980,86000.0,WD(WARRANTY DEED),0.03,True,AR
16-35120-000,2/27/2023,246000.0,TRWD(TRUSTEES WARRANTY DEED),0.04,True,AR
16-35120-000,9/29/2022,0.0,CERT(CERTIFICATE),0.04,True,AR
16-35120-000,11/13/2016,0.0,DC(DEATH CERTIFICATE),0.04,True,AR
16-35120-000,10/10/2016,0.0,WD(WARRANTY DEED),0.04,True,AR
16-35120-000,12/11/2015,0.0,DC(DEATH CERTIFICATE),0.04,True,AR
16-35120-000,3/27/2013,74000.0,WD(WARRANTY DEED),0.04,True,AR
16-35120-000,9/25/2006,0.0,CERT(CERTIFICATE),0.04,True,AR
16-35120-000,8/31/2005,0.0,DC(DEATH CERTIFICATE),0.04,True,AR
16-35120-000,3/16/2004,78000.0,WD(WARRANTY DEED),0.04,True,AR
16-35120-000,8/8/2001,147000.0,WD(WARRANTY DEED),0.04,True,AR
16-35120-000,12/22/1997,76000.0,WD(WARRANTY DEED),0.04,True,AR
16-35120-000,11/2/1994,0.0,WD(WARRANTY DEED),0.04,True,AR
16-35120-000,11/2/1994,67000.0,WD(WARRANTY DEED),0.04,True,AR
16-35120-000,4/2/1992,65000.0,WD(WARRANTY DEED),0.04,True,AR
16-35120-000,4/10/1980,84000.0,WD(WARRANTY DEED),0.04,True,AR
16-35121-000,8/16/2019,0.0,CERT(CERTIFICATE),0.06,True,AR
16-35121-000,5/8/2015,0.0,AFF(AFFIDAVIT),0.06,True,AR
16-35121-000,6/12/2014,0.0,QCD(QUITCLAIM DEED),0.06,True,AR
16-35121-000,1/4/2008,0.0,ML(MARRIAGE LICENSE),0.06,True,AR
16-35121-000,2/6/2004,83000.0,WD(WARRANTY DEED),0.06,True,AR
16-35121-000,8/3/1998,0.0,WD(WARRANTY DEED),0.06,True,AR
16-35121-000,8/3/1998,60000.0,WD(WARRANTY DEED),0.06,True,AR
16-35121-000,3/26/1998,0.0,HIST(HISTORICAL),0.06,True,AR
16-35121-000,1/3/1996,0.0,DC(DEATH CERTIFICATE),0.06,True,AR
16-35121-000,4/23/1980,0.0,WD(WARRANTY DEED),0.06,True,AR
16-35122-000,9/25/2024,0.0,AFF(AFFIDAVIT),0.03,True,AR
16-35122-000,5/26/2021,125000.0,WD(WARRANTY DEED),0.03,True,AR
16-35122-000,5/18/2005,78000.0,WD(WARRANTY DEED),0.03,True,AR
16-35122-000,7/11/2003,72000.0,WD(WARRANTY DEED),0.03,True,AR
16-35122-000,11/3/1998,65000.0,WD(WARRANTY DEED),0.03,True,AR
16-35122-000,10/31/1996,69000.0,WD(WARRANTY DEED),0.03,True,AR
16-35122-000,10/31/1996,0.0,QCD(QUITCLAIM DEED),0.03,True,AR
16-35122-000,5/11/1987,68000.0,WD(WARRANTY DEED),0.03,True,AR
16-35122-000,10/18/1979,70000.0,HIST(HISTORICAL),0.03,True,AR
16-35123-000,9/11/2023,215000.0,WD(WARRANTY DEED),0.03,True,AR
16-35123-000,4/3/2023,0.0,QCD(QUITCLAIM DEED),0.03,True,AR
16-35123-000,8/14/2021,130000.0,WD(WARRANTY DEED),0.03,True,AR
16-35123-000,11/10/2011,65000.0,TRWD(TRUSTEES WARRANTY DEED),0.03,True,AR
16-35123-000,4/20/2001,0.0,QCD(QUITCLAIM DEED),0.03,True,AR
16-35123-000,4/5/2001,0.0,QCD(QUITCLAIM DEED),0.03,True,AR
16-35123-000,11/12/1993,69000.0,WD(WARRANTY DEED),0.03,True,AR
16-35123-000,2/24/1987,81000.0,WD(WARRANTY DEED),0.03,True,AR
16-35123-000,2/9/1987,60000.0,WD(WARRANTY DEED),0.03,True,AR
16-35123-000,6/25/1980,81000.0,WD(WARRANTY DEED),0.03,True,AR
16-35124-000,9/1/2021,235000.0,WD(WARRANTY DEED),0.08,True,AR
16-35124-000,12/2/2020,140000.0,WD(WARRANTY DEED),0.08,True,AR
16-35124-000,5/24/2012,95000.0,WD(WARRANTY DEED),0.08,True,AR
16-35124-000,5/24/2012,0.0,MEMO(MEMORANDUM),0.08,True,AR
16-35124-000,11/21/1989,91000.0,WD(WARRANTY DEED),0.08,True,AR
16-35124-000,4/27/1988,0.0,WD(WARRANTY DEED),0.08,True,AR
16-35124-000,10/18/1979,80000.0,WD(WARRANTY DEED),0.08,True,AR
16-35125-000,2/16/1981,0.0,WD(WARRANTY DEED),2.6,True,AR
16-35125-001,0,0.0,0,0.85,False,AR
16-35125-001,0,0.0,0,0.85,False,AR
16-35125-001,0,0.0,0,0.85,False,AR
16-35125-001,,0.0,0,0.85,False,AR
16-35125-001,,0.06193,0.06193,0.85,False,AR
16-35126-000,11/21/2019,0.0,QCD(QUITCLAIM DEED),0.04,True,AR
16-35126-000,7/14/2017,3000.0,WD(WARRANTY DEED),0.04,True,AR
16-35126-000,7/17/2008,0.0,QCD(QUITCLAIM DEED),0.04,True,AR
16-35126-000,3/1/2006,89000.0,WD(WARRANTY DEED),0.04,True,AR
16-35126-000,8/14/1992,55000.0,WD(WARRANTY DEED),0.04,True,AR
16-35126-000,8/27/1980,78000.0,WD(WARRANTY DEED),0.04,True,AR
16-35127-000,9/23/2022,0.0,BD(BENEFICIARY DEED),0.03,True,AR
16-35127-000,9/10/2021,208000.0,WD(WARRANTY DEED),0.03,True,AR
16-35127-000,9/18/2020,184000.0,WD(WARRANTY DEED),0.03,True,AR
16-35127-000,7/14/2017,3000.0,WD(WARRANTY DEED),0.03,True,AR
16-35127-000,12/1/2013,0.0,DC(DEATH CERTIFICATE),0.03,True,AR
16-35127-000,9/1/2010,68000.0,WD(WARRANTY DEED),0.03,True,AR
16-35127-000,6/18/2004,82000.0,WD(WARRANTY DEED),0.03,True,AR
16-35127-000,8/17/1995,68000.0,WD(WARRANTY DEED),0.03,True,AR
16-35127-000,10/26/1987,72000.0,WD(WARRANTY DEED),0.03,True,AR
16-35127-000,8/13/1981,86000.0,WD(WARRANTY DEED),0.03,True,AR
16-35128-000,7/12/2023,0.0,QCD(QUITCLAIM DEED),0.03,True,AR
16-35128-000,2/25/2020,173000.0,WD(WARRANTY DEED),0.03,True,AR
16-35128-000,7/14/2017,3000.0,WD(WARRANTY DEED),0.03,True,AR
16-35128-000,7/11/2017,0.0,WD(WARRANTY DEED),0.03,True,AR
16-35128-000,12/16/2011,0.0,OTHER(OTHER DOCUMENT),0.03,True,AR
16-35128-000,4/21/1998,0.0,WD(WARRANTY DEED),0.03,True,AR
16-35128-000,12/21/1993,0.0,WD(WARRANTY DEED),0.03,True,AR
16-35128-000,9/2/1993,68000.0,WD(WARRANTY DEED),0.03,True,AR
16-35128-000,9/2/1993,56000.0,WD(WARRANTY DEED),0.03,True,AR
16-35128-000,8/27/1980,0.0,WD(WARRANTY DEED),0.03,True,AR
16-35129-000,7/9/2018,0.0,WD(WARRANTY DEED),0.04,True,AR
16-35129-000,7/28/2017,0.0,RD(REDEMPTION DEED),0.04,True,AR
16-35129-000,7/14/2017,3000.0,WD(WARRANTY DEED),0.04,True,AR
16-35129-000,11/4/2007,0.0,OTHER(OTHER DOCUMENT),0.04,True,AR
16-35129-000,8/27/1980,2000.0,WD(WARRANTY DEED),0.04,True,AR
16-35130-000,5/12/2021,125000.0,WD(WARRANTY DEED),0.05,True,AR
16-35130-000,3/17/2017,124000.0,WD(WARRANTY DEED),0.05,True,AR
16-35130-000,6/29/2007,114000.0,WD(WARRANTY DEED),0.05,True,AR
16-35130-000,11/15/2002,97000.0,WD(WARRANTY DEED),0.05,True,AR
16-35130-000,3/17/1994,73000.0,WD(WARRANTY DEED),0.05,True,AR
16-35130-000,3/17/1994,0.0,QCD(QUITCLAIM DEED),0.05,True,AR
16-35130-000,10/15/1980,98000.0,WD(WARRANTY DEED),0.05,True,AR
16-35131-000,9/26/2022,0.0,WD(WARRANTY DEED),0.03,True,AR
16-35131-000,2/1/2022,183000.0,WD(WARRANTY DEED),0.03,True,AR
16-35131-000,10/11/2019,89000.0,WD(WARRANTY DEED),0.03,True,AR
16-35131-000,10/11/2019,0.0,BD(BENEFICIARY DEED),0.03,True,AR
16-35131-000,2/15/2019,0.0,BD(BENEFICIARY DEED),0.03,True,AR
16-35131-000,9/6/2017,0.0,WD(WARRANTY DEED),0.03,True,AR
16-35131-000,5/12/2017,0.0,DC(DEATH CERTIFICATE),0.03,True,AR
16-35131-000,11/28/2005,90000.0,WD(WARRANTY DEED),0.03,True,AR
16-35131-000,2/16/2000,0.0,DC(DEATH CERTIFICATE),0.03,True,AR
16-35131-000,4/3/1998,54000.0,WD(WARRANTY DEED),0.03,True,AR
16-35131-000,10/5/1993,56000.0,WD(WARRANTY DEED),0.03,True,AR
16-35131-000,1/25/1983,0.0,QCD(QUITCLAIM DEED),0.03,True,AR
16-35132-000,6/9/2022,200000.0,WD(WARRANTY DEED),0.03,True,AR
16-35132-000,4/24/2018,100000.0,WD(WARRANTY DEED),0.03,True,AR
16-35132-000,11/21/2014,79000.0,WD(WARRANTY DEED),0.03,True,AR
16-35132-000,9/12/2007,0.0,WD(WARRANTY DEED),0.03,True,AR
16-35132-000,10/27/2005,87000.0,WD(WARRANTY DEED),0.03,True,AR
16-35132-000,2/21/2001,0.0,WD(WARRANTY DEED),0.03,True,AR
16-35132-000,2/21/2001,70000.0,QCD(QUITCLAIM DEED),0.03,True,AR
16-35132-000,10/23/1995,0.0,QCD(QUITCLAIM DEED),0.03,True,AR
16-35132-000,9/20/1995,66000.0,WD(WARRANTY DEED),0.03,True,AR
16-35132-000,1/5/1993,50000.0,WD(WARRANTY DEED),0.03,True,AR
16-35132-000,3/17/1982,77000.0,WD(WARRANTY DEED),0.03,True,AR
16-35133-000,8/19/2022,240000.0,WD(WARRANTY DEED),0.05,True,AR
16-35133-000,10/24/2020,0.0,BD(BENEFICIARY DEED),0.05,True,AR
16-35133-000,8/16/2016,0.0,QCD(QUITCLAIM DEED),0.05,True,AR
16-35133-000,5/26/2011,68000.0,WD(WARRANTY DEED),0.05,True,AR
16-35133-000,5/2/2002,77000.0,WD(WARRANTY DEED),0.05,True,AR
16-35133-000,5/1/1989,67000.0,WD(WARRANTY DEED),0.05,True,AR
16-35133-000,8/24/1984,0.0,WD(WARRANTY DEED),0.05,True,AR
16-35134-000,7/12/2024,250000.0,WD(WARRANTY DEED),0.06,True,AR
16-35134-000,3/31/2024,0.0,DC(DEATH CERTIFICATE),0.06,True,AR
16-35134-000,11/20/2017,0.0,WD(WARRANTY DEED),0.06,True,AR
16-35134-000,12/10/2009,71000.0,WD(WARRANTY DEED),0.06,True,AR
16-35134-000,6/5/2006,0.0,QCD(QUITCLAIM DEED),0.06,True,AR
16-35134-000,5/22/2006,109000.0,WD(WARRANTY DEED),0.06,True,AR
16-35134-000,5/17/2006,0.0,TRAG(TRUST AGREEMENT),0.06,True,AR
16-35134-000,10/10/2002,0.0,QCD(QUITCLAIM DEED),0.06,True,AR
16-35134-000,1/18/1998,0.0,DC(DEATH CERTIFICATE),0.06,True,AR
16-35134-000,8/22/1988,0.0,QCD(QUITCLAIM DEED),0.06,True,AR
16-35134-000,5/19/1988,0.0,QCD(QUITCLAIM DEED),0.06,True,AR
16-35134-000,8/27/1980,93000.0,WD(WARRANTY DEED),0.06,True,AR
16-35135-000,2/2/2023,235000.0,TRWD(TRUSTEES WARRANTY DEED),0.06,True,AR
16-35135-000,4/6/2022,0.0,CERT(CERTIFICATE),0.06,True,AR
16-35135-000,12/15/2016,0.0,WD(WARRANTY DEED),0.06,True,AR
16-35135-000,12/15/2016,0.0,CERT(CERTIFICATE),0.06,True,AR
16-35135-000,11/10/2003,95000.0,WD(WARRANTY DEED),0.06,True,AR
16-35135-000,1/29/2003,0.0,WD(WARRANTY DEED),0.06,True,AR
16-35135-000,1/24/2003,0.0,CERT(CERTIFICATE),0.06,True,AR
16-35135-000,3/8/2002,0.0,DC(DEATH CERTIFICATE),0.06,True,AR
16-35135-000,11/2/1998,95000.0,WD(WARRANTY DEED),0.06,True,AR
16-35135-000,8/27/1980,89000.0,WD(WARRANTY DEED),0.06,True,AR
16-35136-000,5/14/2021,100000.0,WD(WARRANTY DEED),0.05,True,AR
16-35136-000,5/12/2015,55000.0,WD(WARRANTY DEED),0.05,True,AR
16-35136-000,3/6/2015,0.0,DC(DEATH CERTIFICATE),0.05,True,AR
16-35136-000,9/11/1995,54000.0,WD(WARRANTY DEED),0.05,True,AR
16-35136-000,6/22/1993,59000.0,WD(WARRANTY DEED),0.05,True,AR
16-35136-000,6/16/1993,0.0,AMEND(AMENDMENT),0.05,True,AR
16-35136-000,8/27/1980,83000.0,WD(WARRANTY DEED),0.05,True,AR
16-35137-000,4/13/2021,150000.0,WD(WARRANTY DEED),0.05,True,AR
16-35137-000,4/11/2019,82000.0,FD(FIDUCIARY DEED),0.05,True,AR
16-35137-000,3/28/2019,0.0,OR(ORDER),0.05,True,AR
16-35137-000,10/13/2018,0.0,DC(DEATH CERTIFICATE),0.05,True,AR
16-35137-000,7/23/2008,0.0,DC(DEATH CERTIFICATE),0.05,True,AR
16-35137-000,4/16/2007,87000.0,WD(WARRANTY DEED),0.05,True,AR
16-35137-000,10/12/2004,0.0,WD(WARRANTY DEED),0.05,True,AR
16-35137-000,10/7/2004,70000.0,WD(WARRANTY DEED),0.05,True,AR
16-35137-000,8/12/1993,61000.0,WD(WARRANTY DEED),0.05,True,AR
16-35137-000,7/24/1991,53000.0,WD(WARRANTY DEED),0.05,True,AR
16-35137-000,4/24/1991,0.0,WD(WARRANTY DEED),0.05,True,AR
16-35137-000,8/27/1980,89000.0,WD(WARRANTY DEED),0.05,True,AR
16-35138-000,1/8/2025,242000.0,WD(WARRANTY DEED),0.03,True,AR
16-35138-000,1/24/2018,79000.0,WD(WARRANTY DEED),0.03,True,AR
16-35138-000,12/6/2001,63000.0,WD(WARRANTY DEED),0.03,True,AR
16-35138-000,5/20/1998,51000.0,WD(WARRANTY DEED),0.03,True,AR
16-35138-000,7/11/1988,0.0,WD(WARRANTY DEED),0.03,True,AR
16-35138-000,1/4/1982,87000.0,WD(WARRANTY DEED),0.03,True,AR
16-35139-000,8/29/2014,51000.0,WD(WARRANTY DEED),0.02,True,AR
16-35139-000,12/9/2005,0.0,TRAG(TRUST AGREEMENT),0.02,True,AR
16-35139-000,4/5/1996,0.0,WD(WARRANTY DEED),0.02,True,AR
16-35139-000,3/24/1993,52000.0,WD(WARRANTY DEED),0.02,True,AR
16-35139-000,8/27/1980,0.0,WD(WARRANTY DEED),0.02,True,AR
16-35140-000,6/28/2005,0.0,QCD(QUITCLAIM DEED),0.02,True,WI
16-35140-000,2/17/1999,0.0,CORRWD(CORRECTED WARRANTY DEED),0.02,True,WI
16-35140-000,12/2/1998,64000.0,WD(WARRANTY DEED),0.02,True,WI
16-35140-000,3/21/1996,54000.0,WD(WARRANTY DEED),0.02,True,WI
16-35140-000,12/3/1990,60000.0,WD(WARRANTY DEED),0.02,True,WI
16-35140-000,9/11/1983,75000.0,WD(WARRANTY DEED),0.02,True,WI
16-35141-000,6/1/2021,95000.0,WD(WARRANTY DEED),0.03,True,AR
16-35141-000,10/30/2020,70000.0,WD(WARRANTY DEED),0.03,True,AR
16-35141-000,1/21/2011,0.0,SWD(SPECIAL WARRANTY DEED),0.03,True,AR
16-35141-000,6/18/2010,0.0,SWD(SPECIAL WARRANTY DEED),0.03,True,AR
16-35141-000,6/18/2010,0.0,TRD(TRUSTEES DEED),0.03,True,AR
16-35141-000,4/24/2007,85000.0,WD(WARRANTY DEED),0.03,True,AR
16-35141-000,8/11/2004,80000.0,WD(WARRANTY DEED),0.03,True,AR
16-35141-000,6/6/2001,50000.0,WD(WARRANTY DEED),0.03,True,AR
16-35141-000,5/30/1995,57000.0,WD(WARRANTY DEED),0.03,True,AR
16-35141-000,10/2/1987,57000.0,WD(WARRANTY DEED),0.03,True,AR
16-35141-000,10/23/1980,73000.0,WD(WARRANTY DEED),0.03,True,AR
16-35142-000,11/20/2020,5000.0,WD(WARRANTY DEED),0.05,True,AR
16-35142-000,2/7/2017,0.0,QCD(QUITCLAIM DEED),0.05,True,AR
16-35142-000,10/15/2015,0.0,DC(DEATH CERTIFICATE),0.05,True,AR
16-35142-000,10/13/2015,0.0,DC(DEATH CERTIFICATE),0.05,True,AR
16-35142-000,1/14/2013,0.0,QCD(QUITCLAIM DEED),0.05,True,AR
16-35142-000,10/26/2012,0.0,CERT(CERTIFICATE),0.05,True,AR
16-35142-000,8/14/1981,0.0,HIST(HISTORICAL),0.05,True,AR
16-35143-000,7/6/2018,0.0,AFF(AFFIDAVIT),0.03,True,AR
16-35143-000,6/2/2018,85000.0,WD(WARRANTY DEED),0.03,True,AR
16-35143-000,7/15/2009,45000.0,WD(WARRANTY DEED),0.03,True,AR
16-35143-000,1/6/2009,0.0,MTG-D(MORTGAGEE'S DEED),0.03,True,AR
16-35143-000,3/7/2001,56000.0,WD(WARRANTY DEED),0.03,True,AR
16-35143-000,3/16/2000,0.0,MEMO(MEMORANDUM),0.03,True,AR
16-35143-000,9/25/1996,0.0,QCD(QUITCLAIM DEED),0.03,True,AR
16-35143-000,8/23/1996,0.0,QCD(QUITCLAIM DEED),0.03,True,AR
16-35143-000,12/28/1995,54000.0,WD(WARRANTY DEED),0.03,True,AR
16-35143-000,4/28/1995,0.0,DC(DEATH CERTIFICATE),0.03,True,AR
16-35143-000,8/27/1980,78000.0,WD(WARRANTY DEED),0.03,True,AR
16-35144-000,7/6/2023,235000.0,WD(WARRANTY DEED),0.03,True,AR
16-35144-000,2/6/2023,0.0,OBIT(OBITUARY),0.03,True,AR
16-35144-000,11/7/2016,0.0,WD(WARRANTY DEED),0.03,True,AR
16-35144-000,10/27/2016,0.0,BD(BENEFICIARY DEED),0.03,True,AR
16-35144-000,10/27/2016,0.0,BD(BENEFICIARY DEED),0.03,True,AR
16-35144-000,10/27/2016,0.0,BD(BENEFICIARY DEED),0.03,True,AR
16-35144-000,10/23/1995,0.0,WD(WARRANTY DEED),0.03,True,AR
16-35144-000,7/9/1993,53000.0,WD(WARRANTY DEED),0.03,True,AR
16-35144-000,4/9/1992,0.0,DC(DEATH CERTIFICATE),0.03,True,AR
16-35144-000,10/14/1991,53000.0,WD(WARRANTY DEED),0.03,True,AR
16-35144-000,12/14/1990,0.0,COMMD(COMMISSIONERS DEED),0.03,True,AR
16-35144-000,8/27/1980,78000.0,WD(WARRANTY DEED),0.03,True,AR
16-35145-000,7/11/2022,0.0,QCD(QUITCLAIM DEED),0.05,True,
16-35145-000,10/2/2017,0.0,ML(MARRIAGE LICENSE),0.05,True,
16-35145-000,6/2/2017,160000.0,WD(WARRANTY DEED),0.05,True,
16-35145-000,2/28/2014,110000.0,WD(WARRANTY DEED),0.05,True,
16-35145-000,9/6/1995,88333.0,WD(WARRANTY DEED),0.05,True,
16-35145-000,8/27/1980,88000.0,WD(WARRANTY DEED),0.05,True,
16-35146-000,2/16/1981,0.0,WD(WARRANTY DEED),1.41,True,AR
16-35146-001,0,0.0,0,0.49,False,AR
16-35146-001,0,0.0,0,0.49,False,AR
16-35146-001,0,0.0,0,0.49,False,AR
16-35146-001,,0.0,0,0.49,False,AR
16-35146-001,,0.06193,0.06193,0.49,False,AR
16-35147-000,2/17/2022,0.0,QCD(QUITCLAIM DEED),0.06,True,AR
16-35147-000,9/10/2021,394000.0,WD(WARRANTY DEED),0.06,True,AR
16-35147-000,2/11/2016,162000.0,WD(WARRANTY DEED),0.06,True,AR
16-35147-000,7/19/2009,0.0,DC(DEATH CERTIFICATE),0.06,True,AR
16-35147-000,11/24/2008,0.0,WD(WARRANTY DEED),0.06,True,AR
16-35147-000,7/17/2006,185000.0,WD(WARRANTY DEED),0.06,True,AR
16-35147-000,9/28/2000,113000.0,WD(WARRANTY DEED),0.06,True,AR
16-35147-000,5/25/1993,0.0,TRAG(TRUST AGREEMENT),0.06,True,AR
16-35147-000,5/11/1993,110000.0,WD(WARRANTY DEED),0.06,True,AR
16-35147-000,7/13/1984,0.0,WD(WARRANTY DEED),0.06,True,AR
16-35148-000,7/25/2024,0.0,WD(WARRANTY DEED),0.02,True,AR
16-35148-000,6/4/2021,288000.0,WD(WARRANTY DEED),0.02,True,AR
16-35148-000,5/19/2020,131000.0,EXD(EXECUTOR-EXECUTRIX DEED),0.02,True,AR
16-35148-000,3/4/2020,0.0,OR(ORDER),0.02,True,AR
16-35148-000,12/30/2019,0.0,OTHER(OTHER DOCUMENT),0.02,True,AR
16-35148-000,5/27/2003,91000.0,WD(WARRANTY DEED),0.02,True,AR
16-35148-000,9/14/1998,0.0,WD(WARRANTY DEED),0.02,True,AR
16-35148-000,9/3/1981,94000.0,WD(WARRANTY DEED),0.02,True,AR
16-35149-000,6/28/2021,284000.0,WD(WARRANTY DEED),0.02,True,OK
16-35149-000,6/28/2021,0.0,BD(BENEFICIARY DEED),0.02,True,OK
16-35149-000,7/1/2013,0.0,BD(BENEFICIARY DEED),0.02,True,OK
16-35149-000,2/9/2012,105000.0,WD(WARRANTY DEED),0.02,True,OK
16-35149-000,5/6/2003,0.0,WD(WARRANTY DEED),0.02,True,OK
16-35149-000,10/8/2002,0.0,QCD(QUITCLAIM DEED),0.02,True,OK
16-35149-000,10/2/1997,86000.0,WD(WARRANTY DEED),0.02,True,OK
16-35149-000,6/28/1996,79000.0,WD(WARRANTY DEED),0.02,True,OK
16-35149-000,8/5/1991,0.0,WD(WARRANTY DEED),0.02,True,OK
16-35149-000,8/5/1991,0.0,TRAG(TRUST AGREEMENT),0.02,True,OK
16-35149-000,8/5/1991,0.0,TRAG(TRUST AGREEMENT),0.02,True,OK
16-35149-000,4/4/1990,75000.0,WD(WARRANTY DEED),0.02,True,OK
16-35149-000,9/18/1987,80000.0,WD(WARRANTY DEED),0.02,True,OK
16-35149-000,10/28/1985,86000.0,WD(WARRANTY DEED),0.02,True,OK
16-35149-000,4/1/1982,96000.0,WD(WARRANTY DEED),0.02,True,OK
16-35150-000,12/1/2004,0.0,WD(WARRANTY DEED),0.06,True,OK
16-35150-000,4/14/1981,106000.0,WD(WARRANTY DEED),0.06,True,OK
16-35151-000,5/3/2022,0.0,QCD(QUITCLAIM DEED),0.03,True,AR
16-35151-000,10/4/2018,125000.0,WD(WARRANTY DEED),0.03,True,AR
16-35151-000,3/31/2014,0.0,POA(POWER OF ATTORNEY),0.03,True,AR
16-35151-000,5/13/2005,0.0,DC(DEATH CERTIFICATE),0.03,True,AR
16-35151-000,5/18/2004,103000.0,CORRWD(CORRECTED WARRANTY DEED),0.03,True,AR
16-35151-000,4/12/2004,103000.0,WD(WARRANTY DEED),0.03,True,AR
16-35151-000,6/10/1999,93000.0,WD(WARRANTY DEED),0.03,True,AR
16-35151-000,2/23/1998,0.0,MEMO(MEMORANDUM),0.03,True,AR
16-35151-000,2/23/1998,0.0,QCD(QUITCLAIM DEED),0.03,True,AR
16-35151-000,8/7/1995,83000.0,WD(WARRANTY DEED),0.03,True,AR
16-35151-000,9/7/1994,0.0,WD(WARRANTY DEED),0.03,True,AR
16-35151-000,2/22/1994,0.0,CORRWD(CORRECTED WARRANTY DEED),0.03,True,AR
16-35151-000,7/20/1993,72000.0,WD(WARRANTY DEED),0.03,True,AR
16-35151-000,11/6/1992,0.0,WD(WARRANTY DEED),0.03,True,AR
16-35151-000,10/29/1992,65000.0,WD(WARRANTY DEED),0.03,True,AR
16-35151-000,6/4/1987,65000.0,WD(WARRANTY DEED),0.03,True,AR
16-35152-000,12/19/2023,0.0,WD(WARRANTY DEED),0.02,True,AR
16-35152-000,9/22/2017,0.0,MEMO(MEMORANDUM),0.02,True,AR
16-35152-000,5/22/2017,0.0,QCD(QUITCLAIM DEED),0.02,True,AR
16-35152-000,7/9/2003,0.0,QCD(QUITCLAIM DEED),0.02,True,AR
16-35152-000,8/1/1994,69000.0,WD(WARRANTY DEED),0.02,True,AR
16-35152-000,3/3/1993,3000.0,WD(WARRANTY DEED),0.02,True,AR
16-35152-000,9/24/1990,0.0,QCD(QUITCLAIM DEED),0.02,True,AR
16-35152-000,9/21/1990,0.0,QCD(QUITCLAIM DEED),0.02,True,AR
16-35152-000,4/1/1986,0.0,WD(WARRANTY DEED),0.02,True,AR
16-35152-000,4/1/1986,0.0,WD(WARRANTY DEED),0.02,True,AR
16-35152-000,4/6/1981,81000.0,WD(WARRANTY DEED),0.02,True,AR
16-35153-000,2/19/2001,0.0,DC(DEATH CERTIFICATE),0.03,True,AR
16-35153-000,2/19/2001,0.0,DC(DEATH CERTIFICATE),0.03,True,AR
16-35153-000,8/9/1999,0.0,WD(WARRANTY DEED),0.03,True,AR
16-35153-000,8/5/1999,0.0,AB(ABSTRACT OF TRUST),0.03,True,AR
16-35153-000,7/26/1993,52000.0,WD(WARRANTY DEED),0.03,True,AR
16-35153-000,1/11/1993,0.0,COMMD(COMMISSIONERS DEED),0.03,True,AR
16-35153-000,7/14/1989,67000.0,WD(WARRANTY DEED),0.03,True,AR
16-35153-000,1/25/1989,80000.0,WD(WARRANTY DEED),0.03,True,AR
16-35153-000,3/19/1984,80000.0,WD(WARRANTY DEED),0.03,True,AR
16-35154-000,10/5/2021,396000.0,WD(WARRANTY DEED),0.06,True,CA
16-35154-000,10/15/2015,0.0,QCD(QUITCLAIM DEED),0.06,True,CA
16-35154-000,3/21/2014,152000.0,WD(WARRANTY DEED),0.06,True,CA
16-35154-000,3/21/2014,0.0,CORRWD(CORRECTED WARRANTY DEED),0.06,True,CA
16-35154-000,2/8/2014,0.0,AFF(AFFIDAVIT),0.06,True,CA
16-35154-000,6/27/2009,0.0,DC(DEATH CERTIFICATE),0.06,True,CA
16-35154-000,2/8/2008,0.0,CERT(CERTIFICATE),0.06,True,CA
16-35154-000,2/8/2008,0.0,WD(WARRANTY DEED),0.06,True,CA
16-35154-000,5/29/1996,114000.0,WD(WARRANTY DEED),0.06,True,CA
16-35154-000,7/14/1989,0.0,WD(WARRANTY DEED),0.06,True,CA
16-35154-000,4/6/1981,106000.0,WD(WARRANTY DEED),0.06,True,CA
16-35155-000,2/26/2021,0.0,QCD(QUITCLAIM DEED),0.02,True,AR
16-35155-000,3/19/2010,100000.0,WD(WARRANTY DEED),0.02,True,AR
16-35155-000,5/19/2003,96000.0,WD(WARRANTY DEED),0.02,True,AR
16-35155-000,11/12/2002,90000.0,WD(WARRANTY DEED),0.02,True,AR
16-35155-000,8/3/1994,0.0,AFF(AFFIDAVIT),0.02,True,AR
16-35155-000,5/20/1992,67000.0,WD(WARRANTY DEED),0.02,True,AR
16-35155-000,12/30/1986,72000.0,WD(WARRANTY DEED),0.02,True,AR
16-35155-000,5/26/1981,81000.0,WD(WARRANTY DEED),0.02,True,AR
16-35156-000,8/30/2017,0.0,WD(WARRANTY DEED),0.02,True,AR
16-35156-000,8/30/2017,0.0,CERT(CERTIFICATE),0.02,True,AR
16-35156-000,11/3/2004,0.0,QCD(QUITCLAIM DEED),0.02,True,AR
16-35156-000,5/13/1996,87000.0,WD(WARRANTY DEED),0.02,True,AR
16-35156-000,5/5/1991,42000.0,WD(WARRANTY DEED),0.02,True,AR
16-35156-000,11/7/1988,70000.0,WD(WARRANTY DEED),0.02,True,AR
16-35156-000,10/29/1986,103000.0,WD(WARRANTY DEED),0.02,True,AR
16-35156-000,3/31/1986,83000.0,WD(WARRANTY DEED),0.02,True,AR
16-35157-000,10/12/2015,0.0,QCD(QUITCLAIM DEED),0.06,True,NE
16-35157-000,10/12/2015,0.0,QCD(QUITCLAIM DEED),0.06,True,NE
16-35157-000,5/18/1998,120000.0,WD(WARRANTY DEED),0.06,True,NE
16-35157-000,5/5/1997,110000.0,WD(WARRANTY DEED),0.06,True,NE
16-35157-000,5/5/1997,0.0,AMEND(AMENDMENT),0.06,True,NE
16-35157-000,11/16/1989,0.0,WD(WARRANTY DEED),0.06,True,NE
16-35157-000,4/27/1981,0.0,WD(WARRANTY DEED),0.06,True,NE
16-35158-000,5/7/1987,0.0,WD(WARRANTY DEED),0.65,True,AR
16-35158-001,5/7/1987,0.0,WD(WARRANTY DEED),0.73,False,AR
16-35159-000,9/27/2021,0.0,WD(WARRANTY DEED),0.06,True,AR
16-35159-000,12/5/2020,0.0,DC(DEATH CERTIFICATE),0.06,True,AR
16-35159-000,8/11/2020,0.0,WD(WARRANTY DEED),0.06,True,AR
16-35159-000,8/11/2020,0.0,CERT(CERTIFICATE),0.06,True,AR
16-35159-000,3/5/2019,0.0,AFF(AFFIDAVIT),0.06,True,AR
16-35159-000,2/22/2019,141000.0,WD(WARRANTY DEED),0.06,True,AR
16-35159-000,6/19/2015,117000.0,WD(WARRANTY DEED),0.06,True,AR
16-35159-000,6/15/2015,0.0,CERT(CERTIFICATE),0.06,True,AR
16-35159-000,5/29/2015,0.0,DC(DEATH CERTIFICATE),0.06,True,AR
16-35159-000,10/12/2011,0.0,CERT(CERTIFICATE),0.06,True,AR
16-35159-000,11/3/1998,0.0,CERT(CERTIFICATE),0.06,True,AR
16-35159-000,11/3/1998,0.0,WD(WARRANTY DEED),0.06,True,AR
16-35159-000,6/3/1981,0.0,WD(WARRANTY DEED),0.06,True,AR
16-35160-000,10/16/2018,118000.0,WD(WARRANTY DEED),0.04,True,AR
16-35160-000,6/1/2018,108000.0,TRWD(TRUSTEES WARRANTY DEED),0.04,True,AR
16-35160-000,3/19/2003,0.0,WD(WARRANTY DEED),0.04,True,AR
16-35160-000,3/14/2003,0.0,CERT(CERTIFICATE),0.04,True,AR
16-35160-000,4/13/2000,0.0,WD(WARRANTY DEED),0.04,True,AR
16-35160-000,12/13/1999,79000.0,WD(WARRANTY DEED),0.04,True,AR
16-35160-000,12/10/1999,0.0,CERT(CERTIFICATE),0.04,True,AR
16-35160-000,9/22/1998,70000.0,WD(WARRANTY DEED),0.04,True,AR
16-35160-000,10/27/1995,0.0,WD(WARRANTY DEED),0.04,True,AR
16-35160-000,9/7/1995,63000.0,WD(WARRANTY DEED),0.04,True,AR
16-35160-000,4/9/1991,0.0,WD(WARRANTY DEED),0.04,True,AR
16-35160-000,2/26/1991,0.0,TRAG(TRUST AGREEMENT),0.04,True,AR
16-35160-000,5/15/1989,60000.0,WD(WARRANTY DEED),0.04,True,AR
16-35160-000,10/29/1981,84000.0,WD(WARRANTY DEED),0.04,True,AR
16-35161-000,5/9/2025,0.0,BD(BENEFICIARY DEED),0.06,True,AR
16-35161-000,10/3/2023,0.0,OBIT(OBITUARY),0.06,True,AR
16-35161-000,4/8/2016,124000.0,WD(WARRANTY DEED),0.06,True,AR
16-35161-000,1/19/2012,84000.0,WD(WARRANTY DEED),0.06,True,AR
16-35161-000,9/3/1998,95000.0,WD(WARRANTY DEED),0.06,True,AR
16-35161-000,6/23/1994,71000.0,WD(WARRANTY DEED),0.06,True,AR
16-35161-000,8/24/1991,0.0,TRAG(TRUST AGREEMENT),0.06,True,AR
16-35161-000,8/13/1991,70500.0,WD(WARRANTY DEED),0.06,True,AR
16-35161-000,10/4/1990,0.0,WD(WARRANTY DEED),0.06,True,AR
16-35161-000,4/19/1989,0.0,AFF(AFFIDAVIT),0.06,True,AR
16-35161-000,8/16/1988,0.0,DC(DEATH CERTIFICATE),0.06,True,AR
16-35161-000,10/28/1985,0.0,WD(WARRANTY DEED),0.06,True,AR
16-35161-000,5/2/1984,0.0,DC(DEATH CERTIFICATE),0.06,True,AR
16-35162-000,3/27/2015,0.0,WD(WARRANTY DEED),0.06,True,KS
16-35162-000,10/31/2005,0.0,DC(DEATH CERTIFICATE),0.06,True,KS
16-35162-000,12/6/1997,0.0,DC(DEATH CERTIFICATE),0.06,True,KS
16-35162-000,11/9/1993,0.0,QCD(QUITCLAIM DEED),0.06,True,KS
16-35162-000,11/19/1991,0.0,QCD(QUITCLAIM DEED),0.06,True,KS
16-35162-000,6/25/1981,100000.0,WD(WARRANTY DEED),0.06,True,KS
16-35163-000,2/25/2021,0.0,WD(WARRANTY DEED),0.02,True,AR
16-35163-000,2/25/2021,0.0,MEMO(MEMORANDUM),0.02,True,AR
16-35163-000,2/25/2021,125000.0,TRWD(TRUSTEES WARRANTY DEED),0.02,True,AR
16-35163-000,3/31/2018,0.0,WD(WARRANTY DEED),0.02,True,AR
16-35163-000,6/22/2017,70000.0,TRWD(TRUSTEES WARRANTY DEED),0.02,True,AR
16-35163-000,10/9/2013,0.0,WD(WARRANTY DEED),0.02,True,AR
16-35163-000,10/9/2013,0.0,CERT(CERTIFICATE),0.02,True,AR
16-35163-000,3/2/2012,55000.0,WD(WARRANTY DEED),0.02,True,AR
16-35163-000,2/11/2009,43000.0,WD(WARRANTY DEED),0.02,True,AR
16-35163-000,4/25/2008,0.0,MTG-D(MORTGAGEE'S DEED),0.02,True,AR
16-35163-000,8/21/2002,67000.0,WD(WARRANTY DEED),0.02,True,AR
16-35163-000,8/5/1994,67000.0,WD(WARRANTY DEED),0.02,True,AR
16-35163-000,12/14/1990,46000.0,WD(WARRANTY DEED),0.02,True,AR
16-35163-000,7/13/1984,0.0,WD(WARRANTY DEED),0.02,True,AR
16-35164-000,6/19/2024,0.0,WD(WARRANTY DEED),0.02,True,AR
16-35164-000,12/6/2019,116000.0,WD(WARRANTY DEED),0.02,True,AR
16-35164-000,10/4/2005,0.0,QCD(QUITCLAIM DEED),0.02,True,AR
16-35164-000,8/18/2005,85000.0,WD(WARRANTY DEED),0.02,True,AR
16-35164-000,6/6/2003,66000.0,WD(WARRANTY DEED),0.02,True,AR
16-35164-000,1/14/2003,0.0,QCD(QUITCLAIM DEED),0.02,True,AR
16-35164-000,11/14/2001,50000.0,WD(WARRANTY DEED),0.02,True,AR
16-35164-000,8/10/1989,50000.0,WD(WARRANTY DEED),0.02,True,AR
16-35164-000,4/14/1983,78000.0,WD(WARRANTY DEED),0.02,True,AR
16-35165-000,10/1/2020,115000.0,TRWD(TRUSTEES WARRANTY DEED),0.04,True,AR
16-35165-000,4/19/2005,0.0,WD(WARRANTY DEED),0.04,True,AR
16-35165-000,4/12/2005,0.0,TRAG(TRUST AGREEMENT),0.04,True,AR
16-35165-000,9/26/2002,70000.0,WD(WARRANTY DEED),0.04,True,AR
16-35165-000,8/16/1994,66000.0,WD(WARRANTY DEED),0.04,True,AR
16-35165-000,8/16/1994,0.0,MEMO(MEMORANDUM),0.04,True,AR
16-35165-000,8/16/1994,0.0,MEMO(MEMORANDUM),0.04,True,AR
16-35165-000,8/16/1994,0.0,CERT(CERTIFICATE),0.04,True,AR
16-35165-000,7/20/1981,0.0,WD(WARRANTY DEED),0.04,True,AR
16-35166-000,6/23/2017,108000.0,WD(WARRANTY DEED),0.05,True,TX
16-35166-000,4/22/2015,83000.0,WD(WARRANTY DEED),0.05,True,TX
16-35166-000,9/30/2005,84000.0,WD(WARRANTY DEED),0.05,True,TX
16-35166-000,5/1/2000,62000.0,WD(WARRANTY DEED),0.05,True,TX
16-35166-000,3/10/1993,61000.0,WD(WARRANTY DEED),0.05,True,TX
16-35166-000,9/7/1988,54000.0,WD(WARRANTY DEED),0.05,True,TX
16-35166-000,7/9/1981,86000.0,WD(WARRANTY DEED),0.05,True,TX
16-35167-000,4/19/2019,125000.0,WD(WARRANTY DEED),0.02,True,AR
16-35167-000,11/7/2017,37000.0,WD(WARRANTY DEED),0.02,True,AR
16-35167-000,6/1/2001,50000.0,WD(WARRANTY DEED),0.02,True,AR
16-35167-000,3/2/1995,0.0,RD(REDEMPTION DEED),0.02,True,AR
16-35167-000,12/6/1982,75000.0,WD(WARRANTY DEED),0.02,True,AR
16-35168-000,7/20/2023,1775000.0,WD(WARRANTY DEED),0.02,True,AR
16-35168-000,2/6/2018,0.0,QCD(QUITCLAIM DEED),0.02,True,AR
16-35168-000,4/21/2017,79000.0,TRD(TRUSTEES DEED),0.02,True,AR
16-35168-000,11/19/2009,73000.0,WD(WARRANTY DEED),0.02,True,AR
16-35168-000,1/29/2007,0.0,DC(DEATH CERTIFICATE),0.02,True,AR
16-35168-000,4/2/2002,0.0,WD(WARRANTY DEED),0.02,True,AR
16-35168-000,10/26/2001,57000.0,WD(WARRANTY DEED),0.02,True,AR
16-35168-000,9/6/1994,62000.0,WD(WARRANTY DEED),0.02,True,AR
16-35168-000,1/26/1994,0.0,WD(WARRANTY DEED),0.02,True,AR
16-35168-000,6/1/1982,81000.0,WD(WARRANTY DEED),0.02,True,AR
16-35169-000,6/2/2020,108000.0,WD(WARRANTY DEED),0.05,True,AR
16-35169-000,10/22/2007,88000.0,WD(WARRANTY DEED),0.05,True,AR
16-35169-000,12/6/2004,0.0,WD(WARRANTY DEED),0.05,True,AR
16-35169-000,3/24/2003,75000.0,WD(WARRANTY DEED),0.05,True,AR
16-35169-000,2/4/1994,60000.0,WD(WARRANTY DEED),0.05,True,AR
16-35169-000,11/18/1981,88000.0,WD(WARRANTY DEED),0.05,True,AR
16-35170-000,10/25/2019,98000.0,WD(WARRANTY DEED),0.04,True,AR
16-35170-000,8/14/1996,67000.0,WD(WARRANTY DEED),0.04,True,AR
16-35170-000,8/31/1992,56000.0,WD(WARRANTY DEED),0.04,True,AR
16-35170-000,7/13/1990,63000.0,WD(WARRANTY DEED),0.04,True,AR
16-35170-000,8/13/1981,2000.0,WD(WARRANTY DEED),0.04,True,AR
16-35171-000,5/22/2019,0.0,BD(BENEFICIARY DEED),0.04,True,MO
16-35171-000,5/20/2019,97000.0,WD(WARRANTY DEED),0.04,True,MO
16-35171-000,8/6/2001,69000.0,WD(WARRANTY DEED),0.04,True,MO
16-35171-000,8/6/2001,0.0,AFF(AFFIDAVIT),0.04,True,MO
16-35171-000,7/13/1998,0.0,CERT(CERTIFICATE),0.04,True,MO
16-35171-000,2/2/1998,0.0,QCD(QUITCLAIM DEED),0.04,True,MO
16-35171-000,5/20/1996,0.0,DC(DEATH CERTIFICATE),0.04,True,MO
16-35171-000,8/10/1993,0.0,QCD(QUITCLAIM DEED),0.04,True,MO
16-35171-000,3/27/1991,60000.0,WD(WARRANTY DEED),0.04,True,MO
16-35171-000,9/1/1981,89000.0,WD(WARRANTY DEED),0.04,True,MO
16-35172-000,11/19/2014,0.0,BD(BENEFICIARY DEED),0.05,True,MO
16-35172-000,10/22/2014,59000.0,WD(WARRANTY DEED),0.05,True,MO
16-35172-000,8/1/2001,74000.0,WD(WARRANTY DEED),0.05,True,MO
16-35172-000,4/24/1996,68000.0,WD(WARRANTY DEED),0.05,True,MO
16-35172-000,5/20/1994,68000.0,WD(WARRANTY DEED),0.05,True,MO
16-35172-000,12/8/1992,45000.0,WD(WARRANTY DEED),0.05,True,MO
16-35172-000,1/17/1992,0.0,WD(WARRANTY DEED),0.05,True,MO
16-35172-000,1/17/1992,0.0,DC(DEATH CERTIFICATE),0.05,True,MO
16-35172-000,5/9/1991,0.0,DC(DEATH CERTIFICATE),0.05,True,MO
16-35172-000,11/6/1989,72000.0,WD(WARRANTY DEED),0.05,True,MO
16-35172-000,7/6/1981,87000.0,WD(WARRANTY DEED),0.05,True,MO
16-35173-000,10/27/2023,265000.0,WD(WARRANTY DEED),0.09,True,CA
16-35173-000,2/5/2008,0.0,DC(DEATH CERTIFICATE),0.09,True,CA
16-35173-000,8/16/2005,138000.0,WD(WARRANTY DEED),0.09,True,CA
16-35173-000,12/4/2002,0.0,QCD(QUITCLAIM DEED),0.09,True,CA
16-35173-000,11/18/2002,0.0,QCD(QUITCLAIM DEED),0.09,True,CA
16-35173-000,10/11/1995,130000.0,WD(WARRANTY DEED),0.09,True,CA
16-35173-000,1/8/1993,0.0,WD(WARRANTY DEED),0.09,True,CA
16-35173-000,1/8/1993,0.0,TRAG(TRUST AGREEMENT),0.09,True,CA
16-35173-000,1/8/1993,0.0,TRAG(TRUST AGREEMENT),0.09,True,CA
16-35173-000,5/17/1985,125000.0,WD(WARRANTY DEED),0.09,True,CA
16-35174-000,5/7/1987,0.0,WD(WARRANTY DEED),1.98,True,AR
16-35174-001,5/7/1987,0.0,WD(WARRANTY DEED),0.29,False,AR
16-35175-000,4/22/2025,0.0,BD(BENEFICIARY DEED),0.08,True,AR
16-35175-000,7/31/2018,0.0,BD(BENEFICIARY DEED),0.08,True,AR
16-35175-000,10/17/2017,238000.0,WD(WARRANTY DEED),0.08,True,AR
16-35175-000,3/31/2016,110000.0,WD(WARRANTY DEED),0.08,True,AR
16-35175-000,7/19/2009,0.0,DC(DEATH CERTIFICATE),0.08,True,AR
16-35175-000,11/29/1999,144000.0,WD(WARRANTY DEED),0.08,True,AR
16-35175-000,5/8/1990,140000.0,WD(WARRANTY DEED),0.08,True,AR
16-35175-000,1/31/1990,140000.0,WD(WARRANTY DEED),0.08,True,AR
16-35175-000,9/16/1987,110000.0,WD(WARRANTY DEED),0.08,True,AR
16-35175-000,2/22/1982,0.0,WD(WARRANTY DEED),0.08,True,AR
16-35176-000,4/12/2016,0.0,WD(WARRANTY DEED),0.08,True,AR
16-35176-000,4/12/2016,0.0,CERT(CERTIFICATE),0.08,True,AR
16-35176-000,6/28/2004,107000.0,WD(WARRANTY DEED),0.08,True,AR
16-35176-000,6/26/1999,120000.0,WD(WARRANTY DEED),0.08,True,AR
16-35176-000,10/6/1998,96000.0,WD(WARRANTY DEED),0.08,True,AR
16-35176-000,5/3/1989,108000.0,WD(WARRANTY DEED),0.08,True,AR
16-35176-000,3/18/1982,0.0,WD(WARRANTY DEED),0.08,True,AR
16-35177-000,2/5/2025,0.0,WD(WARRANTY DEED),0.05,True,AR
16-35177-000,12/23/2024,240000.0,TRWD(TRUSTEES WARRANTY DEED),0.05,True,AR
16-35177-000,12/27/2016,0.0,WD(WARRANTY DEED),0.05,True,AR
16-35177-000,4/10/2015,95000.0,WD(WARRANTY DEED),0.05,True,AR
16-35177-000,12/30/2013,0.0,SWD(SPECIAL WARRANTY DEED),0.05,True,AR
16-35177-000,9/20/2013,0.0,MTG-D(MORTGAGEE'S DEED),0.05,True,AR
16-35177-000,5/21/2010,0.0,DC(DEATH CERTIFICATE),0.05,True,AR
16-35177-000,6/15/2006,105000.0,WD(WARRANTY DEED),0.05,True,AR
16-35177-000,3/1/2005,0.0,QCD(QUITCLAIM DEED),0.05,True,AR
16-35177-000,2/3/2005,0.0,CERT(CERTIFICATE),0.05,True,AR
16-35177-000,6/24/2003,0.0,QCD(QUITCLAIM DEED),0.05,True,AR
16-35177-000,9/13/2002,80000.0,WD(WARRANTY DEED),0.05,True,AR
16-35177-000,1/30/2002,0.0,QCD(QUITCLAIM DEED),0.05,True,AR
16-35177-000,6/1/2000,0.0,WD(WARRANTY DEED),0.05,True,AR
16-35177-000,4/21/1994,74000.0,WD(WARRANTY DEED),0.05,True,AR
16-35177-000,7/21/1987,78000.0,WD(WARRANTY DEED),0.05,True,AR
16-35177-000,3/22/1982,92000.0,WD(WARRANTY DEED),0.05,True,AR
16-35178-000,5/7/1987,0.0,WD(WARRANTY DEED),0.37,True,AR
16-35178-001,5/7/1987,0.0,WD(WARRANTY DEED),0.2,False,AR
16-35179-000,6/30/2017,245000.0,WD(WARRANTY DEED),0.09,True,AR
16-35179-000,9/5/2001,172000.0,WD(WARRANTY DEED),0.09,True,AR
16-35179-000,10/20/2000,0.0,WD(WARRANTY DEED),0.09,True,AR
16-35179-000,10/21/1992,0.0,WD(WARRANTY DEED),0.09,True,AR
16-35179-000,6/25/1985,0.0,WD(WARRANTY DEED),0.09,True,AR
16-35180-000,3/31/2022,400000.0,WD(WARRANTY DEED),0.06,True,AR
16-35180-000,9/22/2008,0.0,AFF(AFFIDAVIT),0.06,True,AR
16-35180-000,6/20/2008,200000.0,WD(WARRANTY DEED),0.06,True,AR
16-35180-000,10/18/2005,195000.0,WD(WARRANTY DEED),0.06,True,AR
16-35180-000,9/9/1998,0.0,WD(WARRANTY DEED),0.06,True,AR
16-35180-000,9/27/1990,130000.0,WD(WARRANTY DEED),0.06,True,AR
16-35180-000,4/11/1983,0.0,WD(WARRANTY DEED),0.06,True,AR
16-35181-000,5/26/2017,0.0,QCD(QUITCLAIM DEED),0.06,True,AR
16-35181-000,5/20/2016,184000.0,WD(WARRANTY DEED),0.06,True,AR
16-35181-000,9/28/2006,195000.0,WD(WARRANTY DEED),0.06,True,AR
16-35181-000,1/20/2006,191000.0,WD(WARRANTY DEED),0.06,True,AR
16-35181-000,2/5/2003,105000.0,WD(WARRANTY DEED),0.06,True,AR
16-35181-000,2/5/2003,0.0,POA(POWER OF ATTORNEY),0.06,True,AR
16-35181-000,8/9/2002,0.0,DC(DEATH CERTIFICATE),0.06,True,AR
16-35181-000,5/9/1983,0.0,WD(WARRANTY DEED),0.06,True,AR
16-35182-000,11/28/2017,210000.0,WD(WARRANTY DEED),0.06,True,AR
16-35182-000,6/17/2005,180000.0,WD(WARRANTY DEED),0.06,True,AR
16-35182-000,7/13/1989,140000.0,WD(WARRANTY DEED),0.06,True,AR
16-35182-000,4/11/1983,113000.0,WD(WARRANTY DEED),0.06,True,AR
16-35183-000,4/27/2010,0.0,BD(BENEFICIARY DEED),0.06,True,AR
16-35183-000,6/30/2008,188000.0,WD(WARRANTY DEED),0.06,True,AR
16-35183-000,3/7/2006,145000.0,WD(WARRANTY DEED),0.06,True,AR
16-35183-000,12/4/1990,0.0,HIST(HISTORICAL),0.06,True,AR
16-35183-000,12/4/1990,0.0,DC(DEATH CERTIFICATE),0.06,True,AR
16-35183-000,4/11/1983,0.0,WD(WARRANTY DEED),0.06,True,AR
16-35184-000,4/30/1987,0.0,WD(WARRANTY DEED),0.81,False,AR
16-35184-001,5/7/1987,0.0,WD(WARRANTY DEED),0.3,False,AR
16-35185-000,11/9/2023,0.0,CERT(CERTIFICATE),0.07,True,AR
16-35185-000,3/28/2022,0.0,CERT(CERTIFICATE),0.07,True,AR
16-35185-000,4/23/2021,185000.0,WD(WARRANTY DEED),0.07,True,AR
16-35185-000,7/11/2018,137000.0,WD(WARRANTY DEED),0.07,True,AR
16-35185-000,7/17/2014,106000.0,WD(WARRANTY DEED),0.07,True,AR
16-35185-000,12/31/2013,0.0,QCD(QUITCLAIM DEED),0.07,True,AR
16-35185-000,1/10/2007,0.0,OR(ORDER),0.07,True,AR
16-35185-000,9/28/2006,115000.0,EXD(EXECUTOR-EXECUTRIX DEED),0.07,True,AR
16-35185-000,6/14/1995,87000.0,WD(WARRANTY DEED),0.07,True,AR
16-35185-000,6/14/1995,0.0,AFF(AFFIDAVIT),0.07,True,AR
16-35185-000,6/8/1995,0.0,POA(POWER OF ATTORNEY),0.07,True,AR
16-35185-000,8/19/1992,79000.0,WD(WARRANTY DEED),0.07,True,AR
16-35185-000,8/19/1992,0.0,AFF(AFFIDAVIT),0.07,True,AR
16-35185-000,1/26/1992,0.0,DC(DEATH CERTIFICATE),0.07,True,AR
16-35185-000,12/9/1991,0.0,WD(WARRANTY DEED),0.07,True,AR
16-35185-000,1/21/1988,88000.0,WD(WARRANTY DEED),0.07,True,AR
16-35185-000,3/26/1987,101000.0,WD(WARRANTY DEED),0.07,True,AR
16-35185-000,1/13/1984,0.0,TRAG(TRUST AGREEMENT),0.07,True,AR
16-35186-000,4/7/2023,238000.0,WD(WARRANTY DEED),0.07,True,AR
16-35186-000,5/13/2008,108000.0,WD(WARRANTY DEED),0.07,True,AR
16-35186-000,6/30/2005,0.0,TRAG(TRUST AGREEMENT),0.07,True,AR
16-35186-000,11/30/2004,0.0,WD(WARRANTY DEED),0.07,True,AR
16-35186-000,5/3/2001,0.0,DC(DEATH CERTIFICATE),0.07,True,AR
16-35186-000,2/28/2001,0.0,WD(WARRANTY DEED),0.07,True,AR
16-35186-000,5/30/1996,0.0,POA(POWER OF ATTORNEY),0.07,True,AR
16-35186-000,10/28/1994,86000.0,WD(WARRANTY DEED),0.07,True,AR
16-35186-000,11/23/1987,88000.0,WD(WARRANTY DEED),0.07,True,AR
16-35186-000,11/3/1987,107000.0,WD(WARRANTY DEED),0.07,True,AR
16-35186-000,6/1/1983,108000.0,WD(WARRANTY DEED),0.07,True,AR
16-35187-000,3/7/2019,0.0,WD(WARRANTY DEED),0.06,True,AR
16-35187-000,4/16/2014,85000.0,WD(WARRANTY DEED),0.06,True,AR
16-35187-000,7/19/1983,87000.0,WD(WARRANTY DEED),0.06,True,AR
16-35188-000,8/5/2015,0.0,QCD(QUITCLAIM DEED),0.06,True,AR
16-35188-000,8/5/2015,0.0,CERT(CERTIFICATE),0.06,True,AR
16-35188-000,8/5/2010,82000.0,WD(WARRANTY DEED),0.06,True,AR
16-35188-000,7/20/2010,0.0,POA(POWER OF ATTORNEY),0.06,True,AR
16-35188-000,2/5/2007,111000.0,WD(WARRANTY DEED),0.06,True,AR
16-35188-000,11/2/2005,88000.0,WD(WARRANTY DEED),0.06,True,AR
16-35188-000,7/17/1997,74000.0,WD(WARRANTY DEED),0.06,True,AR
16-35188-000,7/17/1997,0.0,MEMO(MEMORANDUM),0.06,True,AR
16-35188-000,10/17/1991,0.0,QCD(QUITCLAIM DEED),0.06,True,AR
16-35188-000,7/30/1991,67000.0,WD(WARRANTY DEED),0.06,True,AR
16-35188-000,6/1/1983,0.0,WD(WARRANTY DEED),0.06,True,AR
16-35189-000,11/24/2020,0.0,WD(WARRANTY DEED),0.07,True,AR
16-35189-000,11/24/2020,0.0,CERT(CERTIFICATE),0.07,True,AR
16-35189-000,5/7/2015,99000.0,WD(WARRANTY DEED),0.07,True,AR
16-35189-000,8/29/2009,0.0,DC(DEATH CERTIFICATE),0.07,True,AR
16-35189-000,1/16/2007,110000.0,WD(WARRANTY DEED),0.07,True,AR
16-35189-000,6/16/2005,101000.0,WD(WARRANTY DEED),0.07,True,AR
16-35189-000,7/18/2001,93000.0,WD(WARRANTY DEED),0.07,True,AR
16-35189-000,12/1/1998,88000.0,WD(WARRANTY DEED),0.07,True,AR
16-35189-000,7/18/1996,0.0,POA(POWER OF ATTORNEY),0.07,True,AR
16-35189-000,4/15/1994,77000.0,WD(WARRANTY DEED),0.07,True,AR
16-35189-000,10/1/1987,82000.0,WD(WARRANTY DEED),0.07,True,AR
16-35189-000,6/9/1983,60000.0,WD(WARRANTY DEED),0.07,True,AR
16-35190-000,10/15/2020,0.0,DC(DEATH CERTIFICATE),0.06,True,AR
16-35190-000,10/12/2020,0.0,WD(WARRANTY DEED),0.06,True,AR
16-35190-000,10/12/2020,0.0,CERT(CERTIFICATE),0.06,True,AR
16-35190-000,11/16/2010,86000.0,WD(WARRANTY DEED),0.06,True,AR
16-35190-000,6/11/2009,85000.0,WD(WARRANTY DEED),0.06,True,AR
16-35190-000,3/25/2009,0.0,DC(DEATH CERTIFICATE),0.06,True,AR
16-35190-000,11/18/2005,0.0,QCD(QUITCLAIM DEED),0.06,True,AR
16-35190-000,11/16/2004,0.0,QCD(QUITCLAIM DEED),0.06,True,AR
16-35190-000,7/15/1993,62000.0,WD(WARRANTY DEED),0.06,True,AR
16-35190-000,8/1/1983,0.0,HIST(HISTORICAL),0.06,True,AR
16-35191-000,7/5/2017,95000.0,WD(WARRANTY DEED),0.06,True,AR
16-35191-000,4/5/2017,0.0,QCD(QUITCLAIM DEED),0.06,True,AR
16-35191-000,9/21/2016,0.0,DC(DEATH CERTIFICATE),0.06,True,AR
16-35191-000,1/23/2015,0.0,BD(BENEFICIARY DEED),0.06,True,AR
16-35191-000,6/22/2007,0.0,DC(DEATH CERTIFICATE),0.06,True,AR
16-35191-000,2/11/2005,90000.0,WD(WARRANTY DEED),0.06,True,AR
16-35191-000,2/11/2005,0.0,POA(POWER OF ATTORNEY),0.06,True,AR
16-35191-000,5/2/2001,88000.0,WD(WARRANTY DEED),0.06,True,AR
16-35191-000,10/28/1996,0.0,WD(WARRANTY DEED),0.06,True,AR
16-35191-000,10/28/1996,0.0,HIST(HISTORICAL),0.06,True,AR
16-35191-000,10/1/1983,81000.0,WD(WARRANTY DEED),0.06,True,AR
16-35192-000,5/30/2024,234000.0,WD(WARRANTY DEED),0.06,True,AR
16-35192-000,6/7/2021,0.0,QCD(QUITCLAIM DEED),0.06,True,AR
16-35192-000,5/28/2021,137000.0,WD(WARRANTY DEED),0.06,True,AR
16-35192-000,9/18/2020,0.0,OR(ORDER),0.06,True,AR
16-35192-000,8/18/2020,0.0,OTHER(OTHER DOCUMENT),0.06,True,AR
16-35192-000,9/7/2018,125000.0,WD(WARRANTY DEED),0.06,True,AR
16-35192-000,10/25/2016,77000.0,WD(WARRANTY DEED),0.06,True,AR
16-35192-000,6/6/2006,55000.0,QCD(QUITCLAIM DEED),0.06,True,AR
16-35192-000,1/20/2006,0.0,COMMD(COMMISSIONERS DEED),0.06,True,AR
16-35192-000,6/17/1992,68000.0,WD(WARRANTY DEED),0.06,True,AR
16-35192-000,6/1/1983,0.0,WD(WARRANTY DEED),0.06,True,AR
16-35193-000,3/3/2022,0.0,WD(WARRANTY DEED),0.06,True,AR
16-35193-000,3/3/2022,0.0,CERT(CERTIFICATE),0.06,True,AR
16-35193-000,4/15/2021,0.0,QCD(QUITCLAIM DEED),0.06,True,AR
16-35193-000,4/10/2017,90000.0,WD(WARRANTY DEED),0.06,True,AR
16-35193-000,10/21/2008,0.0,BD(BENEFICIARY DEED),0.06,True,AR
16-35193-000,9/28/2000,74000.0,WD(WARRANTY DEED),0.06,True,AR
16-35193-000,5/14/1998,0.0,DC(DEATH CERTIFICATE),0.06,True,AR
16-35193-000,8/2/1983,89000.0,WD(WARRANTY DEED),0.06,True,AR
16-35194-000,11/27/1996,0.0,MEMO(MEMORANDUM),0.06,True,AR
16-35194-000,11/27/1996,0.0,MEMO(MEMORANDUM),0.06,True,AR
16-35194-000,11/19/1996,70000.0,TRD(TRUSTEES DEED),0.06,True,AR
16-35194-000,12/16/1993,0.0,WD(WARRANTY DEED),0.06,True,AR
16-35194-000,9/23/1983,0.0,WD(WARRANTY DEED),0.06,True,AR
16-35195-000,5/7/1987,0.0,WD(WARRANTY DEED),0.93,True,AR
16-35195-001,5/7/1987,0.0,WD(WARRANTY DEED),0.43,False,AR
16-35196-000,6/6/2013,0.0,BD(BENEFICIARY DEED),0.06,True,AR
16-35196-000,9/1/2011,98667.0,WD(WARRANTY DEED),0.06,True,AR
16-35196-000,4/30/2009,86000.0,WD(WARRANTY DEED),0.06,True,AR
16-35196-000,9/6/2007,0.0,WD(WARRANTY DEED),0.06,True,AR
16-35196-000,1/2/2007,105000.0,WD(WARRANTY DEED),0.06,True,AR
16-35196-000,3/29/2006,93000.0,WD(WARRANTY DEED),0.06,True,AR
16-35196-000,9/3/2004,0.0,POA(POWER OF ATTORNEY),0.06,True,AR
16-35196-000,7/30/2002,78000.0,WD(WARRANTY DEED),0.06,True,AR
16-35196-000,1/29/2000,0.0,DC(DEATH CERTIFICATE),0.06,True,AR
16-35196-000,6/14/1999,0.0,WD(WARRANTY DEED),0.06,True,AR
16-35196-000,6/24/1994,63000.0,WD(WARRANTY DEED),0.06,True,AR
16-35196-000,2/22/1993,0.0,QCD(QUITCLAIM DEED),0.06,True,AR
16-35196-000,2/14/1990,0.0,DC(DEATH CERTIFICATE),0.06,True,AR
16-35196-000,11/10/1983,90000.0,WD(WARRANTY DEED),0.06,True,AR
16-35197-000,11/10/2008,0.0,TRD(TRUSTEES DEED),0.07,True,AR
16-35197-000,8/9/2008,0.0,OTHER(OTHER DOCUMENT),0.07,True,AR
16-35197-000,3/15/1999,0.0,DC(DEATH CERTIFICATE),0.07,True,AR
16-35197-000,7/17/1996,0.0,WD(WARRANTY DEED),0.07,True,AR
16-35197-000,7/10/1996,0.0,MEMO(MEMORANDUM),0.07,True,AR
16-35197-000,11/4/1991,66000.0,WD(WARRANTY DEED),0.07,True,AR
16-35197-000,7/28/1986,0.0,WD(WARRANTY DEED),0.07,True,AR
16-35197-000,9/30/1985,0.0,WD(WARRANTY DEED),0.07,True,AR
16-35197-000,5/30/1985,101000.0,WD(WARRANTY DEED),0.07,True,AR
16-35198-000,1/22/2014,0.0,DC(DEATH CERTIFICATE),0.1,True,AR
16-35198-000,12/29/2006,0.0,WD(WARRANTY DEED),0.1,True,AR
16-35198-000,8/2/1996,140000.0,WD(WARRANTY DEED),0.1,True,AR
16-35198-000,7/25/1990,98000.0,WD(WARRANTY DEED),0.1,True,AR
16-35198-000,10/28/1983,0.0,WD(WARRANTY DEED),0.1,True,AR
16-35199-000,12/14/2021,0.0,QCD(QUITCLAIM DEED),0.1,True,AR
16-35199-000,5/24/2019,170000.0,WD(WARRANTY DEED),0.1,True,AR
16-35199-000,2/27/2017,0.0,QCD(QUITCLAIM DEED),0.1,True,AR
16-35199-000,12/18/2016,0.0,DC(DEATH CERTIFICATE),0.1,True,AR
16-35199-000,3/19/2009,0.0,QCD(QUITCLAIM DEED),0.1,True,AR
16-35199-000,1/22/2009,0.0,QCD(QUITCLAIM DEED),0.1,True,AR
16-35199-000,10/3/2006,0.0,BD(BENEFICIARY DEED),0.1,True,AR
16-35199-000,9/27/2006,0.0,WD(WARRANTY DEED),0.1,True,AR
16-35199-000,5/1/2006,160000.0,WD(WARRANTY DEED),0.1,True,AR
16-35199-000,9/15/1995,125000.0,WD(WARRANTY DEED),0.1,True,AR
16-35199-000,9/23/1983,11000.0,WD(WARRANTY DEED),0.1,True,AR
16-35200-000,2/27/2025,0.0,QCD(QUITCLAIM DEED),0.07,True,AR
16-35200-000,7/26/2022,240000.0,WD(WARRANTY DEED),0.07,True,AR
16-35200-000,7/16/2013,80000.0,WD(WARRANTY DEED),0.07,True,AR
16-35200-000,4/2/2009,70000.0,WD(WARRANTY DEED),0.07,True,AR
16-35200-000,1/7/2009,0.0,CERT(CERTIFICATE),0.07,True,AR
16-35200-000,12/23/2008,0.0,TRD(TRUSTEES DEED),0.07,True,AR
16-35200-000,4/16/2008,0.0,DC(DEATH CERTIFICATE),0.07,True,AR
16-35200-000,6/29/2006,0.0,TRAG(TRUST AGREEMENT),0.07,True,AR
16-35200-000,6/6/2005,0.0,TRAG(TRUST AGREEMENT),0.07,True,AR
16-35200-000,10/23/2004,0.0,DC(DEATH CERTIFICATE),0.07,True,AR
16-35200-000,1/9/2004,0.0,WD(WARRANTY DEED),0.07,True,AR
16-35200-000,10/27/2003,0.0,WD(WARRANTY DEED),0.07,True,AR
16-35200-000,5/1/2000,85000.0,WD(WARRANTY DEED),0.07,True,AR
16-35200-000,2/13/1991,0.0,WD(WARRANTY DEED),0.07,True,AR
16-35200-000,2/13/1991,0.0,TRAG(TRUST AGREEMENT),0.07,True,AR
16-35200-000,11/28/1990,0.0,DC(DEATH CERTIFICATE),0.07,True,AR
16-35200-000,12/26/1989,75000.0,WD(WARRANTY DEED),0.07,True,AR
16-35200-000,3/15/1984,95000.0,WD(WARRANTY DEED),0.07,True,AR
16-35201-000,9/19/2018,141000.0,WD(WARRANTY DEED),0.07,True,AR
16-35201-000,8/22/2014,83000.0,WD(WARRANTY DEED),0.07,True,AR
16-35201-000,10/26/2010,0.0,WD(WARRANTY DEED),0.07,True,AR
16-35201-000,5/1/2009,70000.0,WD(WARRANTY DEED),0.07,True,AR
16-35201-000,8/23/1999,0.0,TRD(TRUSTEES DEED),0.07,True,AR
16-35201-000,5/5/1992,76000.0,WD(WARRANTY DEED),0.07,True,AR
16-35201-000,11/7/1983,0.0,WD(WARRANTY DEED),0.07,True,AR
16-35202-000,4/28/2023,0.0,ADHL(AR DEPT OF HEALTH LIST),0.1,True,AR
16-35202-000,4/18/2023,0.0,BD(BENEFICIARY DEED),0.1,True,AR
16-35202-000,3/1/2021,175000.0,FD(FIDUCIARY DEED),0.1,True,AR
16-35202-000,7/23/2020,0.0,OR(ORDER),0.1,True,AR
16-35202-000,11/26/2019,0.0,DC(DEATH CERTIFICATE),0.1,True,AR
16-35202-000,4/30/2019,0.0,FD(FIDUCIARY DEED),0.1,True,AR
16-35202-000,6/19/2018,0.0,DC(DEATH CERTIFICATE),0.1,True,AR
16-35202-000,7/12/2016,0.0,WD(WARRANTY DEED),0.1,True,AR
16-35202-000,7/12/2016,0.0,CERT(CERTIFICATE),0.1,True,AR
16-35202-000,7/26/2011,115000.0,WD(WARRANTY DEED),0.1,True,AR
16-35202-000,4/5/1995,0.0,POA(POWER OF ATTORNEY),0.1,True,AR
16-35202-000,6/27/1994,0.0,QCD(QUITCLAIM DEED),0.1,True,AR
16-35202-000,6/27/1994,0.0,HIST(HISTORICAL),0.1,True,AR
16-35202-000,6/28/1992,125000.0,WD(WARRANTY DEED),0.1,True,AR
16-35202-000,9/27/1983,0.0,WD(WARRANTY DEED),0.1,True,AR
16-35203-000,4/17/2025,0.0,BD(BENEFICIARY DEED),0.1,True,AR
16-35203-000,11/16/2016,0.0,DC(DEATH CERTIFICATE),0.1,True,AR
16-35203-000,3/4/2011,114000.0,WD(WARRANTY DEED),0.1,True,AR
16-35203-000,9/24/2008,0.0,BD(BENEFICIARY DEED),0.1,True,AR
16-35203-000,3/26/2004,0.0,DC(DEATH CERTIFICATE),0.1,True,AR
16-35203-000,3/31/1998,132000.0,WD(WARRANTY DEED),0.1,True,AR
16-35203-000,12/11/1996,0.0,TRAG(TRUST AGREEMENT),0.1,True,AR
16-35203-000,12/11/1996,0.0,WD(WARRANTY DEED),0.1,True,AR
16-35203-000,7/28/1995,132000.0,WD(WARRANTY DEED),0.1,True,AR
16-35203-000,1/29/1993,129000.0,WD(WARRANTY DEED),0.1,True,AR
16-35203-000,12/4/1987,135000.0,WD(WARRANTY DEED),0.1,True,AR
16-35203-000,9/28/1983,120000.0,WD(WARRANTY DEED),0.1,True,AR
16-35204-000,12/14/2021,180000.0,TRWD(TRUSTEES WARRANTY DEED),0.06,True,AR
16-35204-000,10/14/2021,0.0,DC(DEATH CERTIFICATE),0.06,True,AR
16-35204-000,10/15/2013,0.0,QCD(QUITCLAIM DEED),0.06,True,AR
16-35204-000,3/9/2012,77000.0,WD(WARRANTY DEED),0.06,True,AR
16-35204-000,8/30/2007,104000.0,WD(WARRANTY DEED),0.06,True,AR
16-35204-000,8/30/2007,0.0,CERT(CERTIFICATE),0.06,True,AR
16-35204-000,2/23/1995,0.0,QCD(QUITCLAIM DEED),0.06,True,AR
16-35204-000,11/1/1994,76000.0,WD(WARRANTY DEED),0.06,True,AR
16-35204-000,9/7/1993,0.0,QCD(QUITCLAIM DEED),0.06,True,AR
16-35204-000,12/12/1983,0.0,WD(WARRANTY DEED),0.06,True,AR
16-35205-000,10/7/2023,0.0,WD(WARRANTY DEED),0.06,True,AR
16-35205-000,7/26/2012,0.0,SWD(SPECIAL WARRANTY DEED),0.06,True,AR
16-35205-000,4/19/2012,0.0,SWD(SPECIAL WARRANTY DEED),0.06,True,AR
16-35205-000,4/11/2012,0.0,MTG-D(MORTGAGEE'S DEED),0.06,True,AR
16-35205-000,9/18/2011,0.0,OTHER(OTHER DOCUMENT),0.06,True,AR
16-35205-000,10/1/2010,0.0,DC(DEATH CERTIFICATE),0.06,True,AR
16-35205-000,9/10/2007,114000.0,WD(WARRANTY DEED),0.06,True,AR
16-35205-000,6/10/2003,89000.0,WD(WARRANTY DEED),0.06,True,AR
16-35205-000,8/23/2000,73000.0,WD(WARRANTY DEED),0.06,True,AR
16-35205-000,8/23/2000,0.0,AFF(AFFIDAVIT),0.06,True,AR
16-35205-000,8/23/2000,0.0,AFF(AFFIDAVIT),0.06,True,AR
16-35205-000,5/24/1993,0.0,WD(WARRANTY DEED),0.06,True,AR
16-35205-000,4/18/1990,54000.0,WD(WARRANTY DEED),0.06,True,AR
16-35205-000,10/9/1989,0.0,HIST(HISTORICAL),0.06,True,AR
16-35205-000,1/4/1984,92000.0,WD(WARRANTY DEED),0.06,True,AR
16-35206-000,9/26/2013,0.0,WD(WARRANTY DEED),0.07,True,AR
16-35206-000,9/18/2013,65000.0,SWD(SPECIAL WARRANTY DEED),0.07,True,AR
16-35206-000,5/8/2013,0.0,MTG-D(MORTGAGEE'S DEED),0.07,True,AR
16-35206-000,4/9/2013,0.0,SWD(SPECIAL WARRANTY DEED),0.07,True,AR
16-35206-000,3/12/2012,0.0,DC(DEATH CERTIFICATE),0.07,True,AR
16-35206-000,9/28/2005,117000.0,WD(WARRANTY DEED),0.07,True,AR
16-35206-000,6/16/2005,0.0,DC(DEATH CERTIFICATE),0.07,True,AR
16-35206-000,9/12/2000,96000.0,WD(WARRANTY DEED),0.07,True,AR
16-35206-000,6/12/1998,93000.0,FD(FIDUCIARY DEED),0.07,True,AR
16-35206-000,9/16/1996,0.0,POA(POWER OF ATTORNEY),0.07,True,AR
16-35206-000,1/17/1995,0.0,DC(DEATH CERTIFICATE),0.07,True,AR
16-35206-000,9/18/1990,72000.0,WD(WARRANTY DEED),0.07,True,AR
16-35206-000,8/16/1988,60000.0,WD(WARRANTY DEED),0.07,True,AR
16-35206-000,9/20/1983,93000.0,WD(WARRANTY DEED),0.07,True,AR
16-35207-000,10/1/2014,72000.0,WD(WARRANTY DEED),0.06,True,AR
16-35207-000,3/4/2000,0.0,DC(DEATH CERTIFICATE),0.06,True,AR
16-35207-000,7/7/1994,0.0,QCD(QUITCLAIM DEED),0.06,True,AR
16-35207-000,11/16/1992,0.0,TRD(TRUSTEES DEED),0.06,True,AR
16-35207-000,11/21/1988,0.0,QCD(QUITCLAIM DEED),0.06,True,AR
16-35207-000,10/5/1988,0.0,HIST(HISTORICAL),0.06,True,AR
16-35207-000,10/5/1983,0.0,WD(WARRANTY DEED),0.06,True,AR
16-35208-000,3/21/2008,125000.0,WD(WARRANTY DEED),0.07,True,AR
16-35208-000,6/2/2005,0.0,WD(WARRANTY DEED),0.07,True,AR
16-35208-000,4/22/2005,126000.0,WD(WARRANTY DEED),0.07,True,AR
16-35208-000,7/16/1997,0.0,WD(WARRANTY DEED),0.07,True,AR
16-35208-000,7/16/1997,0.0,HIST(HISTORICAL),0.07,True,AR
16-35208-000,10/1/1996,0.0,WD(WARRANTY DEED),0.07,True,AR
16-35208-000,4/2/1996,93000.0,WD(WARRANTY DEED),0.07,True,AR
16-35208-000,7/25/1995,89000.0,WD(WARRANTY DEED),0.07,True,AR
16-35208-000,12/3/1990,83000.0,WD(WARRANTY DEED),0.07,True,AR
16-35208-000,9/28/1983,0.0,WD(WARRANTY DEED),0.07,True,AR
16-35209-000,10/25/2021,205000.0,WD(WARRANTY DEED),0.07,True,NC
16-35209-000,7/8/1999,85000.0,WD(WARRANTY DEED),0.07,True,NC
16-35209-000,10/20/1983,0.0,WD(WARRANTY DEED),0.07,True,NC
16-35210-000,5/7/1987,0.0,WD(WARRANTY DEED),1.77,False,AR
16-35210-001,0,0.0,0,0.46,False,AR
16-35210-001,0,0.0,0,0.46,False,AR
16-35210-001,0,0.0,0,0.46,False,AR
16-35210-001,,0.0,0,0.46,False,AR
16-35210-001,,0.06193,0.06193,0.46,False,AR
16-35211-000,4/29/2016,95000.0,WD(WARRANTY DEED),0.06,True,AR
16-35211-000,6/9/2015,0.0,CERT(CERTIFICATE),0.06,True,AR
16-35211-000,7/3/2014,0.0,QCD(QUITCLAIM DEED),0.06,True,AR
16-35211-000,6/17/2003,163000.0,TRD(TRUSTEES DEED),0.06,True,AR
16-35211-000,5/30/1997,71000.0,WD(WARRANTY DEED),0.06,True,AR
16-35211-000,9/29/1992,65000.0,WD(WARRANTY DEED),0.06,True,AR
16-35211-000,3/31/1988,78000.0,WD(WARRANTY DEED),0.06,True,AR
16-35211-000,4/17/1987,92000.0,WD(WARRANTY DEED),0.06,True,AR
16-35211-000,12/7/1984,2000.0,WD(WARRANTY DEED),0.06,True,AR
16-35212-000,6/20/2017,105000.0,WD(WARRANTY DEED),0.06,True,AR
16-35212-000,1/20/2016,93000.0,WD(WARRANTY DEED),0.06,True,AR
16-35212-000,6/9/2015,0.0,CERT(CERTIFICATE),0.06,True,AR
16-35212-000,7/3/2014,0.0,QCD(QUITCLAIM DEED),0.06,True,AR
16-35212-000,7/29/2003,0.0,TRD(TRUSTEES DEED),0.06,True,AR
16-35212-000,6/17/2003,0.0,TRD(TRUSTEES DEED),0.06,True,AR
16-35212-000,8/26/1996,0.0,WD(WARRANTY DEED),0.06,True,AR
16-35212-000,6/19/1996,72000.0,WD(WARRANTY DEED),0.06,True,AR
16-35212-000,2/2/1993,0.0,DC(DEATH CERTIFICATE),0.06,True,AR
16-35212-000,2/2/1993,0.0,DC(DEATH CERTIFICATE),0.06,True,AR
16-35212-000,10/2/1992,59000.0,WD(WARRANTY DEED),0.06,True,AR
16-35212-000,10/2/1992,0.0,CERT(CERTIFICATE),0.06,True,AR
16-35212-000,8/14/1989,0.0,WD(WARRANTY DEED),0.06,True,AR
16-35212-000,12/4/1987,77000.0,WD(WARRANTY DEED),0.06,True,AR
16-35212-000,2/25/1986,0.0,WD(WARRANTY DEED),0.06,True,AR
16-35212-000,7/27/1984,90000.0,WD(WARRANTY DEED),0.06,True,AR
16-35213-000,4/18/2014,0.0,DC(DEATH CERTIFICATE),0.07,True,AR
16-35213-000,11/2/2011,70000.0,WD(WARRANTY DEED),0.07,True,AR
16-35213-000,10/26/2011,0.0,TRD(TRUSTEES DEED),0.07,True,AR
16-35213-000,10/25/2011,0.0,POA(POWER OF ATTORNEY),0.07,True,AR
16-35213-000,10/10/2011,0.0,AFF(AFFIDAVIT),0.07,True,AR
16-35213-000,9/18/2011,0.0,DC(DEATH CERTIFICATE),0.07,True,AR
16-35213-000,10/23/2009,0.0,WD(WARRANTY DEED),0.07,True,AR
16-35213-000,10/23/2009,0.0,CERT(CERTIFICATE),0.07,True,AR
16-35213-000,10/27/2003,83000.0,WD(WARRANTY DEED),0.07,True,AR
16-35213-000,10/31/1986,96000.0,WD(WARRANTY DEED),0.07,True,AR
16-35213-000,10/31/1986,22000.0,WD(WARRANTY DEED),0.07,True,AR
16-35213-000,5/30/1984,95000.0,WD(WARRANTY DEED),0.07,True,AR
16-35214-000,2/15/2025,0.0,OBIT(OBITUARY),0.07,True,AR
16-35214-000,12/31/2013,85000.0,WD(WARRANTY DEED),0.07,True,AR
16-35214-000,5/26/2006,0.0,WD(WARRANTY DEED),0.07,True,AR
16-35214-000,5/26/2006,0.0,CERT(CERTIFICATE),0.07,True,AR
16-35214-000,8/2/2005,110000.0,WD(WARRANTY DEED),0.07,True,AR
16-35214-000,7/12/2005,0.0,OR(ORDER),0.07,True,AR
16-35214-000,5/2/2004,0.0,DC(DEATH CERTIFICATE),0.07,True,AR
16-35214-000,8/28/2000,82000.0,WD(WARRANTY DEED),0.07,True,AR
16-35214-000,10/26/1993,0.0,QCD(QUITCLAIM DEED),0.07,True,AR
16-35214-000,10/26/1993,0.0,MEMO(MEMORANDUM),0.07,True,AR
16-35214-000,5/3/1993,79000.0,WD(WARRANTY DEED),0.07,True,AR
16-35214-000,5/3/1993,0.0,HIST(HISTORICAL),0.07,True,AR
16-35214-000,3/4/1991,66000.0,WD(WARRANTY DEED),0.07,True,AR
16-35214-000,5/30/1984,95000.0,WD(WARRANTY DEED),0.07,True,AR
16-35215-000,9/24/2015,94000.0,WD(WARRANTY DEED),0.06,True,AR
16-35215-000,10/3/2005,100000.0,WD(WARRANTY DEED),0.06,True,AR
16-35215-000,10/22/2003,0.0,WD(WARRANTY DEED),0.06,True,AR
16-35215-000,8/9/2002,77000.0,WD(WARRANTY DEED),0.06,True,AR
16-35215-000,1/18/1999,0.0,WD(WARRANTY DEED),0.06,True,AR
16-35215-000,1/18/1999,0.0,TRAG(TRUST AGREEMENT),0.06,True,AR
16-35215-000,11/30/1995,70000.0,WD(WARRANTY DEED),0.06,True,AR
16-35215-000,3/22/1991,0.0,AFF(AFFIDAVIT),0.06,True,AR
16-35215-000,2/23/1991,0.0,DC(DEATH CERTIFICATE),0.06,True,AR
16-35215-000,6/11/1984,89500.0,WD(WARRANTY DEED),0.06,True,AR
16-35216-000,12/9/2022,230000.0,WD(WARRANTY DEED),0.07,True,AR
16-35216-000,7/16/2018,129000.0,TRWD(TRUSTEES WARRANTY DEED),0.07,True,AR
16-35216-000,8/5/2013,110000.0,WD(WARRANTY DEED),0.07,True,AR
16-35216-000,9/20/2012,0.0,DC(DEATH CERTIFICATE),0.07,True,AR
16-35216-000,10/11/2006,0.0,CERT(CERTIFICATE),0.07,True,AR
16-35216-000,8/1/2005,120000.0,WD(WARRANTY DEED),0.07,True,AR
16-35216-000,8/31/1998,0.0,TRAG(TRUST AGREEMENT),0.07,True,AR
16-35216-000,12/16/1996,108000.0,WD(WARRANTY DEED),0.07,True,AR
16-35216-000,5/30/1995,93000.0,WD(WARRANTY DEED),0.07,True,AR
16-35216-000,6/8/1990,73000.0,WD(WARRANTY DEED),0.07,True,AR
16-35216-000,7/27/1986,99000.0,WD(WARRANTY DEED),0.07,True,AR
16-35217-000,5/7/1987,0.0,WD(WARRANTY DEED),1.41,False,AR
16-35218-000,5/7/1987,0.0,WD(WARRANTY DEED),0.89,False,AR
16-40225-000,11/4/2024,768000.0,TRWD(TRUSTEES WARRANTY DEED),0.98,True,AR
16-40225-000,10/31/2024,0.0,CERT(CERTIFICATE),0.98,True,AR
16-40225-000,12/22/2020,0.0,CERT(CERTIFICATE),0.98,True,AR
16-40225-000,4/9/2012,0.0,CERT(CERTIFICATE),0.98,True,AR
16-40225-000,9/7/2010,0.0,WD(WARRANTY DEED),0.98,True,AR
16-40225-000,9/7/2010,0.0,CERT(CERTIFICATE),0.98,True,AR
16-40225-000,2/2/2004,273333.0,WD(WARRANTY DEED),0.98,True,AR
16-40225-000,4/17/1998,265000.0,CWD(CORPORATION WARRANTY DEED),0.98,True,AR
16-40225-001,11/4/2024,768000.0,TRWD(TRUSTEES WARRANTY DEED),0.72,False,AR
16-40225-001,10/31/2024,0.0,CERT(CERTIFICATE),0.72,False,AR
16-40225-001,12/22/2020,0.0,CERT(CERTIFICATE),0.72,False,AR
16-40225-001,4/9/2012,0.0,CERT(CERTIFICATE),0.72,False,AR
16-40225-001,9/7/2010,0.0,WD(WARRANTY DEED),0.72,False,AR
16-40225-001,9/7/2010,0.0,CERT(CERTIFICATE),0.72,False,AR
16-40225-001,3/12/2004,15000.0,WD(WARRANTY DEED),0.72,False,AR
16-40225-001,3/12/2004,0.0,QCD(QUITCLAIM DEED),0.72,False,AR
16-40225-002,11/4/2024,768000.0,TRWD(TRUSTEES WARRANTY DEED),0.46,True,AR
16-40225-002,10/31/2024,0.0,CERT(CERTIFICATE),0.46,True,AR
16-40225-002,12/22/2020,0.0,CERT(CERTIFICATE),0.46,True,AR
16-40225-002,4/9/2012,0.0,CERT(CERTIFICATE),0.46,True,AR
16-40225-002,9/7/2010,0.0,WD(WARRANTY DEED),0.46,True,AR
16-40225-002,9/7/2010,0.0,CERT(CERTIFICATE),0.46,True,AR
16-40225-002,6/17/2004,20000.0,WD(WARRANTY DEED),0.46,True,AR
16-40225-002,6/16/2004,0.0,QCD(QUITCLAIM DEED),0.46,True,AR
16-40226-000,"2,585",517.0,517,0.06,False,AR
16-40226-000,0,0.0,0,0.06,False,AR
16-40226-000,"2,585",517.0,517,0.06,False,AR
16-40226-000,,517.0,517,0.06,False,AR
16-40226-000,,0.06193,0.06193,0.06,False,AR
16-40227-000,"18,545",3709.0,"3,709",0.43,True,AR
16-40227-000,"327,970",65594.0,"65,594",0.43,True,AR
16-40227-000,"346,515",69303.0,"69,303",0.43,True,AR
16-40227-000,,62380.0,"62,380",0.43,True,AR
16-40227-000,,0.06193,0.06193,0.43,True,AR
16-40228-000,6/5/2014,0.0,PP(PARENT PARCEL (FOR SPLIT)),0.23,True,AR
16-40228-001,6/18/2014,495000.0,WD(WARRANTY DEED),6.31,True,AR
16-40228-001,6/5/2014,0.0,QCD(QUITCLAIM DEED),6.31,True,AR
16-40229-000,5/11/2018,0.0,PP(PARENT PARCEL (FOR SPLIT)),1.05,True,AR
16-40229-001,10/2/2019,325000.0,SWD(SPECIAL WARRANTY DEED),2.01,True,OK
16-40229-001,10/2/2019,0.0,QCD(QUITCLAIM DEED),2.01,True,OK
16-40230-000,6/18/2014,495000.0,WD(WARRANTY DEED),0.12,False,AR
16-40230-000,6/5/2014,0.0,QCD(QUITCLAIM DEED),0.12,False,AR
16-40231-000,5/11/2018,0.0,PP(PARENT PARCEL (FOR SPLIT)),3.52,False,AR
16-40231-000,11/10/2016,0.0,QCD(QUITCLAIM DEED),3.52,False,AR
16-40231-000,4/2/1998,0.0,QCD(QUITCLAIM DEED),3.52,False,AR
16-40231-001,5/11/2018,0.0,QCD(QUITCLAIM DEED),2.05,False,AR
16-40237-000,8/16/2002,0.0,QCD(QUITCLAIM DEED),1.89,True,AR
16-40237-000,12/21/1999,0.0,WD(WARRANTY DEED),1.89,True,AR
16-40237-000,12/21/1999,0.0,QCD(QUITCLAIM DEED),1.89,True,AR
16-40238-000,1/24/2022,0.0,WD(WARRANTY DEED),1.16,True,AR
16-40238-000,8/30/2021,750000.0,CWD(CORPORATION WARRANTY DEED),1.16,True,AR
16-40238-000,11/18/2020,0.0,CORRQC(CORRECTED QUIT CLAIM DEED),1.16,True,AR
16-40238-000,10/27/2020,0.0,CORRQC(CORRECTED QUIT CLAIM DEED),1.16,True,AR
16-40238-000,8/14/2020,0.0,QCD(QUITCLAIM DEED),1.16,True,AR
16-40238-000,8/19/2002,0.0,QCD(QUITCLAIM DEED),1.16,True,AR
16-40238-000,3/14/2000,0.0,WD(WARRANTY DEED),1.16,True,AR
16-40238-000,3/14/2000,0.0,QCD(QUITCLAIM DEED),1.16,True,AR
16-40660-000,1/19/2024,1350000.0,WD(WARRANTY DEED),12.15,True,TX
16-40660-000,6/26/2018,0.0,DC(DEATH CERTIFICATE),12.15,True,TX
16-40660-000,9/17/1996,415000.0,WD(WARRANTY DEED),12.15,True,TX
16-40660-000,9/17/1996,0.0,OTHER(OTHER DOCUMENT),12.15,True,TX
16-40841-000,9/28/2001,0.0,WD(WARRANTY DEED),1.56,True,AR
16-40841-000,9/26/2001,0.0,QCD(QUITCLAIM DEED),1.56,True,AR
16-40842-000,10/4/2001,0.0,WD(WARRANTY DEED),0.61,False,AR
16-40842-000,10/2/2001,0.0,QCD(QUITCLAIM DEED),0.61,False,AR
16-70247-000,5/23/2024,10899862.0,PP(PARENT PARCEL (FOR SPLIT)),3.01,False,AR
16-70247-000,5/22/2024,0.0,QCD(QUITCLAIM DEED),3.01,False,AR
16-70247-000,5/11/2018,0.0,PP(PARENT PARCEL (FOR SPLIT)),3.01,False,AR
16-70247-000,6/5/2014,0.0,PP(PARENT PARCEL (FOR SPLIT)),3.01,False,AR
16-70247-000,7/31/2002,0.0,QCD(QUITCLAIM DEED),3.01,False,AR
16-70247-000,7/16/1999,0.0,QCD(QUITCLAIM DEED),3.01,False,AR
16-70247-000,7/16/1999,0.0,WD(WARRANTY DEED),3.01,False,AR
16-70247-000,9/24/1984,0.0,HIST(HISTORICAL),3.01,False,AR
16-70247-001,5/11/2018,0.0,PP(PARENT PARCEL (FOR SPLIT)),0.63,False,AR
16-70247-001,11/10/2016,0.0,QCD(QUITCLAIM DEED),0.63,False,AR
16-70247-002,12/21/2009,0.0,QCD(QUITCLAIM DEED),3.47,False,AR
16-70247-003,6/18/2014,495000.0,WD(WARRANTY DEED),0.95,False,AR
16-70247-003,6/5/2014,0.0,QCD(QUITCLAIM DEED),0.95,False,AR
16-70247-004,5/11/2018,0.0,QCD(QUITCLAIM DEED),0.1,False,AR
16-70247-005,5/11/2018,0.0,QCD(QUITCLAIM DEED),1.94,False,AR
16-70247-006,5/11/2018,0.0,QCD(QUITCLAIM DEED),0.08,False,AR
16-70247-007,5/11/2018,0.0,QCD(QUITCLAIM DEED),0.09,False,AR
16-70247-008,5/23/2024,10899862.0,SWD(SPECIAL WARRANTY DEED),22.34,False,
16-70252-000,0,0.0,0,2.7,True,AR
16-70252-000,0,0.0,0,2.7,True,AR
16-70252-000,0,0.0,0,2.7,True,AR
16-70252-000,,0.0,0,2.7,True,AR
16-70252-000,,0.06193,0.06193,2.7,True,AR
16-70253-000,0,0.0,0,0.45,True,MO
16-70253-000,0,0.0,0,0.45,True,MO
16-70253-000,0,0.0,0,0.45,True,MO
16-70253-000,,0.0,0,0.45,True,MO
16-70253-000,,0.06193,0.06193,0.45,True,MO
16-70254-000,"140,120",28024.0,"28,024",140.12,True,AR
16-70254-000,"95,095",19019.0,"19,019",140.12,True,AR
16-70254-000,"235,215",47043.0,"47,043",140.12,True,AR
16-70254-000,,47043.0,"47,043",140.12,True,AR
16-70254-000,,0.06193,0.06193,140.12,True,AR
16-70254-001,8/7/2014,170000.0,QCD(QUITCLAIM DEED),1.58,False,AR
16-70254-002,12/21/2009,0.0,QCD(QUITCLAIM DEED),1.39,False,AR
16-70254-003,12/21/2009,0.0,QCD(QUITCLAIM DEED),5.45,False,AR
16-70254-004,12/21/2009,0.0,QCD(QUITCLAIM DEED),3.05,False,AR
16-70254-005,12/21/2009,0.0,QCD(QUITCLAIM DEED),3.99,False,AR
16-70254-006,7/31/2002,0.0,QCD(QUITCLAIM DEED),4.64,False,AR
16-70254-006,4/2/1998,0.0,QCD(QUITCLAIM DEED),4.64,False,AR
16-70255-000,1/17/1998,0.0,WD(WARRANTY DEED),0.32,False,
16-70255-000,11/26/1976,0.0,WD(WARRANTY DEED),0.32,False,
16-70255-000,1/21/1975,15000.0,WD(WARRANTY DEED),0.32,False,
16-70258-000,"2,855",571.0,571,32.46,False,AR
16-70258-000,0,0.0,0,32.46,False,AR
16-70258-000,"2,855",571.0,571,32.46,False,AR
16-70258-000,,571.0,571,32.46,False,AR
16-70258-000,,0.06193,0.06193,32.46,False,AR
16-70258-000,,2.31,2.31,32.46,False,AR
