PARCELID,sold_date,sold_price,deed_type,acre_area,has_house,owner_state
16-01536-000,11/29/2007,25000.0,WD(WARRANTY DEED),0.94,False,MI
16-01536-000,2/3/2005,2000.0,WD(WARRANTY DEED),0.94,False,MI
16-01536-000,3/24/1986,2000.0,WD(WARRANTY DEED),0.94,False,MI
16-01536-000,11/3/1978,8000.0,WD(WARRANTY DEED),0.94,False,MI
16-01537-000,10/27/1981,10000.0,WD(WARRANTY DEED),0.92,False,MO
16-01538-000,9/13/2023,8450.0,WD(WARRANTY DEED),1.25,False,AR
16-01538-000,4/1/2022,0.0,QCD(QUITCLAIM DEED),1.25,False,AR
16-01538-000,9/1/2016,0.0,LWD(LIMITED WARRANTY DEED),1.25,False,AR
16-01538-000,11/18/2005,10000.0,WD(WARRANTY DEED),1.25,False,AR
16-01538-000,10/22/2002,0.0,WD(WARRANTY DEED),1.25,False,AR
16-01538-000,9/18/2002,0.0,QCD(QUITCLAIM DEED),1.25,False,AR
16-01538-000,4/23/1984,8000.0,WD(WARRANTY DEED),1.25,False,AR
16-01539-000,4/30/2025,12000.0,WD(WARRANTY DEED),0.38,False,OK
16-01539-000,5/5/2010,0.0,RD(REDEMPTION DEED),0.38,False,OK
16-01539-000,12/4/2001,0.0,RD(REDEMPTION DEED),0.38,False,OK
16-01539-000,10/14/1999,0.0,RD(REDEMPTION DEED),0.38,False,OK
16-01539-000,11/1/1994,0.0,RD(REDEMPTION DEED),0.38,False,OK
16-01539-000,6/12/1986,7000.0,WD(WARRANTY DEED),0.38,False,OK
16-01540-000,11/15/2020,245000.0,WD(WARRANTY DEED),0.27,True,AR
16-01540-000,6/13/2014,152000.0,WD(WARRANTY DEED),0.27,True,AR
16-01540-000,2/10/2006,175000.0,WD(WARRANTY DEED),0.27,True,AR
16-01540-000,2/10/2006,0.0,WD(WARRANTY DEED),0.27,True,AR
16-01540-000,4/6/2005,5000.0,WD(WARRANTY DEED),0.27,True,AR
16-01540-000,7/2/1975,8000.0,WD(WARRANTY DEED),0.27,True,AR
16-01541-000,11/15/2020,245000.0,WD(WARRANTY DEED),0.32,False,AR
16-01541-000,10/25/2017,8000.0,WD(WARRANTY DEED),0.32,False,AR
16-01541-000,7/5/2015,0.0,DC(DEATH CERTIFICATE),0.32,False,AR
16-01541-000,1/9/2009,0.0,BD(BENEFICIARY DEED),0.32,False,AR
16-01541-000,4/15/1985,7000.0,WD(WARRANTY DEED),0.32,False,AR
16-01542-000,8/8/2021,0.0,OTHER(OTHER DOCUMENT),0.32,True,AR
16-01542-000,9/27/2018,0.0,QCD(QUITCLAIM DEED),0.32,True,AR
16-01542-000,1/30/2017,0.0,CERT(CERTIFICATE),0.32,True,AR
16-01542-000,1/5/2016,0.0,QCD(QUITCLAIM DEED),0.32,True,AR
16-01542-000,5/12/2015,146000.0,WD(WARRANTY DEED),0.32,True,AR
16-01542-000,11/20/2012,0.0,SWD(SPECIAL WARRANTY DEED),0.32,True,AR
16-01542-000,6/26/2012,0.0,AFF(AFFIDAVIT),0.32,True,AR
16-01542-000,5/10/2012,0.0,MTG-D(MORTGAGEE'S DEED),0.32,True,AR
16-01542-000,8/22/2003,125000.0,WD(WARRANTY DEED),0.32,True,AR
16-01542-000,11/13/2000,3000.0,CWD(CORPORATION WARRANTY DEED),0.32,True,AR
16-01542-000,7/18/2000,0.0,AFF(AFFIDAVIT),0.32,True,AR
16-01542-000,2/1/1985,8000.0,WD(WARRANTY DEED),0.32,True,AR
16-01543-000,10/12/2021,243000.0,WD(WARRANTY DEED),0.31,True,AR
16-01543-000,10/3/2019,190000.0,WD(WARRANTY DEED),0.31,True,AR
16-01543-000,7/2/2018,175000.0,CWD(CORPORATION WARRANTY DEED),0.31,True,AR
16-01543-000,9/26/2017,4750.0,WD(WARRANTY DEED),0.31,True,AR
16-01543-000,11/20/2012,0.0,DC(DEATH CERTIFICATE),0.31,True,AR
16-01543-000,4/30/2009,0.0,RD(REDEMPTION DEED),0.31,True,AR
16-01543-000,9/26/1996,0.0,RD(REDEMPTION DEED),0.31,True,AR
16-01543-000,6/2/1989,7500.0,WD(WARRANTY DEED),0.31,True,AR
16-01543-000,7/16/1985,8000.0,WD(WARRANTY DEED),0.31,True,AR
16-01543-000,1/25/1983,0.0,QCD(QUITCLAIM DEED),0.31,True,AR
16-01544-000,1/14/2025,0.0,CERT(CERTIFICATE),0.36,False,AR
16-01544-000,1/9/2025,391000.0,WD(WARRANTY DEED),0.36,False,AR
16-01544-000,4/23/2024,155000.0,WD(WARRANTY DEED),0.36,False,AR
16-01544-000,5/6/2019,130000.0,WD(WARRANTY DEED),0.36,False,AR
16-01544-000,11/13/2014,0.0,CORRWD(CORRECTED WARRANTY DEED),0.36,False,AR
16-01544-000,11/13/2014,135000.0,WD(WARRANTY DEED),0.36,False,AR
16-01544-000,11/13/2014,0.0,QCD(QUITCLAIM DEED),0.36,False,AR
16-01544-000,11/6/2014,0.0,QCD(QUITCLAIM DEED),0.36,False,AR
16-01544-000,2/13/2002,0.0,DC(DEATH CERTIFICATE),0.36,False,AR
16-01544-000,12/14/1994,0.0,WD(WARRANTY DEED),0.36,False,AR
16-01544-000,11/16/1994,5000.0,WD(WARRANTY DEED),0.36,False,AR
16-01544-000,11/20/1986,7400.0,WD(WARRANTY DEED),0.36,False,AR
16-01544-000,5/1/1976,8000.0,WD(WARRANTY DEED),0.36,False,AR
16-01545-000,1/14/2025,0.0,CERT(CERTIFICATE),0.39,True,AR
16-01545-000,1/9/2025,391000.0,WD(WARRANTY DEED),0.39,True,AR
16-01545-000,4/23/2024,155000.0,WD(WARRANTY DEED),0.39,True,AR
16-01545-000,5/6/2019,130000.0,WD(WARRANTY DEED),0.39,True,AR
16-01545-000,11/13/2014,0.0,CORRWD(CORRECTED WARRANTY DEED),0.39,True,AR
16-01545-000,11/13/2014,135000.0,WD(WARRANTY DEED),0.39,True,AR
16-01545-000,10/22/2002,0.0,WD(WARRANTY DEED),0.39,True,AR
16-01545-000,4/10/2002,0.0,CERT(CERTIFICATE),0.39,True,AR
16-01545-000,2/13/2002,0.0,DC(DEATH CERTIFICATE),0.39,True,AR
16-01545-000,3/18/1997,0.0,WD(WARRANTY DEED),0.39,True,AR
16-01545-000,4/2/1996,0.0,MEMO(MEMORANDUM),0.39,True,AR
16-01545-000,4/2/1996,0.0,MEMO(MEMORANDUM),0.39,True,AR
16-01545-000,11/16/1994,5000.0,WD(WARRANTY DEED),0.39,True,AR
16-01545-000,1/3/1994,5000.0,WD(WARRANTY DEED),0.39,True,AR
16-01545-000,10/6/1993,0.0,WD(WARRANTY DEED),0.39,True,AR
16-01545-000,3/5/1993,0.0,DC(DEATH CERTIFICATE),0.39,True,AR
16-01545-000,7/19/1984,8000.0,WD(WARRANTY DEED),0.39,True,AR
16-01546-000,1/14/2025,0.0,CERT(CERTIFICATE),0.48,False,AR
16-01546-000,1/9/2025,391000.0,WD(WARRANTY DEED),0.48,False,AR
16-01546-000,11/13/2014,0.0,CORRWD(CORRECTED WARRANTY DEED),0.48,False,AR
16-01546-000,11/13/2014,135000.0,WD(WARRANTY DEED),0.48,False,AR
16-01546-000,7/12/2007,0.0,WD(WARRANTY DEED),0.48,False,AR
16-01546-000,7/10/2007,0.0,WD(WARRANTY DEED),0.48,False,AR
16-01546-000,11/22/2005,3000.0,WD(WARRANTY DEED),0.48,False,AR
16-01546-000,5/30/1989,7200.0,WD(WARRANTY DEED),0.48,False,AR
16-01547-000,5/18/2020,3800.0,WD(WARRANTY DEED),0.5,False,AR
16-01547-000,11/20/1987,1000.0,WD(WARRANTY DEED),0.5,False,AR
16-01547-000,12/9/1981,7000.0,WD(WARRANTY DEED),0.5,False,AR
16-01548-000,2/14/2022,12000.0,SWD(SPECIAL WARRANTY DEED),0.53,False,AR
16-01548-000,9/23/2021,0.0,QCD(QUITCLAIM DEED),0.53,False,AR
16-01548-000,7/8/2021,0.0,QCD(QUITCLAIM DEED),0.53,False,AR
16-01548-000,12/10/2009,2000.0,WD(WARRANTY DEED),0.53,False,AR
16-01548-000,12/4/2009,7000.0,WD(WARRANTY DEED),0.53,False,AR
16-01548-000,11/8/2005,5000.0,WD(WARRANTY DEED),0.53,False,AR
16-01548-000,3/30/1984,7000.0,WD(WARRANTY DEED),0.53,False,AR
16-01549-000,2/25/2021,5000.0,WD(WARRANTY DEED),0.45,False,MI
16-01549-000,5/29/1985,7500.0,WD(WARRANTY DEED),0.45,False,MI
16-01550-000,11/14/2019,0.0,QCD(QUITCLAIM DEED),0.29,True,AR
16-01550-000,9/5/2013,0.0,QCD(QUITCLAIM DEED),0.29,True,AR
16-01550-000,5/8/2001,127000.0,WD(WARRANTY DEED),0.29,True,AR
16-01550-000,3/29/2000,0.0,QCD(QUITCLAIM DEED),0.29,True,AR
16-01550-000,6/14/1999,0.0,QCD(QUITCLAIM DEED),0.29,True,AR
16-01550-000,10/16/1997,130000.0,WD(WARRANTY DEED),0.29,True,AR
16-01550-000,4/26/1996,0.0,WD(WARRANTY DEED),0.29,True,AR
16-01550-000,4/24/1996,0.0,CERT(CERTIFICATE),0.29,True,AR
16-01550-000,9/1/1980,99000.0,WD(WARRANTY DEED),0.29,True,AR
16-01551-000,2/5/2021,0.0,QCD(QUITCLAIM DEED),0.34,True,AR
16-01551-000,2/5/2021,0.0,CERT(CERTIFICATE),0.34,True,AR
16-01551-000,6/4/2008,0.0,OTHER(OTHER DOCUMENT),0.34,True,AR
16-01551-000,5/4/2001,72000.0,WD(WARRANTY DEED),0.34,True,AR
16-01551-000,11/6/2000,76000.0,WD(WARRANTY DEED),0.34,True,AR
16-01551-000,8/18/1998,70000.0,WD(WARRANTY DEED),0.34,True,AR
16-01551-000,6/30/1998,0.0,QCD(QUITCLAIM DEED),0.34,True,AR
16-01551-000,6/24/1996,68000.0,WD(WARRANTY DEED),0.34,True,AR
16-01551-000,4/7/1996,0.0,TRAG(TRUST AGREEMENT),0.34,True,AR
16-01551-000,12/14/1994,0.0,WD(WARRANTY DEED),0.34,True,AR
16-01551-000,4/7/1994,0.0,POA(POWER OF ATTORNEY),0.34,True,AR
16-01551-000,3/13/1993,0.0,DC(DEATH CERTIFICATE),0.34,True,AR
16-01551-000,5/1/1975,0.0,WD(WARRANTY DEED),0.34,True,AR
16-01552-000,2/5/2021,0.0,QCD(QUITCLAIM DEED),0.35,False,AR
16-01552-000,2/5/2021,0.0,CERT(CERTIFICATE),0.35,False,AR
16-01552-000,6/4/2008,0.0,OTHER(OTHER DOCUMENT),0.35,False,AR
16-01552-000,11/26/2002,5000.0,WD(WARRANTY DEED),0.35,False,AR
16-01552-000,7/20/1994,3000.0,WD(WARRANTY DEED),0.35,False,AR
16-01552-000,7/20/1994,0.0,CERT(CERTIFICATE),0.35,False,AR
16-01552-000,11/24/1992,0.0,QCD(QUITCLAIM DEED),0.35,False,AR
16-01552-000,6/14/1985,0.0,WD(WARRANTY DEED),0.35,False,AR
16-01552-000,1/7/1985,0.0,DC(DEATH CERTIFICATE),0.35,False,AR
16-01552-000,5/24/1982,0.0,WD(WARRANTY DEED),0.35,False,AR
16-01553-000,4/7/2015,95000.0,WD(WARRANTY DEED),0.31,True,AR
16-01553-000,10/29/2007,0.0,CORRWD(CORRECTED WARRANTY DEED),0.31,True,AR
16-01553-000,10/26/2007,91000.0,WD(WARRANTY DEED),0.31,True,AR
16-01553-000,6/5/2007,0.0,WD(WARRANTY DEED),0.31,True,AR
16-01553-000,6/4/2007,0.0,CERT(CERTIFICATE),0.31,True,AR
16-01553-000,2/14/1996,0.0,DC(DEATH CERTIFICATE),0.31,True,AR
16-01553-000,4/27/1983,9000.0,WD(WARRANTY DEED),0.31,True,AR
16-01554-000,8/19/2015,2000.0,SWD(SPECIAL WARRANTY DEED),0.27,False,AR
16-01554-000,12/23/2013,0.0,COMMD(COMMISSIONERS DEED),0.27,False,AR
16-01554-000,2/6/2013,0.0,RD(REDEMPTION DEED),0.27,False,AR
16-01554-000,12/10/2010,2000.0,SWD(SPECIAL WARRANTY DEED),0.27,False,AR
16-01554-000,3/12/2010,1000.0,COMMD(COMMISSIONERS DEED),0.27,False,AR
16-01554-000,10/22/2009,0.0,RD(REDEMPTION DEED),0.27,False,AR
16-01554-000,4/20/2006,0.0,RD(REDEMPTION DEED),0.27,False,AR
16-01554-000,7/23/2001,0.0,WD(WARRANTY DEED),0.27,False,AR
16-01554-000,9/25/1998,0.0,RD(REDEMPTION DEED),0.27,False,AR
16-01554-000,10/11/1994,0.0,WD(WARRANTY DEED),0.27,False,AR
16-01554-000,3/22/1988,0.0,RD(REDEMPTION DEED),0.27,False,AR
16-01554-000,1/1/1988,0.0,CONT(CONTRACT),0.27,False,AR
16-01554-000,4/4/1984,8000.0,WD(WARRANTY DEED),0.27,False,AR
16-01555-000,11/23/2005,0.0,QCD(QUITCLAIM DEED),0.25,False,NM
16-01555-000,12/27/1982,0.0,CONT(CONTRACT),0.25,False,NM
16-01555-000,11/27/1980,8000.0,WD(WARRANTY DEED),0.25,False,NM
16-01555-000,1/9/1976,7000.0,WD(WARRANTY DEED),0.25,False,NM
16-01556-000,10/10/2022,4000.0,WD(WARRANTY DEED),0.28,False,AR
16-01556-000,12/6/2018,0.0,LWD(LIMITED WARRANTY DEED),0.28,False,AR
16-01556-000,8/7/1984,7000.0,WD(WARRANTY DEED),0.28,False,AR
16-01557-000,11/4/2024,0.0,QCD(QUITCLAIM DEED),0.28,False,AR
16-01557-000,3/23/2021,1.0,QCD(QUITCLAIM DEED),0.28,False,AR
16-01557-000,4/1/1991,7000.0,WD(WARRANTY DEED),0.28,False,AR
16-01557-000,4/1/1991,7000.0,WD(WARRANTY DEED),0.28,False,AR
16-01557-000,9/4/1984,7000.0,WD(WARRANTY DEED),0.28,False,AR
16-01557-000,6/23/1982,0.0,CONT(CONTRACT),0.28,False,AR
16-01558-000,2/8/2019,0.0,DC(DEATH CERTIFICATE),0.29,False,KS
16-01558-000,5/22/2015,0.0,WD(WARRANTY DEED),0.29,False,KS
16-01558-000,11/26/1984,8000.0,WD(WARRANTY DEED),0.29,False,KS
16-01559-000,9/21/1994,1000.0,WD(WARRANTY DEED),0.27,False,IA
16-01559-000,12/25/1993,0.0,DC(DEATH CERTIFICATE),0.27,False,IA
16-01559-000,11/25/1981,7000.0,WD(WARRANTY DEED),0.27,False,IA
16-01560-000,1/31/2006,15000.0,WD(WARRANTY DEED),0.29,False,FL
16-01560-000,1/5/2006,6000.0,WD(WARRANTY DEED),0.29,False,FL
16-01560-000,1/5/2006,0.0,WD(WARRANTY DEED),0.29,False,FL
16-01560-000,1/5/2006,0.0,WD(WARRANTY DEED),0.29,False,FL
16-01560-000,6/10/2005,0.0,WD(WARRANTY DEED),0.29,False,FL
16-01560-000,10/22/1993,0.0,DC(DEATH CERTIFICATE),0.29,False,FL
16-01560-000,7/18/1989,0.0,CONT(CONTRACT),0.29,False,FL
16-01560-000,12/13/1984,7000.0,WD(WARRANTY DEED),0.29,False,FL
16-01561-000,1/17/2014,73000.0,WD(WARRANTY DEED),0.28,True,AR
16-01561-000,8/31/2004,68000.0,WD(WARRANTY DEED),0.28,True,AR
16-01561-000,3/31/1995,40000.0,WD(WARRANTY DEED),0.28,True,AR
16-01561-000,8/11/1994,0.0,DC(DEATH CERTIFICATE),0.28,True,AR
16-01561-000,11/8/1988,0.0,WD(WARRANTY DEED),0.28,True,AR
16-01561-000,8/24/1988,21000.0,WD(WARRANTY DEED),0.28,True,AR
16-01561-000,8/24/1988,35000.0,WD(WARRANTY DEED),0.28,True,AR
16-01561-000,8/5/1986,0.0,MEMO(MEMORANDUM),0.28,True,AR
16-01561-000,8/11/1977,34000.0,WD(WARRANTY DEED),0.28,True,AR
16-01562-000,10/27/2021,2000.0,WD(WARRANTY DEED),0.3,False,AR
16-01562-000,10/4/2021,1.0,WD(WARRANTY DEED),0.3,False,AR
16-01562-000,8/11/2020,0.0,DC(DEATH CERTIFICATE),0.3,False,AR
16-01562-000,6/8/2007,20000.0,WD(WARRANTY DEED),0.3,False,AR
16-01562-000,11/2/2005,6000.0,WD(WARRANTY DEED),0.3,False,AR
16-01562-000,8/8/1991,0.0,WD(WARRANTY DEED),0.3,False,AR
16-01562-000,10/22/1984,7000.0,WD(WARRANTY DEED),0.3,False,AR
16-01563-000,5/2/2025,0.0,BD(BENEFICIARY DEED),0.27,False,AR
16-01563-000,7/12/2005,2000.0,CWD(CORPORATION WARRANTY DEED),0.27,False,AR
16-01563-000,4/18/2005,0.0,QCD(QUITCLAIM DEED),0.27,False,AR
16-01563-000,1/18/2005,0.0,DC(DEATH CERTIFICATE),0.27,False,AR
16-01563-000,4/3/1987,0.0,CONT(CONTRACT),0.27,False,AR
16-01563-000,10/26/1979,7000.0,WD(WARRANTY DEED),0.27,False,AR
16-01564-000,2/11/2020,1000.0,SWD(SPECIAL WARRANTY DEED),0.28,False,AR
16-01564-000,12/30/2019,0.0,COMMD(COMMISSIONERS DEED),0.28,False,AR
16-01564-000,2/18/1994,0.0,CORRWD(CORRECTED WARRANTY DEED),0.28,False,AR
16-01564-000,7/23/1992,1000.0,WD(WARRANTY DEED),0.28,False,AR
16-01564-000,7/23/1992,1000.0,WD(WARRANTY DEED),0.28,False,AR
16-01564-000,2/19/1986,0.0,WD(WARRANTY DEED),0.28,False,AR
16-01564-000,10/1/1985,8000.0,WD(WARRANTY DEED),0.28,False,AR
16-01565-000,5/13/2010,1000.0,WD(WARRANTY DEED),0.25,False,AR
16-01565-000,11/26/1984,7000.0,WD(WARRANTY DEED),0.25,False,AR
16-01566-000,11/8/2022,0.0,CORRQC(CORRECTED QUIT CLAIM DEED),0.53,False,IA
16-01566-000,11/4/2022,0.0,AFF(AFFIDAVIT),0.53,False,IA
16-01566-000,11/2/2022,33000.0,WD(WARRANTY DEED),0.53,False,IA
16-01566-000,11/2/2022,32000.0,WD(WARRANTY DEED),0.53,False,IA
16-01566-000,10/28/2022,0.0,WD(WARRANTY DEED),0.53,False,IA
16-01566-000,9/6/2022,0.0,QCD(QUITCLAIM DEED),0.53,False,IA
16-01566-000,5/7/2019,0.0,DC(DEATH CERTIFICATE),0.53,False,IA
16-01566-000,6/17/2016,0.0,DC(DEATH CERTIFICATE),0.53,False,IA
16-01566-000,9/24/1983,8000.0,WD(WARRANTY DEED),0.53,False,IA
16-01566-000,9/24/1983,0.0,CONT(CONTRACT),0.53,False,IA
16-01566-000,2/1/1982,0.0,QCD(QUITCLAIM DEED),0.53,False,IA
16-01567-000,5/5/2020,205000.0,WD(WARRANTY DEED),0.36,True,AR
16-01567-000,1/31/2014,0.0,DC(DEATH CERTIFICATE),0.36,True,AR
16-01567-000,4/7/2003,0.0,QCD(QUITCLAIM DEED),0.36,True,AR
16-01567-000,7/16/1997,129000.0,WD(WARRANTY DEED),0.36,True,AR
16-01567-000,6/9/1995,127000.0,WD(WARRANTY DEED),0.36,True,AR
16-01567-000,5/23/1995,127000.0,WD(WARRANTY DEED),0.36,True,AR
16-01567-000,12/26/1990,7000.0,WD(WARRANTY DEED),0.36,True,AR
16-01567-000,7/18/1989,4000.0,WD(WARRANTY DEED),0.36,True,AR
16-01568-000,7/22/2020,180000.0,WD(WARRANTY DEED),0.34,True,AR
16-01568-000,3/30/2020,0.0,DC(DEATH CERTIFICATE),0.34,True,AR
16-01568-000,12/5/2017,146000.0,WD(WARRANTY DEED),0.34,True,AR
16-01568-000,1/12/2008,0.0,DC(DEATH CERTIFICATE),0.34,True,AR
16-01568-000,7/21/2000,0.0,WD(WARRANTY DEED),0.34,True,AR
16-01568-000,7/21/2000,86000.0,WD(WARRANTY DEED),0.34,True,AR
16-01568-000,7/17/2000,0.0,AFF(AFFIDAVIT),0.34,True,AR
16-01568-000,7/7/1998,0.0,QCD(QUITCLAIM DEED),0.34,True,AR
16-01568-000,1/27/1998,0.0,AFF(AFFIDAVIT),0.34,True,AR
16-01568-000,3/12/1997,89000.0,WD(WARRANTY DEED),0.34,True,AR
16-01568-000,9/26/1995,85000.0,WD(WARRANTY DEED),0.34,True,AR
16-01568-000,4/23/1995,0.0,DC(DEATH CERTIFICATE),0.34,True,AR
16-01568-000,4/15/1985,0.0,WD(WARRANTY DEED),0.34,True,AR
16-01568-000,9/22/1984,0.0,DC(DEATH CERTIFICATE),0.34,True,AR
16-01569-000,6/20/2017,0.0,WD(WARRANTY DEED),0.38,True,AR
16-01569-000,6/20/2017,0.0,CERT(CERTIFICATE),0.38,True,AR
16-01569-000,2/6/2011,0.0,DC(DEATH CERTIFICATE),0.38,True,AR
16-01569-000,2/20/1992,94400.0,WD(WARRANTY DEED),0.38,True,AR
16-01569-000,8/12/1991,3500.0,WD(WARRANTY DEED),0.38,True,AR
16-01569-000,8/6/1987,0.0,QCD(QUITCLAIM DEED),0.38,True,AR
16-01569-000,5/26/1987,6000.0,WD(WARRANTY DEED),0.38,True,AR
16-01569-000,1/2/1985,8000.0,WD(WARRANTY DEED),0.38,True,AR
16-01570-000,8/2/2019,0.0,RD(REDEMPTION DEED),0.38,False,OR
16-01570-000,8/1/2019,0.0,COMMD(COMMISSIONERS DEED),0.38,False,OR
16-01570-000,8/1/2019,0.0,COMMD(COMMISSIONERS DEED),0.38,False,OR
16-01570-000,8/1/2019,0.0,COMMD(COMMISSIONERS DEED),0.38,False,OR
16-01570-000,7/2/2019,0.0,LWD(LIMITED WARRANTY DEED),0.38,False,OR
16-01570-000,8/29/2008,22000.0,WD(WARRANTY DEED),0.38,False,OR
16-01570-000,7/29/2008,0.0,QCD(QUITCLAIM DEED),0.38,False,OR
16-01570-000,11/18/2005,5000.0,CORRWD(CORRECTED WARRANTY DEED),0.38,False,OR
16-01570-000,9/20/2005,42000.0,CORRWD(CORRECTED WARRANTY DEED),0.38,False,OR
16-01570-000,8/17/2005,42000.0,WD(WARRANTY DEED),0.38,False,OR
16-01570-000,7/21/2005,4000.0,WD(WARRANTY DEED),0.38,False,OR
16-01570-000,11/2/1995,0.0,QCD(QUITCLAIM DEED),0.38,False,OR
16-01570-000,10/21/1977,8000.0,WD(WARRANTY DEED),0.38,False,OR
16-01571-000,6/21/2022,0.0,BD(BENEFICIARY DEED),0.28,True,AR
16-01571-000,8/2/2012,0.0,BD(BENEFICIARY DEED),0.28,True,AR
16-01571-000,9/30/1999,88000.0,WD(WARRANTY DEED),0.28,True,AR
16-01571-000,7/16/1991,0.0,WD(WARRANTY DEED),0.28,True,AR
16-01571-000,2/22/1991,0.0,TRAG(TRUST AGREEMENT),0.28,True,AR
16-01571-000,8/1/1986,82000.0,WD(WARRANTY DEED),0.28,True,AR
16-01571-000,5/1/1985,0.0,QCD(QUITCLAIM DEED),0.28,True,AR
16-01571-000,4/2/1984,4000.0,WD(WARRANTY DEED),0.28,True,AR
16-01572-000,11/5/2020,0.0,CERT(CERTIFICATE),0.25,True,MO
16-01572-000,11/2/2019,0.0,DC(DEATH CERTIFICATE),0.25,True,MO
16-01572-000,11/2/2019,0.0,DC(DEATH CERTIFICATE),0.25,True,MO
16-01572-000,8/3/2016,0.0,CERT(CERTIFICATE),0.25,True,MO
16-01572-000,8/3/2016,0.0,WD(WARRANTY DEED),0.25,True,MO
16-01572-000,10/2/2001,90000.0,WD(WARRANTY DEED),0.25,True,MO
16-01572-000,10/22/1990,86000.0,WD(WARRANTY DEED),0.25,True,MO
16-01572-000,3/6/1990,62000.0,WD(WARRANTY DEED),0.25,True,MO
16-01572-000,10/10/1989,2000.0,WD(WARRANTY DEED),0.25,True,MO
16-01573-000,4/18/2025,13000.0,WD(WARRANTY DEED),0.29,False,AR
16-01573-000,1/28/2016,2300.0,QCD(QUITCLAIM DEED),0.29,False,AR
16-01573-000,3/15/2011,2000.0,WD(WARRANTY DEED),0.29,False,AR
16-01573-000,12/6/1990,0.0,AFF(AFFIDAVIT),0.29,False,AR
16-01573-000,9/24/1990,0.0,DC(DEATH CERTIFICATE),0.29,False,AR
16-01573-000,1/20/1978,6000.0,WD(WARRANTY DEED),0.29,False,AR
16-01573-000,10/23/1975,0.0,WILL(WILL),0.29,False,AR
16-01574-000,6/11/2024,290000.0,WD(WARRANTY DEED),0.37,True,AR
16-01574-000,6/9/2015,135000.0,WD(WARRANTY DEED),0.37,True,AR
16-01574-000,5/15/2008,144000.0,WD(WARRANTY DEED),0.37,True,AR
16-01574-000,8/10/2007,146000.0,WD(WARRANTY DEED),0.37,True,AR
16-01574-000,8/11/1992,94000.0,WD(WARRANTY DEED),0.37,True,AR
16-01574-000,8/10/1992,72400.0,WD(WARRANTY DEED),0.37,True,AR
16-01574-000,3/16/1992,4000.0,WD(WARRANTY DEED),0.37,True,AR
16-01574-000,1/28/1991,0.0,QCD(QUITCLAIM DEED),0.37,True,AR
16-01574-000,5/20/1982,8000.0,WD(WARRANTY DEED),0.37,True,AR
16-01575-000,4/6/2020,166000.0,WD(WARRANTY DEED),0.34,True,AR
16-01575-000,1/25/2018,0.0,BD(BENEFICIARY DEED),0.34,True,AR
16-01575-000,1/25/2018,0.0,QCD(QUITCLAIM DEED),0.34,True,AR
16-01575-000,11/25/2003,98000.0,WD(WARRANTY DEED),0.34,True,AR
16-01575-000,12/22/1999,74000.0,WD(WARRANTY DEED),0.34,True,AR
16-01575-000,9/17/1987,64000.0,WD(WARRANTY DEED),0.34,True,AR
16-01575-000,11/16/1982,0.0,DC(DEATH CERTIFICATE),0.34,True,AR
16-01575-000,11/16/1982,0.0,AFF(AFFIDAVIT),0.34,True,AR
16-01575-000,8/31/1982,73000.0,WD(WARRANTY DEED),0.34,True,AR
16-01576-000,5/10/2022,260000.0,WD(WARRANTY DEED),0.31,True,AR
16-01576-000,2/1/2021,172000.0,WD(WARRANTY DEED),0.31,True,AR
16-01576-000,10/23/2017,140000.0,WD(WARRANTY DEED),0.31,True,AR
16-01576-000,2/24/2004,80000.0,WD(WARRANTY DEED),0.31,True,AR
16-01576-000,7/25/2003,0.0,DC(DEATH CERTIFICATE),0.31,True,AR
16-01576-000,5/2/1988,0.0,DC(DEATH CERTIFICATE),0.31,True,AR
16-01576-000,11/23/1983,0.0,WD(WARRANTY DEED),0.31,True,AR
16-01577-000,9/16/2022,11000.0,QCD(QUITCLAIM DEED),0.34,False,CA
16-01577-000,3/22/2021,0.0,RD(REDEMPTION DEED),0.34,False,CA
16-01577-000,7/26/2018,0.0,RD(REDEMPTION DEED),0.34,False,CA
16-01577-000,3/18/2009,0.0,QCD(QUITCLAIM DEED),0.34,False,CA
16-01577-000,11/24/2008,0.0,WD(WARRANTY DEED),0.34,False,CA
16-01577-000,6/10/2005,1000.0,WD(WARRANTY DEED),0.34,False,CA
16-01577-000,7/10/1987,15000.0,WD(WARRANTY DEED),0.34,False,CA
16-01577-000,11/26/1986,0.0,WD(WARRANTY DEED),0.34,False,CA
16-01577-000,10/14/1981,12000.0,WD(WARRANTY DEED),0.34,False,CA
16-01578-000,12/30/2021,265000.0,WD(WARRANTY DEED),0.32,True,AR
16-01578-000,10/26/2018,169000.0,WD(WARRANTY DEED),0.32,True,AR
16-01578-000,6/29/2018,75000.0,WD(WARRANTY DEED),0.32,True,AR
16-01578-000,1/23/2009,0.0,DC(DEATH CERTIFICATE),0.32,True,AR
16-01578-000,12/9/2003,94000.0,WD(WARRANTY DEED),0.32,True,AR
16-01578-000,4/13/1998,77000.0,WD(WARRANTY DEED),0.32,True,AR
16-01578-000,1/26/1996,0.0,WD(WARRANTY DEED),0.32,True,AR
16-01578-000,1/14/1996,0.0,DC(DEATH CERTIFICATE),0.32,True,AR
16-01578-000,11/5/1990,0.0,WD(WARRANTY DEED),0.32,True,AR
16-01578-000,11/8/1978,67000.0,WD(WARRANTY DEED),0.32,True,AR
16-01579-000,7/23/2014,0.0,WD(WARRANTY DEED),0.34,True,AR
16-01579-000,7/23/2014,0.0,CERT(CERTIFICATE),0.34,True,AR
16-01579-000,6/4/2002,109000.0,WD(WARRANTY DEED),0.34,True,AR
16-01579-000,1/9/2001,0.0,DC(DEATH CERTIFICATE),0.34,True,AR
16-01579-000,6/26/1995,0.0,AMEND(AMENDMENT),0.34,True,AR
16-01579-000,11/12/1992,0.0,WD(WARRANTY DEED),0.34,True,AR
16-01579-000,10/26/1992,0.0,TRAG(TRUST AGREEMENT),0.34,True,AR
16-01579-000,5/1/1989,0.0,WD(WARRANTY DEED),0.34,True,AR
16-01579-000,4/27/1989,114000.0,WD(WARRANTY DEED),0.34,True,AR
16-01579-000,10/16/1987,96000.0,WD(WARRANTY DEED),0.34,True,AR
16-01579-000,8/14/1981,15000.0,WD(WARRANTY DEED),0.34,True,AR
16-01580-000,7/23/2014,0.0,WD(WARRANTY DEED),0.31,False,AR
16-01580-000,7/23/2014,0.0,CERT(CERTIFICATE),0.31,False,AR
16-01580-000,8/4/2010,9000.0,SWD(SPECIAL WARRANTY DEED),0.31,False,AR
16-01580-000,4/30/2010,0.0,QCD(QUITCLAIM DEED),0.31,False,AR
16-01580-000,11/24/2008,0.0,WD(WARRANTY DEED),0.31,False,AR
16-01580-000,10/7/2005,6000.0,WD(WARRANTY DEED),0.31,False,AR
16-01580-000,10/15/1993,0.0,TRD(TRUSTEES DEED),0.31,False,AR
16-01580-000,7/27/1987,0.0,WD(WARRANTY DEED),0.31,False,AR
16-01580-000,6/9/1986,8000.0,WD(WARRANTY DEED),0.31,False,AR
16-01581-000,3/21/2022,0.0,WD(WARRANTY DEED),0.34,True,AR
16-01581-000,3/21/2022,0.0,CERT(CERTIFICATE),0.34,True,AR
16-01581-000,2/3/2005,300000.0,WD(WARRANTY DEED),0.34,True,AR
16-01581-000,8/2/2004,0.0,MTG-D(MORTGAGEE'S DEED),0.34,True,AR
16-01581-000,8/25/2003,408000.0,WD(WARRANTY DEED),0.34,True,AR
16-01581-000,3/16/1995,172000.0,WD(WARRANTY DEED),0.34,True,AR
16-01581-000,5/26/1983,18000.0,WD(WARRANTY DEED),0.34,True,AR
16-01582-000,8/23/2011,0.0,DC(DEATH CERTIFICATE),0.54,True,AR
16-01582-000,4/12/2011,0.0,BD(BENEFICIARY DEED),0.54,True,AR
16-01582-000,1/23/2009,0.0,QCD(QUITCLAIM DEED),0.54,True,AR
16-01582-000,1/23/2009,0.0,QCD(QUITCLAIM DEED),0.54,True,AR
16-01582-000,1/23/2009,0.0,WD(WARRANTY DEED),0.54,True,AR
16-01582-000,5/21/2001,0.0,DEC(DECREE),0.54,True,AR
16-01582-000,12/27/1990,0.0,CORRWD(CORRECTED WARRANTY DEED),0.54,True,AR
16-01582-000,12/27/1990,165000.0,WD(WARRANTY DEED),0.54,True,AR
16-01582-000,12/20/1990,0.0,CORRWD(CORRECTED WARRANTY DEED),0.54,True,AR
16-01582-000,12/20/1990,0.0,WD(WARRANTY DEED),0.54,True,AR
16-01582-000,11/7/1986,185000.0,WD(WARRANTY DEED),0.54,True,AR
16-01582-000,8/2/1984,150000.0,WD(WARRANTY DEED),0.54,True,AR
16-01583-000,8/3/2020,600000.0,WD(WARRANTY DEED),0.51,True,AR
16-01583-000,4/1/2004,350000.0,WD(WARRANTY DEED),0.51,True,AR
16-01583-000,2/6/2004,0.0,WD(WARRANTY DEED),0.51,True,AR
16-01583-000,2/3/2004,0.0,TRAG(TRUST AGREEMENT),0.51,True,AR
16-01583-000,11/17/2003,0.0,QCD(QUITCLAIM DEED),0.51,True,AR
16-01583-000,3/11/2003,300000.0,WD(WARRANTY DEED),0.51,True,AR
16-01583-000,10/20/1998,223000.0,WD(WARRANTY DEED),0.51,True,AR
16-01583-000,6/11/1993,205000.0,WD(WARRANTY DEED),0.51,True,AR
16-01583-000,1/1/1992,0.0,QCD(QUITCLAIM DEED),0.51,True,AR
16-01583-000,6/28/1978,15000.0,WD(WARRANTY DEED),0.51,True,AR
16-01584-000,8/3/2020,600000.0,WD(WARRANTY DEED),0.4,False,AR
16-01584-000,12/2/2008,18000.0,WD(WARRANTY DEED),0.4,False,AR
16-01584-000,6/5/2003,3000.0,WD(WARRANTY DEED),0.4,False,AR
16-01584-000,6/5/2003,0.0,QCD(QUITCLAIM DEED),0.4,False,AR
16-01584-000,6/5/2003,0.0,QCD(QUITCLAIM DEED),0.4,False,AR
16-01584-000,6/5/2003,0.0,QCD(QUITCLAIM DEED),0.4,False,AR
16-01584-000,6/5/2003,0.0,QCD(QUITCLAIM DEED),0.4,False,AR
16-01584-000,6/5/2003,0.0,QCD(QUITCLAIM DEED),0.4,False,AR
16-01584-000,6/5/2003,0.0,QCD(QUITCLAIM DEED),0.4,False,AR
16-01584-000,6/5/2003,0.0,QCD(QUITCLAIM DEED),0.4,False,AR
16-01584-000,6/5/2003,0.0,QCD(QUITCLAIM DEED),0.4,False,AR
16-01584-000,6/25/1988,0.0,DC(DEATH CERTIFICATE),0.4,False,AR
16-01584-000,2/20/1985,0.0,CONT(CONTRACT),0.4,False,AR
16-01584-000,12/21/1984,0.0,DC(DEATH CERTIFICATE),0.4,False,AR
16-01584-000,6/13/1984,0.0,CONT(CONTRACT),0.4,False,AR
16-01585-000,7/24/2024,0.0,WD(WARRANTY DEED),0.28,False,AR
16-01585-000,7/24/2024,0.0,MEMO(MEMORANDUM),0.28,False,AR
16-01585-000,12/5/2023,7000.0,COMMD(COMMISSIONERS DEED),0.28,False,AR
16-01585-000,12/10/1974,9000.0,WD(WARRANTY DEED),0.28,False,AR
16-01586-000,7/24/2024,0.0,WD(WARRANTY DEED),0.36,True,AR
16-01586-000,7/24/2024,0.0,MEMO(MEMORANDUM),0.36,True,AR
16-01586-000,11/30/2016,95000.0,TRWD(TRUSTEES WARRANTY DEED),0.36,True,AR
16-01586-000,11/30/2016,0.0,CERT(CERTIFICATE),0.36,True,AR
16-01586-000,9/18/2016,0.0,DC(DEATH CERTIFICATE),0.36,True,AR
16-01586-000,11/24/1998,0.0,QCD(QUITCLAIM DEED),0.36,True,AR
16-01586-000,9/28/1994,79000.0,WD(WARRANTY DEED),0.36,True,AR
16-01586-000,1/17/1989,61000.0,WD(WARRANTY DEED),0.36,True,AR
16-01586-000,12/2/1986,60000.0,WD(WARRANTY DEED),0.36,True,AR
16-01586-000,11/26/1986,62000.0,WD(WARRANTY DEED),0.36,True,AR
16-01586-000,7/27/1982,70000.0,WD(WARRANTY DEED),0.36,True,AR
16-01587-000,3/24/2008,0.0,OTHER(OTHER DOCUMENT),0.3,True,AR
16-01587-000,4/11/2007,0.0,OTHER(OTHER DOCUMENT),0.3,True,AR
16-01587-000,12/11/1998,0.0,WD(WARRANTY DEED),0.3,True,AR
16-01587-000,12/7/1998,0.0,CERT(CERTIFICATE),0.3,True,AR
16-01587-000,9/20/1994,0.0,DC(DEATH CERTIFICATE),0.3,True,AR
16-01587-000,11/25/1975,9000.0,WD(WARRANTY DEED),0.3,True,AR
16-01588-000,10/24/2024,960000.0,WD(WARRANTY DEED),0.63,True,AR
16-01588-000,7/10/2020,610000.0,WD(WARRANTY DEED),0.63,True,AR
16-01588-000,2/3/2003,475000.0,WD(WARRANTY DEED),0.63,True,AR
16-01588-000,8/10/1998,170000.0,WD(WARRANTY DEED),0.63,True,AR
16-01588-000,8/16/1996,0.0,QCD(QUITCLAIM DEED),0.63,True,AR
16-01588-000,8/15/1996,0.0,TRAG(TRUST AGREEMENT),0.63,True,AR
16-01588-000,3/26/1995,0.0,AFF(AFFIDAVIT),0.63,True,AR
16-01588-000,3/26/1995,0.0,DC(DEATH CERTIFICATE),0.63,True,AR
16-01588-000,4/2/1990,133000.0,WD(WARRANTY DEED),0.63,True,AR
16-01588-000,3/8/1983,130000.0,WD(WARRANTY DEED),0.63,True,AR
16-01588-000,6/1/1982,16000.0,WD(WARRANTY DEED),0.63,True,AR
16-01589-000,10/18/2019,518000.0,WD(WARRANTY DEED),0.52,True,MO
16-01589-000,8/4/2006,420000.0,WD(WARRANTY DEED),0.52,True,MO
16-01589-000,1/4/2002,345000.0,CWD(CORPORATION WARRANTY DEED),0.52,True,MO
16-01589-000,6/4/2001,157000.0,WD(WARRANTY DEED),0.52,True,MO
16-01589-000,8/19/1994,100000.0,WD(WARRANTY DEED),0.52,True,MO
16-01589-000,8/30/1991,0.0,WD(WARRANTY DEED),0.52,True,MO
16-01589-000,8/30/1991,0.0,TRAG(TRUST AGREEMENT),0.52,True,MO
16-01590-000,9/20/2022,0.0,BD(BENEFICIARY DEED),0.55,True,AR
16-01590-000,4/9/2020,575000.0,WD(WARRANTY DEED),0.55,True,AR
16-01590-000,2/3/2004,530000.0,WD(WARRANTY DEED),0.55,True,AR
16-01590-000,10/2/1998,11000.0,WD(WARRANTY DEED),0.55,True,AR
16-01590-000,9/7/1982,15000.0,WD(WARRANTY DEED),0.55,True,AR
16-01590-000,5/7/1982,0.0,CONT(CONTRACT),0.55,True,AR
16-01590-000,5/7/1982,16000.0,WD(WARRANTY DEED),0.55,True,AR
16-01591-000,9/20/2022,0.0,BD(BENEFICIARY DEED),0.39,False,AR
16-01591-000,4/9/2020,575000.0,WD(WARRANTY DEED),0.39,False,AR
16-01591-000,2/3/2004,530000.0,WD(WARRANTY DEED),0.39,False,AR
16-01591-000,10/5/1998,6000.0,WD(WARRANTY DEED),0.39,False,AR
16-01591-000,3/3/1997,0.0,DC(DEATH CERTIFICATE),0.39,False,AR
16-01591-000,4/29/1983,10000.0,WD(WARRANTY DEED),0.39,False,AR
16-01591-000,7/2/1982,9000.0,WD(WARRANTY DEED),0.39,False,AR
16-01594-000,2/6/2023,6000.0,COMMD(COMMISSIONERS DEED),0.37,False,AR
16-01594-000,9/13/2019,0.0,LWD(LIMITED WARRANTY DEED),0.37,False,AR
16-01594-000,1/26/2006,9000.0,WD(WARRANTY DEED),0.37,False,AR
16-01594-000,1/25/2006,0.0,MEMO(MEMORANDUM),0.37,False,AR
16-01594-000,2/7/2003,0.0,DC(DEATH CERTIFICATE),0.37,False,AR
16-01594-000,5/26/1998,0.0,TRD(TRUSTEES DEED),0.37,False,AR
16-01594-000,12/30/1991,0.0,WD(WARRANTY DEED),0.37,False,AR
16-01594-000,7/2/1982,9000.0,WD(WARRANTY DEED),0.37,False,AR
16-01595-000,9/29/2018,900.0,WD(WARRANTY DEED),0.33,False,AR
16-01595-000,2/15/2017,1000.0,SWD(SPECIAL WARRANTY DEED),0.33,False,AR
16-01595-000,4/26/2013,0.0,COMMD(COMMISSIONERS DEED),0.33,False,AR
16-01595-000,10/8/2012,0.0,RD(REDEMPTION DEED),0.33,False,AR
16-01595-000,8/16/2007,8000.0,FD(FIDUCIARY DEED),0.33,False,AR
16-01595-000,10/20/1990,0.0,DC(DEATH CERTIFICATE),0.33,False,AR
16-01595-000,5/13/1982,8000.0,WD(WARRANTY DEED),0.33,False,AR
16-01596-000,4/27/2017,0.0,WD(WARRANTY DEED),0.31,False,AR
16-01596-000,4/27/2017,0.0,CERT(CERTIFICATE),0.31,False,AR
16-01596-000,8/23/2005,0.0,WD(WARRANTY DEED),0.31,False,AR
16-01596-000,11/19/2001,1000.0,WD(WARRANTY DEED),0.31,False,AR
16-01596-000,8/1/2000,2000.0,WD(WARRANTY DEED),0.31,False,AR
16-01596-000,8/1/2000,0.0,WD(WARRANTY DEED),0.31,False,AR
16-01596-000,6/20/2000,0.0,WD(WARRANTY DEED),0.31,False,AR
16-01596-000,1/25/1997,0.0,DC(DEATH CERTIFICATE),0.31,False,AR
16-01596-000,12/23/1992,0.0,CONT(CONTRACT),0.31,False,AR
16-01596-000,7/18/1989,0.0,CONT(CONTRACT),0.31,False,AR
16-01596-000,5/23/1986,0.0,DC(DEATH CERTIFICATE),0.31,False,AR
16-01596-000,8/24/1984,0.0,WD(WARRANTY DEED),0.31,False,AR
16-01597-000,9/5/2023,275000.0,WD(WARRANTY DEED),0.31,True,AR
16-01597-000,7/19/2021,239000.0,WD(WARRANTY DEED),0.31,True,AR
16-01597-000,6/15/2021,183000.0,WD(WARRANTY DEED),0.31,True,AR
16-01597-000,10/25/2016,130000.0,WD(WARRANTY DEED),0.31,True,AR
16-01597-000,9/16/2011,0.0,DC(DEATH CERTIFICATE),0.31,True,AR
16-01597-000,5/11/2001,88000.0,WD(WARRANTY DEED),0.31,True,AR
16-01597-000,1/22/1992,10000.0,WD(WARRANTY DEED),0.31,True,AR
16-01597-000,12/5/1991,3000.0,WD(WARRANTY DEED),0.31,True,AR
16-01597-000,10/4/1991,1000.0,WD(WARRANTY DEED),0.31,True,AR
16-01597-000,6/29/1984,0.0,WD(WARRANTY DEED),0.31,True,AR
16-01597-000,6/28/1984,0.0,WD(WARRANTY DEED),0.31,True,AR
16-01598-000,5/6/2016,176000.0,WD(WARRANTY DEED),0.28,True,AR
16-01598-000,8/4/2005,215000.0,WD(WARRANTY DEED),0.28,True,AR
16-01598-000,11/9/1999,2000.0,WD(WARRANTY DEED),0.28,True,AR
16-01598-000,11/2/1999,0.0,AFF(AFFIDAVIT),0.28,True,AR
16-01598-000,7/9/1987,0.0,WD(WARRANTY DEED),0.28,True,AR
16-01598-000,11/21/1978,0.0,WD(WARRANTY DEED),0.28,True,AR
16-01599-000,6/16/2021,5000.0,WD(WARRANTY DEED),0.32,False,AR
16-01599-000,8/26/2020,0.0,RD(REDEMPTION DEED),0.32,False,AR
16-01599-000,10/13/2009,250000.0,WD(WARRANTY DEED),0.32,False,AR
16-01599-000,8/21/2009,24000.0,DEED(GRANT DEED),0.32,False,AR
16-01599-000,9/15/2008,0.0,DEED(GRANT DEED),0.32,False,AR
16-01599-000,3/21/2005,2000.0,WD(WARRANTY DEED),0.32,False,AR
16-01599-000,10/6/1999,1000.0,WD(WARRANTY DEED),0.32,False,AR
16-01599-000,1/28/1999,0.0,DC(DEATH CERTIFICATE),0.32,False,AR
16-01599-000,11/26/1997,0.0,WD(WARRANTY DEED),0.32,False,AR
16-01599-000,10/2/1983,0.0,DC(DEATH CERTIFICATE),0.32,False,AR
16-01599-000,5/6/1977,8000.0,WD(WARRANTY DEED),0.32,False,AR
16-01600-000,5/6/2020,3000.0,WD(WARRANTY DEED),0.33,False,AR
16-01600-000,3/10/2007,0.0,DC(DEATH CERTIFICATE),0.33,False,AR
16-01600-000,12/19/2000,1000.0,QCD(QUITCLAIM DEED),0.33,False,AR
16-01600-000,9/1/2000,0.0,RD(REDEMPTION DEED),0.33,False,AR
16-01600-000,11/19/1982,9000.0,WD(WARRANTY DEED),0.33,False,AR
16-01601-000,4/29/2020,200000.0,WD(WARRANTY DEED),0.41,True,AR
16-01601-000,2/28/2018,105000.0,WD(WARRANTY DEED),0.41,True,AR
16-01601-000,9/8/2014,75000.0,WD(WARRANTY DEED),0.41,True,AR
16-01601-000,6/21/2005,0.0,DC(DEATH CERTIFICATE),0.41,True,AR
16-01601-000,5/20/1997,0.0,QCD(QUITCLAIM DEED),0.41,True,AR
16-01602-000,3/12/2024,10000.0,TRD(TRUSTEES DEED),0.47,False,AR
16-01602-000,4/5/2010,0.0,DC(DEATH CERTIFICATE),0.47,False,AR
16-01602-000,12/14/2007,0.0,WD(WARRANTY DEED),0.47,False,AR
16-01603-000,3/26/2015,14850.0,WD(WARRANTY DEED),0.41,False,FL
16-01603-000,10/5/2011,0.0,QCD(QUITCLAIM DEED),0.41,False,FL
16-01603-000,10/5/2011,1693333.0,CORRQC(CORRECTED QUIT CLAIM DEED),0.41,False,FL
16-01603-000,11/24/2008,0.0,WD(WARRANTY DEED),0.41,False,FL
16-01603-000,1/19/2006,9000.0,WD(WARRANTY DEED),0.41,False,FL
16-01603-000,1/17/1989,0.0,WD(WARRANTY DEED),0.41,False,FL
16-01603-000,12/28/1983,9000.0,WD(WARRANTY DEED),0.41,False,FL
16-01604-000,10/29/2019,0.0,QCD(QUITCLAIM DEED),0.4,False,MO
16-01604-000,8/19/1997,9000.0,WD(WARRANTY DEED),0.4,False,MO
16-01605-000,9/13/2005,5000.0,WD(WARRANTY DEED),0.4,False,FL
16-01605-000,3/26/1999,1000.0,WD(WARRANTY DEED),0.4,False,FL
16-01605-000,3/3/1999,0.0,QCD(QUITCLAIM DEED),0.4,False,FL
16-01605-000,5/20/1982,7000.0,WD(WARRANTY DEED),0.4,False,FL
16-01606-000,3/19/2025,0.0,BD(BENEFICIARY DEED),0.33,True,AR
16-01606-000,9/19/2014,153000.0,TRWD(TRUSTEES WARRANTY DEED),0.33,True,AR
16-01606-000,6/16/2014,0.0,CERT(CERTIFICATE),0.33,True,AR
16-01606-000,12/2/2013,0.0,WD(WARRANTY DEED),0.33,True,AR
16-01606-000,12/3/2012,0.0,CORRWD(CORRECTED WARRANTY DEED),0.33,True,AR
16-01606-000,4/29/2010,0.0,CERT(CERTIFICATE),0.33,True,AR
16-01606-000,4/29/2010,0.0,WD(WARRANTY DEED),0.33,True,AR
16-01606-000,4/29/2010,0.0,CERT(CERTIFICATE),0.33,True,AR
16-01606-000,2/20/2007,165000.0,WD(WARRANTY DEED),0.33,True,AR
16-01606-000,11/4/2005,0.0,QCD(QUITCLAIM DEED),0.33,True,AR
16-01606-000,11/2/2005,3000.0,WD(WARRANTY DEED),0.33,True,AR
16-01606-000,9/6/2002,1000.0,WD(WARRANTY DEED),0.33,True,AR
16-01606-000,1/25/2002,1000.0,WD(WARRANTY DEED),0.33,True,AR
16-01607-000,1/30/2018,2500.0,WD(WARRANTY DEED),0.32,False,AR
16-01607-000,3/7/1991,6500.0,WD(WARRANTY DEED),0.32,False,AR
16-01607-000,2/5/1990,0.0,CONT(CONTRACT),0.32,False,AR
16-01607-000,11/20/1975,7000.0,WD(WARRANTY DEED),0.32,False,AR
16-01608-000,10/21/2021,0.0,TRD(TRUSTEES DEED),0.36,False,AR
16-01608-000,7/23/2014,0.0,WD(WARRANTY DEED),0.36,False,AR
16-01608-000,7/23/2014,0.0,CERT(CERTIFICATE),0.36,False,AR
16-01608-000,8/4/2010,0.0,SWD(SPECIAL WARRANTY DEED),0.36,False,AR
16-01608-000,3/18/2009,0.0,QCD(QUITCLAIM DEED),0.36,False,AR
16-01608-000,11/24/2008,0.0,WD(WARRANTY DEED),0.36,False,AR
16-01608-000,4/5/2006,9000.0,WD(WARRANTY DEED),0.36,False,AR
16-01609-000,2/11/2025,514900.0,WD(WARRANTY DEED),0.38,True,AR
16-01609-000,10/13/2023,9500.0,WD(WARRANTY DEED),0.38,True,AR
16-01609-000,5/24/2022,0.0,LWD(LIMITED WARRANTY DEED),0.38,True,AR
16-01609-000,3/28/2017,0.0,RD(REDEMPTION DEED),0.38,True,AR
16-01609-000,11/17/2015,0.0,QCD(QUITCLAIM DEED),0.38,True,AR
16-01609-000,12/20/2013,0.0,LWD(LIMITED WARRANTY DEED),0.38,True,AR
16-01609-000,6/5/2008,0.0,RD(REDEMPTION DEED),0.38,True,AR
16-01609-000,5/23/2003,2000.0,WD(WARRANTY DEED),0.38,True,AR
16-01609-000,2/10/1982,7000.0,WD(WARRANTY DEED),0.38,True,AR
16-01610-000,1/19/2021,0.0,WD(WARRANTY DEED),0.31,False,AR
16-01610-000,1/19/2021,0.0,CERT(CERTIFICATE),0.31,False,AR
16-01610-000,2/26/2016,250.0,WD(WARRANTY DEED),0.31,False,AR
16-01610-000,5/31/2012,506.0,SWD(SPECIAL WARRANTY DEED),0.31,False,AR
16-01610-000,9/20/2011,0.0,QCD(QUITCLAIM DEED),0.31,False,AR
16-01610-000,12/12/2007,0.0,RD(REDEMPTION DEED),0.31,False,AR
16-01610-000,7/21/2003,1000.0,QCD(QUITCLAIM DEED),0.31,False,AR
16-01610-000,1/9/2003,0.0,WD(WARRANTY DEED),0.31,False,AR
16-01611-000,12/12/1990,0.0,CWD(CORPORATION WARRANTY DEED),0.3,False,AR
16-01611-000,10/4/1989,2800.0,WD(WARRANTY DEED),0.3,False,AR
16-01611-000,7/14/1988,0.0,OR(ORDER),0.3,False,AR
16-01611-000,5/22/1987,0.0,POA(POWER OF ATTORNEY),0.3,False,AR
16-01611-000,5/26/1978,3000.0,WD(WARRANTY DEED),0.3,False,AR
16-01612-000,2/21/2022,5500.0,TRWD(TRUSTEES WARRANTY DEED),0.28,False,AR
16-01612-000,9/4/2014,0.0,WD(WARRANTY DEED),0.28,False,AR
16-01612-000,5/27/2013,0.0,DC(DEATH CERTIFICATE),0.28,False,AR
16-01612-000,2/9/1999,0.0,WD(WARRANTY DEED),0.28,False,AR
16-01612-000,8/11/1902,5000.0,WD(WARRANTY DEED),0.28,False,AR
16-01613-000,6/5/2023,350000.0,TRWD(TRUSTEES WARRANTY DEED),0.27,True,AR
16-01613-000,8/27/2013,0.0,CERT(CERTIFICATE),0.27,True,AR
16-01613-000,4/28/1997,133000.0,WD(WARRANTY DEED),0.27,True,AR
16-01613-000,9/26/1996,4000.0,WD(WARRANTY DEED),0.27,True,AR
16-01613-000,5/14/1986,0.0,DC(DEATH CERTIFICATE),0.27,True,AR
16-01613-000,9/11/1973,7000.0,WD(WARRANTY DEED),0.27,True,AR
16-01614-000,8/1/2014,190000.0,WD(WARRANTY DEED),0.35,True,AR
16-01614-000,4/7/2006,203000.0,WD(WARRANTY DEED),0.35,True,AR
16-01614-000,9/17/1992,0.0,WD(WARRANTY DEED),0.35,True,AR
16-01614-000,9/14/1992,0.0,CERT(CERTIFICATE),0.35,True,AR
16-01614-000,1/15/1992,5000.0,WD(WARRANTY DEED),0.35,True,AR
16-01614-000,8/1/1985,0.0,WD(WARRANTY DEED),0.35,True,AR
16-01615-000,10/20/2016,1000.0,SWD(SPECIAL WARRANTY DEED),0.38,False,AR
16-01615-000,8/25/2015,0.0,RD(REDEMPTION DEED),0.38,False,AR
16-01615-000,1/19/2015,0.0,COMMD(COMMISSIONERS DEED),0.38,False,AR
16-01615-000,12/28/1982,7000.0,WD(WARRANTY DEED),0.38,False,AR
16-01616-000,10/13/2015,0.0,EXD(EXECUTOR-EXECUTRIX DEED),0.35,False,WA
16-01616-000,7/10/2013,20000.0,WD(WARRANTY DEED),0.35,False,WA
16-01616-000,4/15/2013,0.0,LTR(LETTER),0.35,False,WA
16-01616-000,3/1/2013,0.0,DC(DEATH CERTIFICATE),0.35,False,WA
16-01616-000,10/5/2011,0.0,QCD(QUITCLAIM DEED),0.35,False,WA
16-01616-000,10/5/2011,1693333.0,CORRQC(CORRECTED QUIT CLAIM DEED),0.35,False,WA
16-01616-000,11/24/2008,0.0,WD(WARRANTY DEED),0.35,False,WA
16-01616-000,11/7/2005,6000.0,WD(WARRANTY DEED),0.35,False,WA
16-01616-000,5/14/1996,0.0,QCD(QUITCLAIM DEED),0.35,False,WA
16-01616-000,3/8/1995,8000.0,WD(WARRANTY DEED),0.35,False,WA
16-01616-000,1/18/1974,7000.0,WD(WARRANTY DEED),0.35,False,WA
16-01617-000,2/4/2015,6400.0,WD(WARRANTY DEED),0.38,False,OR
16-01617-000,6/16/2013,3000.0,WD(WARRANTY DEED),0.38,False,OR
16-01617-000,9/26/2008,3000.0,WD(WARRANTY DEED),0.38,False,OR
16-01617-000,12/12/2002,12000.0,WD(WARRANTY DEED),0.38,False,OR
16-01617-000,1/23/1998,0.0,DC(DEATH CERTIFICATE),0.38,False,OR
16-01617-000,10/20/1987,0.0,CONT(CONTRACT),0.38,False,OR
16-01617-000,4/30/1986,0.0,CONT(CONTRACT),0.38,False,OR
16-01617-000,11/22/1976,7000.0,WD(WARRANTY DEED),0.38,False,OR
16-01618-000,10/5/1993,6200.0,WD(WARRANTY DEED),0.46,False,IA
16-01618-000,10/30/1991,0.0,QCD(QUITCLAIM DEED),0.46,False,IA
16-01618-000,1/23/1991,0.0,DC(DEATH CERTIFICATE),0.46,False,IA
16-01618-000,7/2/1989,0.0,CONT(CONTRACT),0.46,False,IA
16-01618-000,5/10/1988,0.0,CONT(CONTRACT),0.46,False,IA
16-01618-000,6/30/1986,0.0,CONT(CONTRACT),0.46,False,IA
16-01618-000,10/15/1984,0.0,CONT(CONTRACT),0.46,False,IA
16-01618-000,9/27/1982,7000.0,WD(WARRANTY DEED),0.46,False,IA
16-01619-000,12/19/2024,415000.0,WD(WARRANTY DEED),0.4,False,AR
16-01619-000,10/5/2021,0.0,BD(BENEFICIARY DEED),0.4,False,AR
16-01619-000,2/6/2015,0.0,CORRWD(CORRECTED WARRANTY DEED),0.4,False,AR
16-01619-000,2/6/2015,0.0,QCD(QUITCLAIM DEED),0.4,False,AR
16-01619-000,2/6/2015,200000.0,WD(WARRANTY DEED),0.4,False,AR
16-01619-000,4/7/2005,1000.0,WD(WARRANTY DEED),0.4,False,AR
16-01619-000,12/2/2004,3000.0,QCD(QUITCLAIM DEED),0.4,False,AR
16-01619-000,8/17/1994,0.0,QCD(QUITCLAIM DEED),0.4,False,AR
16-01619-000,9/10/1991,0.0,DC(DEATH CERTIFICATE),0.4,False,AR
16-01619-000,2/22/1990,0.0,QCD(QUITCLAIM DEED),0.4,False,AR
16-01619-000,3/4/1988,0.0,WD(WARRANTY DEED),0.4,False,AR
16-01619-000,9/23/1981,0.0,WD(WARRANTY DEED),0.4,False,AR
16-01619-000,9/10/1980,5000.0,WD(WARRANTY DEED),0.4,False,AR
16-01620-000,12/19/2024,415000.0,WD(WARRANTY DEED),0.45,True,AR
16-01620-000,10/5/2021,0.0,BD(BENEFICIARY DEED),0.45,True,AR
16-01620-000,2/6/2015,0.0,CORRWD(CORRECTED WARRANTY DEED),0.45,True,AR
16-01620-000,2/6/2015,200000.0,WD(WARRANTY DEED),0.45,True,AR
16-01620-000,4/14/2005,1000.0,WD(WARRANTY DEED),0.45,True,AR
16-01620-000,11/1/1990,19700.0,WD(WARRANTY DEED),0.45,True,AR
16-01620-000,4/10/1986,10000.0,WD(WARRANTY DEED),0.45,True,AR
16-01620-000,7/14/1982,6000.0,WD(WARRANTY DEED),0.45,True,AR
16-01621-000,4/26/2013,280000.0,WD(WARRANTY DEED),0.41,True,AR
16-01621-000,5/24/2011,0.0,AFF(AFFIDAVIT),0.41,True,AR
16-01621-000,3/31/2011,0.0,SWD(SPECIAL WARRANTY DEED),0.41,True,AR
16-01621-000,3/24/2011,0.0,MTG-D(MORTGAGEE'S DEED),0.41,True,AR
16-01621-000,10/1/2010,0.0,SWD(SPECIAL WARRANTY DEED),0.41,True,AR
16-01621-000,10/1/2010,0.0,MTG-D(MORTGAGEE'S DEED),0.41,True,AR
16-01621-000,8/15/2006,442000.0,WD(WARRANTY DEED),0.41,True,AR
16-01621-000,4/29/1987,7000.0,WD(WARRANTY DEED),0.41,True,AR
16-01621-000,11/13/1985,6000.0,WD(WARRANTY DEED),0.41,True,AR
16-01621-000,11/1/1980,0.0,DC(DEATH CERTIFICATE),0.41,True,AR
16-01621-000,11/9/1978,8000.0,WD(WARRANTY DEED),0.41,True,AR
16-01622-000,4/22/2020,0.0,SWD(SPECIAL WARRANTY DEED),0.43,True,AR
16-01622-000,4/22/2020,0.0,CERT(CERTIFICATE),0.43,True,AR
16-01622-000,6/3/2004,174000.0,WD(WARRANTY DEED),0.43,True,AR
16-01622-000,7/7/1998,152000.0,WD(WARRANTY DEED),0.43,True,AR
16-01622-000,11/15/1996,0.0,QCD(QUITCLAIM DEED),0.43,True,AR
16-01622-000,7/25/1994,147000.0,WD(WARRANTY DEED),0.43,True,AR
16-01622-000,1/26/1994,0.0,WD(WARRANTY DEED),0.43,True,AR
16-01622-000,1/26/1994,0.0,CORRWD(CORRECTED WARRANTY DEED),0.43,True,AR
16-01622-000,8/9/1993,7000.0,WD(WARRANTY DEED),0.43,True,AR
16-01622-000,7/25/1974,3000.0,WD(WARRANTY DEED),0.43,True,AR
16-01623-000,2/23/2024,0.0,CERT(CERTIFICATE),0.44,True,AR
16-01623-000,2/23/2024,0.0,WD(WARRANTY DEED),0.44,True,AR
16-01623-000,3/22/2023,0.0,OBIT(OBITUARY),0.44,True,AR
16-01623-000,7/1/2008,235000.0,WD(WARRANTY DEED),0.44,True,AR
16-01623-000,8/28/2001,209000.0,WD(WARRANTY DEED),0.44,True,AR
16-01623-000,3/21/2000,2000.0,WD(WARRANTY DEED),0.44,True,AR
16-01623-000,6/23/1997,0.0,WD(WARRANTY DEED),0.44,True,AR
16-01623-000,6/30/1994,0.0,DC(DEATH CERTIFICATE),0.44,True,AR
16-01623-000,1/10/1984,7000.0,WD(WARRANTY DEED),0.44,True,AR
16-01624-000,12/19/2016,130000.0,WD(WARRANTY DEED),0.43,True,AR
16-01624-000,11/30/2004,128000.0,WD(WARRANTY DEED),0.43,True,AR
16-01624-000,5/4/1999,115000.0,WD(WARRANTY DEED),0.43,True,AR
16-01624-000,9/6/1988,78000.0,WD(WARRANTY DEED),0.43,True,AR
16-01624-000,7/10/1988,0.0,DC(DEATH CERTIFICATE),0.43,True,AR
16-01624-000,4/29/1985,9000.0,WD(WARRANTY DEED),0.43,True,AR
16-01625-000,5/5/2006,10000.0,WD(WARRANTY DEED),0.36,False,AR
16-01625-000,1/21/2005,0.0,WD(WARRANTY DEED),0.36,False,AR
16-01625-000,1/21/2005,5000.0,WD(WARRANTY DEED),0.36,False,AR
16-01625-000,3/17/1995,0.0,QCD(QUITCLAIM DEED),0.36,False,AR
16-01625-000,3/17/1995,0.0,TRAG(TRUST AGREEMENT),0.36,False,AR
16-01625-000,12/18/1994,0.0,DC(DEATH CERTIFICATE),0.36,False,AR
16-01625-000,5/19/1989,2000.0,WD(WARRANTY DEED),0.36,False,AR
16-01625-000,3/29/1989,2000.0,WD(WARRANTY DEED),0.36,False,AR
16-01625-000,5/16/1986,2000.0,WD(WARRANTY DEED),0.36,False,AR
16-01625-000,11/23/1982,9000.0,WD(WARRANTY DEED),0.36,False,AR
16-01626-000,3/4/2025,0.0,WD(WARRANTY DEED),0.48,False,AR
16-01626-000,7/1/2020,419000.0,WD(WARRANTY DEED),0.48,False,AR
16-01626-000,9/3/2008,18000.0,WD(WARRANTY DEED),0.48,False,AR
16-01626-000,10/18/2005,17000.0,WD(WARRANTY DEED),0.48,False,AR
16-01626-000,10/3/2005,12000.0,WD(WARRANTY DEED),0.48,False,AR
16-01626-000,1/10/2005,12000.0,WD(WARRANTY DEED),0.48,False,AR
16-01626-000,9/11/2003,3000.0,WD(WARRANTY DEED),0.48,False,AR
16-01626-000,4/3/1996,0.0,DC(DEATH CERTIFICATE),0.48,False,AR
16-01626-000,11/21/1980,9000.0,WD(WARRANTY DEED),0.48,False,AR
16-01627-000,3/4/2025,0.0,WD(WARRANTY DEED),0.61,True,AR
16-01627-000,7/1/2020,419000.0,WD(WARRANTY DEED),0.61,True,AR
16-01627-000,9/3/2008,13000.0,WD(WARRANTY DEED),0.61,True,AR
16-01627-000,10/3/2005,12000.0,WD(WARRANTY DEED),0.61,True,AR
16-01627-000,1/10/2005,12000.0,WD(WARRANTY DEED),0.61,True,AR
16-01627-000,9/11/2003,7000.0,WD(WARRANTY DEED),0.61,True,AR
16-01627-000,1/25/1991,0.0,DC(DEATH CERTIFICATE),0.61,True,AR
16-01627-000,10/15/1986,9000.0,WD(WARRANTY DEED),0.61,True,AR
16-01628-000,1/26/2007,0.0,CORRWD(CORRECTED WARRANTY DEED),0.57,True,AR
16-01628-000,9/20/2006,450000.0,CORRWD(CORRECTED WARRANTY DEED),0.57,True,AR
16-01628-000,11/30/2005,450000.0,WD(WARRANTY DEED),0.57,True,AR
16-01628-000,8/15/2003,0.0,RD(REDEMPTION DEED),0.57,True,AR
16-01628-000,7/30/2003,2000.0,WD(WARRANTY DEED),0.57,True,AR
16-01628-000,7/30/2003,0.0,QCD(QUITCLAIM DEED),0.57,True,AR
16-01628-000,1/14/2000,1000.0,WD(WARRANTY DEED),0.57,True,AR
16-01628-000,5/19/1999,1000.0,WD(WARRANTY DEED),0.57,True,AR
16-01628-000,10/14/1997,0.0,QCD(QUITCLAIM DEED),0.57,True,AR
16-01628-000,8/27/1984,11000.0,WD(WARRANTY DEED),0.57,True,AR
16-01629-000,1/28/2025,0.0,WD(WARRANTY DEED),0.5,True,AR
16-01629-000,9/22/2021,0.0,WD(WARRANTY DEED),0.5,True,AR
16-01629-000,8/9/2018,0.0,WD(WARRANTY DEED),0.5,True,AR
16-01629-000,1/8/2010,0.0,QCD(QUITCLAIM DEED),0.5,True,AR
16-01629-000,8/14/2006,225000.0,WD(WARRANTY DEED),0.5,True,AR
16-01629-000,8/31/2000,0.0,QCD(QUITCLAIM DEED),0.5,True,AR
16-01629-000,2/11/1999,0.0,CERT(CERTIFICATE),0.5,True,AR
16-01629-000,2/2/1996,194000.0,WD(WARRANTY DEED),0.5,True,AR
16-01629-000,6/8/1994,178000.0,WD(WARRANTY DEED),0.5,True,AR
16-01629-000,7/26/1993,0.0,WD(WARRANTY DEED),0.5,True,AR
16-01629-000,7/3/1993,157000.0,WD(WARRANTY DEED),0.5,True,AR
16-01629-000,4/16/1992,5000.0,CWD(CORPORATION WARRANTY DEED),0.5,True,AR
16-01629-000,4/16/1992,0.0,QCD(QUITCLAIM DEED),0.5,True,AR
16-01629-000,1/15/1992,1000.0,WD(WARRANTY DEED),0.5,True,AR
16-01629-000,1/6/1992,0.0,AFF(AFFIDAVIT),0.5,True,AR
16-01629-000,1/6/1992,0.0,AFF(AFFIDAVIT),0.5,True,AR
16-01630-000,6/20/2023,0.0,BD(BENEFICIARY DEED),0.36,True,AR
16-01630-000,11/7/2022,415000.0,TRWD(TRUSTEES WARRANTY DEED),0.36,True,AR
16-01630-000,11/7/2022,0.0,CERT(CERTIFICATE),0.36,True,AR
16-01630-000,11/27/2018,0.0,QCD(QUITCLAIM DEED),0.36,True,AR
16-01630-000,2/5/2018,234000.0,WD(WARRANTY DEED),0.36,True,AR
16-01630-000,3/3/2009,175333.0,WD(WARRANTY DEED),0.36,True,AR
16-01630-000,3/3/2009,0.0,TRD(TRUSTEES DEED),0.36,True,AR
16-01630-000,1/23/2007,0.0,OTHER(OTHER DOCUMENT),0.36,True,AR
16-01630-000,1/9/2007,0.0,WD(WARRANTY DEED),0.36,True,AR
16-01630-000,12/1/2000,0.0,WD(WARRANTY DEED),0.36,True,AR
16-01630-000,2/3/2000,0.0,DC(DEATH CERTIFICATE),0.36,True,AR
16-01630-000,8/18/1995,0.0,QCD(QUITCLAIM DEED),0.36,True,AR
16-01630-000,8/18/1995,0.0,TRAG(TRUST AGREEMENT),0.36,True,AR
16-01630-000,5/15/1992,10000.0,WD(WARRANTY DEED),0.36,True,AR
16-01630-000,6/12/1989,16000.0,WD(WARRANTY DEED),0.36,True,AR
16-01630-000,3/9/1989,0.0,DC(DEATH CERTIFICATE),0.36,True,AR
16-01630-000,6/8/1984,0.0,CONT(CONTRACT),0.36,True,AR
16-01631-000,8/14/2015,0.0,QCD(QUITCLAIM DEED),0.5,True,AR
16-01631-000,8/7/2015,250000.0,WD(WARRANTY DEED),0.5,True,AR
16-01631-000,1/21/2010,205000.0,WD(WARRANTY DEED),0.5,True,AR
16-01631-000,7/20/2007,160000.0,WD(WARRANTY DEED),0.5,True,AR
16-01631-000,7/31/2000,157000.0,WD(WARRANTY DEED),0.5,True,AR
16-01631-000,9/28/1998,177000.0,WD(WARRANTY DEED),0.5,True,AR
16-01631-000,10/28/1988,0.0,WD(WARRANTY DEED),0.5,True,AR
16-01631-000,1/14/1987,11000.0,WD(WARRANTY DEED),0.5,True,AR
16-01631-000,5/8/1984,10000.0,WD(WARRANTY DEED),0.5,True,AR
16-01631-000,4/27/1984,13000.0,WD(WARRANTY DEED),0.5,True,AR
16-01631-000,7/31/1900,0.0,CERT(CERTIFICATE),0.5,True,AR
16-01632-000,12/31/2020,0.0,QCD(QUITCLAIM DEED),0.53,True,AR
16-01632-000,12/18/2020,0.0,QCD(QUITCLAIM DEED),0.53,True,AR
16-01632-000,3/14/2016,0.0,QCD(QUITCLAIM DEED),0.53,True,AR
16-01632-000,8/31/2012,100000.0,WD(WARRANTY DEED),0.53,True,AR
16-01632-000,9/3/1996,0.0,WD(WARRANTY DEED),0.53,True,AR
16-01632-000,8/29/1996,0.0,TRAG(TRUST AGREEMENT),0.53,True,AR
16-01632-000,6/20/1978,0.0,CORRWD(CORRECTED WARRANTY DEED),0.53,True,AR
16-01632-000,9/22/1977,78000.0,WD(WARRANTY DEED),0.53,True,AR
16-01633-000,6/1/2017,550000.0,WD(WARRANTY DEED),0.9,True,AR
16-01633-000,4/2/2015,0.0,WD(WARRANTY DEED),0.9,True,AR
16-01633-000,5/10/2013,0.0,QCD(QUITCLAIM DEED),0.9,True,AR
16-01633-000,2/25/2010,15000.0,WD(WARRANTY DEED),0.9,True,AR
16-01633-000,2/22/2010,0.0,RD(REDEMPTION DEED),0.9,True,AR
16-01633-000,12/3/2009,0.0,QCD(QUITCLAIM DEED),0.9,True,AR
16-01633-000,11/3/2009,0.0,MTG-D(MORTGAGEE'S DEED),0.9,True,AR
16-01633-000,8/3/2005,45000.0,WD(WARRANTY DEED),0.9,True,AR
16-01633-000,11/18/1997,20000.0,CWD(CORPORATION WARRANTY DEED),0.9,True,AR
16-01633-000,12/14/1988,0.0,WD(WARRANTY DEED),0.9,True,AR
16-01633-000,11/14/1985,10000.0,WD(WARRANTY DEED),0.9,True,AR
16-01634-000,5/18/2023,0.0,WD(WARRANTY DEED),0.64,True,AR
16-01634-000,12/4/2013,360000.0,WD(WARRANTY DEED),0.64,True,AR
16-01634-000,6/21/2003,33000.0,WD(WARRANTY DEED),0.64,True,AR
16-01634-000,8/23/2002,28000.0,WD(WARRANTY DEED),0.64,True,AR
16-01634-000,10/16/1985,17000.0,WD(WARRANTY DEED),0.64,True,AR
16-01635-000,1/25/2023,815000.0,WD(WARRANTY DEED),0.69,True,AR
16-01635-000,9/10/2019,0.0,AFF(AFFIDAVIT),0.69,True,AR
16-01635-000,8/9/2019,355000.0,WD(WARRANTY DEED),0.69,True,AR
16-01635-000,5/12/2015,0.0,CERT(CERTIFICATE),0.69,True,AR
16-01635-000,7/2/2012,0.0,DC(DEATH CERTIFICATE),0.69,True,AR
16-01635-000,4/23/2009,0.0,CERT(CERTIFICATE),0.69,True,AR
16-01635-000,12/8/2005,0.0,CORRWD(CORRECTED WARRANTY DEED),0.69,True,AR
16-01635-000,11/18/2005,0.0,WD(WARRANTY DEED),0.69,True,AR
16-01635-000,10/1/2003,281000.0,WD(WARRANTY DEED),0.69,True,AR
16-01635-000,5/24/1994,182000.0,WD(WARRANTY DEED),0.69,True,AR
16-01635-000,9/14/1987,18000.0,WD(WARRANTY DEED),0.69,True,AR
16-01635-000,11/5/1984,15000.0,WD(WARRANTY DEED),0.69,True,AR
16-01636-000,11/26/2018,375000.0,WD(WARRANTY DEED),0.85,True,AR
16-01636-000,4/23/2018,0.0,FD(FIDUCIARY DEED),0.85,True,AR
16-01636-000,4/16/2018,0.0,CERT(CERTIFICATE),0.85,True,AR
16-01636-000,8/12/2014,0.0,DC(DEATH CERTIFICATE),0.85,True,AR
16-01636-000,6/19/2007,0.0,CERT(CERTIFICATE),0.85,True,AR
16-01636-000,5/19/2007,0.0,WD(WARRANTY DEED),0.85,True,AR
16-01636-000,12/10/2006,0.0,DC(DEATH CERTIFICATE),0.85,True,AR
16-01636-000,8/31/1993,40000.0,WD(WARRANTY DEED),0.85,True,AR
16-01636-000,1/18/1993,0.0,DC(DEATH CERTIFICATE),0.85,True,AR
16-01636-000,11/29/1988,21000.0,WD(WARRANTY DEED),0.85,True,AR
16-01636-000,11/8/1988,26000.0,WD(WARRANTY DEED),0.85,True,AR
16-01636-000,6/28/1984,26000.0,WD(WARRANTY DEED),0.85,True,AR
16-01637-000,8/2/2022,0.0,CERT(CERTIFICATE),1.09,True,AR
16-01637-000,12/4/2019,680000.0,TRWD(TRUSTEES WARRANTY DEED),1.09,True,AR
16-01637-000,1/21/2015,0.0,DC(DEATH CERTIFICATE),1.09,True,AR
16-01637-000,7/23/2010,0.0,WD(WARRANTY DEED),1.09,True,AR
16-01637-000,6/18/2010,539000.0,WD(WARRANTY DEED),1.09,True,AR
16-01637-000,4/13/2010,0.0,POA(POWER OF ATTORNEY),1.09,True,AR
16-01637-000,12/11/2009,0.0,CERT(CERTIFICATE),1.09,True,AR
16-01637-000,12/11/2009,0.0,CERT(CERTIFICATE),1.09,True,AR
16-01637-000,1/17/2008,0.0,QCD(QUITCLAIM DEED),1.09,True,AR
16-01637-000,5/4/2006,308000.0,WD(WARRANTY DEED),1.09,True,AR
16-01637-000,9/7/2005,0.0,QCD(QUITCLAIM DEED),1.09,True,AR
16-01637-000,5/3/1996,186000.0,WD(WARRANTY DEED),1.09,True,AR
16-01637-000,9/13/1993,0.0,WD(WARRANTY DEED),1.09,True,AR
16-01637-000,10/13/1992,175000.0,WD(WARRANTY DEED),1.09,True,AR
16-01637-000,8/26/1987,160000.0,WD(WARRANTY DEED),1.09,True,AR
16-01637-000,3/19/1976,0.0,CORRWD(CORRECTED WARRANTY DEED),1.09,True,AR
16-01637-000,1/30/1976,70000.0,WD(WARRANTY DEED),1.09,True,AR
16-01638-000,8/30/2012,450000.0,WD(WARRANTY DEED),0.95,True,KS
16-01638-000,5/20/2010,0.0,EA(EASEMENT),0.95,True,KS
16-01638-000,8/2/2000,332000.0,WD(WARRANTY DEED),0.95,True,KS
16-01638-000,7/25/2000,0.0,CERT(CERTIFICATE),0.95,True,KS
16-01638-000,6/30/2000,0.0,AFF(AFFIDAVIT),0.95,True,KS
16-01638-000,4/15/1999,0.0,QCD(QUITCLAIM DEED),0.95,True,KS
16-01638-000,11/3/1995,26000.0,WD(WARRANTY DEED),0.95,True,KS
16-01638-000,11/3/1995,20000.0,WD(WARRANTY DEED),0.95,True,KS
16-01638-000,1/22/1979,18000.0,WD(WARRANTY DEED),0.95,True,KS
16-01638-000,1/1/1800,0.0,CONT(CONTRACT),0.95,True,KS
16-01639-000,4/21/2004,340000.0,WD(WARRANTY DEED),0.92,True,AR
16-01639-000,4/20/2004,0.0,MEMO(MEMORANDUM),0.92,True,AR
16-01639-000,1/10/2003,0.0,QCD(QUITCLAIM DEED),0.92,True,AR
16-01639-000,4/23/2002,0.0,WD(WARRANTY DEED),0.92,True,AR
16-01639-000,6/14/2001,0.0,QCD(QUITCLAIM DEED),0.92,True,AR
16-01639-000,6/11/2001,285000.0,WD(WARRANTY DEED),0.92,True,AR
16-01639-000,6/24/1999,0.0,QCD(QUITCLAIM DEED),0.92,True,AR
16-01639-000,5/2/1997,210000.0,WD(WARRANTY DEED),0.92,True,AR
16-01639-000,5/1/1997,0.0,CERT(CERTIFICATE),0.92,True,AR
16-01639-000,2/15/1994,0.0,QCD(QUITCLAIM DEED),0.92,True,AR
16-01639-000,10/22/1993,210000.0,WD(WARRANTY DEED),0.92,True,AR
16-01639-000,9/1/1987,165000.0,WD(WARRANTY DEED),0.92,True,AR
16-01639-000,7/24/1986,22000.0,WD(WARRANTY DEED),0.92,True,AR
16-01639-000,7/24/1986,17000.0,WD(WARRANTY DEED),0.92,True,AR
16-01640-000,3/19/2021,0.0,WD(WARRANTY DEED),0.96,True,AR
16-01640-000,11/4/2002,280000.0,WD(WARRANTY DEED),0.96,True,AR
16-01640-000,2/19/1999,242000.0,WD(WARRANTY DEED),0.96,True,AR
16-01640-000,1/2/1998,0.0,DC(DEATH CERTIFICATE),0.96,True,AR
16-01640-000,12/31/1992,0.0,WD(WARRANTY DEED),0.96,True,AR
16-01640-000,12/28/1992,0.0,CERT(CERTIFICATE),0.96,True,AR
16-01640-000,6/15/1983,30000.0,WD(WARRANTY DEED),0.96,True,AR
16-01641-000,11/6/2017,375000.0,WD(WARRANTY DEED),1.01,True,AR
16-01641-000,8/24/2015,324000.0,WD(WARRANTY DEED),1.01,True,AR
16-01641-000,8/30/2012,0.0,QCD(QUITCLAIM DEED),1.01,True,AR
16-01641-000,3/26/2010,0.0,QCD(QUITCLAIM DEED),1.01,True,AR
16-01641-000,7/7/2004,0.0,QCD(QUITCLAIM DEED),1.01,True,AR
16-01641-000,11/20/2003,275000.0,WD(WARRANTY DEED),1.01,True,AR
16-01641-000,11/20/2003,0.0,WD(WARRANTY DEED),1.01,True,AR
16-01641-000,11/12/2003,259900.0,TRD(TRUSTEES DEED),1.01,True,AR
16-01641-000,2/3/1998,36000.0,WD(WARRANTY DEED),1.01,True,AR
16-01641-000,11/6/1986,20000.0,WD(WARRANTY DEED),1.01,True,AR
16-01641-000,4/9/1986,13000.0,WD(WARRANTY DEED),1.01,True,AR
16-01642-000,8/21/2019,396000.0,TRWD(TRUSTEES WARRANTY DEED),1.02,True,AR
16-01642-000,12/4/2007,0.0,TRAG(TRUST AGREEMENT),1.02,True,AR
16-01642-000,12/4/2007,0.0,WD(WARRANTY DEED),1.02,True,AR
16-01642-000,5/17/1999,32000.0,WD(WARRANTY DEED),1.02,True,AR
16-01642-000,10/30/1997,0.0,RD(REDEMPTION DEED),1.02,True,AR
16-01642-000,9/28/1981,18000.0,WD(WARRANTY DEED),1.02,True,AR
16-01643-000,11/9/2010,0.0,WD(WARRANTY DEED),0.93,True,AR
16-01643-000,8/16/2010,0.0,WD(WARRANTY DEED),0.93,True,AR
16-01643-000,5/27/2010,0.0,CERT(CERTIFICATE),0.93,True,AR
16-01643-000,5/4/2006,0.0,AFF(AFFIDAVIT),0.93,True,AR
16-01643-000,6/23/2004,0.0,WD(WARRANTY DEED),0.93,True,AR
16-01643-000,6/17/2004,0.0,CERT(CERTIFICATE),0.93,True,AR
16-01643-000,6/3/2004,0.0,WD(WARRANTY DEED),0.93,True,AR
16-01643-000,8/8/2003,0.0,WD(WARRANTY DEED),0.93,True,AR
16-01643-000,3/16/2000,35000.0,WD(WARRANTY DEED),0.93,True,AR
16-01643-000,1/6/1986,17000.0,WD(WARRANTY DEED),0.93,True,AR
16-01645-000,5/22/2023,640000.0,TRWD(TRUSTEES WARRANTY DEED),0.85,True,TX
16-01645-000,1/18/2023,0.0,CORRWD(CORRECTED WARRANTY DEED),0.85,True,TX
16-01645-000,12/10/2019,0.0,MEMO(MEMORANDUM),0.85,True,TX
16-01645-000,12/10/2017,0.0,WD(WARRANTY DEED),0.85,True,TX
16-01645-000,4/22/2013,218000.0,WD(WARRANTY DEED),0.85,True,TX
16-01645-000,4/22/2013,0.0,MEMO(MEMORANDUM),0.85,True,TX
16-01645-000,2/17/2007,0.0,DC(DEATH CERTIFICATE),0.85,True,TX
16-01645-000,7/9/1993,0.0,QCD(QUITCLAIM DEED),0.85,True,TX
16-01645-000,7/9/1993,0.0,MEMO(MEMORANDUM),0.85,True,TX
16-01645-000,1/23/1989,12000.0,WD(WARRANTY DEED),0.85,True,TX
16-01646-000,8/31/2018,315000.0,WD(WARRANTY DEED),0.82,True,AR
16-01646-000,8/8/2005,260000.0,WD(WARRANTY DEED),0.82,True,AR
16-01646-000,8/10/1998,0.0,TRAG(TRUST AGREEMENT),0.82,True,AR
16-01646-000,5/1/1997,0.0,CERT(CERTIFICATE),0.82,True,AR
16-01646-000,4/1/1997,192000.0,WD(WARRANTY DEED),0.82,True,AR
16-01646-000,12/2/1991,0.0,WD(WARRANTY DEED),0.82,True,AR
16-01646-000,8/31/1990,0.0,WD(WARRANTY DEED),0.82,True,AR
16-01646-000,8/31/1990,14000.0,WD(WARRANTY DEED),0.82,True,AR
16-01646-000,12/18/1986,13500.0,WD(WARRANTY DEED),0.82,True,AR
16-01647-000,4/9/2020,245000.0,WD(WARRANTY DEED),0.47,True,AR
16-01647-000,8/27/2019,0.0,AFF(AFFIDAVIT),0.47,True,AR
16-01647-000,6/20/2013,214000.0,TRD(TRUSTEES DEED),0.47,True,AR
16-01647-000,11/28/2010,0.0,DC(DEATH CERTIFICATE),0.47,True,AR
16-01647-000,6/14/2008,0.0,DC(DEATH CERTIFICATE),0.47,True,AR
16-01647-000,6/14/2008,0.0,DC(DEATH CERTIFICATE),0.47,True,AR
16-01647-000,3/13/2008,0.0,AFF(AFFIDAVIT),0.47,True,AR
16-01647-000,1/22/2008,0.0,CERT(CERTIFICATE),0.47,True,AR
16-01647-000,1/22/2008,0.0,WD(WARRANTY DEED),0.47,True,AR
16-01647-000,3/10/1997,8000.0,CWD(CORPORATION WARRANTY DEED),0.47,True,AR
16-01647-000,11/17/1986,0.0,WD(WARRANTY DEED),0.47,True,AR
16-01647-000,8/28/1973,14000.0,WD(WARRANTY DEED),0.47,True,AR
16-01648-000,3/1/2020,0.0,OTHER(OTHER DOCUMENT),0.37,True,AR
16-01648-000,6/13/2019,0.0,BD(BENEFICIARY DEED),0.37,True,AR
16-01648-000,6/13/2019,0.0,WD(WARRANTY DEED),0.37,True,AR
16-01648-000,8/30/2006,0.0,WD(WARRANTY DEED),0.37,True,AR
16-01648-000,8/22/2006,0.0,MEMO(MEMORANDUM),0.37,True,AR
16-01648-000,5/6/2002,150000.0,WD(WARRANTY DEED),0.37,True,AR
16-01648-000,10/13/1997,135000.0,WD(WARRANTY DEED),0.37,True,AR
16-01648-000,5/17/1993,0.0,CORRWD(CORRECTED WARRANTY DEED),0.37,True,AR
16-01648-000,3/12/1993,0.0,MEMO(MEMORANDUM),0.37,True,AR
16-01648-000,6/15/1987,90000.0,WD(WARRANTY DEED),0.37,True,AR
16-01648-000,3/11/1980,0.0,WD(WARRANTY DEED),0.37,True,AR
16-01649-000,11/30/2021,1000000.0,TRWD(TRUSTEES WARRANTY DEED),4.04,True,AR
16-01649-000,11/3/2021,0.0,CORRWD(CORRECTED WARRANTY DEED),4.04,True,AR
16-01649-000,9/24/2021,850000.0,WD(WARRANTY DEED),4.04,True,AR
16-01649-000,5/12/2004,1250000.0,WD(WARRANTY DEED),4.04,True,AR
16-01649-000,5/12/2004,0.0,CORRWD(CORRECTED WARRANTY DEED),4.04,True,AR
16-01649-000,2/26/2003,0.0,WD(WARRANTY DEED),4.04,True,AR
16-01649-000,2/26/2003,1100000.0,WD(WARRANTY DEED),4.04,True,AR
16-01649-000,8/11/2000,0.0,WD(WARRANTY DEED),4.04,True,AR
16-01649-000,8/11/2000,0.0,WD(WARRANTY DEED),4.04,True,AR
16-01649-000,2/16/1999,500000.0,WD(WARRANTY DEED),4.04,True,AR
16-01649-000,6/13/1998,0.0,DC(DEATH CERTIFICATE),4.04,True,AR
16-01649-000,3/16/1972,6000.0,CWD(CORPORATION WARRANTY DEED),4.04,True,AR
16-01650-000,11/2/2017,0.0,SWD(SPECIAL WARRANTY DEED),2.51,True,AR
16-01650-000,11/2/2017,0.0,CERT(CERTIFICATE),2.51,True,AR
16-01650-000,7/28/2017,235000.0,WD(WARRANTY DEED),2.51,True,AR
16-01650-000,10/29/2015,0.0,WD(WARRANTY DEED),2.51,True,AR
16-01650-000,6/16/2010,0.0,EA(EASEMENT),2.51,True,AR
16-01650-000,8/20/2003,500000.0,WD(WARRANTY DEED),2.51,True,AR
16-01650-000,8/20/2003,0.0,WD(WARRANTY DEED),2.51,True,AR
16-01650-000,2/16/1999,0.0,WD(WARRANTY DEED),2.51,True,AR
16-01650-000,6/13/1998,0.0,DC(DEATH CERTIFICATE),2.51,True,AR
16-01650-000,3/16/1972,6000.0,CWD(CORPORATION WARRANTY DEED),2.51,True,AR
16-01650-001,11/30/2021,1000000.0,TRWD(TRUSTEES WARRANTY DEED),0.35,False,AR
16-01650-001,11/3/2021,0.0,CORRWD(CORRECTED WARRANTY DEED),0.35,False,AR
16-01650-001,5/12/2004,1250000.0,WD(WARRANTY DEED),0.35,False,AR
16-01650-001,5/10/2004,0.0,CORRWD(CORRECTED WARRANTY DEED),0.35,False,AR
16-01650-001,2/24/2003,1100000.0,WD(WARRANTY DEED),0.35,False,AR
16-01650-001,2/20/2003,0.0,WD(WARRANTY DEED),0.35,False,AR
16-01650-001,8/11/2000,0.0,WD(WARRANTY DEED),0.35,False,AR
16-01650-001,7/28/2000,0.0,SWD(SPECIAL WARRANTY DEED),0.35,False,AR
16-01650-001,2/15/1999,500000.0,WD(WARRANTY DEED),0.35,False,AR
16-01650-002,8/4/2022,0.0,SWD(SPECIAL WARRANTY DEED),2.71,False,AR
16-01650-002,5/10/2022,350000.0,WD(WARRANTY DEED),2.71,False,AR
16-01650-002,10/29/2015,0.0,WD(WARRANTY DEED),2.71,False,AR
16-01651-000,9/8/2008,0.0,EA(EASEMENT),25.1,False,AR
16-01651-001,0,0.0,0,11.65,False,AR
16-01651-001,0,0.0,0,11.65,False,AR
16-01651-001,0,0.0,0,11.65,False,AR
16-01651-001,,0.0,0,11.65,False,AR
16-01651-001,,0.06193,0.06193,11.65,False,AR
16-05586-000,6/21/2022,332000.0,WD(WARRANTY DEED),0.32,True,TX
16-05586-000,6/1/2021,0.0,AFF(AFFIDAVIT),0.32,True,TX
16-05586-000,1/7/2021,167000.0,WD(WARRANTY DEED),0.32,True,TX
16-05586-000,7/21/2016,0.0,QCD(QUITCLAIM DEED),0.32,True,TX
16-05586-000,4/22/2015,64000.0,SWD(SPECIAL WARRANTY DEED),0.32,True,TX
16-05586-000,12/10/2014,0.0,MTG-D(MORTGAGEE'S DEED),0.32,True,TX
16-05586-000,4/9/2009,97000.0,WD(WARRANTY DEED),0.32,True,TX
16-05586-000,4/9/2009,0.0,CERT(CERTIFICATE),0.32,True,TX
16-05586-000,7/8/2005,0.0,CORRQC(CORRECTED QUIT CLAIM DEED),0.32,True,TX
16-05586-000,7/8/2005,0.0,QCD(QUITCLAIM DEED),0.32,True,TX
16-05586-000,7/5/1985,0.0,WD(WARRANTY DEED),0.32,True,TX
16-05586-000,10/15/1982,0.0,DC(DEATH CERTIFICATE),0.32,True,TX
16-05586-000,1/28/1980,50000.0,WD(WARRANTY DEED),0.32,True,TX
16-05587-000,8/15/2011,35000.0,SWD(SPECIAL WARRANTY DEED),0.28,True,AR
16-05587-000,6/8/2011,0.0,MTG-D(MORTGAGEE'S DEED),0.28,True,AR
16-05587-000,1/25/2011,0.0,ORD(ORDINANCE),0.28,True,AR
16-05587-000,2/12/2008,0.0,QCD(QUITCLAIM DEED),0.28,True,AR
16-05587-000,8/29/1996,78000.0,WD(WARRANTY DEED),0.28,True,AR
16-05587-000,6/21/1990,0.0,QCD(QUITCLAIM DEED),0.28,True,AR
16-05587-000,5/23/1976,55000.0,WD(WARRANTY DEED),0.28,True,AR
16-05588-000,7/28/2023,344000.0,TRWD(TRUSTEES WARRANTY DEED),0.28,True,MO
16-05588-000,9/11/2017,0.0,CERT(CERTIFICATE),0.28,True,MO
16-05588-000,4/27/2015,0.0,WD(WARRANTY DEED),0.28,True,MO
16-05588-000,7/6/2012,115000.0,WD(WARRANTY DEED),0.28,True,MO
16-05588-000,7/6/2012,116667.0,WD(WARRANTY DEED),0.28,True,MO
16-05588-000,11/16/2001,124000.0,WD(WARRANTY DEED),0.28,True,MO
16-05589-000,8/16/2024,360000.0,WD(WARRANTY DEED),0.53,True,AR
16-05589-000,7/18/2024,0.0,AFF(AFFIDAVIT),0.53,True,AR
16-05589-000,4/6/2012,135000.0,WD(WARRANTY DEED),0.53,True,AR
16-05589-000,6/30/2008,165000.0,WD(WARRANTY DEED),0.53,True,AR
16-05589-000,6/25/2004,0.0,WD(WARRANTY DEED),0.53,True,AR
16-05589-000,6/23/2004,0.0,TRAG(TRUST AGREEMENT),0.53,True,AR
16-05589-000,3/30/2001,85000.0,WD(WARRANTY DEED),0.53,True,AR
16-05589-000,4/22/1998,0.0,DC(DEATH CERTIFICATE),0.53,True,AR
16-05589-000,9/26/1990,0.0,WD(WARRANTY DEED),0.53,True,AR
16-05589-000,9/26/1990,0.0,TRAG(TRUST AGREEMENT),0.53,True,AR
16-05589-000,5/10/1973,38000.0,WD(WARRANTY DEED),0.53,True,AR
16-05590-000,4/14/2014,187000.0,WD(WARRANTY DEED),0.54,True,AR
16-05590-000,12/7/2012,153000.0,TRD(TRUSTEES DEED),0.54,True,AR
16-05590-000,12/3/2012,0.0,CERT(CERTIFICATE),0.54,True,AR
16-05590-000,7/1/1994,0.0,WD(WARRANTY DEED),0.54,True,AR
16-05590-000,7/1/1994,0.0,CERT(CERTIFICATE),0.54,True,AR
16-05590-000,7/6/1989,106000.0,WD(WARRANTY DEED),0.54,True,AR
16-05590-000,6/30/1989,0.0,QCD(QUITCLAIM DEED),0.54,True,AR
16-05590-000,6/30/1989,0.0,QCD(QUITCLAIM DEED),0.54,True,AR
16-05590-000,4/9/1987,0.0,WD(WARRANTY DEED),0.54,True,AR
16-05590-000,10/29/1986,0.0,DC(DEATH CERTIFICATE),0.54,True,AR
16-05590-000,5/10/1973,32000.0,WD(WARRANTY DEED),0.54,True,AR
16-05591-000,6/5/2025,791000.0,TRWD(TRUSTEES WARRANTY DEED),0.72,True,AR
16-05591-000,12/27/2024,0.0,TRNOT(TRUSTEES NOTICE),0.72,True,AR
16-05591-000,12/27/2024,0.0,TRNOT(TRUSTEES NOTICE),0.72,True,AR
16-05591-000,10/8/2024,0.0,CERT(CERTIFICATE),0.72,True,AR
16-05591-000,7/27/2017,0.0,WD(WARRANTY DEED),0.72,True,AR
16-05591-000,7/27/2017,0.0,CERT(CERTIFICATE),0.72,True,AR
16-05591-000,10/1/1991,162000.0,WD(WARRANTY DEED),0.72,True,AR
16-05591-000,6/10/1986,140000.0,WD(WARRANTY DEED),0.72,True,AR
16-05591-000,10/22/1984,172000.0,WD(WARRANTY DEED),0.72,True,AR
16-05591-000,9/16/1978,115000.0,WD(WARRANTY DEED),0.72,True,AR
16-05592-000,7/18/2023,0.0,WD(WARRANTY DEED),0.83,True,AR
16-05592-000,5/28/2020,0.0,BD(BENEFICIARY DEED),0.83,True,AR
16-05592-000,10/8/2019,175000.0,TRWD(TRUSTEES WARRANTY DEED),0.83,True,AR
16-05592-000,10/8/2019,0.0,CERT(CERTIFICATE),0.83,True,AR
16-05592-000,10/29/2011,0.0,DC(DEATH CERTIFICATE),0.83,True,AR
16-05592-000,3/6/2011,0.0,DC(DEATH CERTIFICATE),0.83,True,AR
16-05592-000,10/29/2009,0.0,QCD(QUITCLAIM DEED),0.83,True,AR
16-05592-000,8/25/1987,0.0,WD(WARRANTY DEED),0.83,True,AR
16-05592-000,8/21/1987,0.0,TRAG(TRUST AGREEMENT),0.83,True,AR
16-05592-000,12/13/1973,11000.0,WD(WARRANTY DEED),0.83,True,AR
16-05593-000,9/9/2020,0.0,WD(WARRANTY DEED),0.71,True,AR
16-05593-000,9/9/2020,0.0,CERT(CERTIFICATE),0.71,True,AR
16-05593-000,8/25/2010,313000.0,CWD(CORPORATION WARRANTY DEED),0.71,True,AR
16-05593-000,9/29/2009,388000.0,WD(WARRANTY DEED),0.71,True,AR
16-05593-000,9/25/2009,0.0,POA(POWER OF ATTORNEY),0.71,True,AR
16-05593-000,12/4/1998,305000.0,WD(WARRANTY DEED),0.71,True,AR
16-05593-000,3/25/1998,0.0,DC(DEATH CERTIFICATE),0.71,True,AR
16-05593-000,5/20/1996,0.0,QCD(QUITCLAIM DEED),0.71,True,AR
16-05593-000,5/15/1996,0.0,TRAG(TRUST AGREEMENT),0.71,True,AR
16-05593-000,8/7/1990,40000.0,WD(WARRANTY DEED),0.71,True,AR
16-05593-000,12/4/1985,16000.0,WD(WARRANTY DEED),0.71,True,AR
16-05594-000,1/6/2021,0.0,BD(BENEFICIARY DEED),0.58,True,AR
16-05594-000,7/8/2020,0.0,QCD(QUITCLAIM DEED),0.58,True,AR
16-05594-000,4/11/2018,395000.0,WD(WARRANTY DEED),0.58,True,AR
16-05594-000,9/5/2017,0.0,DC(DEATH CERTIFICATE),0.58,True,AR
16-05594-000,6/25/2014,0.0,BD(BENEFICIARY DEED),0.58,True,AR
16-05594-000,4/20/2004,192000.0,WD(WARRANTY DEED),0.58,True,AR
16-05594-000,9/16/1996,208000.0,WD(WARRANTY DEED),0.58,True,AR
16-05594-000,5/23/1984,0.0,DC(DEATH CERTIFICATE),0.58,True,AR
16-05595-000,2/5/2019,0.0,BD(BENEFICIARY DEED),1.12,True,AR
16-05595-000,2/5/2019,0.0,QCD(QUITCLAIM DEED),1.12,True,AR
16-05595-000,2/5/2019,0.0,CERT(CERTIFICATE),1.12,True,AR
16-05595-000,2/5/2019,0.0,CERT(CERTIFICATE),1.12,True,AR
16-05595-000,12/3/2018,0.0,DC(DEATH CERTIFICATE),1.12,True,AR
16-05595-000,10/29/2008,0.0,BD(BENEFICIARY DEED),1.12,True,AR
16-05595-000,6/20/1997,0.0,CORRWD(CORRECTED WARRANTY DEED),1.12,True,AR
16-05595-000,5/7/1996,0.0,WD(WARRANTY DEED),1.12,True,AR
16-05595-000,3/6/1996,0.0,TRAG(TRUST AGREEMENT),1.12,True,AR
16-05595-000,3/6/1996,0.0,TRAG(TRUST AGREEMENT),1.12,True,AR
16-05595-000,4/30/1976,18000.0,WD(WARRANTY DEED),1.12,True,AR
16-05596-000,8/8/2017,625000.0,WD(WARRANTY DEED),0.64,True,AR
16-05596-000,3/1/2016,0.0,DC(DEATH CERTIFICATE),0.64,True,AR
16-05596-000,4/8/2009,350000.0,WD(WARRANTY DEED),0.64,True,AR
16-05596-000,1/12/2009,0.0,MTG-D(MORTGAGEE'S DEED),0.64,True,AR
16-05596-000,8/4/2006,203000.0,WD(WARRANTY DEED),0.64,True,AR
16-05596-000,7/8/2004,0.0,QCD(QUITCLAIM DEED),0.64,True,AR
16-05596-000,9/3/1993,99000.0,WD(WARRANTY DEED),0.64,True,AR
16-05596-000,12/15/1992,0.0,WD(WARRANTY DEED),0.64,True,AR
16-05596-000,12/10/1992,0.0,CERT(CERTIFICATE),0.64,True,AR
16-05596-000,1/15/1985,89500.0,WD(WARRANTY DEED),0.64,True,AR
16-05597-000,1/3/2022,525000.0,WD(WARRANTY DEED),0.67,True,
16-05597-000,6/8/2018,370000.0,WD(WARRANTY DEED),0.67,True,
16-05597-000,12/18/2015,275000.0,WD(WARRANTY DEED),0.67,True,
16-05597-000,6/7/1994,81667.0,WD(WARRANTY DEED),0.67,True,
16-05597-000,1/2/1984,70000.0,WD(WARRANTY DEED),0.67,True,
16-05598-000,6/21/2022,539000.0,WD(WARRANTY DEED),0.82,True,AR
16-05598-000,6/18/2022,0.0,OBIT(OBITUARY),0.82,True,AR
16-05598-000,12/5/2012,0.0,DC(DEATH CERTIFICATE),0.82,True,AR
16-05598-000,7/6/2011,0.0,QCD(QUITCLAIM DEED),0.82,True,AR
16-05598-000,12/23/2005,0.0,TRAG(TRUST AGREEMENT),0.82,True,AR
16-05598-000,9/9/2004,0.0,DC(DEATH CERTIFICATE),0.82,True,AR
16-05598-000,9/13/2002,0.0,WD(WARRANTY DEED),0.82,True,AR
16-05598-000,4/11/1997,3667.0,WD(WARRANTY DEED),0.82,True,AR
16-05599-000,10/11/2017,0.0,WD(WARRANTY DEED),0.32,True,AR
16-05599-000,10/11/2017,0.0,CERT(CERTIFICATE),0.32,True,AR
16-05599-000,11/22/2000,89000.0,WD(WARRANTY DEED),0.32,True,AR
16-05599-000,11/19/1999,0.0,WD(WARRANTY DEED),0.32,True,AR
16-05599-000,8/16/1999,0.0,WD(WARRANTY DEED),0.32,True,AR
16-05599-000,8/3/1999,77000.0,WD(WARRANTY DEED),0.32,True,AR
16-05599-000,6/4/1983,0.0,DC(DEATH CERTIFICATE),0.32,True,AR
16-05599-000,7/26/1977,55000.0,WD(WARRANTY DEED),0.32,True,AR
16-05600-000,10/10/1997,70000.0,WD(WARRANTY DEED),0.34,True,AR
16-05600-000,4/3/1995,0.0,QCD(QUITCLAIM DEED),0.34,True,AR
16-05600-000,3/31/1995,0.0,WD(WARRANTY DEED),0.34,True,AR
16-05600-000,8/3/1994,68000.0,WD(WARRANTY DEED),0.34,True,AR
16-05600-000,6/15/1988,0.0,WD(WARRANTY DEED),0.34,True,AR
16-05600-000,11/7/1973,34000.0,WD(WARRANTY DEED),0.34,True,AR
16-05601-000,9/15/2021,285000.0,WD(WARRANTY DEED),0.3,True,AR
16-05601-000,10/31/2006,0.0,ML(MARRIAGE LICENSE),0.3,True,AR
16-05601-000,1/25/1999,85000.0,WD(WARRANTY DEED),0.3,True,AR
16-05601-000,1/25/1999,0.0,QCD(QUITCLAIM DEED),0.3,True,AR
16-05601-000,1/22/1990,0.0,TRD(TRUSTEES DEED),0.3,True,AR
16-05601-000,3/25/1988,0.0,WD(WARRANTY DEED),0.3,True,AR
16-05601-000,5/24/1986,65000.0,WD(WARRANTY DEED),0.3,True,AR
16-05602-000,5/13/2020,185000.0,WD(WARRANTY DEED),0.46,True,AR
16-05602-000,10/21/2013,128000.0,WD(WARRANTY DEED),0.46,True,AR
16-05602-000,2/18/1992,0.0,WD(WARRANTY DEED),0.46,True,AR
16-05602-000,2/18/1992,0.0,TRAG(TRUST AGREEMENT),0.46,True,AR
16-05602-000,3/28/1989,86000.0,WD(WARRANTY DEED),0.46,True,AR
16-05602-000,8/11/1986,70000.0,WD(WARRANTY DEED),0.46,True,AR
16-05602-000,1/14/1986,0.0,DC(DEATH CERTIFICATE),0.46,True,AR
16-05602-000,9/18/1979,53000.0,WD(WARRANTY DEED),0.46,True,AR
16-05614-000,3/3/2025,315000.0,WD(WARRANTY DEED),0.41,True,AR
16-05614-000,3/16/2015,140000.0,WD(WARRANTY DEED),0.41,True,AR
16-05614-000,8/9/2004,0.0,WD(WARRANTY DEED),0.41,True,AR
16-05614-000,10/14/1997,0.0,QCD(QUITCLAIM DEED),0.41,True,AR
16-05614-000,7/23/1985,55000.0,WD(WARRANTY DEED),0.41,True,AR
16-05614-000,10/26/1984,60968.0,SWD(SPECIAL WARRANTY DEED),0.41,True,AR
16-05615-000,7/17/2019,185000.0,CWD(CORPORATION WARRANTY DEED),0.3,True,AR
16-05615-000,7/12/2019,0.0,AFF(AFFIDAVIT),0.3,True,AR
16-05615-000,7/12/2019,0.0,AFF(AFFIDAVIT),0.3,True,AR
16-05615-000,8/1/2017,10000.0,QCD(QUITCLAIM DEED),0.3,True,AR
16-05615-000,3/18/2016,0.0,QCD(QUITCLAIM DEED),0.3,True,AR
16-05615-000,3/18/2016,0.0,QCD(QUITCLAIM DEED),0.3,True,AR
16-05615-000,9/16/2015,1000.0,WD(WARRANTY DEED),0.3,True,AR
16-05615-000,9/16/2015,1000.0,WD(WARRANTY DEED),0.3,True,AR
16-05615-000,9/3/2015,0.0,BD(BENEFICIARY DEED),0.3,True,AR
16-05615-000,11/13/2014,0.0,BD(BENEFICIARY DEED),0.3,True,AR
16-05615-000,11/13/2014,0.0,FD(FIDUCIARY DEED),0.3,True,AR
16-05615-000,3/6/2014,0.0,DC(DEATH CERTIFICATE),0.3,True,AR
16-05615-000,9/21/1993,0.0,QCD(QUITCLAIM DEED),0.3,True,AR
16-05615-000,9/15/1993,0.0,AFF(AFFIDAVIT),0.3,True,AR
16-05615-000,5/19/1992,53000.0,WD(WARRANTY DEED),0.3,True,AR
16-05615-000,12/22/1989,0.0,DC(DEATH CERTIFICATE),0.3,True,AR
16-05615-000,6/19/1987,0.0,WD(WARRANTY DEED),0.3,True,AR
16-05615-000,10/2/1984,0.0,WD(WARRANTY DEED),0.3,True,AR
16-05615-000,3/13/1980,0.0,WD(WARRANTY DEED),0.3,True,AR
16-05616-000,8/8/2005,102000.0,WD(WARRANTY DEED),0.32,True,AR
16-05616-000,9/30/2004,0.0,WD(WARRANTY DEED),0.32,True,AR
16-05616-000,9/30/2004,0.0,CERT(CERTIFICATE),0.32,True,AR
16-05616-000,12/15/2003,0.0,DC(DEATH CERTIFICATE),0.32,True,AR
16-05616-000,6/5/1997,0.0,WD(WARRANTY DEED),0.32,True,AR
16-05616-000,6/4/1997,0.0,WD(WARRANTY DEED),0.32,True,AR
16-05616-000,2/15/1997,0.0,DC(DEATH CERTIFICATE),0.32,True,AR
16-05616-000,10/2/1993,0.0,DC(DEATH CERTIFICATE),0.32,True,AR
16-05616-000,11/21/1989,0.0,WD(WARRANTY DEED),0.32,True,AR
16-05616-000,11/21/1989,0.0,WD(WARRANTY DEED),0.32,True,AR
16-05616-000,12/9/1983,0.0,WD(WARRANTY DEED),0.32,True,AR
16-05617-000,7/25/2024,224000.0,WD(WARRANTY DEED),0.3,True,AR
16-05617-000,5/9/2024,142000.0,WD(WARRANTY DEED),0.3,True,AR
16-05617-000,5/9/2024,0.0,REVBD(REVOCATION OF BENEFICIARY DEED),0.3,True,AR
16-05617-000,12/3/2023,0.0,OBIT(OBITUARY),0.3,True,AR
16-05617-000,7/5/2023,0.0,POA(POWER OF ATTORNEY),0.3,True,AR
16-05617-000,7/5/2023,0.0,BD(BENEFICIARY DEED),0.3,True,AR
16-05617-000,10/30/2009,82000.0,WD(WARRANTY DEED),0.3,True,AR
16-05617-000,11/26/2001,0.0,DC(DEATH CERTIFICATE),0.3,True,AR
16-05617-000,2/22/2000,0.0,QCD(QUITCLAIM DEED),0.3,True,AR
16-05617-000,9/16/1997,54000.0,WD(WARRANTY DEED),0.3,True,AR
16-05617-000,5/30/1989,41000.0,WD(WARRANTY DEED),0.3,True,AR
16-05617-000,5/1/1983,50000.0,WD(WARRANTY DEED),0.3,True,AR
16-05618-000,5/31/2017,0.0,WD(WARRANTY DEED),0.35,True,AR
16-05618-000,10/23/2014,58000.0,SWD(SPECIAL WARRANTY DEED),0.35,True,AR
16-05618-000,5/20/2014,0.0,MTG-D(MORTGAGEE'S DEED),0.35,True,AR
16-05618-000,2/17/2006,101000.0,WD(WARRANTY DEED),0.35,True,AR
16-05618-000,11/15/2002,55000.0,WD(WARRANTY DEED),0.35,True,AR
16-05618-000,6/11/2002,0.0,QCD(QUITCLAIM DEED),0.35,True,AR
16-05618-000,9/13/1999,0.0,CONT(CONTRACT),0.35,True,AR
16-05618-000,10/5/1989,45000.0,WD(WARRANTY DEED),0.35,True,AR
16-05618-000,7/26/1985,55000.0,WD(WARRANTY DEED),0.35,True,AR
16-05618-000,11/30/1979,50000.0,WD(WARRANTY DEED),0.35,True,AR
16-05619-000,12/21/2009,101000.0,WD(WARRANTY DEED),0.45,True,AR
16-05619-000,4/6/2004,90000.0,WD(WARRANTY DEED),0.45,True,AR
16-05619-000,9/3/2002,77000.0,WD(WARRANTY DEED),0.45,True,AR
16-05619-000,2/15/1996,62000.0,WD(WARRANTY DEED),0.45,True,AR
16-05619-000,4/22/1991,0.0,WD(WARRANTY DEED),0.45,True,AR
16-05619-000,4/11/1991,55000.0,WD(WARRANTY DEED),0.45,True,AR
16-05619-000,7/24/1987,48000.0,WD(WARRANTY DEED),0.45,True,AR
16-05619-000,9/27/1973,36000.0,WD(WARRANTY DEED),0.45,True,AR
16-05620-000,12/13/2018,169000.0,TRWD(TRUSTEES WARRANTY DEED),0.38,True,AR
16-05620-000,8/31/2018,0.0,TRAG(TRUST AGREEMENT),0.38,True,AR
16-05620-000,12/12/2011,0.0,SWD(SPECIAL WARRANTY DEED),0.38,True,AR
16-05620-000,12/12/2011,0.0,CERT(CERTIFICATE),0.38,True,AR
16-05620-000,8/25/2011,134000.0,WD(WARRANTY DEED),0.38,True,AR
16-05620-000,6/17/2011,0.0,QCD(QUITCLAIM DEED),0.38,True,AR
16-05620-000,10/7/2009,0.0,QCD(QUITCLAIM DEED),0.38,True,AR
16-05620-000,12/9/2008,0.0,WD(WARRANTY DEED),0.38,True,AR
16-05620-000,3/21/2008,130000.0,WD(WARRANTY DEED),0.38,True,AR
16-05620-000,1/27/2007,0.0,DC(DEATH CERTIFICATE),0.38,True,AR
16-05620-000,1/27/2007,0.0,DC(DEATH CERTIFICATE),0.38,True,AR
16-05620-000,6/22/1999,0.0,AB(ABSTRACT OF TRUST),0.38,True,AR
16-05620-000,6/22/1999,0.0,WD(WARRANTY DEED),0.38,True,AR
16-05620-000,7/13/1993,86000.0,WD(WARRANTY DEED),0.38,True,AR
16-05620-000,7/13/1993,0.0,WD(WARRANTY DEED),0.38,True,AR
16-05620-000,7/13/1993,0.0,MEMO(MEMORANDUM),0.38,True,AR
16-05620-000,7/3/1992,0.0,DC(DEATH CERTIFICATE),0.38,True,AR
16-05620-000,1/17/1989,80000.0,WD(WARRANTY DEED),0.38,True,AR
16-05620-000,4/19/1988,11000.0,WD(WARRANTY DEED),0.38,True,AR
16-05620-000,3/11/1974,4000.0,WD(WARRANTY DEED),0.38,True,AR
16-05626-000,11/27/2019,129000.0,EXD(EXECUTOR-EXECUTRIX DEED),0.3,True,AR
16-05626-000,8/15/2019,0.0,OR(ORDER),0.3,True,AR
16-05626-000,8/9/2019,0.0,DC(DEATH CERTIFICATE),0.3,True,AR
16-05626-000,4/26/2002,74000.0,WD(WARRANTY DEED),0.3,True,AR
16-05626-000,6/18/2001,67000.0,WD(WARRANTY DEED),0.3,True,AR
16-05626-000,10/25/1991,0.0,WD(WARRANTY DEED),0.3,True,AR
16-05626-000,10/24/1991,0.0,TRAG(TRUST AGREEMENT),0.3,True,AR
16-05626-000,3/13/1973,42000.0,WD(WARRANTY DEED),0.3,True,AR
16-05627-000,2/12/2010,0.0,OTHER(OTHER DOCUMENT),0.36,True,AR
16-05627-000,10/14/2009,0.0,BD(BENEFICIARY DEED),0.36,True,AR
16-05627-000,10/14/2009,0.0,CERT(CERTIFICATE),0.36,True,AR
16-05627-000,8/12/2009,0.0,WD(WARRANTY DEED),0.36,True,AR
16-05627-000,6/6/1993,0.0,DC(DEATH CERTIFICATE),0.36,True,AR
16-05627-000,10/28/1992,80000.0,WD(WARRANTY DEED),0.36,True,AR
16-05627-000,10/7/1992,80000.0,WD(WARRANTY DEED),0.36,True,AR
16-05627-000,4/15/1987,0.0,WD(WARRANTY DEED),0.36,True,AR
16-05627-000,1/12/1979,65000.0,WD(WARRANTY DEED),0.36,True,AR
16-05628-000,9/30/2020,0.0,QCD(QUITCLAIM DEED),0.25,False,AR
16-05628-000,3/21/2019,1000.0,WD(WARRANTY DEED),0.25,False,AR
16-05628-000,10/4/2004,5000.0,WD(WARRANTY DEED),0.25,False,AR
16-05628-000,11/4/1996,65000.0,WD(WARRANTY DEED),0.25,False,AR
16-05628-000,6/15/1979,45000.0,WD(WARRANTY DEED),0.25,False,AR
16-05629-000,8/6/2020,150000.0,WD(WARRANTY DEED),0.62,True,AR
16-05629-000,8/6/2020,150000.0,WD(WARRANTY DEED),0.62,True,AR
16-05629-000,3/21/2019,95000.0,WD(WARRANTY DEED),0.62,True,AR
16-05629-000,5/20/2004,89000.0,WD(WARRANTY DEED),0.62,True,AR
16-05629-000,9/5/1995,76000.0,WD(WARRANTY DEED),0.62,True,AR
16-05629-000,4/24/1995,0.0,WD(WARRANTY DEED),0.62,True,AR
16-05629-000,4/23/1995,0.0,DC(DEATH CERTIFICATE),0.62,True,AR
16-05629-000,4/23/1995,0.0,DC(DEATH CERTIFICATE),0.62,True,AR
16-05629-000,10/11/1975,45000.0,WD(WARRANTY DEED),0.62,True,AR
16-05630-000,7/11/2024,268000.0,TRWD(TRUSTEES WARRANTY DEED),0.32,True,AR
16-05630-000,6/6/2023,0.0,WD(WARRANTY DEED),0.32,True,AR
16-05630-000,6/6/2023,0.0,CERT(CERTIFICATE),0.32,True,AR
16-05630-000,1/4/2023,235000.0,TRD(TRUSTEES DEED),0.32,True,AR
16-05630-000,4/12/2017,75000.0,WD(WARRANTY DEED),0.32,True,AR
16-05630-000,8/22/2016,0.0,DC(DEATH CERTIFICATE),0.32,True,AR
16-05630-000,9/15/2015,0.0,CERT(CERTIFICATE),0.32,True,AR
16-05630-000,9/15/2015,0.0,WD(WARRANTY DEED),0.32,True,AR
16-05630-000,5/28/2014,0.0,WD(WARRANTY DEED),0.32,True,AR
16-05630-000,6/9/2013,0.0,DC(DEATH CERTIFICATE),0.32,True,AR
16-05630-000,11/16/1999,60000.0,WD(WARRANTY DEED),0.32,True,AR
16-05630-000,10/3/1994,58000.0,WD(WARRANTY DEED),0.32,True,AR
16-05630-000,1/20/1986,0.0,DC(DEATH CERTIFICATE),0.32,True,AR
16-05630-000,1/11/1986,0.0,DC(DEATH CERTIFICATE),0.32,True,AR
16-05630-000,9/28/1982,55000.0,WD(WARRANTY DEED),0.32,True,AR
16-05631-000,6/12/2020,160000.0,WD(WARRANTY DEED),0.29,True,AR
16-05631-000,4/28/2017,75000.0,WD(WARRANTY DEED),0.29,True,AR
16-05631-000,3/31/2016,60000.0,WD(WARRANTY DEED),0.29,True,AR
16-05631-000,1/13/2003,0.0,QCD(QUITCLAIM DEED),0.29,True,AR
16-05631-000,12/20/2002,0.0,WD(WARRANTY DEED),0.29,True,AR
16-05631-000,7/27/1993,50000.0,WD(WARRANTY DEED),0.29,True,AR
16-05631-000,5/21/1990,0.0,WD(WARRANTY DEED),0.29,True,AR
16-05631-000,6/11/1973,29000.0,WD(WARRANTY DEED),0.29,True,AR
16-05632-000,4/10/2025,305000.0,WD(WARRANTY DEED),0.39,True,AR
16-05632-000,10/18/2023,267000.0,WD(WARRANTY DEED),0.39,True,AR
16-05632-000,10/17/2023,0.0,CORRQC(CORRECTED QUIT CLAIM DEED),0.39,True,AR
16-05632-000,12/9/2022,0.0,QCD(QUITCLAIM DEED),0.39,True,AR
16-05632-000,11/8/2022,202000.0,WD(WARRANTY DEED),0.39,True,AR
16-05632-000,9/10/2021,69000.0,WD(WARRANTY DEED),0.39,True,AR
16-05632-000,12/7/2014,0.0,DC(DEATH CERTIFICATE),0.39,True,AR
16-05632-000,12/30/1993,65000.0,WD(WARRANTY DEED),0.39,True,AR
16-05632-000,8/25/1987,35000.0,WD(WARRANTY DEED),0.39,True,AR
16-05632-000,3/30/1986,0.0,DC(DEATH CERTIFICATE),0.39,True,AR
16-05632-000,8/20/1985,0.0,WD(WARRANTY DEED),0.39,True,AR
16-05632-000,11/25/1981,46000.0,WD(WARRANTY DEED),0.39,True,AR
16-05632-000,7/9/1973,33000.0,WD(WARRANTY DEED),0.39,True,AR
16-05632-000,1/1/1800,0.0,HIST(HISTORICAL),0.39,True,AR
16-05633-000,6/1/2017,0.0,QCD(QUITCLAIM DEED),0.46,True,AR
16-05633-000,10/7/2011,63000.0,WD(WARRANTY DEED),0.46,True,AR
16-05633-000,6/21/2002,77000.0,WD(WARRANTY DEED),0.46,True,AR
16-05633-000,4/2/1998,68000.0,WD(WARRANTY DEED),0.46,True,AR
16-05633-000,6/1/1988,0.0,WD(WARRANTY DEED),0.46,True,AR
16-05633-000,6/7/1974,6000.0,WD(WARRANTY DEED),0.46,True,AR
16-05634-000,3/9/2021,135000.0,WD(WARRANTY DEED),0.54,True,AR
16-05634-000,6/14/2019,0.0,WD(WARRANTY DEED),0.54,True,AR
16-05634-000,5/24/2019,0.0,QCD(QUITCLAIM DEED),0.54,True,AR
16-05634-000,10/12/2011,25000.0,WD(WARRANTY DEED),0.54,True,AR
16-05634-000,11/17/2009,0.0,QCD(QUITCLAIM DEED),0.54,True,AR
16-05634-000,7/3/1989,38000.0,WD(WARRANTY DEED),0.54,True,AR
16-05634-000,7/3/1989,0.0,WD(WARRANTY DEED),0.54,True,AR
16-05634-000,7/3/1989,0.0,WD(WARRANTY DEED),0.54,True,AR
16-05634-000,7/3/1989,0.0,WD(WARRANTY DEED),0.54,True,AR
16-05634-000,7/3/1989,0.0,WD(WARRANTY DEED),0.54,True,AR
16-05635-000,10/8/2019,0.0,RD(REDEMPTION DEED),0.46,False,MO
16-05635-000,4/9/2014,1000.0,QCD(QUITCLAIM DEED),0.46,False,MO
16-05635-000,10/2/2006,7000.0,WD(WARRANTY DEED),0.46,False,MO
16-05635-000,9/11/2006,2000.0,WD(WARRANTY DEED),0.46,False,MO
16-05635-000,7/28/2004,0.0,QCD(QUITCLAIM DEED),0.46,False,MO
16-05635-000,7/13/1984,6000.0,WD(WARRANTY DEED),0.46,False,MO
16-05636-000,1/16/2025,0.0,CORRQC(CORRECTED QUIT CLAIM DEED),0.33,True,AR
16-05636-000,12/26/2024,0.0,QCD(QUITCLAIM DEED),0.33,True,AR
16-05636-000,5/11/2022,180000.0,WD(WARRANTY DEED),0.33,True,AR
16-05636-000,1/10/2022,155000.0,WD(WARRANTY DEED),0.33,True,AR
16-05636-000,7/28/2016,80000.0,WD(WARRANTY DEED),0.33,True,AR
16-05636-000,2/3/2013,0.0,DC(DEATH CERTIFICATE),0.33,True,AR
16-05636-000,6/16/2006,0.0,BD(BENEFICIARY DEED),0.33,True,AR
16-05636-000,5/31/1990,48270.0,WD(WARRANTY DEED),0.33,True,AR
16-05636-000,6/30/1988,54000.0,WD(WARRANTY DEED),0.33,True,AR
16-05636-000,7/13/1987,0.0,WD(WARRANTY DEED),0.33,True,AR
16-05636-000,5/26/1978,40000.0,WD(WARRANTY DEED),0.33,True,AR
16-05637-000,12/29/2005,0.0,QCD(QUITCLAIM DEED),0.3,True,AR
16-05637-000,4/18/2005,0.0,WD(WARRANTY DEED),0.3,True,AR
16-05637-000,4/18/2005,0.0,TRAG(TRUST AGREEMENT),0.3,True,AR
16-05637-000,12/4/2002,67000.0,WD(WARRANTY DEED),0.3,True,AR
16-05637-000,4/9/1998,51000.0,WD(WARRANTY DEED),0.3,True,AR
16-05637-000,4/14/1997,0.0,DC(DEATH CERTIFICATE),0.3,True,AR
16-05637-000,1/12/1993,0.0,DC(DEATH CERTIFICATE),0.3,True,AR
16-05637-000,10/13/1988,0.0,WD(WARRANTY DEED),0.3,True,AR
16-05637-000,7/11/1973,36000.0,WD(WARRANTY DEED),0.3,True,AR
16-05638-000,9/28/2010,0.0,SWD(SPECIAL WARRANTY DEED),0.3,True,AR
16-05638-000,6/14/2010,0.0,MTG-D(MORTGAGEE'S DEED),0.3,True,AR
16-05638-000,11/7/2005,71000.0,WD(WARRANTY DEED),0.3,True,AR
16-05638-000,6/9/2005,0.0,CERT(CERTIFICATE),0.3,True,AR
16-05638-000,4/12/2005,0.0,DC(DEATH CERTIFICATE),0.3,True,AR
16-05638-000,6/25/2004,0.0,WD(WARRANTY DEED),0.3,True,AR
16-05638-000,10/1/1974,38000.0,WD(WARRANTY DEED),0.3,True,AR
16-05639-000,7/28/2021,250000.0,WD(WARRANTY DEED),0.31,True,AR
16-05639-000,2/23/2018,179000.0,WD(WARRANTY DEED),0.31,True,AR
16-05639-000,10/11/2016,86000.0,WD(WARRANTY DEED),0.31,True,AR
16-05639-000,5/25/2004,100000.0,CORRWD(CORRECTED WARRANTY DEED),0.31,True,AR
16-05639-000,5/3/2004,0.0,WD(WARRANTY DEED),0.31,True,AR
16-05639-000,4/27/2004,100000.0,WD(WARRANTY DEED),0.31,True,AR
16-05639-000,9/30/2003,0.0,WD(WARRANTY DEED),0.31,True,AR
16-05639-000,7/10/2003,0.0,WD(WARRANTY DEED),0.31,True,AR
16-05639-000,8/7/1996,75000.0,WD(WARRANTY DEED),0.31,True,AR
16-05639-000,5/29/1985,51000.0,WD(WARRANTY DEED),0.31,True,AR
16-05639-000,4/6/1973,33000.0,WD(WARRANTY DEED),0.31,True,AR
16-05640-000,5/17/2016,0.0,CERT(CERTIFICATE),0.31,True,AR
16-05640-000,11/10/2005,0.0,QCD(QUITCLAIM DEED),0.31,True,AR
16-05640-000,5/8/1996,54000.0,WD(WARRANTY DEED),0.31,True,AR
16-05640-000,5/2/1996,54000.0,WD(WARRANTY DEED),0.31,True,AR
16-05640-000,1/6/1993,0.0,QCD(QUITCLAIM DEED),0.31,True,AR
16-05640-000,12/28/1992,0.0,CERT(CERTIFICATE),0.31,True,AR
16-05640-000,11/10/1992,47000.0,WD(WARRANTY DEED),0.31,True,AR
16-05640-000,5/12/1992,0.0,DC(DEATH CERTIFICATE),0.31,True,AR
16-05640-000,8/23/1985,51000.0,WD(WARRANTY DEED),0.31,True,AR
16-05640-000,11/10/1980,42000.0,WD(WARRANTY DEED),0.31,True,AR
16-05641-000,10/17/2018,0.0,QCD(QUITCLAIM DEED),0.3,True,AR
16-05641-000,5/4/2007,74000.0,WD(WARRANTY DEED),0.3,True,AR
16-05641-000,6/3/2004,66000.0,WD(WARRANTY DEED),0.3,True,AR
16-05641-000,10/3/1983,0.0,WD(WARRANTY DEED),0.3,True,AR
16-05642-000,10/20/2017,0.0,QCD(QUITCLAIM DEED),0.47,True,AR
16-05642-000,9/29/2017,64000.0,WD(WARRANTY DEED),0.47,True,AR
16-05642-000,6/22/2017,0.0,CERT(CERTIFICATE),0.47,True,AR
16-05642-000,6/22/2017,0.0,CERT(CERTIFICATE),0.47,True,AR
16-05642-000,6/22/2017,0.0,TRWD(TRUSTEES WARRANTY DEED),0.47,True,AR
16-05642-000,6/7/2002,0.0,DC(DEATH CERTIFICATE),0.47,True,AR
16-05642-000,3/13/2002,0.0,AMEND(AMENDMENT),0.47,True,AR
16-05642-000,12/25/1998,0.0,DC(DEATH CERTIFICATE),0.47,True,AR
16-05642-000,6/2/1997,0.0,QCD(QUITCLAIM DEED),0.47,True,AR
16-05642-000,5/27/1997,0.0,HIST(HISTORICAL),0.47,True,AR
16-05642-000,10/1/1973,6000.0,WD(WARRANTY DEED),0.47,True,AR
16-05643-000,8/5/1980,0.0,OTHER(OTHER DOCUMENT),12.3,False,AR
16-08360-000,4/8/2022,0.0,WD(WARRANTY DEED),0.34,True,AR
16-08360-000,12/4/2018,0.0,QCD(QUITCLAIM DEED),0.34,True,AR
16-08360-000,11/6/2018,162000.0,WD(WARRANTY DEED),0.34,True,AR
16-08360-000,10/5/2016,0.0,WD(WARRANTY DEED),0.34,True,AR
16-08360-000,10/5/2016,0.0,CERT(CERTIFICATE),0.34,True,AR
16-08360-000,7/30/2012,113000.0,WD(WARRANTY DEED),0.34,True,AR
16-08360-000,9/27/2011,100000.0,WD(WARRANTY DEED),0.34,True,AR
16-08360-000,9/22/2011,0.0,AFF(AFFIDAVIT),0.34,True,AR
16-08360-000,11/1/2010,0.0,DC(DEATH CERTIFICATE),0.34,True,AR
16-08360-000,10/8/2008,82000.0,WD(WARRANTY DEED),0.34,True,AR
16-08360-000,6/30/2008,0.0,MTG-D(MORTGAGEE'S DEED),0.34,True,AR
16-08360-000,1/9/2006,260000.0,WD(WARRANTY DEED),0.34,True,AR
16-08360-000,1/4/2005,183000.0,WD(WARRANTY DEED),0.34,True,AR
16-08360-000,4/26/2001,135000.0,WD(WARRANTY DEED),0.34,True,AR
16-08360-000,10/7/1985,0.0,WD(WARRANTY DEED),0.34,True,AR
16-08360-000,9/17/1984,0.0,DC(DEATH CERTIFICATE),0.34,True,AR
16-08361-000,10/15/2021,227000.0,TRWD(TRUSTEES WARRANTY DEED),0.33,True,AR
16-08361-000,10/15/2021,0.0,CERT(CERTIFICATE),0.33,True,AR
16-08361-000,1/6/1997,0.0,QCD(QUITCLAIM DEED),0.33,True,AR
16-08361-000,8/26/1996,0.0,CERT(CERTIFICATE),0.33,True,AR
16-08361-000,8/9/1993,117000.0,WD(WARRANTY DEED),0.33,True,AR
16-08361-000,4/7/1978,78000.0,WD(WARRANTY DEED),0.33,True,AR
16-08362-000,1/14/2021,285000.0,WD(WARRANTY DEED),0.3,True,AR
16-08362-000,11/4/2016,175000.0,WD(WARRANTY DEED),0.3,True,AR
16-08362-000,2/8/2002,185000.0,WD(WARRANTY DEED),0.3,True,AR
16-08362-000,6/1/1999,120000.0,WD(WARRANTY DEED),0.3,True,AR
16-08362-000,5/17/1986,0.0,DC(DEATH CERTIFICATE),0.3,True,AR
16-08362-000,7/23/1985,105000.0,WD(WARRANTY DEED),0.3,True,AR
16-08362-000,5/22/1984,8000.0,WD(WARRANTY DEED),0.3,True,AR
16-08363-000,11/15/2016,175000.0,WD(WARRANTY DEED),0.32,True,TX
16-08363-000,2/23/2000,130000.0,WD(WARRANTY DEED),0.32,True,TX
16-08363-000,2/23/2000,0.0,DC(DEATH CERTIFICATE),0.32,True,TX
16-08363-000,10/28/1992,0.0,WD(WARRANTY DEED),0.32,True,TX
16-08363-000,10/28/1992,0.0,CERT(CERTIFICATE),0.32,True,TX
16-08363-000,8/31/1974,8000.0,WD(WARRANTY DEED),0.32,True,TX
16-08364-000,4/26/2024,290000.0,WD(WARRANTY DEED),0.29,True,AR
16-08364-000,12/29/2020,0.0,WD(WARRANTY DEED),0.29,True,AR
16-08364-000,10/17/2014,140000.0,WD(WARRANTY DEED),0.29,True,AR
16-08364-000,8/24/2009,112000.0,WD(WARRANTY DEED),0.29,True,AR
16-08364-000,12/31/2008,0.0,DC(DEATH CERTIFICATE),0.29,True,AR
16-08364-000,8/25/1975,0.0,WD(WARRANTY DEED),0.29,True,AR
16-08365-000,6/2/2017,236000.0,WD(WARRANTY DEED),0.32,True,AR
16-08365-000,3/26/2004,172000.0,WD(WARRANTY DEED),0.32,True,AR
16-08365-000,5/29/2002,165000.0,WD(WARRANTY DEED),0.32,True,AR
16-08365-000,6/17/1996,137000.0,WD(WARRANTY DEED),0.32,True,AR
16-08365-000,5/14/1991,0.0,WD(WARRANTY DEED),0.32,True,AR
16-08365-000,5/10/1990,10000.0,WD(WARRANTY DEED),0.32,True,AR
16-08365-000,9/1/1982,10000.0,WD(WARRANTY DEED),0.32,True,AR
16-08366-000,1/26/2023,0.0,WD(WARRANTY DEED),0.3,True,AR
16-08366-000,7/23/2010,0.0,WD(WARRANTY DEED),0.3,True,AR
16-08366-000,7/22/2010,94000.0,WD(WARRANTY DEED),0.3,True,AR
16-08366-000,1/29/2009,0.0,TRWD(TRUSTEES WARRANTY DEED),0.3,True,AR
16-08366-000,10/2/2008,0.0,AFF(AFFIDAVIT),0.3,True,AR
16-08366-000,10/1/2007,0.0,WD(WARRANTY DEED),0.3,True,AR
16-08366-000,10/1/2007,0.0,TRAG(TRUST AGREEMENT),0.3,True,AR
16-08366-000,8/2/2007,0.0,DC(DEATH CERTIFICATE),0.3,True,AR
16-08366-000,3/26/1982,9000.0,WD(WARRANTY DEED),0.3,True,AR
16-08366-000,3/26/1982,8000.0,WD(WARRANTY DEED),0.3,True,AR
16-08366-000,12/13/1972,7000.0,WD(WARRANTY DEED),0.3,True,AR
16-08367-000,9/14/2021,0.0,AFF(AFFIDAVIT),0.31,True,AR
16-08367-000,7/20/2021,255000.0,WD(WARRANTY DEED),0.31,True,AR
16-08367-000,4/12/2019,176000.0,CWD(CORPORATION WARRANTY DEED),0.31,True,AR
16-08367-000,9/9/2016,81000.0,SWD(SPECIAL WARRANTY DEED),0.31,True,AR
16-08367-000,1/21/2016,0.0,SWD(SPECIAL WARRANTY DEED),0.31,True,AR
16-08367-000,11/6/2015,0.0,TRD(TRUSTEES DEED),0.31,True,AR
16-08367-000,5/1/2008,42333.0,WD(WARRANTY DEED),0.31,True,AR
16-08367-000,6/27/2007,0.0,WD(WARRANTY DEED),0.31,True,AR
16-08367-000,6/27/2007,0.0,WD(WARRANTY DEED),0.31,True,AR
16-08367-000,4/26/2004,0.0,QCD(QUITCLAIM DEED),0.31,True,AR
16-08367-000,2/19/2002,98000.0,WD(WARRANTY DEED),0.31,True,AR
16-08367-000,2/15/2002,0.0,CERT(CERTIFICATE),0.31,True,AR
16-08367-000,11/25/2001,0.0,DC(DEATH CERTIFICATE),0.31,True,AR
16-08367-000,3/3/2000,0.0,WD(WARRANTY DEED),0.31,True,AR
16-08368-000,8/16/2024,25000.0,WD(WARRANTY DEED),0.29,False,UT
16-08368-000,2/6/2023,10000.0,COMMD(COMMISSIONERS DEED),0.29,False,UT
16-08368-000,3/1/2022,0.0,RD(REDEMPTION DEED),0.29,False,UT
16-08368-000,6/2/2017,0.0,WD(WARRANTY DEED),0.29,False,UT
16-08368-000,1/2/1981,0.0,WD(WARRANTY DEED),0.29,False,UT
16-08369-000,10/29/2013,0.0,WD(WARRANTY DEED),0.33,True,AR
16-08369-000,10/29/2013,0.0,CERT(CERTIFICATE),0.33,True,AR
16-08369-000,10/3/2005,147000.0,WD(WARRANTY DEED),0.33,True,AR
16-08369-000,1/21/2000,0.0,WD(WARRANTY DEED),0.33,True,AR
16-08369-000,1/10/1998,0.0,ML(MARRIAGE LICENSE),0.33,True,AR
16-08369-000,10/2/1997,118000.0,WD(WARRANTY DEED),0.33,True,AR
16-08369-000,6/4/1991,114000.0,WD(WARRANTY DEED),0.33,True,AR
16-08369-000,2/21/1989,106000.0,WD(WARRANTY DEED),0.33,True,AR
16-08369-000,12/10/1987,6000.0,WD(WARRANTY DEED),0.33,True,AR
16-08369-000,8/11/1975,7000.0,WD(WARRANTY DEED),0.33,True,AR
16-08370-000,8/18/2017,2000.0,WD(WARRANTY DEED),1.29,False,AR
16-08370-000,11/29/2016,0.0,WD(WARRANTY DEED),1.29,False,AR
16-08370-000,1/2/1992,3000.0,WD(WARRANTY DEED),1.29,False,AR
16-08370-000,12/13/1991,1000.0,WD(WARRANTY DEED),1.29,False,AR
16-08370-000,9/19/1988,0.0,CONT(CONTRACT),1.29,False,AR
16-08370-000,8/4/1987,0.0,CONT(CONTRACT),1.29,False,AR
16-08370-000,10/26/1981,0.0,WD(WARRANTY DEED),1.29,False,AR
16-08371-000,2/27/2025,0.0,BD(BENEFICIARY DEED),0.25,True,AR
16-08371-000,9/13/2022,356000.0,WD(WARRANTY DEED),0.25,True,AR
16-08371-000,3/29/2017,175000.0,WD(WARRANTY DEED),0.25,True,AR
16-08371-000,6/8/2016,159000.0,WD(WARRANTY DEED),0.25,True,AR
16-08371-000,4/14/1994,118000.0,WD(WARRANTY DEED),0.25,True,AR
16-08371-000,4/16/1991,94000.0,WD(WARRANTY DEED),0.25,True,AR
16-08371-000,4/19/1989,9000.0,WD(WARRANTY DEED),0.25,True,AR
16-08371-000,4/19/1989,0.0,TRAG(TRUST AGREEMENT),0.25,True,AR
16-08371-000,9/10/1985,0.0,WD(WARRANTY DEED),0.25,True,AR
16-08372-000,5/23/2025,0.0,QCD(QUITCLAIM DEED),0.23,True,OK
16-08372-000,5/23/2025,0.0,QCD(QUITCLAIM DEED),0.23,True,OK
16-08372-000,2/28/2025,535000.0,WD(WARRANTY DEED),0.23,True,OK
16-08372-000,6/7/2024,500000.0,CWD(CORPORATION WARRANTY DEED),0.23,True,OK
16-08372-000,8/31/2023,295000.0,WD(WARRANTY DEED),0.23,True,OK
16-08372-000,1/6/2022,500000.0,WD(WARRANTY DEED),0.23,True,OK
16-08372-000,4/8/2014,0.0,DC(DEATH CERTIFICATE),0.23,True,OK
16-08372-000,12/29/2006,155000.0,WD(WARRANTY DEED),0.23,True,OK
16-08372-000,12/28/2006,0.0,MEMO(MEMORANDUM),0.23,True,OK
16-08372-000,1/8/2006,0.0,DC(DEATH CERTIFICATE),0.23,True,OK
16-08372-000,8/7/1996,0.0,DC(DEATH CERTIFICATE),0.23,True,OK
16-08372-000,5/16/1995,0.0,WD(WARRANTY DEED),0.23,True,OK
16-08372-000,5/16/1995,0.0,WD(WARRANTY DEED),0.23,True,OK
16-08372-000,5/16/1995,0.0,CERT(CERTIFICATE),0.23,True,OK
16-08372-000,8/3/1988,125000.0,WD(WARRANTY DEED),0.23,True,OK
16-08372-000,9/10/1985,0.0,WD(WARRANTY DEED),0.23,True,OK
16-08372-000,7/7/1977,0.0,WD(WARRANTY DEED),0.23,True,OK
16-08373-000,2/15/2024,0.0,QCD(QUITCLAIM DEED),0.26,True,KS
16-08373-000,11/6/2020,215000.0,WD(WARRANTY DEED),0.26,True,KS
16-08373-000,5/12/2016,148000.0,WD(WARRANTY DEED),0.26,True,KS
16-08373-000,7/15/2003,173000.0,WD(WARRANTY DEED),0.26,True,KS
16-08373-000,6/19/1989,99000.0,WD(WARRANTY DEED),0.26,True,KS
16-08373-000,12/18/1987,10000.0,WD(WARRANTY DEED),0.26,True,KS
16-08373-000,4/20/1987,8000.0,WD(WARRANTY DEED),0.26,True,KS
16-08373-000,9/27/1974,8000.0,WD(WARRANTY DEED),0.26,True,KS
16-08374-000,6/29/2007,143000.0,TRD(TRUSTEES DEED),0.27,True,AR
16-08374-000,8/18/2006,0.0,MEMO(MEMORANDUM),0.27,True,AR
16-08374-000,8/8/2006,0.0,QCD(QUITCLAIM DEED),0.27,True,AR
16-08374-000,7/12/2005,138000.0,WD(WARRANTY DEED),0.27,True,AR
16-08374-000,3/2/1998,119000.0,WD(WARRANTY DEED),0.27,True,AR
16-08374-000,9/17/1996,102000.0,WD(WARRANTY DEED),0.27,True,AR
16-08374-000,9/17/1996,0.0,POA(POWER OF ATTORNEY),0.27,True,AR
16-08374-000,2/28/1989,0.0,WD(WARRANTY DEED),0.27,True,AR
16-08374-000,1/5/1986,0.0,WD(WARRANTY DEED),0.27,True,AR
16-08374-000,6/26/1985,10000.0,CORRWD(CORRECTED WARRANTY DEED),0.27,True,AR
16-08374-000,6/26/1985,10000.0,WD(WARRANTY DEED),0.27,True,AR
16-08374-000,6/24/1985,10000.0,CORRWD(CORRECTED WARRANTY DEED),0.27,True,AR
16-08375-000,5/16/2025,0.0,BD(BENEFICIARY DEED),0.32,True,AR
16-08375-000,5/2/2013,0.0,QCD(QUITCLAIM DEED),0.32,True,AR
16-08375-000,12/28/2007,117000.0,WD(WARRANTY DEED),0.32,True,AR
16-08375-000,1/24/2003,95000.0,CWD(CORPORATION WARRANTY DEED),0.32,True,AR
16-08375-000,6/28/2002,3000.0,SWD(SPECIAL WARRANTY DEED),0.32,True,AR
16-08375-000,6/28/2002,0.0,MEMO(MEMORANDUM),0.32,True,AR
16-08375-000,8/6/1991,0.0,QCD(QUITCLAIM DEED),0.32,True,AR
16-08375-000,9/1/1989,0.0,DC(DEATH CERTIFICATE),0.32,True,AR
16-08375-000,12/10/1983,11000.0,WD(WARRANTY DEED),0.32,True,AR
16-08375-000,2/3/1976,0.0,DC(DEATH CERTIFICATE),0.32,True,AR
16-08375-000,6/17/1975,10000.0,WD(WARRANTY DEED),0.32,True,AR
16-08376-000,12/16/2009,104000.0,WD(WARRANTY DEED),0.29,True,AR
16-08376-000,10/5/2009,0.0,MTG-D(MORTGAGEE'S DEED),0.29,True,AR
16-08376-000,1/31/2007,0.0,QCD(QUITCLAIM DEED),0.29,True,AR
16-08376-000,12/22/2006,0.0,QCD(QUITCLAIM DEED),0.29,True,AR
16-08376-000,8/16/2005,128000.0,WD(WARRANTY DEED),0.29,True,AR
16-08376-000,1/7/2003,0.0,WD(WARRANTY DEED),0.29,True,AR
16-08376-000,10/9/2000,0.0,DC(DEATH CERTIFICATE),0.29,True,AR
16-08376-000,5/5/1998,40667.0,WD(WARRANTY DEED),0.29,True,AR
16-08376-000,7/15/1991,96000.0,WD(WARRANTY DEED),0.29,True,AR
16-08376-000,6/27/1991,74000.0,WD(WARRANTY DEED),0.29,True,AR
16-08376-000,12/3/1990,3000.0,WD(WARRANTY DEED),0.29,True,AR
16-08376-000,7/25/1983,10000.0,WD(WARRANTY DEED),0.29,True,AR
16-08377-000,6/16/2021,0.0,BD(BENEFICIARY DEED),0.28,True,AR
16-08377-000,5/7/2018,169000.0,WD(WARRANTY DEED),0.28,True,AR
16-08377-000,3/29/2007,139000.0,WD(WARRANTY DEED),0.28,True,AR
16-08377-000,6/19/1996,115000.0,WD(WARRANTY DEED),0.28,True,AR
16-08377-000,3/23/1994,4000.0,CWD(CORPORATION WARRANTY DEED),0.28,True,AR
16-08377-000,7/25/1992,2000.0,WD(WARRANTY DEED),0.28,True,AR
16-08377-000,1/28/1985,14000.0,WD(WARRANTY DEED),0.28,True,AR
16-08377-000,9/17/1984,0.0,DC(DEATH CERTIFICATE),0.28,True,AR
16-08378-000,5/30/2025,0.0,BD(BENEFICIARY DEED),0.56,True,AR
16-08378-000,5/15/2007,0.0,AFF(AFFIDAVIT),0.56,True,AR
16-08378-000,8/24/1990,0.0,DC(DEATH CERTIFICATE),0.56,True,AR
16-08378-000,8/3/1983,11000.0,WD(WARRANTY DEED),0.56,True,AR
16-08378-000,7/25/1983,14000.0,WD(WARRANTY DEED),0.56,True,AR
16-08379-000,7/1/2008,0.0,WD(WARRANTY DEED),0.57,True,AR
16-08379-000,7/1/2008,0.0,CERT(CERTIFICATE),0.57,True,AR
16-08379-000,9/26/2002,113000.0,WD(WARRANTY DEED),0.57,True,AR
16-08379-000,6/17/1993,0.0,WD(WARRANTY DEED),0.57,True,AR
16-08379-000,3/9/1982,0.0,DC(DEATH CERTIFICATE),0.57,True,AR
16-08379-000,11/8/1976,70000.0,WD(WARRANTY DEED),0.57,True,AR
16-08380-000,11/7/2012,258000.0,WD(WARRANTY DEED),0.56,True,AR
16-08380-000,10/27/2012,0.0,DC(DEATH CERTIFICATE),0.56,True,AR
16-08380-000,7/12/2012,0.0,QCD(QUITCLAIM DEED),0.56,True,AR
16-08380-000,8/10/2004,285000.0,WD(WARRANTY DEED),0.56,True,AR
16-08380-000,3/26/2003,0.0,WD(WARRANTY DEED),0.56,True,AR
16-08380-000,12/29/2001,0.0,DC(DEATH CERTIFICATE),0.56,True,AR
16-08380-000,3/12/1998,0.0,WD(WARRANTY DEED),0.56,True,AR
16-08380-000,1/9/1996,0.0,QCD(QUITCLAIM DEED),0.56,True,AR
16-08380-000,12/2/1993,143000.0,WD(WARRANTY DEED),0.56,True,AR
16-08380-000,1/17/1992,106000.0,WD(WARRANTY DEED),0.56,True,AR
16-08380-000,9/8/1986,130000.0,WD(WARRANTY DEED),0.56,True,AR
16-08380-000,12/18/1984,8000.0,WD(WARRANTY DEED),0.56,True,AR
16-08380-000,5/11/1983,0.0,WD(WARRANTY DEED),0.56,True,AR
16-08381-000,4/26/2023,160000.0,TRWD(TRUSTEES WARRANTY DEED),0.53,True,AR
16-08381-000,4/10/2023,0.0,CERT(CERTIFICATE),0.53,True,AR
16-08381-000,4/10/2023,0.0,CERT(CERTIFICATE),0.53,True,AR
16-08381-000,1/18/2022,0.0,WD(WARRANTY DEED),0.53,True,AR
16-08381-000,1/18/2022,0.0,WD(WARRANTY DEED),0.53,True,AR
16-08381-000,6/15/2017,100000.0,WD(WARRANTY DEED),0.53,True,AR
16-08381-000,12/20/1997,0.0,QCD(QUITCLAIM DEED),0.53,True,AR
16-08381-000,8/19/1997,0.0,QCD(QUITCLAIM DEED),0.53,True,AR
16-08381-000,8/19/1997,0.0,QCD(QUITCLAIM DEED),0.53,True,AR
16-08381-000,8/19/1997,0.0,QCD(QUITCLAIM DEED),0.53,True,AR
16-08381-000,8/19/1997,0.0,QCD(QUITCLAIM DEED),0.53,True,AR
16-08381-000,3/13/1992,16000.0,WD(WARRANTY DEED),0.53,True,AR
16-08381-000,7/22/1988,0.0,QCD(QUITCLAIM DEED),0.53,True,AR
16-08381-000,7/22/1988,0.0,QCD(QUITCLAIM DEED),0.53,True,AR
16-08381-000,4/18/1984,0.0,CONT(CONTRACT),0.53,True,AR
16-08381-000,1/6/1984,13000.0,WD(WARRANTY DEED),0.53,True,AR
16-08382-000,4/10/2023,150000.0,TRWD(TRUSTEES WARRANTY DEED),0.51,False,KS
16-08382-000,4/10/2023,0.0,CERT(CERTIFICATE),0.51,False,KS
16-08382-000,4/10/2023,0.0,CERT(CERTIFICATE),0.51,False,KS
16-08382-000,1/18/2022,0.0,WD(WARRANTY DEED),0.51,False,KS
16-08382-000,1/18/2022,0.0,WD(WARRANTY DEED),0.51,False,KS
16-08382-000,6/15/2017,100000.0,WD(WARRANTY DEED),0.51,False,KS
16-08382-000,12/20/1997,0.0,QCD(QUITCLAIM DEED),0.51,False,KS
16-08382-000,8/19/1997,0.0,QCD(QUITCLAIM DEED),0.51,False,KS
16-08382-000,8/19/1997,0.0,QCD(QUITCLAIM DEED),0.51,False,KS
16-08382-000,8/19/1997,0.0,QCD(QUITCLAIM DEED),0.51,False,KS
16-08382-000,8/19/1997,0.0,QCD(QUITCLAIM DEED),0.51,False,KS
16-08382-000,7/22/1988,0.0,QCD(QUITCLAIM DEED),0.51,False,KS
16-08382-000,7/22/1988,0.0,QCD(QUITCLAIM DEED),0.51,False,KS
16-08382-000,10/18/1983,0.0,WD(WARRANTY DEED),0.51,False,KS
16-08383-000,9/27/2022,640000.0,WD(WARRANTY DEED),0.68,False,AR
16-08383-000,12/20/1997,0.0,QCD(QUITCLAIM DEED),0.68,False,AR
16-08383-000,8/19/1997,0.0,QCD(QUITCLAIM DEED),0.68,False,AR
16-08383-000,8/19/1997,0.0,QCD(QUITCLAIM DEED),0.68,False,AR
16-08383-000,8/19/1997,0.0,QCD(QUITCLAIM DEED),0.68,False,AR
16-08383-000,8/19/1997,0.0,QCD(QUITCLAIM DEED),0.68,False,AR
16-08383-000,8/18/1997,0.0,QCD(QUITCLAIM DEED),0.68,False,AR
16-08383-000,8/18/1997,0.0,QCD(QUITCLAIM DEED),0.68,False,AR
16-08383-000,8/18/1997,0.0,QCD(QUITCLAIM DEED),0.68,False,AR
16-08383-000,5/29/1980,0.0,WD(WARRANTY DEED),0.68,False,AR
16-08384-000,9/27/2022,0.0,BOS(BILL OF SALE),0.68,True,AR
16-08384-000,9/27/2022,640000.0,WD(WARRANTY DEED),0.68,True,AR
16-08384-000,12/20/1997,0.0,QCD(QUITCLAIM DEED),0.68,True,AR
16-08384-000,8/19/1997,0.0,QCD(QUITCLAIM DEED),0.68,True,AR
16-08384-000,8/19/1997,0.0,QCD(QUITCLAIM DEED),0.68,True,AR
16-08384-000,8/19/1997,0.0,QCD(QUITCLAIM DEED),0.68,True,AR
16-08384-000,8/19/1997,0.0,QCD(QUITCLAIM DEED),0.68,True,AR
16-08384-000,7/22/1988,0.0,QCD(QUITCLAIM DEED),0.68,True,AR
16-08384-000,7/22/1988,0.0,QCD(QUITCLAIM DEED),0.68,True,AR
16-08385-000,6/10/2024,675000.0,WD(WARRANTY DEED),0.56,True,AR
16-08385-000,1/22/2019,310000.0,WD(WARRANTY DEED),0.56,True,AR
16-08385-000,1/7/2015,260000.0,WD(WARRANTY DEED),0.56,True,AR
16-08385-000,9/5/2006,0.0,WD(WARRANTY DEED),0.56,True,AR
16-08385-000,8/29/2006,0.0,MEMO(MEMORANDUM),0.56,True,AR
16-08385-000,8/27/2002,0.0,WD(WARRANTY DEED),0.56,True,AR
16-08385-000,4/1/2002,0.0,WD(WARRANTY DEED),0.56,True,AR
16-08385-000,5/17/2000,0.0,TRAG(TRUST AGREEMENT),0.56,True,AR
16-08385-000,6/19/1998,170000.0,WD(WARRANTY DEED),0.56,True,AR
16-08385-000,8/11/1994,163000.0,WD(WARRANTY DEED),0.56,True,AR
16-08385-000,7/31/1994,0.0,TRAG(TRUST AGREEMENT),0.56,True,AR
16-08385-000,10/15/1992,0.0,WD(WARRANTY DEED),0.56,True,AR
16-08385-000,3/21/1991,150000.0,WD(WARRANTY DEED),0.56,True,AR
16-08385-000,12/11/1975,18000.0,WD(WARRANTY DEED),0.56,True,AR
16-08386-000,5/1/2002,225000.0,WD(WARRANTY DEED),0.45,True,AR
16-08386-000,6/25/1998,160000.0,WD(WARRANTY DEED),0.45,True,AR
16-08386-000,2/1/1984,148000.0,WD(WARRANTY DEED),0.45,True,AR
16-08387-000,11/29/2004,239000.0,WD(WARRANTY DEED),0.42,True,AR
16-08387-000,7/28/1995,167000.0,WD(WARRANTY DEED),0.42,True,AR
16-08387-000,4/26/1993,145000.0,WD(WARRANTY DEED),0.42,True,AR
16-08387-000,4/26/1993,0.0,HIST(HISTORICAL),0.42,True,AR
16-08387-000,5/4/1988,0.0,DEC(DECREE),0.42,True,AR
16-08387-000,10/29/1985,0.0,WD(WARRANTY DEED),0.42,True,AR
16-08387-000,6/21/1984,150000.0,WD(WARRANTY DEED),0.42,True,AR
16-08388-000,8/26/2022,905000.0,TRWD(TRUSTEES WARRANTY DEED),0.39,True,AR
16-08388-000,10/1/2021,0.0,CERT(CERTIFICATE),0.39,True,AR
16-08388-000,3/2/2006,0.0,WD(WARRANTY DEED),0.39,True,AR
16-08388-000,3/2/2006,0.0,CERT(CERTIFICATE),0.39,True,AR
16-08388-000,5/20/2003,200000.0,TRD(TRUSTEES DEED),0.39,True,AR
16-08388-000,7/27/2002,0.0,DC(DEATH CERTIFICATE),0.39,True,AR
16-08388-000,7/25/1997,0.0,MEMO(MEMORANDUM),0.39,True,AR
16-08388-000,1/21/1997,0.0,WD(WARRANTY DEED),0.39,True,AR
16-08388-000,5/4/1988,0.0,ORD(ORDINANCE),0.39,True,AR
16-08388-000,5/4/1988,0.0,HIST(HISTORICAL),0.39,True,AR
16-08388-000,9/15/1987,0.0,DC(DEATH CERTIFICATE),0.39,True,AR
16-08388-000,10/29/1985,0.0,WD(WARRANTY DEED),0.39,True,AR
16-08388-000,11/16/1983,0.0,WD(WARRANTY DEED),0.39,True,AR
16-08389-000,8/24/2022,0.0,BD(BENEFICIARY DEED),0.39,True,AR
16-08389-000,4/7/2020,0.0,BD(BENEFICIARY DEED),0.39,True,AR
16-08389-000,4/7/2020,0.0,BD(BENEFICIARY DEED),0.39,True,AR
16-08389-000,9/24/2015,0.0,BD(BENEFICIARY DEED),0.39,True,AR
16-08389-000,2/24/2012,330000.0,TRD(TRUSTEES DEED),0.39,True,AR
16-08389-000,2/7/2012,0.0,CERT(CERTIFICATE),0.39,True,AR
16-08389-000,9/16/1997,0.0,WD(WARRANTY DEED),0.39,True,AR
16-08389-000,9/16/1997,0.0,TRAG(TRUST AGREEMENT),0.39,True,AR
16-08389-000,2/10/1992,0.0,WD(WARRANTY DEED),0.39,True,AR
16-08389-000,2/10/1992,0.0,MEMO(MEMORANDUM),0.39,True,AR
16-08389-000,12/1/1989,35000.0,WD(WARRANTY DEED),0.39,True,AR
16-08389-000,12/1/1989,30000.0,WD(WARRANTY DEED),0.39,True,AR
16-08389-000,12/1/1989,21050.0,WD(WARRANTY DEED),0.39,True,AR
16-08390-000,7/9/2024,0.0,QCD(QUITCLAIM DEED),0.38,True,MO
16-08390-000,2/18/2022,610000.0,WD(WARRANTY DEED),0.38,True,MO
16-08390-000,10/14/2005,300000.0,WD(WARRANTY DEED),0.38,True,MO
16-08390-000,7/18/2001,238000.0,WD(WARRANTY DEED),0.38,True,MO
16-08390-000,10/11/1996,0.0,WD(WARRANTY DEED),0.38,True,MO
16-08390-000,10/9/1996,0.0,CERT(CERTIFICATE),0.38,True,MO
16-08390-000,6/8/1995,210000.0,WD(WARRANTY DEED),0.38,True,MO
16-08390-000,3/15/1984,28000.0,WD(WARRANTY DEED),0.38,True,MO
16-08390-000,3/14/1984,0.0,CONT(CONTRACT),0.38,True,MO
16-08391-000,11/14/2018,0.0,WD(WARRANTY DEED),0.42,True,AR
16-08391-000,11/14/2018,0.0,CERT(CERTIFICATE),0.42,True,AR
16-08391-000,10/4/2004,306000.0,WD(WARRANTY DEED),0.42,True,AR
16-08391-000,10/4/2004,0.0,CERT(CERTIFICATE),0.42,True,AR
16-08391-000,10/6/2000,0.0,QCD(QUITCLAIM DEED),0.42,True,AR
16-08391-000,4/11/1996,225000.0,WD(WARRANTY DEED),0.42,True,AR
16-08391-000,2/24/1992,0.0,WD(WARRANTY DEED),0.42,True,AR
16-08391-000,2/24/1992,0.0,TRAG(TRUST AGREEMENT),0.42,True,AR
16-08391-000,2/24/1992,0.0,TRAG(TRUST AGREEMENT),0.42,True,AR
16-08391-000,9/17/1986,140000.0,WD(WARRANTY DEED),0.42,True,AR
16-08391-000,1/29/1986,106000.0,WD(WARRANTY DEED),0.42,True,AR
16-08391-000,4/5/1983,20000.0,WD(WARRANTY DEED),0.42,True,AR
16-08392-000,11/21/2007,280000.0,WD(WARRANTY DEED),0.45,True,AR
16-08392-000,3/22/2004,215000.0,WD(WARRANTY DEED),0.45,True,AR
16-08392-000,3/22/2004,0.0,CERT(CERTIFICATE),0.45,True,AR
16-08392-000,3/22/2004,0.0,CERT(CERTIFICATE),0.45,True,AR
16-08392-000,9/1/1989,0.0,WD(WARRANTY DEED),0.45,True,AR
16-08392-000,11/10/1986,100000.0,WD(WARRANTY DEED),0.45,True,AR
16-08393-000,1/25/2022,0.0,MEMO(MEMORANDUM),0.7,True,KS
16-08393-000,1/21/2022,245000.0,TRWD(TRUSTEES WARRANTY DEED),0.7,True,KS
16-08393-000,12/31/2021,0.0,BD(BENEFICIARY DEED),0.7,True,KS
16-08393-000,10/8/2020,0.0,DC(DEATH CERTIFICATE),0.7,True,KS
16-08393-000,9/8/2018,0.0,DC(DEATH CERTIFICATE),0.7,True,KS
16-08393-000,8/31/2018,0.0,CERT(CERTIFICATE),0.7,True,KS
16-08393-000,2/27/2003,0.0,WD(WARRANTY DEED),0.7,True,KS
16-08393-000,4/20/1992,44000.0,WD(WARRANTY DEED),0.7,True,KS
16-08393-000,7/1/1985,22000.0,WD(WARRANTY DEED),0.7,True,KS
16-08393-000,7/21/1980,18000.0,WD(WARRANTY DEED),0.7,True,KS
16-08394-000,3/13/2024,0.0,BD(BENEFICIARY DEED),3.35,True,AR
16-08394-000,9/24/2010,0.0,WD(WARRANTY DEED),3.35,True,AR
16-08394-000,8/21/2007,0.0,TRAG(TRUST AGREEMENT),3.35,True,AR
16-08394-000,8/21/2007,0.0,WD(WARRANTY DEED),3.35,True,AR
16-08394-000,4/27/2006,300000.0,WD(WARRANTY DEED),3.35,True,AR
16-08394-000,8/9/1978,0.0,DC(DEATH CERTIFICATE),3.35,True,AR
16-08394-000,3/10/1976,2000.0,WD(WARRANTY DEED),3.35,True,AR
16-08395-000,4/22/2016,360000.0,WD(WARRANTY DEED),0.32,True,AR
16-08395-000,2/8/2002,285000.0,WD(WARRANTY DEED),0.32,True,AR
16-08395-000,10/16/1998,0.0,WD(WARRANTY DEED),0.32,True,AR
16-08395-000,9/29/1997,200000.0,WD(WARRANTY DEED),0.32,True,AR
16-08395-000,4/14/1994,18000.0,WD(WARRANTY DEED),0.32,True,AR
16-08395-000,9/24/1993,5000.0,WD(WARRANTY DEED),0.32,True,AR
16-08395-000,3/10/1992,13000.0,OR(ORDER),0.32,True,AR
16-08395-000,3/3/1992,0.0,COMMD(COMMISSIONERS DEED),0.32,True,AR
16-08395-000,3/3/1992,0.0,COMMD(COMMISSIONERS DEED),0.32,True,AR
16-08395-000,6/14/1990,0.0,HIST(HISTORICAL),0.32,True,AR
16-08395-000,3/21/1984,20000.0,WD(WARRANTY DEED),0.32,True,AR
16-08396-000,2/24/2017,310000.0,WD(WARRANTY DEED),0.35,True,AR
16-08396-000,2/23/2017,0.0,WD(WARRANTY DEED),0.35,True,AR
16-08396-000,2/16/2017,0.0,AMEND(AMENDMENT),0.35,True,AR
16-08396-000,2/13/2017,0.0,CERT(CERTIFICATE),0.35,True,AR
16-08396-000,2/12/2013,0.0,DEED(GRANT DEED),0.35,True,AR
16-08396-000,8/15/2012,0.0,SWD(SPECIAL WARRANTY DEED),0.35,True,AR
16-08396-000,5/22/2012,0.0,DC(DEATH CERTIFICATE),0.35,True,AR
16-08396-000,4/4/1990,0.0,DC(DEATH CERTIFICATE),0.35,True,AR
16-08396-000,7/17/1986,0.0,WD(WARRANTY DEED),0.35,True,AR
16-08396-000,7/17/1986,0.0,WD(WARRANTY DEED),0.35,True,AR
16-08396-000,6/13/1986,0.0,TRAG(TRUST AGREEMENT),0.35,True,AR
16-08396-000,6/13/1986,0.0,TRAG(TRUST AGREEMENT),0.35,True,AR
16-08396-000,11/18/1981,0.0,WD(WARRANTY DEED),0.35,True,AR
16-08397-000,7/10/2024,0.0,QCD(QUITCLAIM DEED),0.39,True,AR
16-08397-000,9/30/2021,1120000.0,TRWD(TRUSTEES WARRANTY DEED),0.39,True,AR
16-08397-000,9/4/2020,0.0,MEMO(MEMORANDUM),0.39,True,AR
16-08397-000,1/24/2013,0.0,SWD(SPECIAL WARRANTY DEED),0.39,True,AR
16-08397-000,1/24/2013,0.0,CERT(CERTIFICATE),0.39,True,AR
16-08397-000,5/10/2011,265000.0,WD(WARRANTY DEED),0.39,True,AR
16-08397-000,1/25/2010,0.0,FD(FIDUCIARY DEED),0.39,True,AR
16-08397-000,2/4/2009,0.0,OTHER(OTHER DOCUMENT),0.39,True,AR
16-08397-000,2/13/1981,0.0,WD(WARRANTY DEED),0.39,True,AR
16-08398-000,7/10/2024,0.0,QCD(QUITCLAIM DEED),0.42,True,AR
16-08398-000,9/30/2021,1120000.0,TRWD(TRUSTEES WARRANTY DEED),0.42,True,AR
16-08398-000,9/4/2020,0.0,MEMO(MEMORANDUM),0.42,True,AR
16-08398-000,1/24/2013,0.0,SWD(SPECIAL WARRANTY DEED),0.42,True,AR
16-08398-000,1/24/2013,0.0,CERT(CERTIFICATE),0.42,True,AR
16-08398-000,5/10/2011,0.0,WD(WARRANTY DEED),0.42,True,AR
16-08398-000,1/25/2010,0.0,FD(FIDUCIARY DEED),0.42,True,AR
16-08398-000,2/4/2009,0.0,OTHER(OTHER DOCUMENT),0.42,True,AR
16-08398-000,4/18/1988,25000.0,WD(WARRANTY DEED),0.42,True,AR
16-08398-000,10/17/1977,0.0,WD(WARRANTY DEED),0.42,True,AR
16-08399-000,5/18/2007,0.0,AMEND(AMENDMENT),0.4,True,AR
16-08399-000,6/27/2006,285000.0,TRD(TRUSTEES DEED),0.4,True,AR
16-08399-000,1/10/2003,0.0,WD(WARRANTY DEED),0.4,True,AR
16-08399-000,6/2/2002,0.0,DC(DEATH CERTIFICATE),0.4,True,AR
16-08399-000,4/29/1994,0.0,WD(WARRANTY DEED),0.4,True,AR
16-08399-000,4/25/1994,0.0,TRAG(TRUST AGREEMENT),0.4,True,AR
16-08399-000,6/1/1993,0.0,WD(WARRANTY DEED),0.4,True,AR
16-08399-000,5/27/1993,0.0,TRAG(TRUST AGREEMENT),0.4,True,AR
16-08399-000,7/10/1986,110000.0,WD(WARRANTY DEED),0.4,True,AR
16-08399-000,3/10/1978,0.0,WD(WARRANTY DEED),0.4,True,AR
16-08400-000,6/25/2023,0.0,CERT(CERTIFICATE),0.31,True,AR
16-08400-000,1/9/2017,0.0,BD(BENEFICIARY DEED),0.31,True,AR
16-08400-000,3/24/2016,0.0,QCD(QUITCLAIM DEED),0.31,True,AR
16-08400-000,3/24/2016,0.0,CERT(CERTIFICATE),0.31,True,AR
16-08400-000,5/20/1998,0.0,WD(WARRANTY DEED),0.31,True,AR
16-08400-000,5/20/1998,0.0,CERT(CERTIFICATE),0.31,True,AR
16-08400-000,8/12/1992,90000.0,WD(WARRANTY DEED),0.31,True,AR
16-08400-000,8/31/1987,90000.0,WD(WARRANTY DEED),0.31,True,AR
16-08400-000,3/24/1986,0.0,WD(WARRANTY DEED),0.31,True,AR
16-08400-000,11/14/1985,14000.0,WD(WARRANTY DEED),0.31,True,AR
16-08400-000,4/11/1984,10000.0,WD(WARRANTY DEED),0.31,True,AR
16-08400-000,4/13/1979,0.0,QCD(QUITCLAIM DEED),0.31,True,AR
16-08400-000,10/11/1978,0.0,QCD(QUITCLAIM DEED),0.31,True,AR
16-08400-000,2/9/1977,8000.0,WD(WARRANTY DEED),0.31,True,AR
16-08401-000,2/8/2019,180000.0,WD(WARRANTY DEED),0.34,True,AR
16-08401-000,8/10/2015,0.0,OR(ORDER),0.34,True,AR
16-08401-000,7/5/2012,0.0,BD(BENEFICIARY DEED),0.34,True,AR
16-08401-000,6/15/1992,0.0,ML(MARRIAGE LICENSE),0.34,True,AR
16-08401-000,10/7/1989,0.0,DC(DEATH CERTIFICATE),0.34,True,AR
16-08401-000,2/23/1979,9000.0,WD(WARRANTY DEED),0.34,True,AR
16-08402-000,4/8/2022,2350.0,TRWD(TRUSTEES WARRANTY DEED),1.02,False,AR
16-08402-000,4/8/2022,0.0,MEMO(MEMORANDUM),1.02,False,AR
16-08402-000,12/26/2007,0.0,QCD(QUITCLAIM DEED),1.02,False,AR
16-08402-000,1/9/1998,0.0,EXD(EXECUTOR-EXECUTRIX DEED),1.02,False,AR
16-08402-000,7/15/1987,0.0,WD(WARRANTY DEED),1.02,False,AR
16-08402-000,4/4/1977,0.0,WD(WARRANTY DEED),1.02,False,AR
16-08403-000,1/30/2024,40000.0,WD(WARRANTY DEED),1.17,False,TX
16-08403-000,6/14/2010,2000.0,WD(WARRANTY DEED),1.17,False,TX
16-08403-000,11/12/1999,1000.0,WD(WARRANTY DEED),1.17,False,TX
16-08403-000,11/12/1999,1000.0,WD(WARRANTY DEED),1.17,False,TX
16-08403-000,8/13/1999,1000.0,WD(WARRANTY DEED),1.17,False,TX
16-08403-000,8/20/1997,0.0,RD(REDEMPTION DEED),1.17,False,TX
16-08403-000,3/14/1997,1000.0,WD(WARRANTY DEED),1.17,False,TX
16-08403-000,11/27/1996,0.0,CWD(CORPORATION WARRANTY DEED),1.17,False,TX
16-08403-000,11/27/1996,0.0,WD(WARRANTY DEED),1.17,False,TX
16-08403-000,4/25/1974,0.0,HIST(HISTORICAL),1.17,False,TX
16-08404-000,3/12/2025,65000.0,WD(WARRANTY DEED),1.03,False,AR
16-08404-000,4/3/2023,0.0,QCD(QUITCLAIM DEED),1.03,False,AR
16-08404-000,6/21/2019,0.0,RD(REDEMPTION DEED),1.03,False,AR
16-08404-000,6/8/2009,0.0,RD(REDEMPTION DEED),1.03,False,AR
16-08404-000,10/29/1981,9000.0,WD(WARRANTY DEED),1.03,False,AR
16-08405-000,1/15/2004,0.0,ML(MARRIAGE LICENSE),0.27,True,AR
16-08405-000,10/14/2003,130000.0,WD(WARRANTY DEED),0.27,True,AR
16-08405-000,8/25/2000,114000.0,WD(WARRANTY DEED),0.27,True,AR
16-08405-000,9/9/1999,0.0,WD(WARRANTY DEED),0.27,True,AR
16-08405-000,4/11/1995,3000.0,WD(WARRANTY DEED),0.27,True,AR
16-08405-000,8/8/1979,9000.0,WD(WARRANTY DEED),0.27,True,AR
16-08406-000,10/8/2014,74000.0,SWD(SPECIAL WARRANTY DEED),0.37,True,AR
16-08406-000,3/14/2014,0.0,MTG-D(MORTGAGEE'S DEED),0.37,True,AR
16-08406-000,10/10/2013,0.0,AFF(AFFIDAVIT),0.37,True,AR
16-08406-000,10/7/2011,0.0,MTG-D(MORTGAGEE'S DEED),0.37,True,AR
16-08406-000,6/19/2007,0.0,QCD(QUITCLAIM DEED),0.37,True,AR
16-08406-000,9/15/2006,0.0,WD(WARRANTY DEED),0.37,True,AR
16-08406-000,5/8/2006,0.0,QCD(QUITCLAIM DEED),0.37,True,AR
16-08406-000,1/28/2005,0.0,DEED(GRANT DEED),0.37,True,AR
16-08406-000,1/28/2005,0.0,FD(FIDUCIARY DEED),0.37,True,AR
16-08406-000,1/17/2005,0.0,DC(DEATH CERTIFICATE),0.37,True,AR
16-08406-000,1/9/1991,0.0,QCD(QUITCLAIM DEED),0.37,True,AR
16-08406-000,10/13/1980,75000.0,WD(WARRANTY DEED),0.37,True,AR
16-08407-000,4/8/2022,0.0,QCD(QUITCLAIM DEED),0.34,False,ID
16-08407-000,7/23/1998,9000.0,WD(WARRANTY DEED),0.34,False,ID
16-08407-000,7/16/1983,0.0,CONT(CONTRACT),0.34,False,ID
16-08407-000,5/16/1983,0.0,WD(WARRANTY DEED),0.34,False,ID
16-08408-000,5/6/2022,220000.0,WD(WARRANTY DEED),0.33,True,AR
16-08408-000,11/4/2019,80000.0,WD(WARRANTY DEED),0.33,True,AR
16-08408-000,10/24/2019,0.0,QCD(QUITCLAIM DEED),0.33,True,AR
16-08408-000,9/30/2019,0.0,CONT(CONTRACT),0.33,True,AR
16-08408-000,2/16/2018,0.0,CONT(CONTRACT),0.33,True,AR
16-08408-000,5/12/2014,0.0,QCD(QUITCLAIM DEED),0.33,True,AR
16-08408-000,11/18/1999,70000.0,WD(WARRANTY DEED),0.33,True,AR
16-08408-000,5/20/1998,0.0,QCD(QUITCLAIM DEED),0.33,True,AR
16-08408-000,5/20/1998,0.0,TRAG(TRUST AGREEMENT),0.33,True,AR
16-08408-000,11/14/1995,55000.0,WD(WARRANTY DEED),0.33,True,AR
16-08408-000,6/21/1988,0.0,WD(WARRANTY DEED),0.33,True,AR
16-08408-000,9/30/1987,0.0,DC(DEATH CERTIFICATE),0.33,True,AR
16-08408-000,9/28/1973,37000.0,WD(WARRANTY DEED),0.33,True,AR
16-08409-000,11/1/2018,147000.0,WD(WARRANTY DEED),0.29,True,AR
16-08409-000,8/24/2009,0.0,POA(POWER OF ATTORNEY),0.29,True,AR
16-08409-000,8/9/2004,0.0,DC(DEATH CERTIFICATE),0.29,True,AR
16-08409-000,6/13/1990,92000.0,WD(WARRANTY DEED),0.29,True,AR
16-08409-000,6/28/1977,8000.0,WD(WARRANTY DEED),0.29,True,AR
16-08410-000,8/22/2019,205000.0,WD(WARRANTY DEED),0.28,True,AR
16-08410-000,10/4/2017,0.0,DC(DEATH CERTIFICATE),0.28,True,AR
16-08410-000,12/12/1997,0.0,CWD(CORPORATION WARRANTY DEED),0.28,True,AR
16-08410-000,12/12/1997,0.0,QCD(QUITCLAIM DEED),0.28,True,AR
16-08410-000,6/24/1997,4000.0,CWD(CORPORATION WARRANTY DEED),0.28,True,AR
16-08410-000,6/10/1996,3000.0,WD(WARRANTY DEED),0.28,True,AR
16-08410-000,6/24/1994,3000.0,DC(DEATH CERTIFICATE),0.28,True,AR
16-08410-000,5/29/1992,0.0,DC(DEATH CERTIFICATE),0.28,True,AR
16-08410-000,4/14/1982,8000.0,WD(WARRANTY DEED),0.28,True,AR
16-08411-000,9/25/2024,0.0,WD(WARRANTY DEED),0.33,True,MA
16-08411-000,3/25/2014,140000.0,WD(WARRANTY DEED),0.33,True,MA
16-08411-000,4/4/2008,153000.0,WD(WARRANTY DEED),0.33,True,MA
16-08411-000,5/24/2006,183000.0,WD(WARRANTY DEED),0.33,True,MA
16-08411-000,6/24/2004,143000.0,WD(WARRANTY DEED),0.33,True,MA
16-08411-000,10/17/2003,0.0,DC(DEATH CERTIFICATE),0.33,True,MA
16-08411-000,2/17/1989,114000.0,WD(WARRANTY DEED),0.33,True,MA
16-08411-000,6/22/1987,13000.0,WD(WARRANTY DEED),0.33,True,MA
16-08411-000,12/12/1985,8000.0,WD(WARRANTY DEED),0.33,True,MA
16-08411-000,7/15/1985,10000.0,WD(WARRANTY DEED),0.33,True,MA
16-08411-000,7/20/1984,8000.0,WD(WARRANTY DEED),0.33,True,MA
16-08411-000,7/6/1983,8000.0,WD(WARRANTY DEED),0.33,True,MA
16-08412-000,9/13/2007,98000.0,WD(WARRANTY DEED),0.33,True,AR
16-08412-000,3/17/2006,92000.0,WD(WARRANTY DEED),0.33,True,AR
16-08412-000,9/29/2005,85000.0,WD(WARRANTY DEED),0.33,True,AR
16-08412-000,10/26/1990,0.0,QCD(QUITCLAIM DEED),0.33,True,AR
16-08412-000,10/24/1989,46000.0,WD(WARRANTY DEED),0.33,True,AR
16-08412-000,12/12/1985,0.0,QCD(QUITCLAIM DEED),0.33,True,AR
16-08412-000,4/5/1982,64000.0,WD(WARRANTY DEED),0.33,True,AR
16-08413-000,12/30/2016,122000.0,WD(WARRANTY DEED),0.3,True,AR
16-08413-000,10/31/2016,0.0,QCD(QUITCLAIM DEED),0.3,True,AR
16-08413-000,12/27/2013,113000.0,WD(WARRANTY DEED),0.3,True,AR
16-08413-000,5/27/2003,116000.0,WD(WARRANTY DEED),0.3,True,AR
16-08413-000,4/10/2001,93000.0,WD(WARRANTY DEED),0.3,True,AR
16-08413-000,8/29/1996,88000.0,WD(WARRANTY DEED),0.3,True,AR
16-08413-000,1/12/1990,0.0,ML(MARRIAGE LICENSE),0.3,True,AR
16-08413-000,10/10/1984,0.0,DEC(DECREE),0.3,True,AR
16-08414-000,10/12/2016,107000.0,WD(WARRANTY DEED),0.25,True,AR
16-08414-000,8/19/2015,0.0,WD(WARRANTY DEED),0.25,True,AR
16-08414-000,3/31/2015,74000.0,WD(WARRANTY DEED),0.25,True,AR
16-08414-000,10/2/2007,0.0,QCD(QUITCLAIM DEED),0.25,True,AR
16-08414-000,2/4/2005,88000.0,WD(WARRANTY DEED),0.25,True,AR
16-08414-000,7/23/2003,0.0,WD(WARRANTY DEED),0.25,True,AR
16-08414-000,1/2/2002,0.0,DC(DEATH CERTIFICATE),0.25,True,AR
16-08414-000,2/10/1987,69000.0,WD(WARRANTY DEED),0.25,True,AR
16-08414-000,8/3/1983,69000.0,WD(WARRANTY DEED),0.25,True,AR
16-08415-000,10/31/2013,88000.0,WD(WARRANTY DEED),0.29,True,AR
16-08415-000,3/18/2010,85000.0,WD(WARRANTY DEED),0.29,True,AR
16-08415-000,7/23/2003,0.0,WD(WARRANTY DEED),0.29,True,AR
16-08415-000,1/2/2002,0.0,DC(DEATH CERTIFICATE),0.29,True,AR
16-08415-000,10/7/1992,1000.0,WD(WARRANTY DEED),0.29,True,AR
16-08415-000,9/9/1991,0.0,WD(WARRANTY DEED),0.29,True,AR
16-08415-000,10/30/1979,7000.0,WD(WARRANTY DEED),0.29,True,AR
16-08416-000,6/17/2011,0.0,WD(WARRANTY DEED),0.29,True,AR
16-08416-000,2/5/2007,205000.0,WD(WARRANTY DEED),0.29,True,AR
16-08416-000,7/10/2006,167000.0,WD(WARRANTY DEED),0.29,True,AR
16-08416-000,9/16/2002,125000.0,WD(WARRANTY DEED),0.29,True,AR
16-08416-000,3/24/2000,0.0,QCD(QUITCLAIM DEED),0.29,True,AR
16-08416-000,3/16/2000,0.0,AFF(AFFIDAVIT),0.29,True,AR
16-08416-000,4/1/1995,0.0,DC(DEATH CERTIFICATE),0.29,True,AR
16-08416-000,4/2/1987,91000.0,WD(WARRANTY DEED),0.29,True,AR
16-08416-000,7/23/1985,0.0,WD(WARRANTY DEED),0.29,True,AR
16-08416-000,7/17/1985,0.0,WD(WARRANTY DEED),0.29,True,AR
16-08416-000,7/1/1985,10000.0,WD(WARRANTY DEED),0.29,True,AR
16-08416-000,7/1/1985,9000.0,WD(WARRANTY DEED),0.29,True,AR
16-08417-000,6/17/2011,0.0,WD(WARRANTY DEED),0.29,False,AR
16-08417-000,2/5/2007,205000.0,WD(WARRANTY DEED),0.29,False,AR
16-08417-000,7/10/2006,167000.0,WD(WARRANTY DEED),0.29,False,AR
16-08417-000,9/8/2003,5000.0,WD(WARRANTY DEED),0.29,False,AR
16-08417-000,1/30/1997,0.0,RD(REDEMPTION DEED),0.29,False,AR
16-08417-000,4/29/1992,1000.0,WD(WARRANTY DEED),0.29,False,AR
16-08417-000,1/9/1976,0.0,WD(WARRANTY DEED),0.29,False,AR
16-08418-000,3/29/2023,0.0,QCD(QUITCLAIM DEED),0.3,True,AR
16-08418-000,7/30/2014,0.0,AFF(AFFIDAVIT),0.3,True,AR
16-08418-000,9/27/2013,134000.0,WD(WARRANTY DEED),0.3,True,AR
16-08418-000,9/27/2013,0.0,WD(WARRANTY DEED),0.3,True,AR
16-08418-000,4/11/2013,0.0,DC(DEATH CERTIFICATE),0.3,True,AR
16-08418-000,1/21/2009,0.0,QCD(QUITCLAIM DEED),0.3,True,AR
16-08418-000,11/24/2008,0.0,QCD(QUITCLAIM DEED),0.3,True,AR
16-08418-000,11/24/2008,0.0,QCD(QUITCLAIM DEED),0.3,True,AR
16-08418-000,11/24/2008,0.0,QCD(QUITCLAIM DEED),0.3,True,AR
16-08418-000,11/24/2008,0.0,QCD(QUITCLAIM DEED),0.3,True,AR
16-08418-000,11/21/2008,0.0,QCD(QUITCLAIM DEED),0.3,True,AR
16-08418-000,11/17/2008,0.0,QCD(QUITCLAIM DEED),0.3,True,AR
16-08418-000,4/16/2008,0.0,DC(DEATH CERTIFICATE),0.3,True,AR
16-08418-000,6/11/2002,0.0,WD(WARRANTY DEED),0.3,True,AR
16-08418-000,6/14/1994,138000.0,WD(WARRANTY DEED),0.3,True,AR
16-08418-000,3/11/1991,103000.0,WD(WARRANTY DEED),0.3,True,AR
16-08418-000,10/20/1983,11000.0,WD(WARRANTY DEED),0.3,True,AR
16-08419-000,12/7/2020,164000.0,WD(WARRANTY DEED),0.31,True,NV
16-08419-000,6/17/2015,80000.0,WD(WARRANTY DEED),0.31,True,NV
16-08419-000,1/11/2011,0.0,DC(DEATH CERTIFICATE),0.31,True,NV
16-08419-000,11/30/2004,0.0,WD(WARRANTY DEED),0.31,True,NV
16-08419-000,11/30/2004,0.0,CERT(CERTIFICATE),0.31,True,NV
16-08419-000,11/5/1982,70000.0,WD(WARRANTY DEED),0.31,True,NV
16-08420-000,3/6/2012,0.0,QCD(QUITCLAIM DEED),0.27,True,AR
16-08420-000,5/16/2005,0.0,CORRWD(CORRECTED WARRANTY DEED),0.27,True,AR
16-08420-000,5/16/2005,175000.0,WD(WARRANTY DEED),0.27,True,AR
16-08420-000,10/1/2001,105000.0,WD(WARRANTY DEED),0.27,True,AR
16-08420-000,6/9/1999,0.0,DC(DEATH CERTIFICATE),0.27,True,AR
16-08420-000,7/17/1995,0.0,WD(WARRANTY DEED),0.27,True,AR
16-08420-000,7/10/1995,0.0,CERT(CERTIFICATE),0.27,True,AR
16-08420-000,5/18/1988,80000.0,WD(WARRANTY DEED),0.27,True,AR
16-08420-000,4/24/1987,0.0,WD(WARRANTY DEED),0.27,True,AR
16-08420-000,12/5/1985,78000.0,WD(WARRANTY DEED),0.27,True,AR
16-08420-000,4/10/1984,10000.0,WD(WARRANTY DEED),0.27,True,AR
16-08421-000,8/8/2008,2000.0,CWD(CORPORATION WARRANTY DEED),0.27,False,AR
16-08421-000,11/27/2007,1000.0,WD(WARRANTY DEED),0.27,False,AR
16-08421-000,8/16/2004,0.0,WD(WARRANTY DEED),0.27,False,AR
16-08421-000,2/11/2003,0.0,WD(WARRANTY DEED),0.27,False,AR
16-08421-000,7/28/1999,1000.0,WD(WARRANTY DEED),0.27,False,AR
16-08421-000,7/20/1999,1000.0,WD(WARRANTY DEED),0.27,False,AR
16-08421-000,3/24/1989,0.0,CONT(CONTRACT),0.27,False,AR
16-08421-000,2/19/1987,0.0,CONT(CONTRACT),0.27,False,AR
16-08421-000,7/29/1984,0.0,CONT(CONTRACT),0.27,False,AR
16-08422-000,1/6/2022,500000.0,WD(WARRANTY DEED),0.34,True,AR
16-08422-000,4/8/2014,0.0,DC(DEATH CERTIFICATE),0.34,True,AR
16-08422-000,8/5/2003,137000.0,WD(WARRANTY DEED),0.34,True,AR
16-08422-000,3/31/1995,0.0,WD(WARRANTY DEED),0.34,True,AR
16-08422-000,3/30/1995,0.0,TRAG(TRUST AGREEMENT),0.34,True,AR
16-08422-000,5/3/1985,98000.0,WD(WARRANTY DEED),0.34,True,AR
16-08423-000,1/6/2022,500000.0,WD(WARRANTY DEED),0.26,False,AR
16-08423-000,4/8/2014,0.0,DC(DEATH CERTIFICATE),0.26,False,AR
16-08423-000,8/5/2003,137000.0,WD(WARRANTY DEED),0.26,False,AR
16-08423-000,3/31/1995,0.0,WD(WARRANTY DEED),0.26,False,AR
16-08423-000,3/30/1995,0.0,TRAG(TRUST AGREEMENT),0.26,False,AR
16-08423-000,7/5/1994,6000.0,WD(WARRANTY DEED),0.26,False,AR
16-08423-000,11/29/1976,8000.0,WD(WARRANTY DEED),0.26,False,AR
16-08424-000,6/28/2024,0.0,BD(BENEFICIARY DEED),0.38,True,AR
16-08424-000,11/2/2022,327000.0,FD(FIDUCIARY DEED),0.38,True,AR
16-08424-000,10/27/2022,0.0,OR(ORDER),0.38,True,AR
16-08424-000,8/13/2022,0.0,OBIT(OBITUARY),0.38,True,AR
16-08424-000,2/28/2018,165000.0,WD(WARRANTY DEED),0.38,True,AR
16-08424-000,5/1/2014,135000.0,WD(WARRANTY DEED),0.38,True,AR
16-08424-000,9/15/2005,78333.0,TRD(TRUSTEES DEED),0.38,True,AR
16-08424-000,2/9/2000,0.0,DC(DEATH CERTIFICATE),0.38,True,AR
16-08424-000,10/21/1994,0.0,WD(WARRANTY DEED),0.38,True,AR
16-08424-000,9/26/1994,0.0,WD(WARRANTY DEED),0.38,True,AR
16-08424-000,5/24/1994,0.0,WD(WARRANTY DEED),0.38,True,AR
16-08424-000,5/24/1994,0.0,TRAG(TRUST AGREEMENT),0.38,True,AR
16-08424-000,3/16/1994,14000.0,WD(WARRANTY DEED),0.38,True,AR
16-08424-000,10/5/1993,11700.0,WD(WARRANTY DEED),0.38,True,AR
16-08424-000,12/3/1976,8000.0,WD(WARRANTY DEED),0.38,True,AR
16-08425-000,6/28/2024,0.0,BD(BENEFICIARY DEED),0.32,False,AR
16-08425-000,11/4/2022,33000.0,WD(WARRANTY DEED),0.32,False,AR
16-08425-000,6/2/2022,12000.0,WD(WARRANTY DEED),0.32,False,AR
16-08425-000,4/19/2021,11000.0,WD(WARRANTY DEED),0.32,False,AR
16-08425-000,8/26/2020,0.0,RD(REDEMPTION DEED),0.32,False,AR
16-08425-000,10/13/2009,250000.0,WD(WARRANTY DEED),0.32,False,AR
16-08425-000,8/21/2009,0.0,DEED(GRANT DEED),0.32,False,AR
16-08425-000,9/15/2008,0.0,DEED(GRANT DEED),0.32,False,AR
16-08425-000,3/31/2006,300000.0,WD(WARRANTY DEED),0.32,False,AR
16-08425-000,12/13/2001,2000.0,QCD(QUITCLAIM DEED),0.32,False,AR
16-08425-000,12/10/2001,2000.0,QCD(QUITCLAIM DEED),0.32,False,AR
16-08425-000,9/24/2001,1000.0,WD(WARRANTY DEED),0.32,False,AR
16-08425-000,8/31/1982,10000.0,WD(WARRANTY DEED),0.32,False,AR
16-08425-000,11/11/1976,8000.0,WD(WARRANTY DEED),0.32,False,AR
16-08426-000,11/9/2023,0.0,CERT(CERTIFICATE),0.28,True,AR
16-08426-000,3/28/2022,0.0,CERT(CERTIFICATE),0.28,True,AR
16-08426-000,6/5/2020,148000.0,WD(WARRANTY DEED),0.28,True,AR
16-08426-000,10/9/2000,84000.0,WD(WARRANTY DEED),0.28,True,AR
16-08426-000,10/11/1991,0.0,TRAG(TRUST AGREEMENT),0.28,True,AR
16-08426-000,8/9/1991,0.0,WD(WARRANTY DEED),0.28,True,AR
16-08426-000,8/9/1991,0.0,TRAG(TRUST AGREEMENT),0.28,True,AR
16-08426-000,6/30/1981,0.0,WD(WARRANTY DEED),0.28,True,AR
16-08427-000,8/7/2002,0.0,WD(WARRANTY DEED),0.35,True,AR
16-08427-000,6/19/2002,0.0,CERT(CERTIFICATE),0.35,True,AR
16-08427-000,5/19/2002,0.0,OTHER(OTHER DOCUMENT),0.35,True,AR
16-08427-000,5/2/1991,0.0,DC(DEATH CERTIFICATE),0.35,True,AR
16-08427-000,3/15/1991,20000.0,WD(WARRANTY DEED),0.35,True,AR
16-08427-000,4/4/1973,9000.0,WD(WARRANTY DEED),0.35,True,AR
16-08428-000,1/8/2010,0.0,SWD(SPECIAL WARRANTY DEED),0.32,False,TX
16-08428-000,1/8/2010,0.0,SWD(SPECIAL WARRANTY DEED),0.32,False,TX
16-08429-000,7/23/2020,380000.0,WD(WARRANTY DEED),0.34,True,AR
16-08429-000,3/21/2016,279000.0,WD(WARRANTY DEED),0.34,True,AR
16-08429-000,5/3/2005,272000.0,WD(WARRANTY DEED),0.34,True,AR
16-08429-000,5/3/2005,272000.0,WD(WARRANTY DEED),0.34,True,AR
16-08429-000,8/21/2003,0.0,QCD(QUITCLAIM DEED),0.34,True,AR
16-08429-000,3/29/2002,0.0,WD(WARRANTY DEED),0.34,True,AR
16-08429-000,5/25/2000,242000.0,WD(WARRANTY DEED),0.34,True,AR
16-08429-000,4/26/1985,15000.0,WD(WARRANTY DEED),0.34,True,AR
16-08430-000,7/23/2020,380000.0,WD(WARRANTY DEED),0.26,False,AR
16-08430-000,3/21/2016,279000.0,WD(WARRANTY DEED),0.26,False,AR
16-08430-000,5/3/2005,0.0,WD(WARRANTY DEED),0.26,False,AR
16-08430-000,5/3/2005,0.0,WD(WARRANTY DEED),0.26,False,AR
16-08430-000,8/21/2003,0.0,QCD(QUITCLAIM DEED),0.26,False,AR
16-08430-000,3/29/2002,0.0,WD(WARRANTY DEED),0.26,False,AR
16-08430-000,5/25/2000,242000.0,WD(WARRANTY DEED),0.26,False,AR
16-08430-000,6/30/1986,16000.0,WD(WARRANTY DEED),0.26,False,AR
16-08430-000,9/13/1985,17000.0,WD(WARRANTY DEED),0.26,False,AR
16-08430-000,9/13/1985,15000.0,WD(WARRANTY DEED),0.26,False,AR
16-08431-000,10/13/2021,0.0,QCD(QUITCLAIM DEED),0.29,True,AR
16-08431-000,12/23/2016,0.0,ML(MARRIAGE LICENSE),0.29,True,AR
16-08431-000,5/28/2016,169000.0,WD(WARRANTY DEED),0.29,True,AR
16-08431-000,9/11/2013,135000.0,WD(WARRANTY DEED),0.29,True,AR
16-08431-000,4/12/2012,0.0,SWD(SPECIAL WARRANTY DEED),0.29,True,AR
16-08431-000,11/8/2011,0.0,SWD(SPECIAL WARRANTY DEED),0.29,True,AR
16-08431-000,10/28/2011,0.0,MTG-D(MORTGAGEE'S DEED),0.29,True,AR
16-08431-000,12/29/1997,98000.0,WD(WARRANTY DEED),0.29,True,AR
16-08431-000,7/28/1989,17000.0,WD(WARRANTY DEED),0.29,True,AR
16-08431-000,2/11/1983,0.0,WD(WARRANTY DEED),0.29,True,AR
16-08432-000,8/17/2023,0.0,WD(WARRANTY DEED),0.28,True,
16-08432-000,9/8/2005,215000.0,TRD(TRUSTEES DEED),0.28,True,
16-08432-000,10/23/1995,160000.0,WD(WARRANTY DEED),0.28,True,
16-08432-000,11/7/1979,15000.0,WD(WARRANTY DEED),0.28,True,
16-08433-000,6/2/2021,570000.0,WD(WARRANTY DEED),0.3,True,AR
16-08433-000,9/14/2018,300000.0,TRWD(TRUSTEES WARRANTY DEED),0.3,True,AR
16-08433-000,7/14/2015,0.0,TRNOT(TRUSTEES NOTICE),0.3,True,AR
16-08433-000,8/25/2014,0.0,MEMO(MEMORANDUM),0.3,True,AR
16-08433-000,7/12/2001,0.0,WD(WARRANTY DEED),0.3,True,AR
16-08433-000,7/2/2001,0.0,TRAG(TRUST AGREEMENT),0.3,True,AR
16-08433-000,11/22/1993,18000.0,WD(WARRANTY DEED),0.3,True,AR
16-08433-000,11/20/1992,14000.0,WD(WARRANTY DEED),0.3,True,AR
16-08433-000,9/19/1989,15000.0,WD(WARRANTY DEED),0.3,True,AR
16-08433-000,1/27/1984,12000.0,WD(WARRANTY DEED),0.3,True,AR
16-08434-000,6/2/2021,570000.0,WD(WARRANTY DEED),0.29,False,AR
16-08434-000,9/14/2018,300000.0,TRWD(TRUSTEES WARRANTY DEED),0.29,False,AR
16-08434-000,7/14/2015,0.0,TRNOT(TRUSTEES NOTICE),0.29,False,AR
16-08434-000,8/25/2014,0.0,MEMO(MEMORANDUM),0.29,False,AR
16-08434-000,7/12/2001,0.0,WD(WARRANTY DEED),0.29,False,AR
16-08434-000,7/2/2001,0.0,TRAG(TRUST AGREEMENT),0.29,False,AR
16-08434-000,1/9/1997,15000.0,WD(WARRANTY DEED),0.29,False,AR
16-08434-000,1/7/1994,0.0,WD(WARRANTY DEED),0.29,False,AR
16-08434-000,9/1/1991,0.0,DC(DEATH CERTIFICATE),0.29,False,AR
16-08435-000,5/16/2017,148000.0,WD(WARRANTY DEED),0.29,True,AR
16-08435-000,7/21/2000,0.0,DC(DEATH CERTIFICATE),0.29,True,AR
16-08435-000,7/18/1984,76000.0,WD(WARRANTY DEED),0.29,True,AR
16-08435-000,7/9/1984,90000.0,WD(WARRANTY DEED),0.29,True,AR
16-08436-000,7/3/2024,14000.0,CWD(CORPORATION WARRANTY DEED),0.27,False,AR
16-08436-000,6/19/2019,0.0,RD(REDEMPTION DEED),0.27,False,AR
16-08436-000,6/5/2007,15000.0,WD(WARRANTY DEED),0.27,False,AR
16-08436-000,9/30/2005,7000.0,WD(WARRANTY DEED),0.27,False,AR
16-08436-000,2/5/2002,1000.0,QCD(QUITCLAIM DEED),0.27,False,AR
16-08436-000,2/5/2002,0.0,WD(WARRANTY DEED),0.27,False,AR
16-08436-000,1/19/1987,0.0,CONT(CONTRACT),0.27,False,AR
16-08436-000,1/19/1984,12000.0,WD(WARRANTY DEED),0.27,False,AR
16-08437-000,4/1/2010,0.0,WD(WARRANTY DEED),0.3,False,AR
16-08437-000,6/16/2009,0.0,CERT(CERTIFICATE),0.3,False,AR
16-08437-000,6/16/2009,0.0,CERT(CERTIFICATE),0.3,False,AR
16-08437-000,10/11/1996,2000.0,CWD(CORPORATION WARRANTY DEED),0.3,False,AR
16-08437-000,10/8/1996,1000.0,WD(WARRANTY DEED),0.3,False,AR
16-08437-000,3/10/1978,11000.0,WD(WARRANTY DEED),0.3,False,AR
16-08438-000,11/6/2018,0.0,CERT(CERTIFICATE),0.27,True,AR
16-08438-000,3/9/2004,0.0,WD(WARRANTY DEED),0.27,True,AR
16-08438-000,2/13/2004,0.0,AFF(AFFIDAVIT),0.27,True,AR
16-08438-000,2/4/2004,0.0,WD(WARRANTY DEED),0.27,True,AR
16-08438-000,8/14/1996,119000.0,WD(WARRANTY DEED),0.27,True,AR
16-08438-000,5/24/1994,98000.0,WD(WARRANTY DEED),0.27,True,AR
16-08438-000,6/5/1991,90000.0,WD(WARRANTY DEED),0.27,True,AR
16-08438-000,6/5/1989,0.0,DC(DEATH CERTIFICATE),0.27,True,AR
16-08438-000,11/26/1985,0.0,QCD(QUITCLAIM DEED),0.27,True,AR
16-08439-000,9/4/2015,132000.0,WD(WARRANTY DEED),0.31,True,AR
16-08439-000,8/29/2012,0.0,DC(DEATH CERTIFICATE),0.31,True,AR
16-08439-000,11/22/2002,112000.0,WD(WARRANTY DEED),0.31,True,AR
16-08439-000,3/21/2000,85000.0,WD(WARRANTY DEED),0.31,True,AR
16-08439-000,10/13/1997,115000.0,WD(WARRANTY DEED),0.31,True,AR
16-08439-000,9/30/1997,0.0,OR(ORDER),0.31,True,AR
16-08439-000,9/19/1997,0.0,QCD(QUITCLAIM DEED),0.31,True,AR
16-08439-000,6/21/1994,115000.0,WD(WARRANTY DEED),0.31,True,AR
16-08439-000,8/6/1992,99000.0,WD(WARRANTY DEED),0.31,True,AR
16-08439-000,3/30/1990,86000.0,WD(WARRANTY DEED),0.31,True,AR
16-08439-000,3/30/1990,0.0,WD(WARRANTY DEED),0.31,True,AR
16-08439-000,3/30/1990,0.0,WD(WARRANTY DEED),0.31,True,AR
16-08439-000,3/20/1990,0.0,QCD(QUITCLAIM DEED),0.31,True,AR
16-08439-000,2/19/1986,0.0,DC(DEATH CERTIFICATE),0.31,True,AR
16-08440-000,9/26/2024,0.0,AFF(AFFIDAVIT),0.27,True,AR
16-08440-000,9/10/2024,379000.0,WD(WARRANTY DEED),0.27,True,AR
16-08440-000,12/22/2014,158000.0,TRWD(TRUSTEES WARRANTY DEED),0.27,True,AR
16-08440-000,5/15/2013,0.0,SWD(SPECIAL WARRANTY DEED),0.27,True,AR
16-08440-000,10/10/2012,0.0,TRD(TRUSTEES DEED),0.27,True,AR
16-08440-000,9/18/2012,0.0,SWD(SPECIAL WARRANTY DEED),0.27,True,AR
16-08440-000,8/13/2009,110000.0,WD(WARRANTY DEED),0.27,True,AR
16-08440-000,8/11/2009,0.0,CERT(CERTIFICATE),0.27,True,AR
16-08440-000,2/14/2008,0.0,DC(DEATH CERTIFICATE),0.27,True,AR
16-08440-000,11/29/2004,0.0,DC(DEATH CERTIFICATE),0.27,True,AR
16-08440-000,7/13/2001,0.0,WD(WARRANTY DEED),0.27,True,AR
16-08440-000,9/28/1989,86000.0,WD(WARRANTY DEED),0.27,True,AR
16-08440-000,9/18/1987,0.0,DC(DEATH CERTIFICATE),0.27,True,AR
16-08440-000,5/1/1973,13000.0,WD(WARRANTY DEED),0.27,True,AR
16-08441-000,9/4/2020,0.0,MEMO(MEMORANDUM),0.25,False,AR
16-08441-000,1/24/2013,0.0,SWD(SPECIAL WARRANTY DEED),0.25,False,AR
16-08441-000,1/24/2013,0.0,CERT(CERTIFICATE),0.25,False,AR
16-08441-000,4/17/2012,5000.0,WD(WARRANTY DEED),0.25,False,AR
16-08441-000,6/13/2005,7000.0,WD(WARRANTY DEED),0.25,False,AR
16-08441-000,8/10/2004,3000.0,COMMD(COMMISSIONERS DEED),0.25,False,AR
16-08441-000,11/14/1973,14000.0,WD(WARRANTY DEED),0.25,False,AR
16-08442-000,11/17/2022,0.0,BD(BENEFICIARY DEED),0.29,True,AR
16-08442-000,11/17/2022,0.0,WD(WARRANTY DEED),0.29,True,AR
16-08442-000,9/22/2015,0.0,QCD(QUITCLAIM DEED),0.29,True,AR
16-08442-000,5/7/2007,124000.0,WD(WARRANTY DEED),0.29,True,AR
16-08442-000,3/14/2007,0.0,COMMD(COMMISSIONERS DEED),0.29,True,AR
16-08442-000,5/6/2001,0.0,DC(DEATH CERTIFICATE),0.29,True,AR
16-08442-000,7/26/1995,73000.0,OTHER(OTHER DOCUMENT),0.29,True,AR
16-08442-000,11/7/1994,0.0,DC(DEATH CERTIFICATE),0.29,True,AR
16-08442-000,2/7/1977,11000.0,WD(WARRANTY DEED),0.29,True,AR
16-08443-000,2/16/2023,0.0,WD(WARRANTY DEED),0.3,True,AR
16-08443-000,2/16/2023,0.0,CERT(CERTIFICATE),0.3,True,AR
16-08443-000,6/4/2015,0.0,QCD(QUITCLAIM DEED),0.3,True,AR
16-08443-000,3/25/2011,160000.0,TRD(TRUSTEES DEED),0.3,True,AR
16-08443-000,10/31/2006,0.0,DC(DEATH CERTIFICATE),0.3,True,AR
16-08443-000,6/25/2005,0.0,DC(DEATH CERTIFICATE),0.3,True,AR
16-08443-000,4/6/1995,0.0,WD(WARRANTY DEED),0.3,True,AR
16-08443-000,4/5/1995,0.0,CERT(CERTIFICATE),0.3,True,AR
16-08443-000,4/18/1988,123000.0,WD(WARRANTY DEED),0.3,True,AR
16-08443-000,8/16/1982,0.0,WD(WARRANTY DEED),0.3,True,AR
16-08443-000,8/9/1982,0.0,WD(WARRANTY DEED),0.3,True,AR
16-08444-000,10/14/2022,0.0,WD(WARRANTY DEED),0.28,True,AR
16-08444-000,8/20/2020,152000.0,WD(WARRANTY DEED),0.28,True,AR
16-08444-000,12/4/2006,126000.0,WD(WARRANTY DEED),0.28,True,AR
16-08444-000,9/16/2004,0.0,DC(DEATH CERTIFICATE),0.28,True,AR
16-08444-000,10/11/2001,114000.0,WD(WARRANTY DEED),0.28,True,AR
16-08444-000,12/15/1998,94000.0,WD(WARRANTY DEED),0.28,True,AR
16-08444-000,3/4/1986,89000.0,WD(WARRANTY DEED),0.28,True,AR
16-08444-000,2/22/1983,12000.0,WD(WARRANTY DEED),0.28,True,AR
16-08445-000,7/11/2022,340000.0,WD(WARRANTY DEED),0.26,True,AR
16-08445-000,4/30/2020,0.0,DC(DEATH CERTIFICATE),0.26,True,AR
16-08445-000,5/25/2017,179000.0,WD(WARRANTY DEED),0.26,True,AR
16-08445-000,10/25/2005,185000.0,WD(WARRANTY DEED),0.26,True,AR
16-08445-000,4/22/2003,167000.0,WD(WARRANTY DEED),0.26,True,AR
16-08445-000,7/19/2001,0.0,WD(WARRANTY DEED),0.26,True,AR
16-08445-000,7/18/2000,167000.0,WD(WARRANTY DEED),0.26,True,AR
16-08445-000,5/6/1997,191000.0,CWD(CORPORATION WARRANTY DEED),0.26,True,AR
16-08445-000,1/9/1996,6000.0,WD(WARRANTY DEED),0.26,True,AR
16-08445-000,11/17/1994,0.0,WD(WARRANTY DEED),0.26,True,AR
16-08445-000,9/16/1994,0.0,MEMO(MEMORANDUM),0.26,True,AR
16-08445-000,4/10/1989,0.0,WD(WARRANTY DEED),0.26,True,AR
16-08445-000,11/11/1976,9000.0,WD(WARRANTY DEED),0.26,True,AR
16-08446-000,6/19/2020,184000.0,TRWD(TRUSTEES WARRANTY DEED),0.27,True,AR
16-08446-000,6/19/2020,0.0,CERT(CERTIFICATE),0.27,True,AR
16-08446-000,6/25/2018,0.0,WD(WARRANTY DEED),0.27,True,AR
16-08446-000,6/25/2018,0.0,CERT(CERTIFICATE),0.27,True,AR
16-08446-000,10/29/2017,0.0,DC(DEATH CERTIFICATE),0.27,True,AR
16-08446-000,3/7/1995,110000.0,WD(WARRANTY DEED),0.27,True,AR
16-08446-000,10/7/1987,0.0,WD(WARRANTY DEED),0.27,True,AR
16-08446-000,1/25/1984,16000.0,WD(WARRANTY DEED),0.27,True,AR
16-08447-000,7/15/2024,265000.0,WD(WARRANTY DEED),0.34,True,AR
16-08447-000,8/6/2018,148000.0,WD(WARRANTY DEED),0.34,True,AR
16-08447-000,2/1/2018,0.0,AFF(AFFIDAVIT),0.34,True,AR
16-08447-000,4/4/2003,94000.0,CORRWD(CORRECTED WARRANTY DEED),0.34,True,AR
16-08447-000,11/18/2002,94000.0,WD(WARRANTY DEED),0.34,True,AR
16-08447-000,11/12/2002,0.0,POA(POWER OF ATTORNEY),0.34,True,AR
16-08447-000,1/7/1990,0.0,DC(DEATH CERTIFICATE),0.34,True,AR
16-08447-000,8/12/1983,77000.0,WD(WARRANTY DEED),0.34,True,AR
16-08448-000,6/26/2023,0.0,BD(BENEFICIARY DEED),0.31,True,AR
16-08448-000,3/25/2023,275000.0,WD(WARRANTY DEED),0.31,True,AR
16-08448-000,8/20/2019,0.0,AFF(AFFIDAVIT),0.31,True,AR
16-08448-000,7/26/2019,145000.0,WD(WARRANTY DEED),0.31,True,AR
16-08448-000,9/6/2017,125000.0,WD(WARRANTY DEED),0.31,True,AR
16-08448-000,10/17/2007,125000.0,WD(WARRANTY DEED),0.31,True,AR
16-08448-000,1/11/2005,117000.0,WD(WARRANTY DEED),0.31,True,AR
16-08448-000,5/20/1992,85500.0,WD(WARRANTY DEED),0.31,True,AR
16-08448-000,4/22/1992,72000.0,WD(WARRANTY DEED),0.31,True,AR
16-08448-000,9/24/1991,4000.0,WD(WARRANTY DEED),0.31,True,AR
16-08448-000,11/24/1976,0.0,WD(WARRANTY DEED),0.31,True,AR
16-08449-000,5/19/2023,13000.0,WD(WARRANTY DEED),0.28,False,TX
16-08449-000,2/22/2021,0.0,RD(REDEMPTION DEED),0.28,False,TX
16-08449-000,2/9/2021,26000.0,WD(WARRANTY DEED),0.28,False,TX
16-08449-000,2/16/2017,0.0,RD(REDEMPTION DEED),0.28,False,TX
16-08449-000,8/28/2009,1451000.0,QCD(QUITCLAIM DEED),0.28,False,TX
16-08449-000,8/21/2009,402000.0,DEED(GRANT DEED),0.28,False,TX
16-08449-000,9/15/2008,0.0,DEED(GRANT DEED),0.28,False,TX
16-08449-000,4/10/2006,0.0,DC(DEATH CERTIFICATE),0.28,False,TX
16-08449-000,4/10/2006,9000.0,WD(WARRANTY DEED),0.28,False,TX
16-08450-000,1/8/2024,8000.0,WD(WARRANTY DEED),0.28,False,TX
16-08450-000,2/7/2016,0.0,DC(DEATH CERTIFICATE),0.28,False,TX
16-08450-000,2/3/1984,7000.0,WD(WARRANTY DEED),0.28,False,TX
16-08451-000,5/14/2015,0.0,QCD(QUITCLAIM DEED),0.27,True,AR
16-08451-000,5/14/2015,126000.0,WD(WARRANTY DEED),0.27,True,AR
16-08451-000,5/28/2009,0.0,QCD(QUITCLAIM DEED),0.27,True,AR
16-08451-000,10/28/2004,0.0,QCD(QUITCLAIM DEED),0.27,True,AR
16-08451-000,11/3/2003,105000.0,WD(WARRANTY DEED),0.27,True,AR
16-08451-000,9/7/1999,0.0,AMEND(AMENDMENT),0.27,True,AR
16-08451-000,9/8/1989,0.0,QCD(QUITCLAIM DEED),0.27,True,AR
16-08451-000,5/7/1987,8000.0,WD(WARRANTY DEED),0.27,True,AR
16-08451-000,4/15/1987,8000.0,WD(WARRANTY DEED),0.27,True,AR
16-08451-000,5/7/1979,0.0,HIST(HISTORICAL),0.27,True,AR
16-08452-000,12/28/2022,0.0,QCD(QUITCLAIM DEED),0.31,True,AR
16-08452-000,5/5/2022,0.0,QCD(QUITCLAIM DEED),0.31,True,AR
16-08452-000,6/15/2020,141000.0,WD(WARRANTY DEED),0.31,True,AR
16-08452-000,4/29/2015,88000.0,WD(WARRANTY DEED),0.31,True,AR
16-08452-000,8/28/2013,75000.0,WD(WARRANTY DEED),0.31,True,AR
16-08452-000,9/24/2012,67000.0,WD(WARRANTY DEED),0.31,True,AR
16-08452-000,5/7/2007,0.0,DC(DEATH CERTIFICATE),0.31,True,AR
16-08452-000,6/2/2003,83000.0,WD(WARRANTY DEED),0.31,True,AR
16-08452-000,6/11/2002,80000.0,WD(WARRANTY DEED),0.31,True,AR
16-08452-000,6/11/2002,0.0,POA(POWER OF ATTORNEY),0.31,True,AR
16-08452-000,12/17/1996,65000.0,WD(WARRANTY DEED),0.31,True,AR
16-08452-000,1/10/1984,70000.0,WD(WARRANTY DEED),0.31,True,AR
16-08452-000,6/13/1978,0.0,DC(DEATH CERTIFICATE),0.31,True,AR
16-08453-000,6/7/2024,9000.0,WD(WARRANTY DEED),0.31,False,AR
16-08453-000,6/6/2024,0.0,AFF(AFFIDAVIT),0.31,False,AR
16-08453-000,7/25/2023,5000.0,WD(WARRANTY DEED),0.31,False,AR
16-08453-000,8/2/2022,0.0,QCD(QUITCLAIM DEED),0.31,False,AR
16-08453-000,7/20/2022,3000.0,QCD(QUITCLAIM DEED),0.31,False,AR
16-08453-000,8/24/2020,1000.0,WD(WARRANTY DEED),0.31,False,AR
16-08453-000,4/11/2019,1000.0,SWD(SPECIAL WARRANTY DEED),0.31,False,AR
16-08453-000,5/31/2013,1000.0,QCD(QUITCLAIM DEED),0.31,False,AR
16-08453-000,6/10/2005,1000.0,WD(WARRANTY DEED),0.31,False,AR
16-08453-000,1/27/1984,0.0,WD(WARRANTY DEED),0.31,False,AR
16-08454-000,9/23/2016,124000.0,WD(WARRANTY DEED),0.29,True,AR
16-08454-000,1/18/2006,0.0,QCD(QUITCLAIM DEED),0.29,True,AR
16-08454-000,11/12/1999,103000.0,WD(WARRANTY DEED),0.29,True,AR
16-08454-000,12/4/1995,0.0,WD(WARRANTY DEED),0.29,True,AR
16-08454-000,12/4/1995,0.0,AB(ABSTRACT OF TRUST),0.29,True,AR
16-08454-000,11/26/1985,13000.0,WD(WARRANTY DEED),0.29,True,AR
16-08454-000,5/7/1984,0.0,RD(REDEMPTION DEED),0.29,True,AR
16-08454-000,2/1/1984,4000.0,COMMD(COMMISSIONERS DEED),0.29,True,AR
16-08455-000,6/6/2024,305000.0,WD(WARRANTY DEED),0.3,True,AR
16-08455-000,4/24/2019,161000.0,WD(WARRANTY DEED),0.3,True,AR
16-08455-000,3/15/2019,0.0,DC(DEATH CERTIFICATE),0.3,True,AR
16-08455-000,10/29/2018,0.0,BD(BENEFICIARY DEED),0.3,True,AR
16-08455-000,6/29/2006,0.0,DC(DEATH CERTIFICATE),0.3,True,AR
16-08455-000,10/8/2004,148000.0,WD(WARRANTY DEED),0.3,True,AR
16-08455-000,10/22/2002,0.0,WD(WARRANTY DEED),0.3,True,AR
16-08455-000,9/4/2002,0.0,TRAG(TRUST AGREEMENT),0.3,True,AR
16-08455-000,9/20/1986,0.0,DC(DEATH CERTIFICATE),0.3,True,AR
16-08455-000,4/9/1986,9000.0,WD(WARRANTY DEED),0.3,True,AR
16-08455-000,3/1/1984,8000.0,WD(WARRANTY DEED),0.3,True,AR
16-08456-000,11/14/2022,0.0,DC(DEATH CERTIFICATE),0.31,False,AR
16-08456-000,3/15/2021,12000.0,WD(WARRANTY DEED),0.31,False,AR
16-08456-000,8/26/2020,0.0,RD(REDEMPTION DEED),0.31,False,AR
16-08456-000,10/13/2009,250000.0,WD(WARRANTY DEED),0.31,False,AR
16-08456-000,8/21/2009,0.0,DEED(GRANT DEED),0.31,False,AR
16-08456-000,9/15/2008,0.0,DEED(GRANT DEED),0.31,False,AR
16-08456-000,10/10/2005,8000.0,WD(WARRANTY DEED),0.31,False,AR
16-08456-000,8/28/1992,0.0,QCD(QUITCLAIM DEED),0.31,False,AR
16-08456-000,7/14/1988,0.0,DC(DEATH CERTIFICATE),0.31,False,AR
16-08456-000,1/25/1984,0.0,WD(WARRANTY DEED),0.31,False,AR
16-08457-000,11/14/2022,0.0,DC(DEATH CERTIFICATE),0.3,True,AR
16-08457-000,12/29/2020,260000.0,WD(WARRANTY DEED),0.3,True,AR
16-08457-000,7/23/2019,0.0,QCD(QUITCLAIM DEED),0.3,True,AR
16-08457-000,10/30/2018,194000.0,WD(WARRANTY DEED),0.3,True,AR
16-08457-000,6/18/2012,0.0,QCD(QUITCLAIM DEED),0.3,True,AR
16-08457-000,7/26/2011,0.0,WD(WARRANTY DEED),0.3,True,AR
16-08457-000,9/3/2010,0.0,SWD(SPECIAL WARRANTY DEED),0.3,True,AR
16-08457-000,3/1/2010,0.0,SWD(SPECIAL WARRANTY DEED),0.3,True,AR
16-08457-000,3/1/2010,0.0,MTG-D(MORTGAGEE'S DEED),0.3,True,AR
16-08457-000,5/6/2005,150000.0,WD(WARRANTY DEED),0.3,True,AR
16-08457-000,10/17/2001,0.0,QCD(QUITCLAIM DEED),0.3,True,AR
16-08457-000,5/10/2001,108000.0,WD(WARRANTY DEED),0.3,True,AR
16-08457-000,2/26/1995,0.0,DC(DEATH CERTIFICATE),0.3,True,AR
16-08457-000,12/2/1986,84000.0,WD(WARRANTY DEED),0.3,True,AR
16-08457-000,1/9/1986,0.0,WD(WARRANTY DEED),0.3,True,AR
16-08457-000,4/30/1985,9000.0,WD(WARRANTY DEED),0.3,True,AR
16-08457-000,6/19/1984,9000.0,WD(WARRANTY DEED),0.3,True,AR
16-08458-000,11/2/2017,0.0,QCD(QUITCLAIM DEED),0.3,False,AR
16-08458-000,11/1/2017,0.0,CERT(CERTIFICATE),0.3,False,AR
16-08458-000,11/28/2014,3000.0,QCD(QUITCLAIM DEED),0.3,False,AR
16-08458-000,9/3/2014,0.0,LWD(LIMITED WARRANTY DEED),0.3,False,AR
16-08458-000,10/29/2007,20000.0,WD(WARRANTY DEED),0.3,False,AR
16-08458-000,11/29/2005,6000.0,WD(WARRANTY DEED),0.3,False,AR
16-08458-000,11/17/2005,6000.0,WD(WARRANTY DEED),0.3,False,AR
16-08458-000,1/19/1993,0.0,DC(DEATH CERTIFICATE),0.3,False,AR
16-08458-000,11/12/1982,13000.0,WD(WARRANTY DEED),0.3,False,AR
16-08458-000,11/12/1982,0.0,CONT(CONTRACT),0.3,False,AR
16-08458-000,11/24/1976,9000.0,WD(WARRANTY DEED),0.3,False,AR
16-08459-000,11/2/2017,0.0,QCD(QUITCLAIM DEED),1.16,True,AR
16-08459-000,11/1/2017,0.0,CERT(CERTIFICATE),1.16,True,AR
16-08459-000,10/16/2001,171000.0,TRD(TRUSTEES DEED),1.16,True,AR
16-08459-000,11/13/1990,0.0,WD(WARRANTY DEED),1.16,True,AR
16-08459-000,11/5/1990,0.0,MEMO(MEMORANDUM),1.16,True,AR
16-08459-000,11/13/1984,11000.0,WD(WARRANTY DEED),1.16,True,AR
16-08460-000,8/13/2019,20000.0,WD(WARRANTY DEED),1.07,False,TX
16-08460-000,4/14/2006,15000.0,WD(WARRANTY DEED),1.07,False,TX
16-08460-000,12/13/2005,0.0,RD(REDEMPTION DEED),1.07,False,TX
16-08460-000,7/8/2005,0.0,QCD(QUITCLAIM DEED),1.07,False,TX
16-08460-000,12/27/2001,0.0,FD(FIDUCIARY DEED),1.07,False,TX
16-08460-000,2/25/1998,0.0,DC(DEATH CERTIFICATE),1.07,False,TX
16-08460-000,12/2/1983,9000.0,WD(WARRANTY DEED),1.07,False,TX
16-08461-000,3/18/2008,8000.0,FD(FIDUCIARY DEED),0.45,False,AR
16-08461-000,3/30/1995,0.0,QCD(QUITCLAIM DEED),0.45,False,AR
16-08461-000,3/30/1995,0.0,TRAG(TRUST AGREEMENT),0.45,False,AR
16-08461-000,12/2/1986,9000.0,WD(WARRANTY DEED),0.45,False,AR
16-08461-000,2/6/1979,0.0,WD(WARRANTY DEED),0.45,False,AR
16-08462-000,2/19/2021,385000.0,WD(WARRANTY DEED),0.31,True,AR
16-08462-000,7/8/2011,275000.0,WD(WARRANTY DEED),0.31,True,AR
16-08462-000,1/15/2010,0.0,BD(BENEFICIARY DEED),0.31,True,AR
16-08462-000,11/28/2006,0.0,WD(WARRANTY DEED),0.31,True,AR
16-08462-000,12/30/2005,0.0,ML(MARRIAGE LICENSE),0.31,True,AR
16-08462-000,11/30/2005,7000.0,WD(WARRANTY DEED),0.31,True,AR
16-08462-000,12/13/1993,0.0,AFF(AFFIDAVIT),0.31,True,AR
16-08462-000,1/8/1993,4000.0,WD(WARRANTY DEED),0.31,True,AR
16-08462-000,2/17/1983,0.0,WD(WARRANTY DEED),0.31,True,AR
16-08463-000,3/7/2018,0.0,CERT(CERTIFICATE),0.34,False,AR
16-08463-000,3/7/2018,0.0,WD(WARRANTY DEED),0.34,False,AR
16-08463-000,4/26/2013,0.0,COMMD(COMMISSIONERS DEED),0.34,False,AR
16-08463-000,6/27/2012,0.0,RD(REDEMPTION DEED),0.34,False,AR
16-08463-000,2/2/2007,40000.0,QCD(QUITCLAIM DEED),0.34,False,AR
16-08463-000,12/7/2005,6000.0,WD(WARRANTY DEED),0.34,False,AR
16-08463-000,11/30/1976,0.0,WD(WARRANTY DEED),0.34,False,AR
16-08464-000,3/7/2018,0.0,CERT(CERTIFICATE),0.32,False,AR
16-08464-000,3/7/2018,0.0,WD(WARRANTY DEED),0.32,False,AR
16-08464-000,4/26/2013,0.0,COMMD(COMMISSIONERS DEED),0.32,False,AR
16-08464-000,6/27/2012,0.0,RD(REDEMPTION DEED),0.32,False,AR
16-08464-000,2/2/2007,40000.0,QCD(QUITCLAIM DEED),0.32,False,AR
16-08464-000,9/15/2005,5000.0,WD(WARRANTY DEED),0.32,False,AR
16-08464-000,8/26/2005,0.0,MEMO(MEMORANDUM),0.32,False,AR
16-08464-000,3/11/1995,0.0,QCD(QUITCLAIM DEED),0.32,False,AR
16-08464-000,4/24/1990,8000.0,WD(WARRANTY DEED),0.32,False,AR
16-08465-000,8/20/1984,0.0,CONT(CONTRACT),0.29,False,KS
16-08465-000,11/14/1974,8000.0,WD(WARRANTY DEED),0.29,False,KS
16-08466-000,4/25/2011,0.0,DC(DEATH CERTIFICATE),0.35,True,AZ
16-08466-000,12/20/2006,0.0,WD(WARRANTY DEED),0.35,True,AZ
16-08466-000,12/20/2006,0.0,CERT(CERTIFICATE),0.35,True,AZ
16-08466-000,2/5/1999,0.0,DC(DEATH CERTIFICATE),0.35,True,AZ
16-08466-000,9/3/1986,72000.0,WD(WARRANTY DEED),0.35,True,AZ
16-08466-000,4/25/1977,0.0,WD(WARRANTY DEED),0.35,True,AZ
16-08467-000,5/28/2024,0.0,ADHL(AR DEPT OF HEALTH LIST),0.33,True,AR
16-08467-000,3/20/2015,155000.0,WD(WARRANTY DEED),0.33,True,AR
16-08467-000,7/28/2012,0.0,DC(DEATH CERTIFICATE),0.33,True,AR
16-08467-000,1/13/2006,0.0,WD(WARRANTY DEED),0.33,True,AR
16-08467-000,1/13/2006,0.0,CERT(CERTIFICATE),0.33,True,AR
16-08467-000,9/15/1999,137000.0,WD(WARRANTY DEED),0.33,True,AR
16-08467-000,9/10/1991,115.0,WD(WARRANTY DEED),0.33,True,AR
16-08467-000,3/16/1987,0.0,WD(WARRANTY DEED),0.33,True,AR
16-08468-000,10/23/2018,0.0,DC(DEATH CERTIFICATE),0.31,True,AR
16-08468-000,5/24/2017,0.0,BD(BENEFICIARY DEED),0.31,True,AR
16-08468-000,6/18/1999,123000.0,WD(WARRANTY DEED),0.31,True,AR
16-08468-000,5/28/1999,0.0,QCD(QUITCLAIM DEED),0.31,True,AR
16-08468-000,4/16/1999,0.0,TRAG(TRUST AGREEMENT),0.31,True,AR
16-08468-000,2/6/1999,0.0,DC(DEATH CERTIFICATE),0.31,True,AR
16-08468-000,1/20/1978,8000.0,WD(WARRANTY DEED),0.31,True,AR
16-08469-000,11/25/2020,150000.0,WD(WARRANTY DEED),0.31,True,AR
16-08469-000,9/17/2014,0.0,SWD(SPECIAL WARRANTY DEED),0.31,True,AR
16-08469-000,6/23/2014,0.0,WD(WARRANTY DEED),0.31,True,AR
16-08469-000,6/10/2014,0.0,COMMD(COMMISSIONERS DEED),0.31,True,AR
16-08469-000,11/9/2010,0.0,WD(WARRANTY DEED),0.31,True,AR
16-08469-000,11/9/2010,0.0,CERT(CERTIFICATE),0.31,True,AR
16-08469-000,5/21/2009,0.0,QCD(QUITCLAIM DEED),0.31,True,AR
16-08469-000,4/30/2009,116000.0,WD(WARRANTY DEED),0.31,True,AR
16-08469-000,5/19/1999,0.0,WD(WARRANTY DEED),0.31,True,AR
16-08469-000,8/29/1996,0.0,QCD(QUITCLAIM DEED),0.31,True,AR
16-08469-000,8/12/1996,0.0,QCD(QUITCLAIM DEED),0.31,True,AR
16-08469-000,6/5/1996,0.0,CERT(CERTIFICATE),0.31,True,AR
16-08469-000,11/4/1994,0.0,WD(WARRANTY DEED),0.31,True,AR
16-08469-000,11/2/1994,0.0,WD(WARRANTY DEED),0.31,True,AR
16-08469-000,5/21/1993,0.0,QCD(QUITCLAIM DEED),0.31,True,AR
16-08469-000,5/21/1993,0.0,TRAG(TRUST AGREEMENT),0.31,True,AR
16-08469-000,3/29/1993,79000.0,WD(WARRANTY DEED),0.31,True,AR
16-08469-000,12/21/1992,8000.0,WD(WARRANTY DEED),0.31,True,AR
16-08469-000,11/10/1976,8000.0,WD(WARRANTY DEED),0.31,True,AR
16-08470-000,3/15/2019,168000.0,TRWD(TRUSTEES WARRANTY DEED),0.3,True,AR
16-08470-000,7/6/2018,0.0,CERT(CERTIFICATE),0.3,True,AR
16-08470-000,1/5/2018,0.0,DC(DEATH CERTIFICATE),0.3,True,AR
16-08470-000,3/13/2007,0.0,QCD(QUITCLAIM DEED),0.3,True,AR
16-08470-000,2/28/2007,0.0,CERT(CERTIFICATE),0.3,True,AR
16-08470-000,9/12/2005,0.0,AFF(AFFIDAVIT),0.3,True,AR
16-08470-000,9/12/2005,0.0,DC(DEATH CERTIFICATE),0.3,True,AR
16-08470-000,7/19/2005,0.0,QCD(QUITCLAIM DEED),0.3,True,AR
16-08470-000,7/19/2005,0.0,TRD(TRUSTEES DEED),0.3,True,AR
16-08470-000,7/14/1992,0.0,WD(WARRANTY DEED),0.3,True,AR
16-08470-000,3/9/1987,11000.0,WD(WARRANTY DEED),0.3,True,AR
16-08470-000,11/10/1976,8000.0,WD(WARRANTY DEED),0.3,True,AR
16-08471-000,9/29/2014,95000.0,WD(WARRANTY DEED),0.29,True,AR
16-08471-000,1/28/2013,0.0,DC(DEATH CERTIFICATE),0.29,True,AR
16-08471-000,8/3/1999,0.0,WD(WARRANTY DEED),0.29,True,AR
16-08471-000,8/3/1999,0.0,CERT(CERTIFICATE),0.29,True,AR
16-08471-000,8/3/1999,0.0,CERT(CERTIFICATE),0.29,True,AR
16-08471-000,8/11/1995,0.0,WD(WARRANTY DEED),0.29,True,AR
16-08471-000,8/11/1995,0.0,OTHER(OTHER DOCUMENT),0.29,True,AR
16-08471-000,10/3/1985,86500.0,WD(WARRANTY DEED),0.29,True,AR
16-08471-000,5/9/1984,0.0,WD(WARRANTY DEED),0.29,True,AR
16-08472-000,12/22/2004,93000.0,WD(WARRANTY DEED),0.3,True,AR
16-08472-000,10/16/2002,72000.0,WD(WARRANTY DEED),0.3,True,AR
16-08472-000,3/1/1982,48000.0,WD(WARRANTY DEED),0.3,True,AR
16-08473-000,12/7/2021,305000.0,WD(WARRANTY DEED),0.3,True,AR
16-08473-000,3/1/2006,0.0,DC(DEATH CERTIFICATE),0.3,True,AR
16-08473-000,2/17/2004,7000.0,WD(WARRANTY DEED),0.3,True,AR
16-08473-000,2/3/1998,0.0,WD(WARRANTY DEED),0.3,True,AR
16-08473-000,2/3/1998,0.0,MEMO(MEMORANDUM),0.3,True,AR
16-08473-000,8/27/1996,9000.0,WD(WARRANTY DEED),0.3,True,AR
16-08473-000,8/27/1996,0.0,QCD(QUITCLAIM DEED),0.3,True,AR
16-08473-000,6/29/1993,7000.0,WD(WARRANTY DEED),0.3,True,AR
16-08473-000,8/7/1980,8000.0,WD(WARRANTY DEED),0.3,True,AR
16-08474-000,10/14/2009,0.0,BD(BENEFICIARY DEED),0.33,True,AR
16-08474-000,9/27/2006,12000.0,WD(WARRANTY DEED),0.33,True,AR
16-08474-000,6/15/2004,0.0,RD(REDEMPTION DEED),0.33,True,AR
16-08474-000,5/7/2004,2000.0,COMMD(COMMISSIONERS DEED),0.33,True,AR
16-08474-000,3/6/2001,0.0,QCD(QUITCLAIM DEED),0.33,True,AR
16-08474-000,5/7/1982,15000.0,WD(WARRANTY DEED),0.33,True,AR
16-08475-000,2/11/2019,0.0,WD(WARRANTY DEED),0.27,True,AR
16-08475-000,2/11/2019,0.0,CERT(CERTIFICATE),0.27,True,AR
16-08475-000,7/17/1992,67000.0,WD(WARRANTY DEED),0.27,True,AR
16-08475-000,7/17/1992,0.0,QCD(QUITCLAIM DEED),0.27,True,AR
16-08475-000,4/6/1989,0.0,QCD(QUITCLAIM DEED),0.27,True,AR
16-08475-000,7/29/1980,0.0,WD(WARRANTY DEED),0.27,True,AR
16-08476-000,3/9/2023,0.0,WD(WARRANTY DEED),0.31,True,AR
16-08476-000,3/9/2023,0.0,CERT(CERTIFICATE),0.31,True,AR
16-08476-000,4/16/2021,232000.0,WD(WARRANTY DEED),0.31,True,AR
16-08476-000,5/28/2019,185000.0,WD(WARRANTY DEED),0.31,True,AR
16-08476-000,1/18/2017,145000.0,WD(WARRANTY DEED),0.31,True,AR
16-08476-000,1/18/2017,0.0,MEMO(MEMORANDUM),0.31,True,AR
16-08476-000,1/18/2017,0.0,MEMO(MEMORANDUM),0.31,True,AR
16-08476-000,6/14/1996,125000.0,WD(WARRANTY DEED),0.31,True,AR
16-08476-000,6/12/1996,0.0,MEMO(MEMORANDUM),0.31,True,AR
16-08476-000,6/12/1996,0.0,MEMO(MEMORANDUM),0.31,True,AR
16-08476-000,1/20/1994,0.0,WD(WARRANTY DEED),0.31,True,AR
16-08476-000,1/13/1994,0.0,TRAG(TRUST AGREEMENT),0.31,True,AR
16-08476-000,1/22/1993,0.0,AFF(AFFIDAVIT),0.31,True,AR
16-08476-000,2/26/1991,0.0,DC(DEATH CERTIFICATE),0.31,True,AR
16-08476-000,9/19/1989,7000.0,WD(WARRANTY DEED),0.31,True,AR
16-08476-000,5/2/1989,0.0,WD(WARRANTY DEED),0.31,True,AR
16-08476-000,5/2/1989,5000.0,WD(WARRANTY DEED),0.31,True,AR
16-08476-000,1/1/1800,0.0,ML(MARRIAGE LICENSE),0.31,True,AR
16-08477-000,6/27/2024,315000.0,WD(WARRANTY DEED),0.32,True,AR
16-08477-000,4/6/2020,0.0,DC(DEATH CERTIFICATE),0.32,True,AR
16-08477-000,11/27/1996,68000.0,WD(WARRANTY DEED),0.32,True,AR
16-08477-000,6/22/1994,0.0,DC(DEATH CERTIFICATE),0.32,True,AR
16-08477-000,1/14/1993,0.0,CORRWD(CORRECTED WARRANTY DEED),0.32,True,AR
16-08477-000,12/21/1992,0.0,WD(WARRANTY DEED),0.32,True,AR
16-08477-000,12/21/1992,0.0,TRAG(TRUST AGREEMENT),0.32,True,AR
16-08478-000,8/17/2015,0.0,QCD(QUITCLAIM DEED),0.41,True,AR
16-08478-000,7/26/2013,93000.0,WD(WARRANTY DEED),0.41,True,AR
16-08478-000,5/23/2013,0.0,CERT(CERTIFICATE),0.41,True,AR
16-08478-000,2/22/2013,0.0,CERT(CERTIFICATE),0.41,True,AR
16-08478-000,1/13/2011,0.0,WD(WARRANTY DEED),0.41,True,AR
16-08478-000,3/8/2010,45000.0,SWD(SPECIAL WARRANTY DEED),0.41,True,AR
16-08478-000,10/29/2009,0.0,MTG-D(MORTGAGEE'S DEED),0.41,True,AR
16-08478-000,12/3/2002,0.0,RD(REDEMPTION DEED),0.41,True,AR
16-08478-000,9/19/1996,0.0,RD(REDEMPTION DEED),0.41,True,AR
16-08478-000,10/26/1991,0.0,FD(FIDUCIARY DEED),0.41,True,AR
16-08478-000,12/19/1988,0.0,CONT(CONTRACT),0.41,True,AR
16-08478-000,9/28/1982,7000.0,WD(WARRANTY DEED),0.41,True,AR
16-08479-000,9/16/2024,6000.0,WD(WARRANTY DEED),0.37,False,AR
16-08479-000,8/10/2018,1000.0,WD(WARRANTY DEED),0.37,False,AR
16-08479-000,7/24/2018,0.0,TRWD(TRUSTEES WARRANTY DEED),0.37,False,AR
16-08479-000,3/25/2010,0.0,RD(REDEMPTION DEED),0.37,False,AR
16-08479-000,1/18/2002,0.0,CERT(CERTIFICATE),0.37,False,AR
16-08479-000,1/10/2002,0.0,WD(WARRANTY DEED),0.37,False,AR
16-08479-000,5/31/2001,0.0,DC(DEATH CERTIFICATE),0.37,False,AR
16-08479-000,11/6/1990,0.0,CONT(CONTRACT),0.37,False,AR
16-08479-000,7/26/1989,0.0,CONT(CONTRACT),0.37,False,AR
16-08479-000,11/1/1984,0.0,CONT(CONTRACT),0.37,False,AR
16-08479-000,5/14/1984,0.0,CONT(CONTRACT),0.37,False,AR
16-08480-000,10/26/2020,0.0,BD(BENEFICIARY DEED),0.3,True,AR
16-08480-000,11/14/2016,0.0,FD(FIDUCIARY DEED),0.3,True,AR
16-08480-000,6/21/2016,0.0,QCD(QUITCLAIM DEED),0.3,True,AR
16-08480-000,3/14/2009,0.0,QCD(QUITCLAIM DEED),0.3,True,AR
16-08480-000,6/17/1998,85000.0,WD(WARRANTY DEED),0.3,True,AR
16-08480-000,10/7/1996,81000.0,CWD(CORPORATION WARRANTY DEED),0.3,True,AR
16-08480-000,10/4/1995,1000.0,WD(WARRANTY DEED),0.3,True,AR
16-08480-000,2/27/1984,7000.0,WD(WARRANTY DEED),0.3,True,AR
16-08481-000,5/15/2024,22000.0,WD(WARRANTY DEED),0.28,False,TX
16-08481-000,3/4/2011,15000.0,WD(WARRANTY DEED),0.28,False,TX
16-08481-000,11/24/2008,0.0,WD(WARRANTY DEED),0.28,False,TX
16-08481-000,10/27/2005,5000.0,WD(WARRANTY DEED),0.28,False,TX
16-08481-000,9/4/1985,2500.0,WD(WARRANTY DEED),0.28,False,TX
16-08481-000,12/18/1984,8000.0,WD(WARRANTY DEED),0.28,False,TX
16-08482-000,12/13/2022,237000.0,WD(WARRANTY DEED),0.34,True,AR
16-08482-000,10/12/2022,0.0,DC(DEATH CERTIFICATE),0.34,True,AR
16-08482-000,9/17/2009,120000.0,WD(WARRANTY DEED),0.34,True,AR
16-08482-000,8/24/2008,0.0,DC(DEATH CERTIFICATE),0.34,True,AR
16-08482-000,11/13/2002,0.0,CERT(CERTIFICATE),0.34,True,AR
16-08482-000,12/31/1999,0.0,WD(WARRANTY DEED),0.34,True,AR
16-08482-000,4/26/1985,0.0,WD(WARRANTY DEED),0.34,True,AR
16-08483-000,1/18/2024,8000.0,WD(WARRANTY DEED),0.35,False,AR
16-08483-000,11/7/2022,10000.0,WD(WARRANTY DEED),0.35,False,AR
16-08483-000,4/19/2021,11000.0,WD(WARRANTY DEED),0.35,False,AR
16-08483-000,8/26/2020,0.0,RD(REDEMPTION DEED),0.35,False,AR
16-08483-000,10/13/2009,250000.0,WD(WARRANTY DEED),0.35,False,AR
16-08483-000,8/21/2009,0.0,DEED(GRANT DEED),0.35,False,AR
16-08483-000,9/15/2008,0.0,DEED(GRANT DEED),0.35,False,AR
16-08483-000,1/21/2005,1000.0,WD(WARRANTY DEED),0.35,False,AR
16-08483-000,12/27/1983,7000.0,WD(WARRANTY DEED),0.35,False,AR
16-08483-000,8/20/1982,9000.0,WD(WARRANTY DEED),0.35,False,AR
16-08483-000,8/20/1982,0.0,CONT(CONTRACT),0.35,False,AR
16-08484-000,5/24/2022,0.0,WD(WARRANTY DEED),0.35,True,AR
16-08484-000,8/23/2021,220000.0,WD(WARRANTY DEED),0.35,True,AR
16-08484-000,10/13/2003,101000.0,WD(WARRANTY DEED),0.35,True,AR
16-08484-000,1/27/2003,92000.0,WD(WARRANTY DEED),0.35,True,AR
16-08484-000,12/10/2001,0.0,OR(ORDER),0.35,True,AR
16-08484-000,11/19/2001,88000.0,WD(WARRANTY DEED),0.35,True,AR
16-08484-000,4/9/2001,0.0,DC(DEATH CERTIFICATE),0.35,True,AR
16-08484-000,7/30/1998,85000.0,WD(WARRANTY DEED),0.35,True,AR
16-08484-000,8/24/1992,74000.0,WD(WARRANTY DEED),0.35,True,AR
16-08484-000,10/8/1985,100000.0,WD(WARRANTY DEED),0.35,True,AR
16-08484-000,7/9/1984,5000.0,COMMD(COMMISSIONERS DEED),0.35,True,AR
16-08485-000,1/3/2025,186000.0,EXD(EXECUTOR-EXECUTRIX DEED),0.33,True,AR
16-08485-000,6/27/2023,0.0,OR(ORDER),0.33,True,AR
16-08485-000,12/14/2022,0.0,OBIT(OBITUARY),0.33,True,AR
16-08485-000,7/28/2017,75000.0,WD(WARRANTY DEED),0.33,True,AR
16-08485-000,9/2/2015,60000.0,SWD(SPECIAL WARRANTY DEED),0.33,True,AR
16-08485-000,5/7/2015,0.0,MTG-D(MORTGAGEE'S DEED),0.33,True,AR
16-08485-000,6/25/2009,0.0,QCD(QUITCLAIM DEED),0.33,True,AR
16-08485-000,2/6/2002,77000.0,WD(WARRANTY DEED),0.33,True,AR
16-08485-000,10/16/2001,58000.0,TRD(TRUSTEES DEED),0.33,True,AR
16-08485-000,12/18/1989,0.0,WD(WARRANTY DEED),0.33,True,AR
16-08485-000,5/4/1979,64000.0,WD(WARRANTY DEED),0.33,True,AR
16-08486-000,3/13/2019,0.0,AFF(AFFIDAVIT),0.32,True,AR
16-08486-000,9/13/2017,0.0,QCD(QUITCLAIM DEED),0.32,True,AR
16-08486-000,6/14/2013,110000.0,WD(WARRANTY DEED),0.32,True,AR
16-08486-000,2/12/2008,140000.0,WD(WARRANTY DEED),0.32,True,AR
16-08486-000,3/2/1999,0.0,WD(WARRANTY DEED),0.32,True,AR
16-08486-000,3/2/1999,0.0,CERT(CERTIFICATE),0.32,True,AR
16-08486-000,12/2/1997,0.0,QCD(QUITCLAIM DEED),0.32,True,AR
16-08486-000,12/2/1997,0.0,WD(WARRANTY DEED),0.32,True,AR
16-08486-000,11/14/1997,0.0,DC(DEATH CERTIFICATE),0.32,True,AR
16-08486-000,6/21/1988,0.0,WD(WARRANTY DEED),0.32,True,AR
16-08486-000,11/1/1982,0.0,WD(WARRANTY DEED),0.32,True,AR
16-08486-000,5/23/1982,0.0,DC(DEATH CERTIFICATE),0.32,True,AR
16-08487-000,8/24/2021,0.0,BD(BENEFICIARY DEED),0.34,True,AR
16-08487-000,6/19/2007,119000.0,WD(WARRANTY DEED),0.34,True,AR
16-08487-000,5/30/2003,90000.0,WD(WARRANTY DEED),0.34,True,AR
16-08487-000,2/23/1999,0.0,WD(WARRANTY DEED),0.34,True,AR
16-08487-000,10/29/1998,0.0,WD(WARRANTY DEED),0.34,True,AR
16-08487-000,8/27/1998,0.0,TRD(TRUSTEES DEED),0.34,True,AR
16-08487-000,7/3/1997,58000.0,WD(WARRANTY DEED),0.34,True,AR
16-08487-000,5/25/1996,0.0,DC(DEATH CERTIFICATE),0.34,True,AR
16-08487-000,5/23/1995,0.0,QCD(QUITCLAIM DEED),0.34,True,AR
16-08487-000,5/16/1995,0.0,TRAG(TRUST AGREEMENT),0.34,True,AR
16-08487-000,5/3/1991,0.0,QCD(QUITCLAIM DEED),0.34,True,AR
16-08487-000,9/17/1980,53000.0,WD(WARRANTY DEED),0.34,True,AR
16-08488-000,4/21/2020,185000.0,WD(WARRANTY DEED),0.36,True,AR
16-08488-000,4/16/2019,135000.0,TRWD(TRUSTEES WARRANTY DEED),0.36,True,AR
16-08488-000,3/19/2019,0.0,DC(DEATH CERTIFICATE),0.36,True,AR
16-08488-000,2/1/1999,100000.0,WD(WARRANTY DEED),0.36,True,AR
16-08488-000,1/3/1999,0.0,DC(DEATH CERTIFICATE),0.36,True,AR
16-08488-000,4/2/1996,98000.0,WD(WARRANTY DEED),0.36,True,AR
16-08488-000,5/8/1995,0.0,DC(DEATH CERTIFICATE),0.36,True,AR
16-08488-000,9/7/1993,0.0,WD(WARRANTY DEED),0.36,True,AR
16-08488-000,9/7/1993,0.0,CERT(CERTIFICATE),0.36,True,AR
16-08488-000,3/28/1977,0.0,WD(WARRANTY DEED),0.36,True,AR
16-08489-000,10/7/2022,235000.0,TRD(TRUSTEES DEED),0.31,True,AR
16-08489-000,10/7/2022,0.0,AFF(AFFIDAVIT),0.31,True,AR
16-08489-000,7/29/1998,0.0,CERT(CERTIFICATE),0.31,True,AR
16-08489-000,7/29/1998,0.0,WD(WARRANTY DEED),0.31,True,AR
16-08489-000,5/25/1982,16000.0,WD(WARRANTY DEED),0.31,True,AR
16-08490-000,8/24/2023,6500.0,WD(WARRANTY DEED),0.33,False,
16-08490-000,9/5/2016,0.0,WD(WARRANTY DEED),0.33,False,
16-08490-000,8/6/2008,18000.0,WD(WARRANTY DEED),0.33,False,
16-08490-000,8/26/2005,5000.0,TRD(TRUSTEES DEED),0.33,False,
16-08490-000,12/1/1998,1000.0,WD(WARRANTY DEED),0.33,False,
16-08490-000,8/18/1998,0.0,WD(WARRANTY DEED),0.33,False,
16-08490-000,9/24/1997,0.0,CONT(CONTRACT),0.33,False,
16-08490-000,9/10/1995,0.0,DC(DEATH CERTIFICATE),0.33,False,
16-08490-000,1/11/1990,8000.0,WD(WARRANTY DEED),0.33,False,
16-08490-000,1/31/1988,0.0,CONT(CONTRACT),0.33,False,
16-08490-000,6/21/1977,0.0,WD(WARRANTY DEED),0.33,False,
16-08491-000,4/14/2022,400000.0,WD(WARRANTY DEED),0.33,False,AR
16-08491-000,3/26/2019,215000.0,WD(WARRANTY DEED),0.33,False,AR
16-08491-000,9/1/2016,2000.0,WD(WARRANTY DEED),0.33,False,AR
16-08491-000,7/28/2015,0.0,WD(WARRANTY DEED),0.33,False,AR
16-08491-000,1/10/2000,0.0,QCD(QUITCLAIM DEED),0.33,False,AR
16-08491-000,2/22/1984,7000.0,WD(WARRANTY DEED),0.33,False,AR
16-08492-000,2/21/2023,0.0,QCD(QUITCLAIM DEED),0.35,True,AR
16-08492-000,4/14/2022,400000.0,WD(WARRANTY DEED),0.35,True,AR
16-08492-000,3/26/2019,215000.0,WD(WARRANTY DEED),0.35,True,AR
16-08492-000,3/9/2016,170000.0,WD(WARRANTY DEED),0.35,True,AR
16-08492-000,9/23/2008,185000.0,WD(WARRANTY DEED),0.35,True,AR
16-08492-000,9/11/1995,0.0,DC(DEATH CERTIFICATE),0.35,True,AR
16-08492-000,10/25/1988,0.0,WD(WARRANTY DEED),0.35,True,AR
16-08492-000,10/10/1986,6000.0,WD(WARRANTY DEED),0.35,True,AR
16-08492-000,10/10/1986,6000.0,WD(WARRANTY DEED),0.35,True,AR
16-08492-000,7/24/1985,8250.0,WD(WARRANTY DEED),0.35,True,AR
16-08492-000,5/27/1983,8000.0,WD(WARRANTY DEED),0.35,True,AR
16-08493-000,2/3/2023,0.0,WD(WARRANTY DEED),0.35,True,NV
16-08493-000,12/29/2022,330000.0,WD(WARRANTY DEED),0.35,True,NV
16-08493-000,1/7/2021,7000.0,WD(WARRANTY DEED),0.35,True,NV
16-08493-000,8/26/2020,10.0,WD(WARRANTY DEED),0.35,True,NV
16-08493-000,6/16/2020,331.0,WD(WARRANTY DEED),0.35,True,NV
16-08493-000,2/6/2013,0.0,BD(BENEFICIARY DEED),0.35,True,NV
16-08493-000,4/1/2002,5000.0,WD(WARRANTY DEED),0.35,True,NV
16-08493-000,2/2/1999,0.0,DC(DEATH CERTIFICATE),0.35,True,NV
16-08493-000,10/13/1988,0.0,CONT(CONTRACT),0.35,True,NV
16-08493-000,3/6/1981,0.0,DC(DEATH CERTIFICATE),0.35,True,NV
16-08494-000,4/21/2022,265000.0,WD(WARRANTY DEED),0.3,True,AR
16-08494-000,12/12/2017,129000.0,WD(WARRANTY DEED),0.3,True,AR
16-08494-000,7/30/2014,80000.0,WD(WARRANTY DEED),0.3,True,AR
16-08494-000,11/5/2012,0.0,QCD(QUITCLAIM DEED),0.3,True,AR
16-08494-000,9/24/2012,0.0,DC(DEATH CERTIFICATE),0.3,True,AR
16-08494-000,7/25/2000,0.0,WD(WARRANTY DEED),0.3,True,AR
16-08494-000,4/30/1999,0.0,DC(DEATH CERTIFICATE),0.3,True,AR
16-08494-000,4/30/1999,0.0,HIST(HISTORICAL),0.3,True,AR
16-08494-000,3/30/1996,0.0,DC(DEATH CERTIFICATE),0.3,True,AR
16-08494-000,12/15/1992,63000.0,WD(WARRANTY DEED),0.3,True,AR
16-08494-000,2/8/1979,64000.0,WD(WARRANTY DEED),0.3,True,AR
16-08495-000,10/3/2022,313000.0,WD(WARRANTY DEED),0.34,True,AR
16-08495-000,8/28/2017,145000.0,WD(WARRANTY DEED),0.34,True,AR
16-08495-000,9/18/1998,100000.0,WD(WARRANTY DEED),0.34,True,AR
16-08495-000,1/30/1996,0.0,WD(WARRANTY DEED),0.34,True,AR
16-08495-000,1/30/1996,0.0,TRAG(TRUST AGREEMENT),0.34,True,AR
16-08495-000,12/15/1992,0.0,DC(DEATH CERTIFICATE),0.34,True,AR
16-08495-000,10/22/1985,85000.0,WD(WARRANTY DEED),0.34,True,AR
16-08495-000,6/12/1985,0.0,WD(WARRANTY DEED),0.34,True,AR
16-08496-000,10/28/2024,12000.0,WD(WARRANTY DEED),0.32,False,AR
16-08496-000,10/6/2006,0.0,BD(BENEFICIARY DEED),0.32,False,AR
16-08496-000,11/4/2005,0.0,QCD(QUITCLAIM DEED),0.32,False,AR
16-08496-000,10/5/2005,0.0,QCD(QUITCLAIM DEED),0.32,False,AR
16-08496-000,5/6/1998,0.0,WD(WARRANTY DEED),0.32,False,AR
16-08496-000,5/6/1998,6000.0,WD(WARRANTY DEED),0.32,False,AR
16-08496-000,5/6/1998,0.0,QCD(QUITCLAIM DEED),0.32,False,AR
16-08496-000,1/2/1997,0.0,DC(DEATH CERTIFICATE),0.32,False,AR
16-08496-000,12/6/1995,0.0,CORRQC(CORRECTED QUIT CLAIM DEED),0.32,False,AR
16-08496-000,10/21/1992,0.0,OR(ORDER),0.32,False,AR
16-08496-000,10/21/1992,0.0,HIST(HISTORICAL),0.32,False,AR
16-08496-000,3/27/1992,0.0,MEMO(MEMORANDUM),0.32,False,AR
16-08496-000,3/15/1984,8000.0,WD(WARRANTY DEED),0.32,False,AR
16-08497-000,7/9/2019,162000.0,WD(WARRANTY DEED),0.43,True,AR
16-08497-000,12/9/2010,97000.0,WD(WARRANTY DEED),0.43,True,AR
16-08497-000,6/8/2010,0.0,WD(WARRANTY DEED),0.43,True,AR
16-08497-000,4/17/2010,0.0,ML(MARRIAGE LICENSE),0.43,True,AR
16-08497-000,4/9/2007,126000.0,WD(WARRANTY DEED),0.43,True,AR
16-08497-000,11/15/2005,97000.0,WD(WARRANTY DEED),0.43,True,AR
16-08497-000,4/21/2001,0.0,DC(DEATH CERTIFICATE),0.43,True,AR
16-08497-000,11/26/1990,0.0,TRAG(TRUST AGREEMENT),0.43,True,AR
16-08497-000,7/24/1990,0.0,WD(WARRANTY DEED),0.43,True,AR
16-08497-000,1/9/1979,0.0,WD(WARRANTY DEED),0.43,True,AR
16-08498-000,12/13/2022,5000.0,COMMD(COMMISSIONERS DEED),0.31,False,AR
16-08498-000,1/18/1994,10000.0,WD(WARRANTY DEED),0.31,False,AR
16-08498-000,4/19/1990,0.0,CONT(CONTRACT),0.31,False,AR
16-08498-000,12/19/1989,7000.0,WD(WARRANTY DEED),0.31,False,AR
16-08498-000,10/12/1989,0.0,CONT(CONTRACT),0.31,False,AR
16-08498-000,8/13/1986,0.0,DC(DEATH CERTIFICATE),0.31,False,AR
16-08498-000,11/22/1983,0.0,WD(WARRANTY DEED),0.31,False,AR
16-08499-000,3/2/2022,250000.0,WD(WARRANTY DEED),0.34,True,AR
16-08499-000,10/22/2021,160000.0,WD(WARRANTY DEED),0.34,True,AR
16-08499-000,10/5/2016,115000.0,WD(WARRANTY DEED),0.34,True,AR
16-08499-000,2/26/2008,97000.0,WD(WARRANTY DEED),0.34,True,AR
16-08499-000,2/26/2008,0.0,CERT(CERTIFICATE),0.34,True,AR
16-08499-000,10/10/1997,0.0,TRAG(TRUST AGREEMENT),0.34,True,AR
16-08499-000,10/10/1997,0.0,WD(WARRANTY DEED),0.34,True,AR
16-08499-000,5/30/1990,54000.0,WD(WARRANTY DEED),0.34,True,AR
16-08499-000,4/2/1979,0.0,WD(WARRANTY DEED),0.34,True,AR
16-08500-000,5/27/2025,19500.0,WD(WARRANTY DEED),0.37,False,TX
16-08500-000,4/27/2023,8000.0,COMMD(COMMISSIONERS DEED),0.37,False,TX
16-08500-000,9/13/2019,0.0,LWD(LIMITED WARRANTY DEED),0.37,False,TX
16-08500-000,12/5/2012,202000.0,WD(WARRANTY DEED),0.37,False,TX
16-08500-000,12/3/2012,24000.0,CWD(CORPORATION WARRANTY DEED),0.37,False,TX
16-08500-000,2/9/2006,6000.0,WD(WARRANTY DEED),0.37,False,TX
16-08500-000,1/28/2006,0.0,MEMO(MEMORANDUM),0.37,False,TX
16-08500-000,6/3/1994,0.0,QCD(QUITCLAIM DEED),0.37,False,TX
16-08500-000,2/10/1988,0.0,WD(WARRANTY DEED),0.37,False,TX
16-08501-000,7/19/2024,0.0,WD(WARRANTY DEED),0.31,False,AR
16-08501-000,10/18/2010,4000.0,WD(WARRANTY DEED),0.31,False,AR
16-08501-000,8/28/2009,1451000.0,QCD(QUITCLAIM DEED),0.31,False,AR
16-08501-000,8/21/2009,402000.0,DEED(GRANT DEED),0.31,False,AR
16-08501-000,9/15/2008,0.0,DEED(GRANT DEED),0.31,False,AR
16-08501-000,1/22/2008,0.0,RD(REDEMPTION DEED),0.31,False,AR
16-08501-000,12/19/2005,8000.0,WD(WARRANTY DEED),0.31,False,AR
16-08501-000,8/2/2004,0.0,QCD(QUITCLAIM DEED),0.31,False,AR
16-08501-000,5/19/2004,0.0,QCD(QUITCLAIM DEED),0.31,False,AR
16-08501-000,10/17/1991,0.0,WD(WARRANTY DEED),0.31,False,AR
16-08501-000,10/27/1980,0.0,WD(WARRANTY DEED),0.31,False,AR
16-08502-000,1/15/2009,0.0,BD(BENEFICIARY DEED),0.25,True,AR
16-08502-000,1/15/2009,150000.0,WD(WARRANTY DEED),0.25,True,AR
16-08502-000,9/26/2005,0.0,CERT(CERTIFICATE),0.25,True,AR
16-08502-000,9/26/2005,0.0,WD(WARRANTY DEED),0.25,True,AR
16-08502-000,3/21/1995,142000.0,WD(WARRANTY DEED),0.25,True,AR
16-08502-000,4/20/1992,0.0,WD(WARRANTY DEED),0.25,True,AR
16-08502-000,4/16/1992,0.0,TRAG(TRUST AGREEMENT),0.25,True,AR
16-08502-000,3/10/1989,110000.0,WD(WARRANTY DEED),0.25,True,AR
16-08502-000,9/12/1986,6184000.0,WD(WARRANTY DEED),0.25,True,AR
16-08502-000,9/12/1986,0.0,WD(WARRANTY DEED),0.25,True,AR
16-08502-000,10/17/1985,0.0,QCD(QUITCLAIM DEED),0.25,True,AR
16-08502-000,3/27/1984,0.0,WD(WARRANTY DEED),0.25,True,AR
16-08502-000,2/9/1984,0.0,WD(WARRANTY DEED),0.25,True,AR
16-08503-000,1/13/2021,160000.0,TRWD(TRUSTEES WARRANTY DEED),0.4,True,AR
16-08503-000,4/29/2020,0.0,DC(DEATH CERTIFICATE),0.4,True,AR
16-08503-000,10/2/2018,0.0,CERT(CERTIFICATE),0.4,True,AR
16-08503-000,10/2/2018,0.0,QCD(QUITCLAIM DEED),0.4,True,AR
16-08503-000,1/23/2017,0.0,MEMO(MEMORANDUM),0.4,True,AR
16-08503-000,6/24/2009,128000.0,WD(WARRANTY DEED),0.4,True,AR
16-08503-000,5/24/2004,129000.0,WD(WARRANTY DEED),0.4,True,AR
16-08503-000,3/26/2002,120000.0,WD(WARRANTY DEED),0.4,True,AR
16-08503-000,12/14/1993,95000.0,WD(WARRANTY DEED),0.4,True,AR
16-08503-000,10/9/1992,80000.0,WD(WARRANTY DEED),0.4,True,AR
16-08503-000,6/12/1992,8000.0,WD(WARRANTY DEED),0.4,True,AR
16-08503-000,11/15/1990,0.0,QCD(QUITCLAIM DEED),0.4,True,AR
16-08503-000,5/11/1985,7000.0,WD(WARRANTY DEED),0.4,True,AR
16-08503-000,11/17/1984,0.0,WD(WARRANTY DEED),0.4,True,AR
16-08503-000,2/10/1984,9000.0,WD(WARRANTY DEED),0.4,True,AR
16-08504-000,"2,885",577.0,577,25.9,False,AR
16-08504-000,0,0.0,0,25.9,False,AR
16-08504-000,"2,885",577.0,577,25.9,False,AR
16-08504-000,,577.0,577,25.9,False,AR
16-08504-000,,0.06193,0.06193,25.9,False,AR
16-08504-000,,5.18,5.18,25.9,False,AR
16-08504-002,0,0.0,0,12.64,False,AR
16-08504-002,0,0.0,0,12.64,False,AR
16-08504-002,0,0.0,0,12.64,False,AR
16-08504-002,,0.0,0,12.64,False,AR
16-08504-002,,0.06193,0.06193,12.64,False,AR
16-20678-000,4/27/2021,160000.0,WD(WARRANTY DEED),0.36,True,AR
16-20678-000,4/13/2015,0.0,BD(BENEFICIARY DEED),0.36,True,AR
16-20678-000,7/16/2002,83000.0,WD(WARRANTY DEED),0.36,True,AR
16-20678-000,7/16/2002,0.0,MEMO(MEMORANDUM),0.36,True,AR
16-20678-000,3/4/2002,0.0,TRAG(TRUST AGREEMENT),0.36,True,AR
16-20678-000,2/9/2001,0.0,DC(DEATH CERTIFICATE),0.36,True,AR
16-20678-000,12/15/1989,0.0,QCD(QUITCLAIM DEED),0.36,True,AR
16-20678-000,8/1/1978,64000.0,WD(WARRANTY DEED),0.36,True,AR
16-20679-000,7/20/2016,118000.0,WD(WARRANTY DEED),0.35,True,AR
16-20679-000,4/12/2016,0.0,DC(DEATH CERTIFICATE),0.35,True,AR
16-20679-000,1/13/2011,0.0,WD(WARRANTY DEED),0.35,True,AR
16-20679-000,1/13/2011,0.0,CERT(CERTIFICATE),0.35,True,AR
16-20679-000,9/22/1999,0.0,DC(DEATH CERTIFICATE),0.35,True,AR
16-20679-000,12/2/1993,72000.0,WD(WARRANTY DEED),0.35,True,AR
16-20679-000,1/19/1987,0.0,WD(WARRANTY DEED),0.35,True,AR
16-20679-000,5/13/1985,5000.0,WD(WARRANTY DEED),0.35,True,AR
16-20679-000,9/22/1982,7000.0,WD(WARRANTY DEED),0.35,True,AR
16-20680-000,4/3/2024,51000.0,WD(WARRANTY DEED),0.31,False,AR
16-20680-000,4/3/2024,0.0,WD(WARRANTY DEED),0.31,False,AR
16-20680-000,10/11/2017,0.0,RD(REDEMPTION DEED),0.31,False,AR
16-20680-000,8/28/2009,1451000.0,QCD(QUITCLAIM DEED),0.31,False,AR
16-20680-000,8/21/2009,402000.0,DEED(GRANT DEED),0.31,False,AR
16-20680-000,9/15/2008,0.0,DEED(GRANT DEED),0.31,False,AR
16-20680-000,9/11/2006,9000.0,WD(WARRANTY DEED),0.31,False,AR
16-20680-000,11/27/2002,0.0,QCD(QUITCLAIM DEED),0.31,False,AR
16-20680-000,3/9/2001,1000.0,WD(WARRANTY DEED),0.31,False,AR
16-20680-000,6/11/1998,0.0,WD(WARRANTY DEED),0.31,False,AR
16-20680-000,10/25/1991,0.0,WD(WARRANTY DEED),0.31,False,AR
16-20680-000,6/28/1983,8000.0,WD(WARRANTY DEED),0.31,False,AR
16-20681-000,5/9/2019,220000.0,WD(WARRANTY DEED),0.27,True,AR
16-20681-000,8/13/2010,0.0,QCD(QUITCLAIM DEED),0.27,True,AR
16-20681-000,8/30/2007,184000.0,WD(WARRANTY DEED),0.27,True,AR
16-20681-000,8/30/2007,0.0,WD(WARRANTY DEED),0.27,True,AR
16-20681-000,11/27/2002,0.0,QCD(QUITCLAIM DEED),0.27,True,AR
16-20681-000,2/20/2001,165000.0,WD(WARRANTY DEED),0.27,True,AR
16-20681-000,3/23/2000,0.0,DC(DEATH CERTIFICATE),0.27,True,AR
16-20681-000,2/25/1994,128000.0,WD(WARRANTY DEED),0.27,True,AR
16-20681-000,12/5/1990,115000.0,WD(WARRANTY DEED),0.27,True,AR
16-20681-000,9/27/1989,1000.0,WD(WARRANTY DEED),0.27,True,AR
16-20681-000,1/13/1978,7000.0,WD(WARRANTY DEED),0.27,True,AR
16-20682-000,9/11/2019,4000.0,WD(WARRANTY DEED),0.28,False,AR
16-20682-000,7/11/2005,0.0,RD(REDEMPTION DEED),0.28,False,AR
16-20682-000,10/17/2001,0.0,RD(REDEMPTION DEED),0.28,False,AR
16-20682-000,10/20/1998,0.0,RD(REDEMPTION DEED),0.28,False,AR
16-20682-000,10/29/1992,2000.0,WD(WARRANTY DEED),0.28,False,AR
16-20682-000,9/22/1980,4000.0,WD(WARRANTY DEED),0.28,False,AR
16-20683-000,4/4/2025,30000.0,WD(WARRANTY DEED),0.24,False,AR
16-20683-000,9/9/2022,8000.0,AFF(AFFIDAVIT),0.24,False,AR
16-20683-000,8/31/2022,0.0,WD(WARRANTY DEED),0.24,False,AR
16-20683-000,8/26/2022,5200.0,WD(WARRANTY DEED),0.24,False,AR
16-20683-000,5/12/2022,13000.0,WD(WARRANTY DEED),0.24,False,AR
16-20683-000,9/13/2005,5000.0,WD(WARRANTY DEED),0.24,False,AR
16-20683-000,12/29/1999,1000.0,WD(WARRANTY DEED),0.24,False,AR
16-20683-000,9/16/1999,0.0,RD(REDEMPTION DEED),0.24,False,AR
16-20683-000,7/23/1999,0.0,QCD(QUITCLAIM DEED),0.24,False,AR
16-20683-000,11/3/1987,4500.0,WD(WARRANTY DEED),0.24,False,AR
16-20683-000,6/28/1983,7000.0,WD(WARRANTY DEED),0.24,False,AR
16-20684-000,4/16/2025,0.0,CORRWD(CORRECTED WARRANTY DEED),0.25,False,AR
16-20684-000,4/4/2025,30000.0,WD(WARRANTY DEED),0.25,False,AR
16-20684-000,9/9/2022,8000.0,AFF(AFFIDAVIT),0.25,False,AR
16-20684-000,4/8/2021,0.0,LWD(LIMITED WARRANTY DEED),0.25,False,AR
16-20684-000,8/28/2009,1451000.0,QCD(QUITCLAIM DEED),0.25,False,AR
16-20684-000,8/21/2009,402000.0,DEED(GRANT DEED),0.25,False,AR
16-20684-000,9/15/2008,0.0,DEED(GRANT DEED),0.25,False,AR
16-20684-000,11/7/2005,7000.0,WD(WARRANTY DEED),0.25,False,AR
16-20685-000,3/4/2011,1000.0,SWD(SPECIAL WARRANTY DEED),0.27,False,AR
16-20685-000,9/18/2009,0.0,COMMD(COMMISSIONERS DEED),0.27,False,AR
16-20685-000,1/19/2007,0.0,RD(REDEMPTION DEED),0.27,False,AR
16-20685-000,5/31/2005,1000.0,WD(WARRANTY DEED),0.27,False,AR
16-20685-000,11/19/2001,0.0,WD(WARRANTY DEED),0.27,False,AR
16-20685-000,6/22/1992,1000.0,WD(WARRANTY DEED),0.27,False,AR
16-20685-000,6/22/1992,1000.0,WD(WARRANTY DEED),0.27,False,AR
16-20685-000,11/1/1984,0.0,CONT(CONTRACT),0.27,False,AR
16-20686-000,2/22/2024,28000.0,WD(WARRANTY DEED),0.28,False,AR
16-20686-000,4/9/2021,0.0,LWD(LIMITED WARRANTY DEED),0.28,False,AR
16-20686-000,8/1/2013,1000.0,COMMD(COMMISSIONERS DEED),0.28,False,AR
16-20686-000,6/24/2013,218000.0,SWD(SPECIAL WARRANTY DEED),0.28,False,AR
16-20686-000,9/30/2009,0.0,WD(WARRANTY DEED),0.28,False,AR
16-20686-000,10/21/1983,8000.0,WD(WARRANTY DEED),0.28,False,AR
16-20687-000,7/26/2017,1000.0,QCD(QUITCLAIM DEED),0.36,False,CA
16-20687-000,6/7/2017,0.0,LWD(LIMITED WARRANTY DEED),0.36,False,CA
16-20687-000,3/7/2006,0.0,QCD(QUITCLAIM DEED),0.36,False,CA
16-20687-000,4/21/2003,1000.0,WD(WARRANTY DEED),0.36,False,CA
16-20687-000,10/25/2002,0.0,COMMD(COMMISSIONERS DEED),0.36,False,CA
16-20687-000,9/12/1986,8000.0,WD(WARRANTY DEED),0.36,False,CA
16-20688-000,1/6/2006,125000.0,CORRWD(CORRECTED WARRANTY DEED),0.36,True,AR
16-20688-000,9/21/2005,125000.0,WD(WARRANTY DEED),0.36,True,AR
16-20688-000,9/2/2003,107000.0,WD(WARRANTY DEED),0.36,True,AR
16-20688-000,9/2/2003,0.0,QCD(QUITCLAIM DEED),0.36,True,AR
16-20688-000,11/26/2002,53000.0,WD(WARRANTY DEED),0.36,True,AR
16-20688-000,7/7/1998,0.0,QCD(QUITCLAIM DEED),0.36,True,AR
16-20688-000,6/24/1998,0.0,TRAG(TRUST AGREEMENT),0.36,True,AR
16-20688-000,9/30/1985,80000.0,WD(WARRANTY DEED),0.36,True,AR
16-20688-000,9/29/1985,80000.0,WD(WARRANTY DEED),0.36,True,AR
16-20688-000,5/8/1985,0.0,WD(WARRANTY DEED),0.36,True,AR
16-20688-000,3/20/1985,5000.0,WD(WARRANTY DEED),0.36,True,AR
16-20689-000,8/22/2023,380000.0,WD(WARRANTY DEED),0.27,True,AR
16-20689-000,5/27/2022,300000.0,WD(WARRANTY DEED),0.27,True,AR
16-20689-000,10/20/2016,158000.0,WD(WARRANTY DEED),0.27,True,AR
16-20689-000,7/11/2007,154000.0,WD(WARRANTY DEED),0.27,True,AR
16-20689-000,7/11/2007,0.0,TRAG(TRUST AGREEMENT),0.27,True,AR
16-20689-000,8/16/2004,135000.0,WD(WARRANTY DEED),0.27,True,AR
16-20689-000,6/11/2003,0.0,DC(DEATH CERTIFICATE),0.27,True,AR
16-20689-000,7/10/1995,0.0,WD(WARRANTY DEED),0.27,True,AR
16-20689-000,7/10/1995,0.0,CERT(CERTIFICATE),0.27,True,AR
16-20689-000,2/3/1982,8000.0,WD(WARRANTY DEED),0.27,True,AR
16-20690-000,4/4/2025,15000.0,WD(WARRANTY DEED),0.29,False,AR
16-20690-000,8/31/2022,8000.0,WD(WARRANTY DEED),0.29,False,AR
16-20690-000,8/21/2019,0.0,RD(REDEMPTION DEED),0.29,False,AR
16-20690-000,8/28/2009,1451000.0,QCD(QUITCLAIM DEED),0.29,False,AR
16-20690-000,8/21/2009,402000.0,DEED(GRANT DEED),0.29,False,AR
16-20690-000,9/15/2008,0.0,DEED(GRANT DEED),0.29,False,AR
16-20690-000,3/27/2006,9000.0,WD(WARRANTY DEED),0.29,False,AR
16-20690-000,8/25/1972,8000.0,WD(WARRANTY DEED),0.29,False,AR
16-20691-000,1/30/2018,0.0,RD(REDEMPTION DEED),0.33,False,AR
16-20691-000,1/12/2018,1500.0,TRWD(TRUSTEES WARRANTY DEED),0.33,False,AR
16-20691-000,1/12/2018,0.0,MEMO(MEMORANDUM),0.33,False,AR
16-20691-000,5/7/2009,0.0,RD(REDEMPTION DEED),0.33,False,AR
16-20691-000,5/11/1999,0.0,QCD(QUITCLAIM DEED),0.33,False,AR
16-20691-000,10/25/1982,7000.0,WD(WARRANTY DEED),0.33,False,AR
16-20692-000,5/15/2024,412000.0,TRWD(TRUSTEES WARRANTY DEED),0.31,True,AR
16-20692-000,6/7/2023,315000.0,WD(WARRANTY DEED),0.31,True,AR
16-20692-000,12/8/2021,260000.0,WD(WARRANTY DEED),0.31,True,AR
16-20692-000,7/23/2018,155000.0,WD(WARRANTY DEED),0.31,True,AR
16-20692-000,7/23/2018,0.0,BD(BENEFICIARY DEED),0.31,True,AR
16-20692-000,12/21/2017,0.0,POA(POWER OF ATTORNEY),0.31,True,AR
16-20692-000,11/1/2010,0.0,POA(POWER OF ATTORNEY),0.31,True,AR
16-20692-000,6/30/2010,0.0,BD(BENEFICIARY DEED),0.31,True,AR
16-20692-000,10/16/2002,122000.0,WD(WARRANTY DEED),0.31,True,AR
16-20692-000,5/3/2000,0.0,WD(WARRANTY DEED),0.31,True,AR
16-20692-000,5/3/2000,0.0,CERT(CERTIFICATE),0.31,True,AR
16-20692-000,8/15/1995,109000.0,WD(WARRANTY DEED),0.31,True,AR
16-20692-000,7/6/1990,85000.0,WD(WARRANTY DEED),0.31,True,AR
16-20692-000,3/26/1990,0.0,WD(WARRANTY DEED),0.31,True,AR
16-20692-000,12/8/1988,7000.0,WD(WARRANTY DEED),0.31,True,AR
16-20692-000,8/18/1988,7000.0,WD(WARRANTY DEED),0.31,True,AR
16-20693-000,3/14/2007,115000.0,WD(WARRANTY DEED),0.3,True,AR
16-20693-000,11/26/2003,0.0,WD(WARRANTY DEED),0.3,True,AR
16-20693-000,3/3/1986,0.0,WD(WARRANTY DEED),0.3,True,AR
16-20693-000,10/15/1984,0.0,WD(WARRANTY DEED),0.3,True,AR
16-20694-000,4/12/2016,115000.0,WD(WARRANTY DEED),0.29,False,AR
16-20694-000,1/13/2016,0.0,QCD(QUITCLAIM DEED),0.29,False,AR
16-20694-000,11/26/2003,0.0,WD(WARRANTY DEED),0.29,False,AR
16-20694-000,11/12/1998,6000.0,WD(WARRANTY DEED),0.29,False,AR
16-20694-000,7/2/1982,13000.0,WD(WARRANTY DEED),0.29,False,AR
16-20695-000,4/12/2016,115000.0,WD(WARRANTY DEED),0.27,True,AR
16-20695-000,12/21/2015,63000.0,SWD(SPECIAL WARRANTY DEED),0.27,True,AR
16-20695-000,7/16/2015,0.0,COMMD(COMMISSIONERS DEED),0.27,True,AR
16-20695-000,3/26/2010,85000.0,WD(WARRANTY DEED),0.27,True,AR
16-20695-000,3/18/2010,0.0,POA(POWER OF ATTORNEY),0.27,True,AR
16-20695-000,5/1/2000,80000.0,WD(WARRANTY DEED),0.27,True,AR
16-20695-000,3/12/1987,0.0,DC(DEATH CERTIFICATE),0.27,True,AR
16-20695-000,6/21/1982,7000.0,WD(WARRANTY DEED),0.27,True,AR
16-20696-000,7/22/2022,260000.0,WD(WARRANTY DEED),0.3,True,AR
16-20696-000,7/31/2017,13000.0,QCD(QUITCLAIM DEED),0.3,True,AR
16-20696-000,4/14/2016,0.0,DC(DEATH CERTIFICATE),0.3,True,AR
16-20696-000,9/1/2014,0.0,DC(DEATH CERTIFICATE),0.3,True,AR
16-20696-000,12/15/2005,0.0,BD(BENEFICIARY DEED),0.3,True,AR
16-20696-000,4/18/2005,152000.0,WD(WARRANTY DEED),0.3,True,AR
16-20696-000,8/22/2002,142000.0,WD(WARRANTY DEED),0.3,True,AR
16-20696-000,7/23/1999,4000.0,WD(WARRANTY DEED),0.3,True,AR
16-20696-000,11/3/1977,7000.0,WD(WARRANTY DEED),0.3,True,AR
16-20697-000,8/6/2011,0.0,OTHER(OTHER DOCUMENT),0.26,True,AR
16-20697-000,8/29/2003,95000.0,WD(WARRANTY DEED),0.26,True,AR
16-20697-000,1/7/2002,0.0,QCD(QUITCLAIM DEED),0.26,True,AR
16-20697-000,9/18/2001,0.0,QCD(QUITCLAIM DEED),0.26,True,AR
16-20697-000,11/17/2000,80000.0,WD(WARRANTY DEED),0.26,True,AR
16-20697-000,11/10/2000,0.0,POA(POWER OF ATTORNEY),0.26,True,AR
16-20697-000,10/8/1992,70000.0,WD(WARRANTY DEED),0.26,True,AR
16-20697-000,4/5/1983,0.0,DC(DEATH CERTIFICATE),0.26,True,AR
16-20697-000,8/1/1978,71000.0,WD(WARRANTY DEED),0.26,True,AR
16-20698-000,9/29/2004,0.0,QCD(QUITCLAIM DEED),0.28,False,AR
16-20698-000,8/31/1999,5000.0,WD(WARRANTY DEED),0.28,False,AR
16-20698-000,2/9/1999,0.0,QCD(QUITCLAIM DEED),0.28,False,AR
16-20698-000,9/28/1981,11000.0,WD(WARRANTY DEED),0.28,False,AR
16-20699-000,9/29/2004,190000.0,WD(WARRANTY DEED),0.29,True,AR
16-20699-000,11/24/1997,0.0,WD(WARRANTY DEED),0.29,True,AR
16-20699-000,11/24/1997,0.0,CERT(CERTIFICATE),0.29,True,AR
16-20699-000,9/21/1981,8000.0,WD(WARRANTY DEED),0.29,True,AR
16-20700-000,9/3/2021,7000.0,TRWD(TRUSTEES WARRANTY DEED),0.26,False,AR
16-20700-000,12/23/2010,0.0,WD(WARRANTY DEED),0.26,False,AR
16-20700-000,12/23/2010,0.0,CERT(CERTIFICATE),0.26,False,AR
16-20700-000,8/28/2009,0.0,DC(DEATH CERTIFICATE),0.26,False,AR
16-20700-000,8/11/2004,7000.0,WD(WARRANTY DEED),0.26,False,AR
16-20700-000,9/15/1999,5000.0,WD(WARRANTY DEED),0.26,False,AR
16-20701-000,4/18/2024,400000.0,WD(WARRANTY DEED),0.24,True,AR
16-20701-000,3/31/2022,318000.0,TRWD(TRUSTEES WARRANTY DEED),0.24,True,AR
16-20701-000,3/31/2022,0.0,CERT(CERTIFICATE),0.24,True,AR
16-20701-000,12/23/2010,0.0,WD(WARRANTY DEED),0.24,True,AR
16-20701-000,12/23/2010,0.0,CERT(CERTIFICATE),0.24,True,AR
16-20701-000,8/28/2009,0.0,DC(DEATH CERTIFICATE),0.24,True,AR
16-20701-000,9/21/1981,98000.0,WD(WARRANTY DEED),0.24,True,AR
16-20702-000,5/27/2025,15000.0,WD(WARRANTY DEED),0.29,False,AR
16-20702-000,6/21/2017,1500.0,SWD(SPECIAL WARRANTY DEED),0.29,False,AR
16-20702-000,1/2/2015,0.0,RD(REDEMPTION DEED),0.29,False,AR
16-20702-000,6/18/2014,0.0,COMMD(COMMISSIONERS DEED),0.29,False,AR
16-20702-000,3/18/2009,0.0,QCD(QUITCLAIM DEED),0.29,False,AR
16-20702-000,11/24/2008,0.0,WD(WARRANTY DEED),0.29,False,AR
16-20702-000,11/15/2005,6000.0,WD(WARRANTY DEED),0.29,False,AR
16-20702-000,9/19/2001,0.0,RD(REDEMPTION DEED),0.29,False,AR
16-20702-000,8/7/2001,1000.0,COMMD(COMMISSIONERS DEED),0.29,False,AR
16-20702-000,10/12/1998,0.0,RD(REDEMPTION DEED),0.29,False,AR
16-20702-000,10/2/1996,232.0,COMMD(COMMISSIONERS DEED),0.29,False,AR
16-20703-000,9/27/2012,0.0,SWD(SPECIAL WARRANTY DEED),0.34,True,AR
16-20703-000,6/27/2012,0.0,TRD(TRUSTEES DEED),0.34,True,AR
16-20703-000,5/2/2012,0.0,SWD(SPECIAL WARRANTY DEED),0.34,True,AR
16-20703-000,1/22/2010,0.0,RD(REDEMPTION DEED),0.34,True,AR
16-20703-000,4/12/2004,71000.0,WD(WARRANTY DEED),0.34,True,AR
16-20703-000,7/15/2003,69000.0,WD(WARRANTY DEED),0.34,True,AR
16-20703-000,5/27/1998,68000.0,WD(WARRANTY DEED),0.34,True,AR
16-20703-000,7/21/1997,0.0,CONT(CONTRACT),0.34,True,AR
16-20703-000,2/18/1994,47000.0,WD(WARRANTY DEED),0.34,True,AR
16-20703-000,2/18/1994,0.0,TRAG(TRUST AGREEMENT),0.34,True,AR
16-20703-000,5/13/1988,43000.0,WD(WARRANTY DEED),0.34,True,AR
16-20703-000,1/4/1982,52000.0,WD(WARRANTY DEED),0.34,True,AR
16-20704-000,5/20/2021,13000.0,WD(WARRANTY DEED),0.31,False,TX
16-20704-000,2/12/2007,20000.0,WD(WARRANTY DEED),0.31,False,TX
16-20704-000,6/30/2005,3000.0,WD(WARRANTY DEED),0.31,False,TX
16-20704-000,1/6/1998,1000.0,WD(WARRANTY DEED),0.31,False,TX
16-20704-000,11/3/1997,1000.0,WD(WARRANTY DEED),0.31,False,TX
16-20704-000,9/24/1997,1800.0,WD(WARRANTY DEED),0.31,False,TX
16-20704-000,10/29/1988,0.0,CONT(CONTRACT),0.31,False,TX
16-20704-000,11/10/1986,0.0,CONT(CONTRACT),0.31,False,TX
16-20704-000,11/27/1982,0.0,CONT(CONTRACT),0.31,False,TX
16-20705-000,4/4/2019,1400.0,SWD(SPECIAL WARRANTY DEED),0.33,False,AR
16-20705-000,6/18/2014,0.0,COMMD(COMMISSIONERS DEED),0.33,False,AR
16-20705-000,8/22/2013,0.0,RD(REDEMPTION DEED),0.33,False,AR
16-20705-000,11/11/2009,0.0,QCD(QUITCLAIM DEED),0.33,False,AR
16-20705-000,11/24/2008,0.0,WD(WARRANTY DEED),0.33,False,AR
16-20705-000,3/11/2005,2000.0,WD(WARRANTY DEED),0.33,False,AR
16-20705-000,4/3/2000,1000.0,WD(WARRANTY DEED),0.33,False,AR
16-20705-000,4/3/2000,0.0,WD(WARRANTY DEED),0.33,False,AR
16-20705-000,11/19/1999,1000.0,WD(WARRANTY DEED),0.33,False,AR
16-20705-000,9/10/1984,9000.0,WD(WARRANTY DEED),0.33,False,AR
16-20706-000,3/20/2007,0.0,WILL(WILL),0.35,False,FL
16-20706-000,2/20/2007,6000.0,WD(WARRANTY DEED),0.35,False,FL
16-20706-000,2/20/2007,0.0,AFF(AFFIDAVIT),0.35,False,FL
16-20706-000,11/3/1993,0.0,DC(DEATH CERTIFICATE),0.35,False,FL
16-20706-000,1/22/1991,0.0,DC(DEATH CERTIFICATE),0.35,False,FL
16-20706-000,8/17/1972,8000.0,WD(WARRANTY DEED),0.35,False,FL
16-20707-000,1/19/2024,15000.0,COMMD(COMMISSIONERS DEED),0.35,False,AR
16-20707-000,3/24/1988,0.0,QCD(QUITCLAIM DEED),0.35,False,AR
16-20707-000,4/6/1982,9000.0,WD(WARRANTY DEED),0.35,False,AR
16-20708-000,11/27/2020,8500.0,WD(WARRANTY DEED),0.31,False,AR
16-20708-000,8/26/2020,0.0,RD(REDEMPTION DEED),0.31,False,AR
16-20708-000,10/13/2009,250000.0,WD(WARRANTY DEED),0.31,False,AR
16-20708-000,8/21/2009,0.0,DEED(GRANT DEED),0.31,False,AR
16-20708-000,9/15/2008,0.0,DEED(GRANT DEED),0.31,False,AR
16-20708-000,3/15/2006,450000.0,WD(WARRANTY DEED),0.31,False,AR
16-20708-000,10/4/2005,6000.0,WD(WARRANTY DEED),0.31,False,AR
16-20708-000,8/27/1996,5000.0,WD(WARRANTY DEED),0.31,False,AR
16-20708-000,8/27/1996,0.0,AFF(AFFIDAVIT),0.31,False,AR
16-20708-000,12/18/1992,1000.0,WD(WARRANTY DEED),0.31,False,AR
16-20708-000,1/16/1991,0.0,DC(DEATH CERTIFICATE),0.31,False,AR
16-20708-000,5/7/1982,9000.0,WD(WARRANTY DEED),0.31,False,AR
16-20709-000,11/2/2019,155000.0,WD(WARRANTY DEED),0.35,True,AR
16-20709-000,2/19/2016,0.0,QCD(QUITCLAIM DEED),0.35,True,AR
16-20709-000,8/27/2015,113000.0,WD(WARRANTY DEED),0.35,True,AR
16-20709-000,8/20/2008,0.0,CERT(CERTIFICATE),0.35,True,AR
16-20709-000,8/20/2008,0.0,WD(WARRANTY DEED),0.35,True,AR
16-20709-000,8/28/1978,67000.0,WD(WARRANTY DEED),0.35,True,AR
16-20710-000,2/11/2008,22000.0,WD(WARRANTY DEED),0.29,False,OX
16-20710-000,11/2/2007,19000.0,WD(WARRANTY DEED),0.29,False,OX
16-20710-000,6/10/1984,0.0,CONT(CONTRACT),0.29,False,OX
16-20710-000,4/25/1984,13000.0,WD(WARRANTY DEED),0.29,False,OX
16-20711-000,1/27/2022,0.0,TRD(TRUSTEES DEED),0.28,False,AR
16-20711-000,8/31/2010,0.0,QCD(QUITCLAIM DEED),0.28,False,AR
16-20711-000,9/4/2007,0.0,MEMO(MEMORANDUM),0.28,False,AR
16-20711-000,3/31/2004,0.0,WD(WARRANTY DEED),0.28,False,AR
16-20711-000,5/27/1993,6000.0,WD(WARRANTY DEED),0.28,False,AR
16-20711-000,4/13/1989,0.0,CONT(CONTRACT),0.28,False,AR
16-20711-000,11/11/1988,0.0,CONT(CONTRACT),0.28,False,AR
16-20711-000,11/17/1982,9000.0,WD(WARRANTY DEED),0.28,False,AR
16-20712-000,7/2/2024,60000.0,WD(WARRANTY DEED),0.29,False,AR
16-20712-000,12/11/2023,0.0,CORRQC(CORRECTED QUIT CLAIM DEED),0.29,False,AR
16-20712-000,12/11/2023,0.0,QCD(QUITCLAIM DEED),0.29,False,AR
16-20712-000,7/31/2014,15000.0,WD(WARRANTY DEED),0.29,False,AR
16-20712-000,12/20/2006,0.0,WD(WARRANTY DEED),0.29,False,AR
16-20712-000,9/14/1998,0.0,QCD(QUITCLAIM DEED),0.29,False,AR
16-20712-000,9/14/1998,0.0,TRAG(TRUST AGREEMENT),0.29,False,AR
16-20712-000,4/4/1979,8000.0,WD(WARRANTY DEED),0.29,False,AR
16-20713-000,7/2/2024,60000.0,WD(WARRANTY DEED),0.31,False,AR
16-20713-000,12/11/2023,0.0,CORRQC(CORRECTED QUIT CLAIM DEED),0.31,False,AR
16-20713-000,12/11/2023,0.0,QCD(QUITCLAIM DEED),0.31,False,AR
16-20713-000,7/31/2014,15000.0,WD(WARRANTY DEED),0.31,False,AR
16-20713-000,5/27/2010,0.0,CERT(CERTIFICATE),0.31,False,AR
16-20713-000,9/5/2006,15000.0,WD(WARRANTY DEED),0.31,False,AR
16-20713-000,12/27/2004,0.0,WD(WARRANTY DEED),0.31,False,AR
16-20713-000,11/19/2002,0.0,POA(POWER OF ATTORNEY),0.31,False,AR
16-20713-000,11/19/2002,0.0,POA(POWER OF ATTORNEY),0.31,False,AR
16-20713-000,1/27/1997,14000.0,WD(WARRANTY DEED),0.31,False,AR
16-20713-000,3/2/1900,12000.0,WD(WARRANTY DEED),0.31,False,AR
16-20714-000,7/21/2015,273000.0,WD(WARRANTY DEED),0.68,True,AR
16-20714-000,3/12/2010,0.0,OTHER(OTHER DOCUMENT),0.68,True,AR
16-20714-000,5/6/1998,211000.0,WD(WARRANTY DEED),0.68,True,AR
16-20714-000,4/7/1993,181000.0,WD(WARRANTY DEED),0.68,True,AR
16-20714-000,3/28/1985,17000.0,WD(WARRANTY DEED),0.68,True,AR
16-20714-000,10/8/1982,13000.0,WD(WARRANTY DEED),0.68,True,AR
16-20715-000,8/8/2022,0.0,BD(BENEFICIARY DEED),0.61,False,AR
16-20715-000,11/10/2020,77000.0,WD(WARRANTY DEED),0.61,False,AR
16-20715-000,10/30/2008,95000.0,WD(WARRANTY DEED),0.61,False,AR
16-20715-000,8/31/2005,68000.0,WD(WARRANTY DEED),0.61,False,AR
16-20715-000,2/22/2005,27000.0,WD(WARRANTY DEED),0.61,False,AR
16-20715-000,9/12/1982,20000.0,WD(WARRANTY DEED),0.61,False,AR
16-20716-000,9/17/2024,0.0,WD(WARRANTY DEED),0.6,True,AR
16-20716-000,6/14/2022,0.0,BD(BENEFICIARY DEED),0.6,True,AR
16-20716-000,6/14/2022,0.0,WD(WARRANTY DEED),0.6,True,AR
16-20716-000,11/5/2019,0.0,OTHER(OTHER DOCUMENT),0.6,True,AR
16-20716-000,6/30/2011,0.0,CERT(CERTIFICATE),0.6,True,AR
16-20716-000,6/30/2011,0.0,WD(WARRANTY DEED),0.6,True,AR
16-20716-000,11/19/2002,0.0,DC(DEATH CERTIFICATE),0.6,True,AR
16-20716-000,11/19/2002,0.0,WD(WARRANTY DEED),0.6,True,AR
16-20716-000,7/2/1993,120000.0,WD(WARRANTY DEED),0.6,True,AR
16-20716-000,10/9/1990,105000.0,WD(WARRANTY DEED),0.6,True,AR
16-20716-000,12/3/1976,14000.0,WD(WARRANTY DEED),0.6,True,AR
16-20717-000,5/23/2024,0.0,BD(BENEFICIARY DEED),0.57,True,AR
16-20717-000,11/2/2023,0.0,DC(DEATH CERTIFICATE),0.57,True,AR
16-20717-000,10/9/2020,410000.0,WD(WARRANTY DEED),0.57,True,AR
16-20717-000,9/9/2015,285000.0,TRWD(TRUSTEES WARRANTY DEED),0.57,True,AR
16-20717-000,8/19/2013,0.0,CERT(CERTIFICATE),0.57,True,AR
16-20717-000,8/19/2013,0.0,WD(WARRANTY DEED),0.57,True,AR
16-20717-000,12/5/1983,0.0,WD(WARRANTY DEED),0.57,True,AR
16-20718-000,7/31/2009,453000.0,WD(WARRANTY DEED),0.71,True,AR
16-20718-000,3/4/1996,26000.0,WD(WARRANTY DEED),0.71,True,AR
16-20718-000,9/3/1985,15000.0,WD(WARRANTY DEED),0.71,True,AR
16-20719-000,8/13/2020,0.0,BD(BENEFICIARY DEED),0.79,True,KS
16-20719-000,3/15/2013,365000.0,WD(WARRANTY DEED),0.79,True,KS
16-20719-000,3/29/2012,0.0,SWD(SPECIAL WARRANTY DEED),0.79,True,KS
16-20719-000,3/29/2012,0.0,CERT(CERTIFICATE),0.79,True,KS
16-20719-000,9/3/2003,315000.0,WD(WARRANTY DEED),0.79,True,KS
16-20719-000,7/19/2000,268000.0,WD(WARRANTY DEED),0.79,True,KS
16-20719-000,7/3/1994,44000.0,WD(WARRANTY DEED),0.79,True,KS
16-20719-000,6/28/1994,0.0,WD(WARRANTY DEED),0.79,True,KS
16-20719-000,6/28/1994,26000.0,WD(WARRANTY DEED),0.79,True,KS
16-20719-000,10/15/1981,0.0,CONT(CONTRACT),0.79,True,KS
16-20719-000,12/12/1975,19000.0,WD(WARRANTY DEED),0.79,True,KS
16-20720-000,7/29/2006,0.0,DC(DEATH CERTIFICATE),0.84,True,AR
16-20720-000,7/11/2001,318000.0,WD(WARRANTY DEED),0.84,True,AR
16-20720-000,10/20/1997,0.0,WD(WARRANTY DEED),0.84,True,AR
16-20720-000,12/21/1996,0.0,DC(DEATH CERTIFICATE),0.84,True,AR
16-20720-000,5/2/1994,0.0,TRAG(TRUST AGREEMENT),0.84,True,AR
16-20720-000,2/25/1994,0.0,WD(WARRANTY DEED),0.84,True,AR
16-20720-000,2/25/1994,0.0,TRAG(TRUST AGREEMENT),0.84,True,AR
16-20720-000,5/26/1987,0.0,WD(WARRANTY DEED),0.84,True,AR
16-20720-000,11/16/1984,0.0,WD(WARRANTY DEED),0.84,True,AR
16-20721-000,12/28/2004,570000.0,WD(WARRANTY DEED),3.78,True,
16-20721-000,8/10/1999,0.0,CORRWD(CORRECTED WARRANTY DEED),3.78,True,
16-20721-000,7/23/1999,450000.0,WD(WARRANTY DEED),3.78,True,
16-20721-000,11/13/1991,325000.0,WD(WARRANTY DEED),3.78,True,
16-20721-000,5/7/1986,259000.0,WD(WARRANTY DEED),3.78,True,
16-20721-000,2/8/1979,150000.0,WD(WARRANTY DEED),3.78,True,
16-20722-000,5/14/2024,403000.0,WD(WARRANTY DEED),0.36,True,AR
16-20722-000,10/15/2021,335000.0,WD(WARRANTY DEED),0.36,True,AR
16-20722-000,7/24/2018,0.0,QCD(QUITCLAIM DEED),0.36,True,AR
16-20722-000,2/23/2012,200000.0,WD(WARRANTY DEED),0.36,True,AR
16-20722-000,7/19/2004,30000.0,WD(WARRANTY DEED),0.36,True,AR
16-20722-000,1/2/2003,0.0,WD(WARRANTY DEED),0.36,True,AR
16-20722-000,6/29/1995,25000.0,WD(WARRANTY DEED),0.36,True,AR
16-20722-000,3/8/1989,13000.0,WD(WARRANTY DEED),0.36,True,AR
16-20722-000,11/1/1982,13000.0,WD(WARRANTY DEED),0.36,True,AR
16-20723-000,2/29/2008,0.0,ML(MARRIAGE LICENSE),0.36,True,AR
16-20723-000,4/28/2006,223000.0,WD(WARRANTY DEED),0.36,True,AR
16-20723-000,11/12/1998,0.0,QCD(QUITCLAIM DEED),0.36,True,AR
16-20723-000,5/15/1996,159000.0,WD(WARRANTY DEED),0.36,True,AR
16-20723-000,7/25/1980,13000.0,WD(WARRANTY DEED),0.36,True,AR
16-20723-000,9/14/1977,9000.0,WD(WARRANTY DEED),0.36,True,AR
16-20724-000,10/4/2018,200000.0,WD(WARRANTY DEED),0.3,True,AR
16-20724-000,2/24/2016,188000.0,WD(WARRANTY DEED),0.3,True,AR
16-20724-000,10/5/2001,140000.0,WD(WARRANTY DEED),0.3,True,AR
16-20724-000,7/1/1997,115000.0,WD(WARRANTY DEED),0.3,True,AR
16-20724-000,10/30/1990,80000.0,WD(WARRANTY DEED),0.3,True,AR
16-20724-000,10/19/1988,0.0,WD(WARRANTY DEED),0.3,True,AR
16-20724-000,6/9/1988,0.0,DC(DEATH CERTIFICATE),0.3,True,AR
16-20724-000,7/5/1976,12000.0,WD(WARRANTY DEED),0.3,True,AR
16-20725-000,4/1/2021,419000.0,WD(WARRANTY DEED),0.34,True,AR
16-20725-000,10/5/2001,7000.0,WD(WARRANTY DEED),0.34,True,AR
16-20725-000,8/4/2000,3000.0,WD(WARRANTY DEED),0.34,True,AR
16-20725-000,1/12/1994,10000.0,WD(WARRANTY DEED),0.34,True,AR
16-20725-000,10/5/1989,0.0,CONT(CONTRACT),0.34,True,AR
16-20725-000,6/19/1978,14000.0,WD(WARRANTY DEED),0.34,True,AR
16-20726-000,4/29/2014,116000.0,ADMN(ADMINISTRATORS DEED),0.28,True,AR
16-20726-000,3/12/2014,0.0,OR(ORDER),0.28,True,AR
16-20726-000,11/3/2012,0.0,OTHER(OTHER DOCUMENT),0.28,True,AR
16-20726-000,7/10/1986,0.0,WD(WARRANTY DEED),0.28,True,AR
16-20726-000,3/19/1986,0.0,WD(WARRANTY DEED),0.28,True,AR
16-20726-000,2/24/1986,0.0,WD(WARRANTY DEED),0.28,True,AR
16-20726-000,4/19/1979,0.0,QCD(QUITCLAIM DEED),0.28,True,AR
16-20727-000,7/30/2024,460000.0,WD(WARRANTY DEED),0.28,True,AR
16-20727-000,6/18/2021,440000.0,WD(WARRANTY DEED),0.28,True,AR
16-20727-000,11/22/2016,215000.0,WD(WARRANTY DEED),0.28,True,AR
16-20727-000,3/30/2010,0.0,DC(DEATH CERTIFICATE),0.28,True,AR
16-20727-000,7/24/2009,0.0,QCD(QUITCLAIM DEED),0.28,True,AR
16-20727-000,12/24/2008,0.0,QCD(QUITCLAIM DEED),0.28,True,AR
16-20727-000,6/3/2005,0.0,WD(WARRANTY DEED),0.28,True,AR
16-20727-000,6/3/2005,0.0,CERT(CERTIFICATE),0.28,True,AR
16-20727-000,3/15/1999,185000.0,WD(WARRANTY DEED),0.28,True,AR
16-20727-000,9/7/1988,6000.0,WD(WARRANTY DEED),0.28,True,AR
16-20728-000,1/31/2025,398000.0,WD(WARRANTY DEED),0.29,True,AR
16-20728-000,8/6/2012,165000.0,WD(WARRANTY DEED),0.29,True,AR
16-20728-000,4/20/2012,78000.0,WD(WARRANTY DEED),0.29,True,AR
16-20728-000,2/17/2012,47200.0,SWD(SPECIAL WARRANTY DEED),0.29,True,AR
16-20728-000,6/10/2010,0.0,SWD(SPECIAL WARRANTY DEED),0.29,True,AR
16-20728-000,6/7/2010,0.0,TRD(TRUSTEES DEED),0.29,True,AR
16-20728-000,7/1/2002,137000.0,WD(WARRANTY DEED),0.29,True,AR
16-20728-000,4/6/1992,0.0,WD(WARRANTY DEED),0.29,True,AR
16-20728-000,11/18/1983,125000.0,WD(WARRANTY DEED),0.29,True,AR
16-20729-000,1/31/2025,398000.0,WD(WARRANTY DEED),0.28,False,AR
16-20729-000,8/6/2012,165000.0,WD(WARRANTY DEED),0.28,False,AR
16-20729-000,4/20/2012,0.0,WD(WARRANTY DEED),0.28,False,AR
16-20729-000,2/17/2012,4000.0,SWD(SPECIAL WARRANTY DEED),0.28,False,AR
16-20729-000,6/10/2010,0.0,SWD(SPECIAL WARRANTY DEED),0.28,False,AR
16-20729-000,6/7/2010,0.0,TRD(TRUSTEES DEED),0.28,False,AR
16-20729-000,7/1/2002,137000.0,WD(WARRANTY DEED),0.28,False,AR
16-20729-000,4/16/1992,0.0,WD(WARRANTY DEED),0.28,False,AR
16-20729-000,12/12/1989,3000.0,WD(WARRANTY DEED),0.28,False,AR
16-20729-000,12/28/1987,0.0,OTHER(OTHER DOCUMENT),0.28,False,AR
16-20730-000,2/7/2024,10000.0,WD(WARRANTY DEED),0.33,False,AR
16-20730-000,10/18/2018,0.0,DC(DEATH CERTIFICATE),0.33,False,AR
16-20730-000,8/13/2003,0.0,QCD(QUITCLAIM DEED),0.33,False,AR
16-20730-000,7/15/1999,1000.0,QCD(QUITCLAIM DEED),0.33,False,AR
16-20730-000,5/7/1982,8000.0,WD(WARRANTY DEED),0.33,False,AR
16-20731-000,9/16/2022,9500.0,WD(WARRANTY DEED),0.29,False,AR
16-20731-000,8/26/2020,0.0,RD(REDEMPTION DEED),0.29,False,AR
16-20731-000,10/13/2009,250000.0,WD(WARRANTY DEED),0.29,False,AR
16-20731-000,8/21/2009,0.0,DEED(GRANT DEED),0.29,False,AR
16-20731-000,9/15/2008,0.0,DEED(GRANT DEED),0.29,False,AR
16-20731-000,7/1/2005,12000.0,WD(WARRANTY DEED),0.29,False,AR
16-20731-000,6/8/2005,2000.0,WD(WARRANTY DEED),0.29,False,AR
16-20731-000,2/18/2005,1000.0,WD(WARRANTY DEED),0.29,False,AR
16-20731-000,1/15/2004,0.0,DC(DEATH CERTIFICATE),0.29,False,AR
16-20731-000,6/15/1992,8000.0,WD(WARRANTY DEED),0.29,False,AR
16-20731-000,6/10/1983,7000.0,WD(WARRANTY DEED),0.29,False,AR
16-20732-000,11/30/2005,6000.0,WD(WARRANTY DEED),0.31,False,TX
16-20732-000,11/30/2005,0.0,CERT(CERTIFICATE),0.31,False,TX
16-20732-000,4/25/2001,0.0,QCD(QUITCLAIM DEED),0.31,False,TX
16-20732-000,5/8/1975,6000.0,WD(WARRANTY DEED),0.31,False,TX
16-20733-000,7/10/2017,2000.0,QCD(QUITCLAIM DEED),0.31,False,CA
16-20733-000,6/7/2017,0.0,LWD(LIMITED WARRANTY DEED),0.31,False,CA
16-20733-000,8/14/2015,0.0,QCD(QUITCLAIM DEED),0.31,False,CA
16-20733-000,7/23/2010,0.0,RD(REDEMPTION DEED),0.31,False,CA
16-20733-000,7/31/2009,0.0,WD(WARRANTY DEED),0.31,False,CA
16-20733-000,6/9/2004,0.0,QCD(QUITCLAIM DEED),0.31,False,CA
16-20733-000,5/20/2004,3000.0,WD(WARRANTY DEED),0.31,False,CA
16-20733-000,5/20/2004,0.0,QCD(QUITCLAIM DEED),0.31,False,CA
16-20733-000,8/15/2001,0.0,QCD(QUITCLAIM DEED),0.31,False,CA
16-20733-000,10/19/1999,0.0,ML(MARRIAGE LICENSE),0.31,False,CA
16-20733-000,4/9/1990,0.0,DC(DEATH CERTIFICATE),0.31,False,CA
16-20733-000,6/7/1979,7000.0,WD(WARRANTY DEED),0.31,False,CA
16-20734-000,6/20/2018,1000.0,WD(WARRANTY DEED),0.3,False,FL
16-20734-000,10/25/2013,1000.0,SWD(SPECIAL WARRANTY DEED),0.3,False,FL
16-20734-000,5/21/2012,500.0,COMMD(COMMISSIONERS DEED),0.3,False,FL
16-20734-000,5/29/2003,0.0,RD(REDEMPTION DEED),0.3,False,FL
16-20734-000,4/23/2003,1000.0,COMMD(COMMISSIONERS DEED),0.3,False,FL
16-20734-000,10/17/1994,0.0,WILL(WILL),0.3,False,FL
16-20734-000,10/17/1994,0.0,AFF(AFFIDAVIT),0.3,False,FL
16-20734-000,3/12/1994,0.0,DC(DEATH CERTIFICATE),0.3,False,FL
16-20735-000,1/30/2015,0.0,WD(WARRANTY DEED),0.25,False,OK
16-20735-000,5/24/1999,0.0,WD(WARRANTY DEED),0.25,False,OK
16-20735-000,7/21/1977,7000.0,WD(WARRANTY DEED),0.25,False,OK
16-20736-000,11/18/2019,212000.0,WD(WARRANTY DEED),0.25,True,AR
16-20736-000,10/31/2013,149000.0,WD(WARRANTY DEED),0.25,True,AR
16-20736-000,9/5/2013,0.0,QCD(QUITCLAIM DEED),0.25,True,AR
16-20736-000,8/25/2011,122000.0,WD(WARRANTY DEED),0.25,True,AR
16-20736-000,9/9/2005,7000.0,WD(WARRANTY DEED),0.25,True,AR
16-20736-000,8/22/2003,1000.0,QCD(QUITCLAIM DEED),0.25,True,AR
16-20736-000,7/7/1981,7000.0,WD(WARRANTY DEED),0.25,True,AR
16-20737-000,6/16/2021,0.0,BD(BENEFICIARY DEED),0.31,True,AR
16-20737-000,9/2/2004,113000.0,WD(WARRANTY DEED),0.31,True,AR
16-20737-000,9/2/2004,0.0,AFF(AFFIDAVIT),0.31,True,AR
16-20737-000,4/25/1997,0.0,QCD(QUITCLAIM DEED),0.31,True,AR
16-20737-000,3/18/1991,105000.0,WD(WARRANTY DEED),0.31,True,AR
16-20737-000,7/12/1990,9000.0,WD(WARRANTY DEED),0.31,True,AR
16-20737-000,6/6/1990,0.0,CONT(CONTRACT),0.31,True,AR
16-20737-000,12/13/1978,8000.0,WD(WARRANTY DEED),0.31,True,AR
16-20737-000,7/19/1900,4500.0,WD(WARRANTY DEED),0.31,True,AR
16-20738-000,7/26/2013,0.0,RD(REDEMPTION DEED),0.27,False,MO
16-20738-000,11/23/2009,0.0,RD(REDEMPTION DEED),0.27,False,MO
16-20738-000,2/9/2004,0.0,RD(REDEMPTION DEED),0.27,False,MO
16-20738-000,5/18/1988,8500.0,WD(WARRANTY DEED),0.27,False,MO
16-20738-000,7/8/1983,0.0,CONT(CONTRACT),0.27,False,MO
16-20738-000,7/7/1982,7000.0,WD(WARRANTY DEED),0.27,False,MO
16-20739-000,8/8/2024,385000.0,TRWD(TRUSTEES WARRANTY DEED),0.27,True,AR
16-20739-000,8/8/2024,0.0,CERT(CERTIFICATE),0.27,True,AR
16-20739-000,12/19/2022,0.0,DC(DEATH CERTIFICATE),0.27,True,AR
16-20739-000,11/27/2017,0.0,QCD(QUITCLAIM DEED),0.27,True,AR
16-20739-000,9/12/2007,213000.0,WD(WARRANTY DEED),0.27,True,AR
16-20739-000,3/28/2005,2000.0,WD(WARRANTY DEED),0.27,True,AR
16-20739-000,6/27/2002,0.0,WD(WARRANTY DEED),0.27,True,AR
16-20739-000,12/22/2000,36000.0,WD(WARRANTY DEED),0.27,True,AR
16-20739-000,12/21/2000,0.0,WD(WARRANTY DEED),0.27,True,AR
16-20739-000,9/5/2000,0.0,WD(WARRANTY DEED),0.27,True,AR
16-20739-000,11/25/1981,7000.0,WD(WARRANTY DEED),0.27,True,AR
16-20740-000,6/11/2020,150000.0,WD(WARRANTY DEED),0.26,True,AR
16-20740-000,10/3/2018,0.0,AFF(AFFIDAVIT),0.26,True,AR
16-20740-000,7/24/2018,0.0,QCD(QUITCLAIM DEED),0.26,True,AR
16-20740-000,9/12/2016,110000.0,WD(WARRANTY DEED),0.26,True,AR
16-20740-000,12/16/2014,72000.0,SWD(SPECIAL WARRANTY DEED),0.26,True,AR
16-20740-000,10/13/2011,0.0,AFF(AFFIDAVIT),0.26,True,AR
16-20740-000,7/12/2011,0.0,QCD(QUITCLAIM DEED),0.26,True,AR
16-20740-000,5/31/2006,112000.0,WD(WARRANTY DEED),0.26,True,AR
16-20740-000,5/25/2004,86000.0,WD(WARRANTY DEED),0.26,True,AR
16-20740-000,7/17/1996,70000.0,WD(WARRANTY DEED),0.26,True,AR
16-20740-000,11/17/1994,0.0,DC(DEATH CERTIFICATE),0.26,True,AR
16-20740-000,6/22/1992,0.0,DC(DEATH CERTIFICATE),0.26,True,AR
16-20740-000,3/27/1992,0.0,WD(WARRANTY DEED),0.26,True,AR
16-20740-000,3/24/1992,0.0,CERT(CERTIFICATE),0.26,True,AR
16-20740-000,9/8/1983,79000.0,WD(WARRANTY DEED),0.26,True,AR
16-20740-000,5/21/1982,7000.0,WD(WARRANTY DEED),0.26,True,AR
16-20741-000,10/15/2016,0.0,QCD(QUITCLAIM DEED),0.35,True,AR
16-20741-000,6/30/2016,0.0,TRAG(TRUST AGREEMENT),0.35,True,AR
16-20741-000,6/30/2016,0.0,TRAG(TRUST AGREEMENT),0.35,True,AR
16-20741-000,2/4/2008,0.0,QCD(QUITCLAIM DEED),0.35,True,AR
16-20741-000,12/1/2004,0.0,QCD(QUITCLAIM DEED),0.35,True,AR
16-20741-000,6/24/2004,250000.0,WD(WARRANTY DEED),0.35,True,AR
16-20741-000,5/29/1986,0.0,WD(WARRANTY DEED),0.35,True,AR
16-20741-000,9/16/1982,8000.0,WD(WARRANTY DEED),0.35,True,AR
16-20742-000,8/8/2005,6000.0,WD(WARRANTY DEED),0.27,False,FL
16-20742-000,7/11/2005,0.0,RD(REDEMPTION DEED),0.27,False,FL
16-20742-000,10/17/2001,0.0,RD(REDEMPTION DEED),0.27,False,FL
16-20742-000,5/30/1995,1000.0,WD(WARRANTY DEED),0.27,False,FL
16-20742-000,9/5/1991,5000.0,WD(WARRANTY DEED),0.27,False,FL
16-20742-000,12/1/1977,7000.0,WD(WARRANTY DEED),0.27,False,FL
16-20743-000,5/1/2019,254000.0,WD(WARRANTY DEED),0.29,True,AR
16-20743-000,4/23/2010,130000.0,WD(WARRANTY DEED),0.29,True,AR
16-20743-000,12/28/2001,125000.0,WD(WARRANTY DEED),0.29,True,AR
16-20743-000,5/9/1993,0.0,DC(DEATH CERTIFICATE),0.29,True,AR
16-20743-000,5/9/1993,0.0,AFF(AFFIDAVIT),0.29,True,AR
16-20743-000,10/30/1987,0.0,WD(WARRANTY DEED),0.29,True,AR
16-20743-000,5/12/1983,7000.0,WD(WARRANTY DEED),0.29,True,AR
16-20744-000,5/17/2011,0.0,WD(WARRANTY DEED),0.25,False,AR
16-20744-000,9/3/2006,0.0,DC(DEATH CERTIFICATE),0.25,False,AR
16-20744-000,6/13/2001,4000.0,QCD(QUITCLAIM DEED),0.25,False,AR
16-20744-000,7/20/1989,4000.0,WD(WARRANTY DEED),0.25,False,AR
16-20745-000,5/17/2011,0.0,WD(WARRANTY DEED),0.26,True,AR
16-20745-000,9/3/2006,0.0,DC(DEATH CERTIFICATE),0.26,True,AR
16-20745-000,7/21/1995,145000.0,TRD(TRUSTEES DEED),0.26,True,AR
16-20745-000,7/28/1988,0.0,WD(WARRANTY DEED),0.26,True,AR
16-20745-000,3/28/1986,0.0,WD(WARRANTY DEED),0.26,True,AR
16-20746-000,8/10/2021,240000.0,WD(WARRANTY DEED),0.28,True,AR
16-20746-000,9/11/2014,123000.0,WD(WARRANTY DEED),0.28,True,AR
16-20746-000,11/28/2013,0.0,DC(DEATH CERTIFICATE),0.28,True,AR
16-20746-000,5/31/1996,0.0,QCD(QUITCLAIM DEED),0.28,True,AR
16-20746-000,6/16/1992,95000.0,WD(WARRANTY DEED),0.28,True,AR
16-20746-000,6/12/1992,73000.0,WD(WARRANTY DEED),0.28,True,AR
16-20746-000,2/28/1992,3000.0,WD(WARRANTY DEED),0.28,True,AR
16-20746-000,11/15/1989,8500.0,WD(WARRANTY DEED),0.28,True,AR
16-20746-000,4/26/1989,0.0,CONT(CONTRACT),0.28,True,AR
16-20746-000,4/14/1983,8000.0,WD(WARRANTY DEED),0.28,True,AR
16-20747-000,10/14/2022,319000.0,WD(WARRANTY DEED),0.33,True,AR
16-20747-000,2/9/2018,0.0,DC(DEATH CERTIFICATE),0.33,True,AR
16-20747-000,12/7/2010,0.0,WD(WARRANTY DEED),0.33,True,AR
16-20747-000,8/27/2009,123000.0,WD(WARRANTY DEED),0.33,True,AR
16-20747-000,7/12/2008,0.0,DC(DEATH CERTIFICATE),0.33,True,AR
16-20747-000,4/22/2005,0.0,WD(WARRANTY DEED),0.33,True,AR
16-20747-000,4/19/2005,0.0,TRAG(TRUST AGREEMENT),0.33,True,AR
16-20747-000,9/29/1989,7000.0,WD(WARRANTY DEED),0.33,True,AR
16-20747-000,9/11/1987,0.0,WD(WARRANTY DEED),0.33,True,AR
16-20747-000,9/11/1987,0.0,WD(WARRANTY DEED),0.33,True,AR
16-20747-000,9/11/1987,0.0,WD(WARRANTY DEED),0.33,True,AR
16-20747-000,4/23/1987,0.0,FD(FIDUCIARY DEED),0.33,True,AR
16-20747-000,10/16/1985,0.0,DC(DEATH CERTIFICATE),0.33,True,AR
16-20747-000,8/29/1985,0.0,WD(WARRANTY DEED),0.33,True,AR
16-20747-000,10/8/1982,7000.0,WD(WARRANTY DEED),0.33,True,AR
16-20747-000,8/4/1982,4000.0,WD(WARRANTY DEED),0.33,True,AR
16-20748-000,10/1/2015,2000.0,WD(WARRANTY DEED),0.27,False,OK
16-20748-000,3/16/2008,0.0,DC(DEATH CERTIFICATE),0.27,False,OK
16-20748-000,12/16/2002,1000.0,QCD(QUITCLAIM DEED),0.27,False,OK
16-20748-000,10/4/1996,0.0,DC(DEATH CERTIFICATE),0.27,False,OK
16-20748-000,11/15/1985,8000.0,WD(WARRANTY DEED),0.27,False,OK
16-20749-000,1/16/2020,0.0,BD(BENEFICIARY DEED),0.27,True,AR
16-20749-000,1/16/2020,0.0,BD(BENEFICIARY DEED),0.27,True,AR
16-20749-000,2/11/2016,0.0,BD(BENEFICIARY DEED),0.27,True,AR
16-20749-000,10/23/2014,110000.0,WD(WARRANTY DEED),0.27,True,AR
16-20749-000,7/25/2006,123000.0,EXD(EXECUTOR-EXECUTRIX DEED),0.27,True,AR
16-20749-000,3/10/2006,0.0,DC(DEATH CERTIFICATE),0.27,True,AR
16-20749-000,3/31/1996,0.0,DC(DEATH CERTIFICATE),0.27,True,AR
16-20749-000,2/20/1990,86000.0,WD(WARRANTY DEED),0.27,True,AR
16-20750-000,5/22/2015,123000.0,WD(WARRANTY DEED),0.26,True,AR
16-20750-000,5/19/2014,110000.0,WD(WARRANTY DEED),0.26,True,AR
16-20750-000,5/26/1989,65000.0,WD(WARRANTY DEED),0.26,True,AR
16-20750-000,11/19/1986,0.0,WD(WARRANTY DEED),0.26,True,AR
16-20750-000,10/8/1982,7000.0,WD(WARRANTY DEED),0.26,True,AR
16-20751-000,10/25/2022,290000.0,WD(WARRANTY DEED),0.26,True,FL
16-20751-000,7/15/2011,0.0,SWD(SPECIAL WARRANTY DEED),0.26,True,FL
16-20751-000,5/11/2011,0.0,MTG-D(MORTGAGEE'S DEED),0.26,True,FL
16-20751-000,5/6/2011,0.0,SWD(SPECIAL WARRANTY DEED),0.26,True,FL
16-20751-000,9/26/2003,129000.0,CWD(CORPORATION WARRANTY DEED),0.26,True,FL
16-20751-000,5/13/2002,3000.0,WD(WARRANTY DEED),0.26,True,FL
16-20751-000,8/5/1975,7000.0,WD(WARRANTY DEED),0.26,True,FL
16-20752-000,11/30/2021,293000.0,WD(WARRANTY DEED),0.27,True,AR
16-20752-000,8/11/2015,130000.0,WD(WARRANTY DEED),0.27,True,AR
16-20752-000,9/10/2012,0.0,WD(WARRANTY DEED),0.27,True,AR
16-20752-000,9/10/2012,0.0,CERT(CERTIFICATE),0.27,True,AR
16-20752-000,11/7/1990,97000.0,WD(WARRANTY DEED),0.27,True,AR
16-20752-000,6/22/1990,8000.0,WD(WARRANTY DEED),0.27,True,AR
16-20752-000,5/22/1984,0.0,WD(WARRANTY DEED),0.27,True,AR
16-20753-000,1/12/2021,228000.0,TRWD(TRUSTEES WARRANTY DEED),0.27,True,AR
16-20753-000,1/12/2021,0.0,CERT(CERTIFICATE),0.27,True,AR
16-20753-000,10/27/2011,0.0,CERT(CERTIFICATE),0.27,True,AR
16-20753-000,9/30/2005,205000.0,WD(WARRANTY DEED),0.27,True,AR
16-20753-000,5/14/2003,0.0,AB(ABSTRACT OF TRUST),0.27,True,AR
16-20753-000,11/19/1993,8000.0,WD(WARRANTY DEED),0.27,True,AR
16-20753-000,11/19/1993,7000.0,WD(WARRANTY DEED),0.27,True,AR
16-20753-000,7/30/1987,0.0,CONT(CONTRACT),0.27,True,AR
16-20753-000,4/2/1981,7000.0,WILL(WILL),0.27,True,AR
16-20754-000,8/22/2006,112000.0,WD(WARRANTY DEED),0.22,True,AR
16-20754-000,8/15/2006,0.0,DC(DEATH CERTIFICATE),0.22,True,AR
16-20754-000,6/13/2003,0.0,WD(WARRANTY DEED),0.22,True,AR
16-20754-000,11/4/2002,0.0,DC(DEATH CERTIFICATE),0.22,True,AR
16-20754-000,9/27/2002,0.0,QCD(QUITCLAIM DEED),0.22,True,AR
16-20754-000,4/3/1996,0.0,DC(DEATH CERTIFICATE),0.22,True,AR
16-20754-000,5/22/1982,5000.0,WD(WARRANTY DEED),0.22,True,AR
16-20755-000,9/5/2006,0.0,WD(WARRANTY DEED),0.29,True,AR
16-20755-000,9/30/2002,93000.0,WD(WARRANTY DEED),0.29,True,AR
16-20755-000,10/24/1998,0.0,DC(DEATH CERTIFICATE),0.29,True,AR
16-20755-000,8/3/1982,0.0,WD(WARRANTY DEED),0.29,True,AR
16-20756-000,2/12/2025,10500.0,WD(WARRANTY DEED),0.27,False,AR
16-20756-000,4/1/2020,2000.0,COMMD(COMMISSIONERS DEED),0.27,False,AR
16-20756-000,8/20/2013,1000.0,WD(WARRANTY DEED),0.27,False,AR
16-20756-000,10/13/2009,250000.0,WD(WARRANTY DEED),0.27,False,AR
16-20756-000,8/21/2009,0.0,DEED(GRANT DEED),0.27,False,AR
16-20756-000,9/15/2008,0.0,DEED(GRANT DEED),0.27,False,AR
16-20756-000,3/14/2006,17000.0,WD(WARRANTY DEED),0.27,False,AR
16-20756-000,7/30/2004,3000.0,WD(WARRANTY DEED),0.27,False,AR
16-20756-000,3/16/1982,7000.0,WD(WARRANTY DEED),0.27,False,AR
16-20757-000,5/10/2024,349000.0,WD(WARRANTY DEED),0.34,True,
16-20757-000,6/2/2022,8000.0,WD(WARRANTY DEED),0.34,True,
16-20757-000,8/26/2020,0.0,RD(REDEMPTION DEED),0.34,True,
16-20757-000,10/13/2009,250000.0,WD(WARRANTY DEED),0.34,True,
16-20757-000,8/21/2009,0.0,DEED(GRANT DEED),0.34,True,
16-20757-000,9/15/2008,0.0,DEED(GRANT DEED),0.34,True,
16-20757-000,3/14/2006,17000.0,WD(WARRANTY DEED),0.34,True,
16-20757-000,7/30/2004,3000.0,WD(WARRANTY DEED),0.34,True,
16-20757-000,5/20/1994,2000.0,WD(WARRANTY DEED),0.34,True,
16-20758-000,2/25/2022,385000.0,WD(WARRANTY DEED),0.43,False,AR
16-20758-000,10/12/2020,0.0,SWD(SPECIAL WARRANTY DEED),0.43,False,AR
16-20758-000,7/10/2020,0.0,DEED(GRANT DEED),0.43,False,AR
16-20758-000,7/8/1996,4000.0,WD(WARRANTY DEED),0.43,False,AR
16-20758-000,8/17/1988,0.0,DC(DEATH CERTIFICATE),0.43,False,AR
16-20758-000,11/23/1982,7000.0,WD(WARRANTY DEED),0.43,False,AR
16-20759-000,2/25/2022,385000.0,WD(WARRANTY DEED),0.3,True,AR
16-20759-000,10/13/2020,0.0,SWD(SPECIAL WARRANTY DEED),0.3,True,AR
16-20759-000,7/10/2020,0.0,DEED(GRANT DEED),0.3,True,AR
16-20759-000,6/27/1996,2000.0,WD(WARRANTY DEED),0.3,True,AR
16-20759-000,6/25/1996,0.0,MEMO(MEMORANDUM),0.3,True,AR
16-20759-000,11/7/1975,10000.0,WD(WARRANTY DEED),0.3,True,AR
16-20760-000,7/15/2022,317000.0,WD(WARRANTY DEED),0.3,True,AR
16-20760-000,9/26/2014,128000.0,WD(WARRANTY DEED),0.3,True,AR
16-20760-000,8/27/2010,0.0,DC(DEATH CERTIFICATE),0.3,True,AR
16-20760-000,6/25/2002,118000.0,WD(WARRANTY DEED),0.3,True,AR
16-20760-000,6/25/2002,0.0,DC(DEATH CERTIFICATE),0.3,True,AR
16-20760-000,2/23/1989,0.0,WD(WARRANTY DEED),0.3,True,AR
16-20760-000,11/10/1986,112000.0,WD(WARRANTY DEED),0.3,True,AR
16-20760-000,9/21/1984,9000.0,WD(WARRANTY DEED),0.3,True,AR
16-20760-000,3/21/1984,10000.0,WD(WARRANTY DEED),0.3,True,AR
16-20761-000,7/27/2022,340000.0,WD(WARRANTY DEED),0.3,True,AR
16-20761-000,4/18/2022,0.0,QCD(QUITCLAIM DEED),0.3,True,AR
16-20761-000,12/19/2019,0.0,QCD(QUITCLAIM DEED),0.3,True,AR
16-20761-000,2/20/2016,0.0,QCD(QUITCLAIM DEED),0.3,True,AR
16-20761-000,6/11/2013,128000.0,WD(WARRANTY DEED),0.3,True,AR
16-20761-000,5/10/2013,0.0,OTHER(OTHER DOCUMENT),0.3,True,AR
16-20761-000,4/23/2013,0.0,WD(WARRANTY DEED),0.3,True,AR
16-20761-000,4/23/2013,0.0,CERT(CERTIFICATE),0.3,True,AR
16-20761-000,8/4/1995,0.0,DC(DEATH CERTIFICATE),0.3,True,AR
16-20761-000,11/3/1992,8000.0,WD(WARRANTY DEED),0.3,True,AR
16-20761-000,8/27/1987,0.0,WD(WARRANTY DEED),0.3,True,AR
16-20762-000,11/22/2019,169000.0,WD(WARRANTY DEED),0.3,True,AR
16-20762-000,11/22/2019,0.0,BD(BENEFICIARY DEED),0.3,True,AR
16-20762-000,1/23/2009,0.0,BD(BENEFICIARY DEED),0.3,True,AR
16-20762-000,1/21/2009,0.0,FD(FIDUCIARY DEED),0.3,True,AR
16-20762-000,1/21/2009,0.0,OTHER(OTHER DOCUMENT),0.3,True,AR
16-20762-000,11/28/1990,0.0,WD(WARRANTY DEED),0.3,True,AR
16-20762-000,11/27/1990,0.0,MEMO(MEMORANDUM),0.3,True,AR
16-20762-000,9/19/1989,117000.0,WD(WARRANTY DEED),0.3,True,AR
16-20762-000,1/31/1986,0.0,WD(WARRANTY DEED),0.3,True,AR
16-20762-000,10/13/1980,7000.0,WD(WARRANTY DEED),0.3,True,AR
16-20763-000,4/23/2014,0.0,SWD(SPECIAL WARRANTY DEED),0.28,True,AR
16-20763-000,2/19/2014,0.0,MTG-D(MORTGAGEE'S DEED),0.28,True,AR
16-20763-000,3/7/2000,80000.0,WD(WARRANTY DEED),0.28,True,AR
16-20763-000,1/28/1993,0.0,WD(WARRANTY DEED),0.28,True,AR
16-20763-000,11/23/1988,0.0,CONT(CONTRACT),0.28,True,AR
16-20763-000,11/1/1984,0.0,CONT(CONTRACT),0.28,True,AR
16-20763-000,3/25/1984,0.0,CONT(CONTRACT),0.28,True,AR
16-20763-000,1/1/1982,10000.0,WD(WARRANTY DEED),0.28,True,AR
16-20764-000,7/12/2023,0.0,WD(WARRANTY DEED),0.32,False,KS
16-20764-000,5/20/2021,0.0,WD(WARRANTY DEED),0.32,False,KS
16-20764-000,2/10/2003,0.0,QCD(QUITCLAIM DEED),0.32,False,KS
16-20764-000,12/5/2002,0.0,OR(ORDER),0.32,False,KS
16-20764-000,11/19/1982,7000.0,WD(WARRANTY DEED),0.32,False,KS
16-20765-000,5/12/2025,408000.0,WD(WARRANTY DEED),0.33,True,AR
16-20765-000,9/19/2024,255000.0,WD(WARRANTY DEED),0.33,True,AR
16-20765-000,1/3/2007,0.0,QCD(QUITCLAIM DEED),0.33,True,AR
16-20765-000,7/11/2001,108000.0,WD(WARRANTY DEED),0.33,True,AR
16-20765-000,9/1/1994,0.0,WD(WARRANTY DEED),0.33,True,AR
16-20765-000,9/1/1994,0.0,TRAG(TRUST AGREEMENT),0.33,True,AR
16-20765-000,10/30/1991,87000.0,WD(WARRANTY DEED),0.33,True,AR
16-20765-000,5/30/1990,85000.0,WD(WARRANTY DEED),0.33,True,AR
16-20765-000,4/25/1985,80000.0,WD(WARRANTY DEED),0.33,True,AR
16-20765-000,9/20/1983,0.0,WD(WARRANTY DEED),0.33,True,AR
16-20766-000,12/10/2024,11000.0,WD(WARRANTY DEED),0.3,False,AR
16-20766-000,6/27/2012,0.0,RD(REDEMPTION DEED),0.3,False,AR
16-20766-000,5/14/2004,0.0,QCD(QUITCLAIM DEED),0.3,False,AR
16-20766-000,11/15/2000,0.0,WD(WARRANTY DEED),0.3,False,AR
16-20766-000,3/16/1993,0.0,WD(WARRANTY DEED),0.3,False,AR
16-20766-000,10/29/1992,5000.0,WD(WARRANTY DEED),0.3,False,AR
16-20766-000,7/27/1988,3000.0,WD(WARRANTY DEED),0.3,False,AR
16-20766-000,8/27/1984,9000.0,WD(WARRANTY DEED),0.3,False,AR
16-20767-000,12/16/2016,190000.0,WD(WARRANTY DEED),0.3,True,AR
16-20767-000,7/23/2014,0.0,AFF(AFFIDAVIT),0.3,True,AR
16-20767-000,6/20/2014,0.0,FD(FIDUCIARY DEED),0.3,True,AR
16-20767-000,4/7/2014,0.0,DC(DEATH CERTIFICATE),0.3,True,AR
16-20767-000,7/16/1998,0.0,QCD(QUITCLAIM DEED),0.3,True,AR
16-20767-000,7/14/1998,0.0,TRAG(TRUST AGREEMENT),0.3,True,AR
16-20767-000,3/1/1994,24000.0,WD(WARRANTY DEED),0.3,True,AR
16-20767-000,12/8/1981,14000.0,WD(WARRANTY DEED),0.3,True,AR
16-20768-000,2/4/2019,0.0,RD(REDEMPTION DEED),0.26,False,AZ
16-20768-000,7/18/2012,0.0,RD(REDEMPTION DEED),0.26,False,AZ
16-20768-000,10/31/2003,0.0,RD(REDEMPTION DEED),0.26,False,AZ
16-20768-000,2/27/1987,13000.0,WD(WARRANTY DEED),0.26,False,AZ
16-20769-000,9/26/2024,0.0,BD(BENEFICIARY DEED),0.25,True,AR
16-20769-000,6/20/2014,0.0,FD(FIDUCIARY DEED),0.25,True,AR
16-20769-000,4/25/2014,130000.0,WD(WARRANTY DEED),0.25,True,AR
16-20769-000,1/18/2013,105000.0,WD(WARRANTY DEED),0.25,True,AR
16-20769-000,8/30/2012,113000.0,WD(WARRANTY DEED),0.25,True,AR
16-20769-000,8/18/2005,132000.0,WD(WARRANTY DEED),0.25,True,AR
16-20769-000,7/29/1999,114000.0,WD(WARRANTY DEED),0.25,True,AR
16-20769-000,7/16/1998,0.0,QCD(QUITCLAIM DEED),0.25,True,AR
16-20769-000,7/16/1998,0.0,TRAG(TRUST AGREEMENT),0.25,True,AR
16-20769-000,9/1/1987,80000.0,WD(WARRANTY DEED),0.25,True,AR
16-20769-000,5/2/1986,0.0,WD(WARRANTY DEED),0.25,True,AR
16-20769-000,1/2/1986,0.0,AFF(AFFIDAVIT),0.25,True,AR
16-20771-000,4/12/2004,125000.0,WD(WARRANTY DEED),0.31,True,AR
16-20771-000,11/13/1991,0.0,WD(WARRANTY DEED),0.31,True,AR
16-20771-000,11/11/1991,0.0,TRAG(TRUST AGREEMENT),0.31,True,AR
16-20771-000,8/20/1980,18000.0,WD(WARRANTY DEED),0.31,True,AR
16-20772-000,11/17/2014,146000.0,WD(WARRANTY DEED),0.28,False,AR
16-20772-000,1/28/2010,0.0,SWD(SPECIAL WARRANTY DEED),0.28,False,AR
16-20772-000,6/30/2009,0.0,MTG-D(MORTGAGEE'S DEED),0.28,False,AR
16-20772-000,5/20/2009,0.0,SWD(SPECIAL WARRANTY DEED),0.28,False,AR
16-20772-000,1/12/2009,0.0,OR(ORDER),0.28,False,AR
16-20772-000,1/19/2007,0.0,QCD(QUITCLAIM DEED),0.28,False,AR
16-20772-000,9/13/2004,3000.0,WD(WARRANTY DEED),0.28,False,AR
16-20772-000,8/9/2002,2000.0,WD(WARRANTY DEED),0.28,False,AR
16-20772-000,9/28/1982,8000.0,WD(WARRANTY DEED),0.28,False,AR
16-20773-000,11/17/2014,146000.0,WD(WARRANTY DEED),0.25,True,AR
16-20773-000,1/28/2010,0.0,SWD(SPECIAL WARRANTY DEED),0.25,True,AR
16-20773-000,6/30/2009,0.0,MTG-D(MORTGAGEE'S DEED),0.25,True,AR
16-20773-000,5/20/2009,0.0,SWD(SPECIAL WARRANTY DEED),0.25,True,AR
16-20773-000,1/12/2009,0.0,OR(ORDER),0.25,True,AR
16-20773-000,1/19/2007,0.0,QCD(QUITCLAIM DEED),0.25,True,AR
16-20773-000,9/13/2004,179000.0,WD(WARRANTY DEED),0.25,True,AR
16-20773-000,7/19/1999,116000.0,WD(WARRANTY DEED),0.25,True,AR
16-20773-000,1/10/1998,0.0,DC(DEATH CERTIFICATE),0.25,True,AR
16-20773-000,12/21/1977,0.0,WD(WARRANTY DEED),0.25,True,AR
16-20774-000,9/15/2016,271000.0,WD(WARRANTY DEED),0.25,True,AR
16-20774-000,8/10/2011,274000.0,WD(WARRANTY DEED),0.25,True,AR
16-20774-000,7/20/2009,0.0,QCD(QUITCLAIM DEED),0.25,True,AR
16-20774-000,10/7/2008,0.0,QCD(QUITCLAIM DEED),0.25,True,AR
16-20774-000,5/3/2006,306000.0,WD(WARRANTY DEED),0.25,True,AR
16-20774-000,4/28/2006,0.0,CERT(CERTIFICATE),0.25,True,AR
16-20774-000,11/28/2000,160000.0,WD(WARRANTY DEED),0.25,True,AR
16-20774-000,4/9/1991,0.0,WD(WARRANTY DEED),0.25,True,AR
16-20774-000,3/28/1991,0.0,TRAG(TRUST AGREEMENT),0.25,True,AR
16-20774-000,5/4/1981,9000.0,WD(WARRANTY DEED),0.25,True,AR
16-20775-000,10/17/2024,0.0,CERT(CERTIFICATE),0.25,True,
16-20775-000,7/20/2024,0.0,DC(DEATH CERTIFICATE),0.25,True,
16-20775-000,1/8/2020,0.0,DC(DEATH CERTIFICATE),0.25,True,
16-20775-000,2/25/2016,0.0,WD(WARRANTY DEED),0.25,True,
16-20775-000,8/29/1995,134000.0,WD(WARRANTY DEED),0.25,True,
16-20775-000,8/4/1995,0.0,POA(POWER OF ATTORNEY),0.25,True,
16-20775-000,4/2/1994,0.0,DC(DEATH CERTIFICATE),0.25,True,
16-20775-000,4/29/1985,10000.0,WD(WARRANTY DEED),0.25,True,
16-20775-000,5/3/1981,0.0,WD(WARRANTY DEED),0.25,True,
16-20776-000,10/3/2024,469000.0,WD(WARRANTY DEED),0.26,True,AR
16-20776-000,8/30/2013,148000.0,WD(WARRANTY DEED),0.26,True,AR
16-20776-000,11/23/2004,149000.0,WD(WARRANTY DEED),0.26,True,AR
16-20776-000,2/21/2001,115000.0,WD(WARRANTY DEED),0.26,True,AR
16-20776-000,6/20/1999,0.0,DC(DEATH CERTIFICATE),0.26,True,AR
16-20776-000,8/19/1977,10000.0,WD(WARRANTY DEED),0.26,True,AR
16-20777-000,7/31/2023,601000.0,WD(WARRANTY DEED),0.28,True,AR
16-20777-000,7/31/2023,0.0,BD(BENEFICIARY DEED),0.28,True,AR
16-20777-000,5/11/2021,0.0,BD(BENEFICIARY DEED),0.28,True,AR
16-20777-000,12/7/2016,168000.0,WD(WARRANTY DEED),0.28,True,AR
16-20777-000,8/23/2013,0.0,CORRWD(CORRECTED WARRANTY DEED),0.28,True,AR
16-20777-000,6/28/2013,0.0,WD(WARRANTY DEED),0.28,True,AR
16-20777-000,6/28/2013,0.0,CERT(CERTIFICATE),0.28,True,AR
16-20777-000,6/14/1999,120000.0,WD(WARRANTY DEED),0.28,True,AR
16-20777-000,6/5/1986,0.0,WD(WARRANTY DEED),0.28,True,AR
16-20777-000,6/5/1986,0.0,TRAG(TRUST AGREEMENT),0.28,True,AR
16-20778-000,2/10/2022,500000.0,WD(WARRANTY DEED),0.38,True,AR
16-20778-000,3/14/2016,335000.0,WD(WARRANTY DEED),0.38,True,AR
16-20778-000,7/2/2004,285000.0,WD(WARRANTY DEED),0.38,True,AR
16-20778-000,10/2/2003,0.0,WD(WARRANTY DEED),0.38,True,AR
16-20778-000,10/2/2003,0.0,TRD(TRUSTEES DEED),0.38,True,AR
16-20778-000,6/5/1986,0.0,WD(WARRANTY DEED),0.38,True,AR
16-20778-000,6/5/1986,0.0,TRAG(TRUST AGREEMENT),0.38,True,AR
16-20778-000,10/3/1984,16000.0,WD(WARRANTY DEED),0.38,True,AR
16-20778-000,9/19/1984,11000.0,WD(WARRANTY DEED),0.38,True,AR
16-20779-000,10/17/2024,0.0,CERT(CERTIFICATE),0.27,False,
16-20779-000,7/20/2024,0.0,DC(DEATH CERTIFICATE),0.27,False,
16-20779-000,1/8/2020,0.0,DC(DEATH CERTIFICATE),0.27,False,
16-20779-000,2/26/2016,0.0,WD(WARRANTY DEED),0.27,False,
16-20779-000,9/2/1998,3000.0,TRD(TRUSTEES DEED),0.27,False,
16-20779-000,7/19/1995,0.0,QCD(QUITCLAIM DEED),0.27,False,
16-20779-000,1/26/1995,14000.0,WD(WARRANTY DEED),0.27,False,
16-20779-000,7/8/1987,0.0,DC(DEATH CERTIFICATE),0.27,False,
16-20779-000,7/8/1987,0.0,DC(DEATH CERTIFICATE),0.27,False,
16-20779-000,7/1/1982,10000.0,WD(WARRANTY DEED),0.27,False,
16-20780-000,9/15/2016,271000.0,WD(WARRANTY DEED),0.26,False,AR
16-20780-000,8/10/2011,0.0,WD(WARRANTY DEED),0.26,False,AR
16-20780-000,7/20/2009,0.0,QCD(QUITCLAIM DEED),0.26,False,AR
16-20780-000,10/7/2008,0.0,QCD(QUITCLAIM DEED),0.26,False,AR
16-20780-000,5/3/2006,306000.0,WD(WARRANTY DEED),0.26,False,AR
16-20780-000,4/28/2006,0.0,CERT(CERTIFICATE),0.26,False,AR
16-20780-000,5/14/2002,6000.0,WD(WARRANTY DEED),0.26,False,AR
16-20780-000,2/12/1994,0.0,DC(DEATH CERTIFICATE),0.26,False,AR
16-20780-000,12/3/1976,9000.0,WD(WARRANTY DEED),0.26,False,AR
16-20781-000,2/6/2020,0.0,QCD(QUITCLAIM DEED),0.3,False,AR
16-20781-000,3/29/2006,18000.0,QCD(QUITCLAIM DEED),0.3,False,AR
16-20781-000,8/10/2004,4000.0,WD(WARRANTY DEED),0.3,False,AR
16-20781-000,7/7/1980,5000.0,WD(WARRANTY DEED),0.3,False,AR
16-20782-000,7/13/2017,123000.0,SWD(SPECIAL WARRANTY DEED),0.33,False,FL
16-20782-000,6/13/2017,0.0,CONT(CONTRACT),0.33,False,FL
16-20782-000,8/29/2008,150000.0,WD(WARRANTY DEED),0.33,False,FL
16-20782-000,1/10/2006,6000.0,WD(WARRANTY DEED),0.33,False,FL
16-20782-000,8/8/2005,0.0,RD(REDEMPTION DEED),0.33,False,FL
16-20782-000,7/22/1997,3000.0,WD(WARRANTY DEED),0.33,False,FL
16-20782-000,1/31/1983,8000.0,WD(WARRANTY DEED),0.33,False,FL
16-20782-000,8/1/1982,0.0,CONT(CONTRACT),0.33,False,FL
16-20783-000,4/29/2025,0.0,QCD(QUITCLAIM DEED),0.32,False,AR
16-20783-000,3/27/2023,9000.0,TRWD(TRUSTEES WARRANTY DEED),0.32,False,AR
16-20783-000,3/27/2023,0.0,CERT(CERTIFICATE),0.32,False,AR
16-20783-000,1/16/2019,0.0,QCD(QUITCLAIM DEED),0.32,False,AR
16-20783-000,6/18/1981,0.0,QCD(QUITCLAIM DEED),0.32,False,AR
16-20784-000,12/1/2023,0.0,QCD(QUITCLAIM DEED),0.3,True,AR
16-20784-000,10/28/2021,340000.0,WD(WARRANTY DEED),0.3,True,AR
16-20784-000,9/18/2019,0.0,QCD(QUITCLAIM DEED),0.3,True,AR
16-20784-000,6/29/2017,187000.0,WD(WARRANTY DEED),0.3,True,AR
16-20784-000,4/11/2006,0.0,WD(WARRANTY DEED),0.3,True,AR
16-20784-000,1/5/2004,1000.0,WD(WARRANTY DEED),0.3,True,AR
16-20784-000,11/4/2002,0.0,RD(REDEMPTION DEED),0.3,True,AR
16-20784-000,10/7/2002,0.0,QCD(QUITCLAIM DEED),0.3,True,AR
16-20784-000,11/15/2000,0.0,DC(DEATH CERTIFICATE),0.3,True,AR
16-20784-000,6/6/1984,8000.0,WD(WARRANTY DEED),0.3,True,AR
16-20786-000,7/14/2015,53000.0,SWD(SPECIAL WARRANTY DEED),0.27,True,
16-20786-000,2/12/2015,0.0,MTG-D(MORTGAGEE'S DEED),0.27,True,
16-20786-000,6/30/2008,88000.0,WD(WARRANTY DEED),0.27,True,
16-20786-000,7/20/1995,60000.0,WD(WARRANTY DEED),0.27,True,
16-20786-000,9/1/1993,0.0,QCD(QUITCLAIM DEED),0.27,True,
16-20786-000,11/3/1992,45000.0,WD(WARRANTY DEED),0.27,True,
16-20786-000,12/1/1989,0.0,OR(ORDER),0.27,True,
16-20786-000,10/18/1989,30000.0,WD(WARRANTY DEED),0.27,True,
16-20786-000,11/29/1973,35000.0,WD(WARRANTY DEED),0.27,True,
16-20787-000,3/9/2025,3500.0,QCD(QUITCLAIM DEED),0.29,False,AR
16-20787-000,2/24/2022,0.0,RD(REDEMPTION DEED),0.29,False,AR
16-20787-000,12/8/2006,15000.0,WD(WARRANTY DEED),0.29,False,AR
16-20787-000,7/5/2005,3000.0,WD(WARRANTY DEED),0.29,False,AR
16-20787-000,1/11/1991,2000.0,WD(WARRANTY DEED),0.29,False,AR
16-20787-000,4/19/1983,0.0,QCD(QUITCLAIM DEED),0.29,False,AR
16-20788-000,5/1/2013,2000.0,WD(WARRANTY DEED),0.3,False,AR
16-20788-000,7/2/2012,0.0,WD(WARRANTY DEED),0.3,False,AR
16-20788-000,11/20/2003,0.0,WD(WARRANTY DEED),0.3,False,AR
16-20788-000,9/26/1995,1000.0,WD(WARRANTY DEED),0.3,False,AR
16-20788-000,12/8/1988,0.0,CONT(CONTRACT),0.3,False,AR
16-20788-000,7/21/1987,0.0,CONT(CONTRACT),0.3,False,AR
16-20788-000,3/26/1985,0.0,CONT(CONTRACT),0.3,False,AR
16-20788-000,11/23/1982,6000.0,WD(WARRANTY DEED),0.3,False,AR
16-20789-000,7/12/2024,10000.0,WD(WARRANTY DEED),0.3,False,AR
16-20789-000,6/25/2002,4000.0,WD(WARRANTY DEED),0.3,False,AR
16-20789-000,8/9/1993,9000.0,WD(WARRANTY DEED),0.3,False,AR
16-20789-000,8/9/1983,0.0,CONT(CONTRACT),0.3,False,AR
16-20789-000,4/26/1983,7000.0,WD(WARRANTY DEED),0.3,False,AR
16-20790-000,7/12/2024,10000.0,WD(WARRANTY DEED),0.3,False,AR
16-20790-000,5/16/2024,4000.0,QCD(QUITCLAIM DEED),0.3,False,AR
16-20790-000,7/16/2021,1000.0,QCD(QUITCLAIM DEED),0.3,False,AR
16-20790-000,12/7/2020,0.0,LWD(LIMITED WARRANTY DEED),0.3,False,AR
16-20790-000,10/5/2011,0.0,QCD(QUITCLAIM DEED),0.3,False,AR
16-20790-000,10/5/2011,1693333.0,CORRQC(CORRECTED QUIT CLAIM DEED),0.3,False,AR
16-20790-000,11/24/2008,0.0,WD(WARRANTY DEED),0.3,False,AR
16-20790-000,7/7/2005,3000.0,WD(WARRANTY DEED),0.3,False,AR
16-20790-000,2/4/1991,2000.0,WD(WARRANTY DEED),0.3,False,AR
16-20790-000,1/18/1991,0.0,AFF(AFFIDAVIT),0.3,False,AR
16-20790-000,11/6/1979,3000.0,WD(WARRANTY DEED),0.3,False,AR
16-20791-000,4/20/2024,12000.0,WD(WARRANTY DEED),0.29,False,AR
16-20791-000,2/21/2024,3100.0,CWD(CORPORATION WARRANTY DEED),0.29,False,AR
16-20791-000,11/2/2017,6600.0,WD(WARRANTY DEED),0.29,False,AR
16-20791-000,7/13/2017,123000.0,SWD(SPECIAL WARRANTY DEED),0.29,False,AR
16-20791-000,6/13/2017,0.0,CONT(CONTRACT),0.29,False,AR
16-20791-000,8/29/2008,150000.0,WD(WARRANTY DEED),0.29,False,AR
16-20791-000,12/28/2005,6000.0,WD(WARRANTY DEED),0.29,False,AR
16-20791-000,11/22/1982,6000.0,WD(WARRANTY DEED),0.29,False,AR
16-20792-000,4/20/2022,10000.0,SWD(SPECIAL WARRANTY DEED),0.29,False,FL
16-20792-000,3/22/2022,0.0,QCD(QUITCLAIM DEED),0.29,False,FL
16-20792-000,3/9/2012,1000.0,SWD(SPECIAL WARRANTY DEED),0.29,False,FL
16-20792-000,11/14/2008,0.0,COMMD(COMMISSIONERS DEED),0.29,False,FL
16-20792-000,10/17/1996,0.0,EXD(EXECUTOR-EXECUTRIX DEED),0.29,False,FL
16-20792-000,6/9/1995,0.0,DC(DEATH CERTIFICATE),0.29,False,FL
16-20792-000,7/19/1989,0.0,HIST(HISTORICAL),0.29,False,FL
16-20792-000,3/23/1979,0.0,DC(DEATH CERTIFICATE),0.29,False,FL
16-20793-000,1/24/2018,2000.0,SWD(SPECIAL WARRANTY DEED),0.35,False,AR
16-20793-000,8/15/2017,0.0,COMMD(COMMISSIONERS DEED),0.35,False,AR
16-20793-000,6/3/2016,0.0,RD(REDEMPTION DEED),0.35,False,AR
16-20793-000,3/18/2009,0.0,QCD(QUITCLAIM DEED),0.35,False,AR
16-20793-000,11/24/2008,0.0,WD(WARRANTY DEED),0.35,False,AR
16-20793-000,9/13/2005,6000.0,WD(WARRANTY DEED),0.35,False,AR
16-20793-000,5/11/1988,5000.0,WD(WARRANTY DEED),0.35,False,AR
16-20793-000,2/8/1988,3000.0,WD(WARRANTY DEED),0.35,False,AR
16-20793-000,7/19/1976,8000.0,WD(WARRANTY DEED),0.35,False,AR
16-20794-000,3/16/2020,240000.0,WD(WARRANTY DEED),0.3,True,AR
16-20794-000,5/31/2019,9000.0,WD(WARRANTY DEED),0.3,True,AR
16-20794-000,3/23/2019,0.0,QCD(QUITCLAIM DEED),0.3,True,AR
16-20794-000,2/11/2019,0.0,RD(REDEMPTION DEED),0.3,True,AR
16-20794-000,11/10/2005,9000.0,WD(WARRANTY DEED),0.3,True,AR
16-20794-000,8/12/1983,11000.0,WD(WARRANTY DEED),0.3,True,AR
16-20795-000,10/20/2015,0.0,WD(WARRANTY DEED),0.24,True,AR
16-20795-000,11/17/2014,98000.0,WD(WARRANTY DEED),0.24,True,AR
16-20795-000,10/27/2005,129000.0,WD(WARRANTY DEED),0.24,True,AR
16-20795-000,1/17/2003,0.0,QCD(QUITCLAIM DEED),0.24,True,AR
16-20795-000,3/23/2000,96000.0,WD(WARRANTY DEED),0.24,True,AR
16-20795-000,4/8/1999,3000.0,WD(WARRANTY DEED),0.24,True,AR
16-20795-000,1/24/1997,0.0,CONT(CONTRACT),0.24,True,AR
16-20795-000,3/23/1991,0.0,CONT(CONTRACT),0.24,True,AR
16-20795-000,10/11/1990,0.0,CONT(CONTRACT),0.24,True,AR
16-20795-000,10/6/1988,0.0,CONT(CONTRACT),0.24,True,AR
16-20795-000,6/10/1988,0.0,CONT(CONTRACT),0.24,True,AR
16-20795-000,9/18/1981,6000.0,WD(WARRANTY DEED),0.24,True,AR
16-20795-000,5/27/1981,0.0,CONT(CONTRACT),0.24,True,AR
16-20795-000,12/6/1976,8000.0,WD(WARRANTY DEED),0.24,True,AR
16-20796-000,5/15/2024,0.0,BD(BENEFICIARY DEED),0.3,False,AR
16-20796-000,12/8/2023,16000.0,WD(WARRANTY DEED),0.3,False,AR
16-20796-000,12/5/2023,7800.0,WD(WARRANTY DEED),0.3,False,AR
16-20796-000,8/4/2008,0.0,DC(DEATH CERTIFICATE),0.3,False,AR
16-20796-000,8/23/2003,0.0,WD(WARRANTY DEED),0.3,False,AR
16-20796-000,12/10/2002,0.0,DC(DEATH CERTIFICATE),0.3,False,AR
16-20796-000,12/10/2002,0.0,DC(DEATH CERTIFICATE),0.3,False,AR
16-20796-000,12/15/1981,7000.0,WD(WARRANTY DEED),0.3,False,AR
16-20797-000,5/15/2024,0.0,BD(BENEFICIARY DEED),0.28,True,AR
16-20797-000,5/16/2023,355000.0,WD(WARRANTY DEED),0.28,True,AR
16-20797-000,10/15/2021,305000.0,WD(WARRANTY DEED),0.28,True,AR
16-20797-000,5/29/2018,0.0,QCD(QUITCLAIM DEED),0.28,True,AR
16-20797-000,5/29/2018,180000.0,WD(WARRANTY DEED),0.28,True,AR
16-20797-000,9/20/2005,166000.0,WD(WARRANTY DEED),0.28,True,AR
16-20797-000,3/3/2004,5000.0,WD(WARRANTY DEED),0.28,True,AR
16-20797-000,7/23/2003,2000.0,WD(WARRANTY DEED),0.28,True,AR
16-20797-000,11/24/1992,0.0,ML(MARRIAGE LICENSE),0.28,True,AR
16-20797-000,11/23/1992,0.0,QCD(QUITCLAIM DEED),0.28,True,AR
16-20797-000,11/10/1992,0.0,QCD(QUITCLAIM DEED),0.28,True,AR
16-20797-000,8/25/1984,0.0,DC(DEATH CERTIFICATE),0.28,True,AR
16-20797-000,11/5/1975,8000.0,WD(WARRANTY DEED),0.28,True,AR
16-20798-000,4/11/1987,0.0,CONT(CONTRACT),0.27,False,MO
16-20798-000,5/20/1986,8000.0,WD(WARRANTY DEED),0.27,False,MO
16-20798-000,5/26/1983,7000.0,WD(WARRANTY DEED),0.27,False,MO
16-20799-000,6/14/2022,0.0,QCD(QUITCLAIM DEED),0.26,True,AR
16-20799-000,9/9/2021,0.0,QCD(QUITCLAIM DEED),0.26,True,AR
16-20799-000,9/3/2021,249000.0,WD(WARRANTY DEED),0.26,True,AR
16-20799-000,3/16/2018,130000.0,WD(WARRANTY DEED),0.26,True,AR
16-20799-000,7/3/2014,102000.0,SWD(SPECIAL WARRANTY DEED),0.26,True,AR
16-20799-000,4/12/2013,0.0,MTG-D(MORTGAGEE'S DEED),0.26,True,AR
16-20799-000,7/11/2007,150000.0,WD(WARRANTY DEED),0.26,True,AR
16-20799-000,4/7/2004,6000.0,WD(WARRANTY DEED),0.26,True,AR
16-20799-000,10/21/2003,0.0,WD(WARRANTY DEED),0.26,True,AR
16-20799-000,6/17/1997,0.0,QCD(QUITCLAIM DEED),0.26,True,AR
16-20799-000,11/9/1978,9000.0,WD(WARRANTY DEED),0.26,True,AR
16-20800-000,6/25/2019,135000.0,WD(WARRANTY DEED),0.28,True,AR
16-20800-000,3/2/2017,127000.0,WD(WARRANTY DEED),0.28,True,AR
16-20800-000,11/17/2006,85000.0,WD(WARRANTY DEED),0.28,True,AR
16-20800-000,10/13/2000,0.0,DEED(GRANT DEED),0.28,True,AR
16-20800-000,8/8/2000,0.0,WD(WARRANTY DEED),0.28,True,AR
16-20800-000,6/12/2000,0.0,COMMD(COMMISSIONERS DEED),0.28,True,AR
16-20800-000,10/23/1996,58000.0,WD(WARRANTY DEED),0.28,True,AR
16-20800-000,7/9/1976,30000.0,WD(WARRANTY DEED),0.28,True,AR
16-20801-000,1/30/2023,308000.0,WD(WARRANTY DEED),0.29,True,AR
16-20801-000,1/25/2022,12500.0,WD(WARRANTY DEED),0.29,True,AR
16-20801-000,10/4/2021,26000.0,WD(WARRANTY DEED),0.29,True,AR
16-20801-000,10/13/2020,2000.0,WD(WARRANTY DEED),0.29,True,AR
16-20801-000,2/12/2020,0.0,DC(DEATH CERTIFICATE),0.29,True,AR
16-20801-000,7/20/2017,0.0,BD(BENEFICIARY DEED),0.29,True,AR
16-20801-000,6/14/1999,0.0,DC(DEATH CERTIFICATE),0.29,True,AR
16-20801-000,9/10/1989,0.0,CONT(CONTRACT),0.29,True,AR
16-20801-000,8/17/1989,10000.0,WD(WARRANTY DEED),0.29,True,AR
16-20801-000,4/3/1989,0.0,DC(DEATH CERTIFICATE),0.29,True,AR
16-20801-000,9/7/1982,7000.0,WD(WARRANTY DEED),0.29,True,AR
16-20802-000,6/8/2022,0.0,WD(WARRANTY DEED),0.27,False,AR
16-20802-000,3/6/2020,235000.0,TRWD(TRUSTEES WARRANTY DEED),0.27,False,AR
16-20802-000,4/7/2018,0.0,DC(DEATH CERTIFICATE),0.27,False,AR
16-20802-000,4/7/2018,0.0,DC(DEATH CERTIFICATE),0.27,False,AR
16-20802-000,9/20/2013,0.0,WD(WARRANTY DEED),0.27,False,AR
16-20802-000,9/20/2013,0.0,CERT(CERTIFICATE),0.27,False,AR
16-20802-000,8/21/2002,4000.0,WD(WARRANTY DEED),0.27,False,AR
16-20802-000,2/10/1988,6000.0,WD(WARRANTY DEED),0.27,False,AR
16-20802-000,12/18/1986,0.0,QCD(QUITCLAIM DEED),0.27,False,AR
16-20802-000,4/30/1986,0.0,DEC(DECREE),0.27,False,AR
16-20802-000,5/28/1982,6000.0,WD(WARRANTY DEED),0.27,False,AR
16-20803-000,6/8/2022,0.0,WD(WARRANTY DEED),0.27,True,AR
16-20803-000,3/6/2020,235000.0,TRWD(TRUSTEES WARRANTY DEED),0.27,True,AR
16-20803-000,4/7/2018,0.0,DC(DEATH CERTIFICATE),0.27,True,AR
16-20803-000,4/7/2018,0.0,DC(DEATH CERTIFICATE),0.27,True,AR
16-20803-000,9/20/2013,0.0,WD(WARRANTY DEED),0.27,True,AR
16-20803-000,9/20/2013,0.0,CERT(CERTIFICATE),0.27,True,AR
16-20803-000,10/1/2001,135000.0,WD(WARRANTY DEED),0.27,True,AR
16-20803-000,5/4/2001,80000.0,WD(WARRANTY DEED),0.27,True,AR
16-20803-000,5/4/2001,0.0,TRAG(TRUST AGREEMENT),0.27,True,AR
16-20803-000,6/24/1991,0.0,WD(WARRANTY DEED),0.27,True,AR
16-20803-000,10/7/1987,106000.0,WD(WARRANTY DEED),0.27,True,AR
16-20803-000,4/22/1982,10000.0,WD(WARRANTY DEED),0.27,True,AR
16-20804-000,5/12/2023,425000.0,WD(WARRANTY DEED),0.31,True,MO
16-20804-000,3/15/2022,326000.0,WD(WARRANTY DEED),0.31,True,MO
16-20804-000,7/30/2020,0.0,QCD(QUITCLAIM DEED),0.31,True,MO
16-20804-000,8/20/2019,220000.0,TRWD(TRUSTEES WARRANTY DEED),0.31,True,MO
16-20804-000,8/20/2019,0.0,CERT(CERTIFICATE),0.31,True,MO
16-20804-000,7/23/2015,0.0,WD(WARRANTY DEED),0.31,True,MO
16-20804-000,7/11/1988,6000.0,WD(WARRANTY DEED),0.31,True,MO
16-20804-000,5/19/1975,10000.0,WD(WARRANTY DEED),0.31,True,MO
16-20805-000,5/12/2023,5000.0,WD(WARRANTY DEED),0.24,False,MO
16-20805-000,3/15/2022,326000.0,WD(WARRANTY DEED),0.24,False,MO
16-20805-000,7/30/2020,0.0,QCD(QUITCLAIM DEED),0.24,False,MO
16-20805-000,8/20/2019,220000.0,TRWD(TRUSTEES WARRANTY DEED),0.24,False,MO
16-20805-000,8/20/2019,0.0,CERT(CERTIFICATE),0.24,False,MO
16-20805-000,7/23/2015,0.0,WD(WARRANTY DEED),0.24,False,MO
16-20805-000,4/26/2013,0.0,COMMD(COMMISSIONERS DEED),0.24,False,MO
16-20805-000,8/2/2010,0.0,RD(REDEMPTION DEED),0.24,False,MO
16-20805-000,8/28/2009,5000.0,WD(WARRANTY DEED),0.24,False,MO
16-20805-000,10/19/2005,6000.0,WD(WARRANTY DEED),0.24,False,MO
16-20805-000,8/3/1989,9000.0,WD(WARRANTY DEED),0.24,False,MO
16-20805-000,12/22/1983,0.0,WD(WARRANTY DEED),0.24,False,MO
16-20805-000,7/1/1977,9000.0,WD(WARRANTY DEED),0.24,False,MO
16-20805-000,9/13/1976,12000.0,WD(WARRANTY DEED),0.24,False,MO
16-20805-000,9/8/1976,9000.0,WD(WARRANTY DEED),0.24,False,MO
16-20806-000,2/17/2022,0.0,BD(BENEFICIARY DEED),0.26,False,AR
16-20806-000,10/5/2021,0.0,LWD(LIMITED WARRANTY DEED),0.26,False,AR
16-20806-000,2/22/2007,36000.0,WD(WARRANTY DEED),0.26,False,AR
16-20806-000,11/15/2005,6000.0,WD(WARRANTY DEED),0.26,False,AR
16-20806-000,4/7/1998,0.0,QCD(QUITCLAIM DEED),0.26,False,AR
16-20806-000,11/11/1982,10000.0,WD(WARRANTY DEED),0.26,False,AR
16-20807-000,7/26/2019,0.0,BD(BENEFICIARY DEED),0.28,False,FL
16-20807-000,1/22/2017,0.0,DC(DEATH CERTIFICATE),0.28,False,FL
16-20807-000,6/2/2006,35000.0,WD(WARRANTY DEED),0.28,False,FL
16-20807-000,9/20/2005,8000.0,WD(WARRANTY DEED),0.28,False,FL
16-20807-000,10/1/1988,0.0,CONT(CONTRACT),0.28,False,FL
16-20807-000,6/15/1988,9000.0,WD(WARRANTY DEED),0.28,False,FL
16-20807-000,7/26/1972,10000.0,WD(WARRANTY DEED),0.28,False,FL
16-20808-000,4/11/1989,9100.0,WD(WARRANTY DEED),0.27,False,MO
16-20808-000,9/29/1976,10000.0,WD(WARRANTY DEED),0.27,False,MO
16-20809-000,11/25/2002,0.0,RD(REDEMPTION DEED),0.24,False,AR
16-20809-000,9/10/1999,0.0,WD(WARRANTY DEED),0.24,False,AR
16-20809-000,11/11/1993,0.0,CONT(CONTRACT),0.24,False,AR
16-20809-000,11/1/1988,0.0,CONT(CONTRACT),0.24,False,AR
16-20809-000,5/13/1986,10000.0,WD(WARRANTY DEED),0.24,False,AR
16-20809-000,9/15/1983,10000.0,WD(WARRANTY DEED),0.24,False,AR
16-20810-000,6/5/2024,10000.0,WD(WARRANTY DEED),0.25,False,TX
16-20810-000,2/11/2019,0.0,RD(REDEMPTION DEED),0.25,False,TX
16-20810-000,10/12/2005,5000.0,WD(WARRANTY DEED),0.25,False,TX
16-20810-000,11/25/2002,0.0,RD(REDEMPTION DEED),0.25,False,TX
16-20810-000,12/14/1998,0.0,WD(WARRANTY DEED),0.25,False,TX
16-20810-000,8/16/1998,0.0,DC(DEATH CERTIFICATE),0.25,False,TX
16-20810-000,4/6/1994,0.0,CONT(CONTRACT),0.25,False,TX
16-20810-000,3/23/1990,0.0,CONT(CONTRACT),0.25,False,TX
16-20810-000,10/19/1989,0.0,CONT(CONTRACT),0.25,False,TX
16-20810-000,8/2/1989,0.0,CONT(CONTRACT),0.25,False,TX
16-20811-000,1/16/2020,0.0,WD(WARRANTY DEED),0.24,True,AR
16-20811-000,1/16/2020,0.0,CERT(CERTIFICATE),0.24,True,AR
16-20811-000,3/22/2011,73000.0,WD(WARRANTY DEED),0.24,True,AR
16-20811-000,12/21/2010,0.0,SWD(SPECIAL WARRANTY DEED),0.24,True,AR
16-20811-000,3/29/2010,0.0,MTG-D(MORTGAGEE'S DEED),0.24,True,AR
16-20811-000,3/5/2010,0.0,SWD(SPECIAL WARRANTY DEED),0.24,True,AR
16-20811-000,1/8/2008,133000.0,WD(WARRANTY DEED),0.24,True,AR
16-20811-000,12/28/2005,125000.0,WD(WARRANTY DEED),0.24,True,AR
16-20811-000,8/12/1996,85000.0,WD(WARRANTY DEED),0.24,True,AR
16-20811-000,2/1/1989,15000.0,WD(WARRANTY DEED),0.24,True,AR
16-20811-000,4/1/1988,0.0,WD(WARRANTY DEED),0.24,True,AR
16-20811-000,9/15/1983,14000.0,WD(WARRANTY DEED),0.24,True,AR
16-20812-000,8/19/2022,0.0,WD(WARRANTY DEED),0.23,False,AR
16-20812-000,8/19/2022,650000.0,WD(WARRANTY DEED),0.23,False,AR
16-20812-000,8/23/2019,0.0,LWD(LIMITED WARRANTY DEED),0.23,False,AR
16-20812-000,12/5/2012,202000.0,WD(WARRANTY DEED),0.23,False,AR
16-20812-000,12/3/2012,24000.0,CWD(CORPORATION WARRANTY DEED),0.23,False,AR
16-20812-000,1/13/2006,0.0,RD(REDEMPTION DEED),0.23,False,AR
16-20812-000,12/7/2005,6000.0,WD(WARRANTY DEED),0.23,False,AR
16-20812-000,1/17/2001,0.0,DC(DEATH CERTIFICATE),0.23,False,AR
16-20812-000,12/22/2000,0.0,RD(REDEMPTION DEED),0.23,False,AR
16-20812-000,7/6/1992,9000.0,WD(WARRANTY DEED),0.23,False,AR
16-20812-000,9/29/1981,0.0,CONT(CONTRACT),0.23,False,AR
16-20813-000,8/1/2023,0.0,WD(WARRANTY DEED),1.01,True,AR
16-20813-000,3/5/2012,460000.0,WD(WARRANTY DEED),1.01,True,AR
16-20813-000,7/17/2000,335000.0,WD(WARRANTY DEED),1.01,True,AR
16-20813-000,11/8/1999,0.0,WD(WARRANTY DEED),1.01,True,AR
16-20813-000,10/29/1999,0.0,CERT(CERTIFICATE),1.01,True,AR
16-20813-000,2/6/1989,0.0,DC(DEATH CERTIFICATE),1.01,True,AR
16-20813-000,11/29/1982,30000.0,WD(WARRANTY DEED),1.01,True,AR
16-20814-000,5/5/2025,0.0,QCD(QUITCLAIM DEED),0.76,True,AR
16-20814-000,9/9/2021,1285000.0,WD(WARRANTY DEED),0.76,True,AR
16-20814-000,8/25/2018,825000.0,WD(WARRANTY DEED),0.76,True,AR
16-20814-000,8/10/2006,708000.0,WD(WARRANTY DEED),0.76,True,AR
16-20814-000,4/5/2006,0.0,WD(WARRANTY DEED),0.76,True,AR
16-20814-000,3/29/2006,0.0,WD(WARRANTY DEED),0.76,True,AR
16-20814-000,10/15/2002,0.0,WD(WARRANTY DEED),0.76,True,AR
16-20814-000,10/15/2002,0.0,WD(WARRANTY DEED),0.76,True,AR
16-20814-000,2/8/2002,0.0,WD(WARRANTY DEED),0.76,True,AR
16-20814-000,1/22/2002,0.0,WD(WARRANTY DEED),0.76,True,AR
16-20814-000,1/7/1998,0.0,WD(WARRANTY DEED),0.76,True,AR
16-20814-000,10/20/1997,0.0,WD(WARRANTY DEED),0.76,True,AR
16-20814-000,10/28/1996,0.0,TRAG(TRUST AGREEMENT),0.76,True,AR
16-20814-000,10/28/1996,0.0,TRAG(TRUST AGREEMENT),0.76,True,AR
16-20814-000,10/22/1996,0.0,QCD(QUITCLAIM DEED),0.76,True,AR
16-20814-000,12/28/1987,45000.0,WD(WARRANTY DEED),0.76,True,AR
16-20814-000,11/15/1982,28000.0,WD(WARRANTY DEED),0.76,True,AR
16-20814-000,11/1/1982,15000.0,WD(WARRANTY DEED),0.76,True,AR
16-20815-000,6/30/2023,0.0,WD(WARRANTY DEED),0.48,True,AR
16-20815-000,6/30/2023,0.0,CERT(CERTIFICATE),0.48,True,AR
16-20815-000,3/30/2005,0.0,QCD(QUITCLAIM DEED),0.48,True,AR
16-20815-000,7/15/2003,0.0,WD(WARRANTY DEED),0.48,True,AR
16-20815-000,7/15/2003,271000.0,WD(WARRANTY DEED),0.48,True,AR
16-20815-000,4/21/1983,25000.0,WD(WARRANTY DEED),0.48,True,AR
16-20815-000,11/3/1982,17000.0,WD(WARRANTY DEED),0.48,True,AR
16-20816-000,8/24/2023,0.0,AFF(AFFIDAVIT),0.54,True,AR
16-20816-000,8/24/2023,0.0,AFF(AFFIDAVIT),0.54,True,AR
16-20816-000,7/13/2023,0.0,BD(BENEFICIARY DEED),0.54,True,AR
16-20816-000,6/22/2023,0.0,BD(BENEFICIARY DEED),0.54,True,AR
16-20816-000,6/22/2023,0.0,QCD(QUITCLAIM DEED),0.54,True,AR
16-20816-000,6/11/2023,0.0,DC(DEATH CERTIFICATE),0.54,True,AR
16-20816-000,5/19/2022,0.0,CERT(CERTIFICATE),0.54,True,AR
16-20816-000,4/6/2015,0.0,CERT(CERTIFICATE),0.54,True,AR
16-20816-000,6/12/2013,0.0,CERT(CERTIFICATE),0.54,True,AR
16-20816-000,8/28/2012,0.0,CERT(CERTIFICATE),0.54,True,AR
16-20816-000,11/22/2011,0.0,MEMO(MEMORANDUM),0.54,True,AR
16-20816-000,9/6/2006,0.0,CERT(CERTIFICATE),0.54,True,AR
16-20816-000,10/26/2005,0.0,CERT(CERTIFICATE),0.54,True,AR
16-20816-000,8/23/2005,325000.0,CORRWD(CORRECTED WARRANTY DEED),0.54,True,AR
16-20816-000,8/23/2005,325000.0,WD(WARRANTY DEED),0.54,True,AR
16-20816-000,3/25/2003,0.0,OR(ORDER),0.54,True,AR
16-20816-000,8/14/2002,245000.0,EXD(EXECUTOR-EXECUTRIX DEED),0.54,True,AR
16-20816-000,6/22/2000,0.0,DC(DEATH CERTIFICATE),0.54,True,AR
16-20816-000,4/3/1995,0.0,CORRWD(CORRECTED WARRANTY DEED),0.54,True,AR
16-20816-000,2/22/1995,212000.0,WD(WARRANTY DEED),0.54,True,AR
16-20816-000,11/10/1994,0.0,DC(DEATH CERTIFICATE),0.54,True,AR
16-20816-000,8/28/1991,0.0,WD(WARRANTY DEED),0.54,True,AR
16-20816-000,8/28/1991,0.0,CERT(CERTIFICATE),0.54,True,AR
16-20816-000,8/25/1975,18000.0,WD(WARRANTY DEED),0.54,True,AR
16-20817-000,7/14/2018,0.0,DC(DEATH CERTIFICATE),0.65,True,AR
16-20817-000,6/23/2009,634000.0,WD(WARRANTY DEED),0.65,True,AR
16-20817-000,2/4/2008,0.0,DC(DEATH CERTIFICATE),0.65,True,AR
16-20817-000,6/26/2001,0.0,AFF(AFFIDAVIT),0.65,True,AR
16-20817-000,2/17/2000,0.0,WD(WARRANTY DEED),0.65,True,AR
16-20817-000,10/6/1997,0.0,MEMO(MEMORANDUM),0.65,True,AR
16-20817-000,5/5/1997,215000.0,WD(WARRANTY DEED),0.65,True,AR
16-20817-000,1/9/1995,0.0,WD(WARRANTY DEED),0.65,True,AR
16-20817-000,1/3/1995,0.0,TRAG(TRUST AGREEMENT),0.65,True,AR
16-20817-000,1/15/1988,165000.0,WD(WARRANTY DEED),0.65,True,AR
16-20817-000,6/22/1987,209000.0,WD(WARRANTY DEED),0.65,True,AR
16-20817-000,8/30/1979,29000.0,WD(WARRANTY DEED),0.65,True,AR
16-20818-000,3/18/2007,0.0,DC(DEATH CERTIFICATE),0.64,True,AR
16-20818-000,6/11/1993,0.0,WD(WARRANTY DEED),0.64,True,AR
16-20818-000,6/11/1993,0.0,TRAG(TRUST AGREEMENT),0.64,True,AR
16-20818-000,6/11/1993,0.0,TRAG(TRUST AGREEMENT),0.64,True,AR
16-20818-000,3/23/1988,43000.0,WD(WARRANTY DEED),0.64,True,AR
16-20819-000,12/27/2023,0.0,WD(WARRANTY DEED),0.47,True,TX
16-20819-000,9/25/2017,365000.0,WD(WARRANTY DEED),0.47,True,TX
16-20819-000,12/22/2016,0.0,TRAG(TRUST AGREEMENT),0.47,True,TX
16-20819-000,12/22/2016,0.0,CERT(CERTIFICATE),0.47,True,TX
16-20819-000,12/9/2016,0.0,CERT(CERTIFICATE),0.47,True,TX
16-20819-000,11/18/2016,0.0,DC(DEATH CERTIFICATE),0.47,True,TX
16-20819-000,6/27/1990,0.0,CORRWD(CORRECTED WARRANTY DEED),0.47,True,TX
16-20819-000,6/13/1990,0.0,WD(WARRANTY DEED),0.47,True,TX
16-20819-000,2/27/1980,12000.0,WD(WARRANTY DEED),0.47,True,TX
16-20820-000,5/20/2025,1250000.0,WD(WARRANTY DEED),0.43,True,AR
16-20820-000,5/5/2025,0.0,WD(WARRANTY DEED),0.43,True,AR
16-20820-000,5/25/2023,800000.0,TRWD(TRUSTEES WARRANTY DEED),0.43,True,AR
16-20820-000,8/22/2019,0.0,TRAG(TRUST AGREEMENT),0.43,True,AR
16-20820-000,8/22/2019,0.0,CERT(CERTIFICATE),0.43,True,AR
16-20820-000,10/10/2006,0.0,QCD(QUITCLAIM DEED),0.43,True,AR
16-20820-000,10/6/2006,0.0,MEMO(MEMORANDUM),0.43,True,AR
16-20820-000,9/8/2006,335000.0,WD(WARRANTY DEED),0.43,True,AR
16-20820-000,8/24/2006,0.0,POA(POWER OF ATTORNEY),0.43,True,AR
16-20820-000,11/20/2005,0.0,DC(DEATH CERTIFICATE),0.43,True,AR
16-20820-000,5/4/1987,0.0,WD(WARRANTY DEED),0.43,True,AR
16-20820-000,9/12/1985,0.0,WD(WARRANTY DEED),0.43,True,AR
16-20820-000,7/15/1982,0.0,CONT(CONTRACT),0.43,True,AR
16-20821-000,7/7/2023,600000.0,WD(WARRANTY DEED),0.36,True,AR
16-20821-000,8/2/2021,0.0,BD(BENEFICIARY DEED),0.36,True,AR
16-20821-000,10/21/2019,0.0,OBIT(OBITUARY),0.36,True,AR
16-20821-000,11/10/1988,0.0,WD(WARRANTY DEED),0.36,True,AR
16-20821-000,3/7/1984,0.0,WD(WARRANTY DEED),0.36,True,AR
16-20822-000,12/30/2020,0.0,CERT(CERTIFICATE),0.39,True,OH
16-20822-000,12/30/2020,0.0,SWD(SPECIAL WARRANTY DEED),0.39,True,OH
16-20822-000,12/28/2020,0.0,OTHER(OTHER DOCUMENT),0.39,True,OH
16-20822-000,12/28/2020,0.0,DC(DEATH CERTIFICATE),0.39,True,OH
16-20822-000,8/5/1996,0.0,WD(WARRANTY DEED),0.39,True,OH
16-20822-000,11/13/1995,0.0,MEMO(MEMORANDUM),0.39,True,OH
16-20822-000,11/13/1995,0.0,MEMO(MEMORANDUM),0.39,True,OH
16-20822-000,10/28/1979,25000.0,WD(WARRANTY DEED),0.39,True,OH
16-20823-000,7/12/2016,0.0,CERT(CERTIFICATE),0.48,True,AR
16-20823-000,2/22/2016,0.0,WD(WARRANTY DEED),0.48,True,AR
16-20823-000,9/19/2002,275000.0,WD(WARRANTY DEED),0.48,True,AR
16-20823-000,5/24/2002,0.0,HIST(HISTORICAL),0.48,True,AR
16-20823-000,5/24/2002,0.0,HIST(HISTORICAL),0.48,True,AR
16-20823-000,5/24/2002,0.0,HIST(HISTORICAL),0.48,True,AR
16-20823-000,5/24/2002,0.0,HIST(HISTORICAL),0.48,True,AR
16-20823-000,5/24/2002,0.0,HIST(HISTORICAL),0.48,True,AR
16-20823-000,5/24/2002,0.0,HIST(HISTORICAL),0.48,True,AR
16-20823-000,2/19/1999,0.0,WD(WARRANTY DEED),0.48,True,AR
16-20823-000,2/12/1999,0.0,CERT(CERTIFICATE),0.48,True,AR
16-20823-000,2/12/1999,0.0,CERT(CERTIFICATE),0.48,True,AR
16-20823-000,5/25/1988,0.0,WD(WARRANTY DEED),0.48,True,AR
16-20823-000,6/28/1983,0.0,WD(WARRANTY DEED),0.48,True,AR
16-20824-000,6/6/2021,0.0,OTHER(OTHER DOCUMENT),0.48,True,AR
16-20824-000,12/27/2010,0.0,DC(DEATH CERTIFICATE),0.48,True,AR
16-20824-000,10/14/2010,0.0,WILL(WILL),0.48,True,AR
16-20824-000,1/2/2003,0.0,WD(WARRANTY DEED),0.48,True,AR
16-20824-000,3/8/2001,260000.0,WD(WARRANTY DEED),0.48,True,AR
16-20824-000,10/11/1995,0.0,WD(WARRANTY DEED),0.48,True,AR
16-20824-000,8/29/1995,0.0,TRAG(TRUST AGREEMENT),0.48,True,AR
16-20824-000,12/15/1986,0.0,CONT(CONTRACT),0.48,True,AR
16-20824-000,6/23/1986,42000.0,WD(WARRANTY DEED),0.48,True,AR
16-20824-000,2/16/1981,25000.0,WD(WARRANTY DEED),0.48,True,AR
16-20825-000,9/7/2017,0.0,QCD(QUITCLAIM DEED),0.64,True,IL
16-20825-000,6/15/2009,350000.0,WD(WARRANTY DEED),0.64,True,IL
16-20825-000,1/26/2005,304000.0,TRD(TRUSTEES DEED),0.64,True,IL
16-20825-000,6/7/2004,0.0,CERT(CERTIFICATE),0.64,True,IL
16-20825-000,1/1/2004,0.0,DC(DEATH CERTIFICATE),0.64,True,IL
16-20825-000,5/20/1993,0.0,WD(WARRANTY DEED),0.64,True,IL
16-20825-000,9/27/1990,0.0,FD(FIDUCIARY DEED),0.64,True,IL
16-20825-000,10/12/1986,0.0,DC(DEATH CERTIFICATE),0.64,True,IL
16-20825-000,5/27/1986,0.0,WD(WARRANTY DEED),0.64,True,IL
16-20825-000,3/29/1979,25000.0,WD(WARRANTY DEED),0.64,True,IL
16-20826-000,5/5/2020,0.0,WD(WARRANTY DEED),0.71,True,AR
16-20826-000,5/5/2020,0.0,CERT(CERTIFICATE),0.71,True,AR
16-20826-000,1/19/2015,0.0,QCD(QUITCLAIM DEED),0.71,True,AR
16-20826-000,1/19/2015,0.0,QCD(QUITCLAIM DEED),0.71,True,AR
16-20826-000,2/15/2008,0.0,TRD(TRUSTEES DEED),0.71,True,AR
16-20826-000,5/31/1996,0.0,WD(WARRANTY DEED),0.71,True,AR
16-20826-000,5/29/1996,0.0,CERT(CERTIFICATE),0.71,True,AR
16-20826-000,7/30/1987,90000.0,WD(WARRANTY DEED),0.71,True,AR
16-20826-000,4/1/1982,38000.0,WD(WARRANTY DEED),0.71,True,AR
16-20827-000,1/9/2025,0.0,BD(BENEFICIARY DEED),0.61,True,AR
16-20827-000,8/3/1995,325000.0,WD(WARRANTY DEED),0.61,True,AR
16-20827-000,9/18/1981,15000.0,WD(WARRANTY DEED),0.61,True,AR
16-20828-000,"2,320",464.0,464,20.91,False,AR
16-20828-000,0,0.0,0,20.91,False,AR
16-20828-000,"2,320",464.0,464,20.91,False,AR
16-20828-000,,464.0,464,20.91,False,AR
16-20828-000,,0.06193,0.06193,20.91,False,AR
16-20828-000,,4.18,4.18,20.91,False,AR
16-28915-000,10/16/2023,379000.0,WD(WARRANTY DEED),0.54,True,AR
16-28915-000,6/16/2022,0.0,QCD(QUITCLAIM DEED),0.54,True,AR
16-28915-000,2/18/2022,13000.0,WD(WARRANTY DEED),0.54,True,AR
16-28915-000,1/26/2020,0.0,DC(DEATH CERTIFICATE),0.54,True,AR
16-28915-000,1/14/2020,0.0,FD(FIDUCIARY DEED),0.54,True,AR
16-28915-000,12/20/2019,0.0,WD(WARRANTY DEED),0.54,True,AR
16-28915-000,8/29/2017,0.0,WD(WARRANTY DEED),0.54,True,AR
16-28915-000,8/29/2017,0.0,CERT(CERTIFICATE),0.54,True,AR
16-28915-000,3/10/2004,2000.0,WD(WARRANTY DEED),0.54,True,AR
16-28915-000,2/28/2003,0.0,QCD(QUITCLAIM DEED),0.54,True,AR
16-28915-000,3/6/2000,0.0,WD(WARRANTY DEED),0.54,True,AR
16-28915-000,10/13/1975,4000.0,WD(WARRANTY DEED),0.54,True,AR
16-28916-000,10/2/2019,0.0,LWD(LIMITED WARRANTY DEED),0.51,False,AR
16-28916-000,11/9/2012,0.0,LWD(LIMITED WARRANTY DEED),0.51,False,AR
16-28916-000,1/9/2002,0.0,WD(WARRANTY DEED),0.51,False,AR
16-28916-000,5/27/1987,0.0,QCD(QUITCLAIM DEED),0.51,False,AR
16-28916-000,11/13/1986,3000.0,WD(WARRANTY DEED),0.51,False,AR
16-28916-000,6/26/1986,2000.0,WD(WARRANTY DEED),0.51,False,AR
16-28916-000,2/25/1984,0.0,WD(WARRANTY DEED),0.51,False,AR
16-28917-000,10/27/2020,0.0,BD(BENEFICIARY DEED),0.42,True,AR
16-28917-000,8/29/1997,45000.0,WD(WARRANTY DEED),0.42,True,AR
16-28917-000,12/8/1989,34000.0,WD(WARRANTY DEED),0.42,True,AR
16-28917-000,5/16/1988,25000.0,WD(WARRANTY DEED),0.42,True,AR
16-28918-000,11/9/2022,40000.0,WD(WARRANTY DEED),0.3,False,AR
16-28918-000,7/7/2020,15000.0,WD(WARRANTY DEED),0.3,False,AR
16-28918-000,2/4/2008,6000.0,WD(WARRANTY DEED),0.3,False,AR
16-28918-000,5/17/2006,0.0,QCD(QUITCLAIM DEED),0.3,False,AR
16-28918-000,4/18/2006,5000.0,WD(WARRANTY DEED),0.3,False,AR
16-28918-000,5/23/2002,0.0,QCD(QUITCLAIM DEED),0.3,False,AR
16-28918-000,3/6/1987,7000.0,WD(WARRANTY DEED),0.3,False,AR
16-28918-000,9/15/1982,8000.0,WD(WARRANTY DEED),0.3,False,AR
16-28919-000,11/9/2022,40000.0,WD(WARRANTY DEED),0.36,False,AR
16-28919-000,7/7/2020,15000.0,WD(WARRANTY DEED),0.36,False,AR
16-28919-000,5/1/2008,10000.0,TRD(TRUSTEES DEED),0.36,False,AR
16-28919-000,9/27/2007,0.0,CERT(CERTIFICATE),0.36,False,AR
16-28919-000,9/27/2007,0.0,SWD(SPECIAL WARRANTY DEED),0.36,False,AR
16-28919-000,6/2/1992,1000.0,WD(WARRANTY DEED),0.36,False,AR
16-28919-000,6/1/1992,1000.0,WD(WARRANTY DEED),0.36,False,AR
16-28919-000,4/13/1991,0.0,DC(DEATH CERTIFICATE),0.36,False,AR
16-28919-000,4/23/1971,4000.0,WD(WARRANTY DEED),0.36,False,AR
16-28920-000,11/9/2022,40000.0,WD(WARRANTY DEED),0.4,False,AR
16-28920-000,7/7/2020,15000.0,WD(WARRANTY DEED),0.4,False,AR
16-28920-000,11/27/2007,5000.0,WD(WARRANTY DEED),0.4,False,AR
16-28920-000,5/25/2005,0.0,COMMD(COMMISSIONERS DEED),0.4,False,AR
16-28920-000,9/17/1997,0.0,WD(WARRANTY DEED),0.4,False,AR
16-28920-000,10/7/1993,0.0,SWD(SPECIAL WARRANTY DEED),0.4,False,AR
16-28920-000,7/30/1986,0.0,GD(GUARDIANS DEED),0.4,False,AR
16-28920-000,2/20/1979,0.0,DC(DEATH CERTIFICATE),0.4,False,AR
16-28920-000,2/14/1973,7000.0,WD(WARRANTY DEED),0.4,False,AR
16-28921-000,12/21/2023,17000.0,WD(WARRANTY DEED),0.42,False,AR
16-28921-000,8/8/2023,0.0,OR(ORDER),0.42,False,AR
16-28921-000,7/28/2023,17000.0,WD(WARRANTY DEED),0.42,False,AR
16-28921-000,11/9/2021,12000.0,WD(WARRANTY DEED),0.42,False,AR
16-28921-000,8/26/2020,0.0,RD(REDEMPTION DEED),0.42,False,AR
16-28921-000,11/5/2009,0.0,WD(WARRANTY DEED),0.42,False,AR
16-28921-000,8/21/2009,0.0,DEED(GRANT DEED),0.42,False,AR
16-28921-000,9/15/2008,0.0,DEED(GRANT DEED),0.42,False,AR
16-28921-000,4/11/2006,7000.0,WD(WARRANTY DEED),0.42,False,AR
16-28921-000,11/4/1983,5000.0,WD(WARRANTY DEED),0.42,False,AR
16-28922-000,6/26/2020,215000.0,WD(WARRANTY DEED),0.44,True,AR
16-28922-000,2/21/2020,100000.0,WD(WARRANTY DEED),0.44,True,AR
16-28922-000,4/2/2019,0.0,DC(DEATH CERTIFICATE),0.44,True,AR
16-28922-000,4/2/2019,0.0,DC(DEATH CERTIFICATE),0.44,True,AR
16-28922-000,12/12/2016,0.0,DC(DEATH CERTIFICATE),0.44,True,AR
16-28922-000,8/31/2016,0.0,BD(BENEFICIARY DEED),0.44,True,AR
16-28922-000,10/19/1998,67000.0,WD(WARRANTY DEED),0.44,True,AR
16-28922-000,10/19/1998,0.0,POA(POWER OF ATTORNEY),0.44,True,AR
16-28922-000,7/24/1990,60000.0,WD(WARRANTY DEED),0.44,True,AR
16-28922-000,7/28/1980,51000.0,WD(WARRANTY DEED),0.44,True,AR
16-28923-000,1/31/2025,0.0,QCD(QUITCLAIM DEED),0.5,True,AR
16-28923-000,11/26/2024,0.0,QCD(QUITCLAIM DEED),0.5,True,AR
16-28923-000,11/25/2024,0.0,QCD(QUITCLAIM DEED),0.5,True,AR
16-28923-000,7/28/2021,0.0,WD(WARRANTY DEED),0.5,True,AR
16-28923-000,10/7/2019,0.0,WD(WARRANTY DEED),0.5,True,AR
16-28923-000,9/24/2014,56000.0,SWD(SPECIAL WARRANTY DEED),0.5,True,AR
16-28923-000,12/12/2013,0.0,MTG-D(MORTGAGEE'S DEED),0.5,True,AR
16-28923-000,11/21/2010,0.0,DC(DEATH CERTIFICATE),0.5,True,AR
16-28923-000,12/12/2000,72000.0,WD(WARRANTY DEED),0.5,True,AR
16-28923-000,11/17/2000,0.0,AFF(AFFIDAVIT),0.5,True,AR
16-28923-000,11/30/1997,0.0,DC(DEATH CERTIFICATE),0.5,True,AR
16-28923-000,4/8/1997,0.0,QCD(QUITCLAIM DEED),0.5,True,AR
16-28923-000,6/1/1979,59000.0,WD(WARRANTY DEED),0.5,True,AR
16-28924-000,9/11/2008,0.0,QCD(QUITCLAIM DEED),0.33,True,AR
16-28924-000,12/1/2005,125000.0,TRD(TRUSTEES DEED),0.33,True,AR
16-28924-000,12/1/2005,0.0,DC(DEATH CERTIFICATE),0.33,True,AR
16-28924-000,5/28/2002,0.0,WD(WARRANTY DEED),0.33,True,AR
16-28924-000,9/5/1984,85000.0,WD(WARRANTY DEED),0.33,True,AR
16-28925-000,2/21/2025,281250.0,WD(WARRANTY DEED),0.28,True,AR
16-28925-000,9/22/2023,256000.0,WD(WARRANTY DEED),0.28,True,AR
16-28925-000,1/29/2023,0.0,DC(DEATH CERTIFICATE),0.28,True,AR
16-28925-000,8/1/2018,143000.0,WD(WARRANTY DEED),0.28,True,AR
16-28925-000,7/26/2018,0.0,POA(POWER OF ATTORNEY),0.28,True,AR
16-28925-000,6/27/2007,0.0,QCD(QUITCLAIM DEED),0.28,True,AR
16-28925-000,7/17/2006,118000.0,WD(WARRANTY DEED),0.28,True,AR
16-28925-000,11/18/2004,0.0,TRAG(TRUST AGREEMENT),0.28,True,AR
16-28925-000,11/17/2004,0.0,WD(WARRANTY DEED),0.28,True,AR
16-28925-000,5/3/1993,80000.0,WD(WARRANTY DEED),0.28,True,AR
16-28925-000,12/11/1982,4000.0,WD(WARRANTY DEED),0.28,True,AR
16-28926-000,9/30/2021,249000.0,WD(WARRANTY DEED),0.34,True,AR
16-28926-000,4/20/2019,3000.0,WD(WARRANTY DEED),0.34,True,AR
16-28926-000,3/10/2014,0.0,QCD(QUITCLAIM DEED),0.34,True,AR
16-28926-000,10/16/2013,95000.0,WD(WARRANTY DEED),0.34,True,AR
16-28926-000,1/21/2010,107000.0,WD(WARRANTY DEED),0.34,True,AR
16-28926-000,11/25/2008,74000.0,SWD(SPECIAL WARRANTY DEED),0.34,True,AR
16-28926-000,10/8/2008,0.0,MTG-D(MORTGAGEE'S DEED),0.34,True,AR
16-28926-000,11/2/2004,105000.0,WD(WARRANTY DEED),0.34,True,AR
16-28926-000,6/20/2001,55000.0,WD(WARRANTY DEED),0.34,True,AR
16-28926-000,3/27/1995,57000.0,WD(WARRANTY DEED),0.34,True,AR
16-28926-000,3/21/1995,0.0,WILL(WILL),0.34,True,AR
16-28926-000,3/9/1995,0.0,TRAG(TRUST AGREEMENT),0.34,True,AR
16-28926-000,3/9/1995,0.0,TRNOT(TRUSTEES NOTICE),0.34,True,AR
16-28926-000,6/28/1984,58000.0,WD(WARRANTY DEED),0.34,True,AR
16-28927-000,10/12/2020,265000.0,WD(WARRANTY DEED),0.32,False,MO
16-28927-000,4/8/2010,0.0,QCD(QUITCLAIM DEED),0.32,False,MO
16-28927-000,12/9/2008,0.0,COMMD(COMMISSIONERS DEED),0.32,False,MO
16-28927-000,12/9/2008,0.0,COMMD(COMMISSIONERS DEED),0.32,False,MO
16-28927-000,2/13/2007,0.0,RD(REDEMPTION DEED),0.32,False,MO
16-28927-000,9/29/1997,0.0,RD(REDEMPTION DEED),0.32,False,MO
16-28927-000,6/24/1980,0.0,SWD(SPECIAL WARRANTY DEED),0.32,False,MO
16-28928-000,2/15/2022,7000.0,WD(WARRANTY DEED),0.27,False,TX
16-28928-000,8/26/2020,0.0,RD(REDEMPTION DEED),0.27,False,TX
16-28928-000,11/5/2009,0.0,WD(WARRANTY DEED),0.27,False,TX
16-28928-000,8/21/2009,0.0,DEED(GRANT DEED),0.27,False,TX
16-28928-000,9/15/2008,0.0,DEED(GRANT DEED),0.27,False,TX
16-28928-000,3/22/2006,9000.0,WD(WARRANTY DEED),0.27,False,TX
16-28928-000,6/12/1975,4000.0,WD(WARRANTY DEED),0.27,False,TX
16-28929-000,3/25/2021,303000.0,WD(WARRANTY DEED),0.24,False,AR
16-28929-000,3/23/2021,0.0,QCD(QUITCLAIM DEED),0.24,False,AR
16-28929-000,8/4/2004,0.0,CORRWD(CORRECTED WARRANTY DEED),0.24,False,AR
16-28929-000,8/6/2003,3000.0,WD(WARRANTY DEED),0.24,False,AR
16-28929-000,10/10/1994,3000.0,WD(WARRANTY DEED),0.24,False,AR
16-28929-000,4/23/1984,7000.0,WD(WARRANTY DEED),0.24,False,AR
16-28929-000,7/26/1981,6000.0,WD(WARRANTY DEED),0.24,False,AR
16-28930-000,3/25/2021,303000.0,WD(WARRANTY DEED),0.29,True,AR
16-28930-000,7/25/2006,158000.0,WD(WARRANTY DEED),0.29,True,AR
16-28930-000,12/27/2001,154000.0,WD(WARRANTY DEED),0.29,True,AR
16-28930-000,10/5/1993,0.0,WD(WARRANTY DEED),0.29,True,AR
16-28930-000,10/27/1984,0.0,DC(DEATH CERTIFICATE),0.29,True,AR
16-28931-000,3/25/2021,303000.0,WD(WARRANTY DEED),0.3,False,AR
16-28931-000,7/2/2014,500.0,SWD(SPECIAL WARRANTY DEED),0.3,False,AR
16-28931-000,7/23/2013,1000.0,QCD(QUITCLAIM DEED),0.3,False,AR
16-28931-000,11/7/2012,0.0,DC(DEATH CERTIFICATE),0.3,False,AR
16-28931-000,8/25/2009,0.0,RD(REDEMPTION DEED),0.3,False,AR
16-28931-000,12/7/1999,0.0,WD(WARRANTY DEED),0.3,False,AR
16-28931-000,12/7/1999,0.0,WD(WARRANTY DEED),0.3,False,AR
16-28931-000,11/5/1999,0.0,TRAG(TRUST AGREEMENT),0.3,False,AR
16-28931-000,9/29/1999,0.0,DC(DEATH CERTIFICATE),0.3,False,AR
16-28931-000,8/11/1999,8000.0,WD(WARRANTY DEED),0.3,False,AR
16-28931-000,10/12/1984,0.0,CONT(CONTRACT),0.3,False,AR
16-28931-000,3/28/1975,4000.0,WD(WARRANTY DEED),0.3,False,AR
16-28932-000,10/6/2023,677000.0,WD(WARRANTY DEED),0.44,True,AR
16-28932-000,2/4/2022,650000.0,WD(WARRANTY DEED),0.44,True,AR
16-28932-000,1/27/2022,0.0,QCD(QUITCLAIM DEED),0.44,True,AR
16-28932-000,1/14/2021,319000.0,WD(WARRANTY DEED),0.44,True,AR
16-28932-000,2/27/2020,336000.0,TRWD(TRUSTEES WARRANTY DEED),0.44,True,AR
16-28932-000,12/5/2014,0.0,CERT(CERTIFICATE),0.44,True,AR
16-28932-000,12/6/2011,0.0,WD(WARRANTY DEED),0.44,True,AR
16-28932-000,10/17/2011,0.0,WD(WARRANTY DEED),0.44,True,AR
16-28932-000,4/15/2010,0.0,QCD(QUITCLAIM DEED),0.44,True,AR
16-28932-000,9/28/2009,219000.0,WD(WARRANTY DEED),0.44,True,AR
16-28932-000,4/16/2009,0.0,COMMD(COMMISSIONERS DEED),0.44,True,AR
16-28932-000,11/21/2006,0.0,WD(WARRANTY DEED),0.44,True,AR
16-28932-000,12/2/2004,9000.0,WD(WARRANTY DEED),0.44,True,AR
16-28932-000,1/4/1983,0.0,WD(WARRANTY DEED),0.44,True,AR
16-28933-000,4/18/2025,635000.0,WD(WARRANTY DEED),0.5,True,AR
16-28933-000,8/31/2020,0.0,BD(BENEFICIARY DEED),0.5,True,AR
16-28933-000,4/11/2018,315000.0,WD(WARRANTY DEED),0.5,True,AR
16-28933-000,10/18/2012,0.0,BD(BENEFICIARY DEED),0.5,True,AR
16-28933-000,9/11/2006,270000.0,WD(WARRANTY DEED),0.5,True,AR
16-28933-000,11/22/2004,17000.0,WD(WARRANTY DEED),0.5,True,AR
16-28933-000,11/22/2004,0.0,POA(POWER OF ATTORNEY),0.5,True,AR
16-28933-000,6/29/2000,0.0,WD(WARRANTY DEED),0.5,True,AR
16-28933-000,7/14/1999,11000.0,WD(WARRANTY DEED),0.5,True,AR
16-28933-000,7/8/1996,0.0,POA(POWER OF ATTORNEY),0.5,True,AR
16-28933-000,7/8/1996,0.0,QCD(QUITCLAIM DEED),0.5,True,AR
16-28933-000,7/8/1996,0.0,DC(DEATH CERTIFICATE),0.5,True,AR
16-28933-000,7/20/1982,15000.0,WD(WARRANTY DEED),0.5,True,AR
16-28933-000,1/28/1976,6000.0,WD(WARRANTY DEED),0.5,True,AR
16-28933-000,1/28/1976,6000.0,WD(WARRANTY DEED),0.5,True,AR
16-28934-000,3/31/2017,237000.0,WD(WARRANTY DEED),0.43,True,
16-28934-000,8/20/2012,215000.0,TRD(TRUSTEES DEED),0.43,True,
16-28934-000,11/10/2004,0.0,WD(WARRANTY DEED),0.43,True,
16-28934-000,11/1/2004,252000.0,WD(WARRANTY DEED),0.43,True,
16-28934-000,7/20/1982,0.0,WD(WARRANTY DEED),0.43,True,
16-28934-000,1/28/1976,0.0,WD(WARRANTY DEED),0.43,True,
16-28934-000,1/28/1976,0.0,WD(WARRANTY DEED),0.43,True,
16-28935-000,8/17/2021,0.0,CERT(CERTIFICATE),0.5,True,AR
16-28935-000,7/25/2014,0.0,CERT(CERTIFICATE),0.5,True,AR
16-28935-000,1/29/2010,0.0,TRD(TRUSTEES DEED),0.5,True,AR
16-28935-000,1/29/2010,135000.0,CORRWD(CORRECTED WARRANTY DEED),0.5,True,AR
16-28935-000,8/29/2007,0.0,WILL(WILL),0.5,True,AR
16-28935-000,1/24/2005,0.0,WD(WARRANTY DEED),0.5,True,AR
16-28935-000,12/16/2004,0.0,CERT(CERTIFICATE),0.5,True,AR
16-28935-000,8/13/2004,161000.0,WD(WARRANTY DEED),0.5,True,AR
16-28935-000,3/12/2003,0.0,WD(WARRANTY DEED),0.5,True,AR
16-28935-000,3/12/2003,0.0,WD(WARRANTY DEED),0.5,True,AR
16-28935-000,5/10/2002,125000.0,WD(WARRANTY DEED),0.5,True,AR
16-28935-000,6/7/1993,123000.0,WD(WARRANTY DEED),0.5,True,AR
16-28935-000,5/6/1983,110000.0,WD(WARRANTY DEED),0.5,True,AR
16-28936-000,11/19/2024,0.0,QCD(QUITCLAIM DEED),0.51,True,AR
16-28936-000,11/19/2024,0.0,QCD(QUITCLAIM DEED),0.51,True,AR
16-28936-000,8/31/2020,0.0,QCD(QUITCLAIM DEED),0.51,True,AR
16-28936-000,12/21/2011,0.0,QCD(QUITCLAIM DEED),0.51,True,AR
16-28936-000,3/26/2010,0.0,QCD(QUITCLAIM DEED),0.51,True,AR
16-28936-000,5/30/2007,0.0,QCD(QUITCLAIM DEED),0.51,True,AR
16-28936-000,5/18/2007,0.0,QCD(QUITCLAIM DEED),0.51,True,AR
16-28936-000,2/7/2005,0.0,QCD(QUITCLAIM DEED),0.51,True,AR
16-28936-000,1/28/2005,0.0,QCD(QUITCLAIM DEED),0.51,True,AR
16-28936-000,1/28/2005,0.0,WD(WARRANTY DEED),0.51,True,AR
16-28936-000,8/8/2000,0.0,TRD(TRUSTEES DEED),0.51,True,AR
16-28936-000,8/18/1999,165000.0,WD(WARRANTY DEED),0.51,True,AR
16-28936-000,6/18/1996,169000.0,WD(WARRANTY DEED),0.51,True,AR
16-28936-000,1/8/1990,11000.0,WD(WARRANTY DEED),0.51,True,AR
16-28936-000,11/11/1977,15000.0,WD(WARRANTY DEED),0.51,True,AR
16-28937-000,7/15/2022,500000.0,WD(WARRANTY DEED),0.52,True,TX
16-28937-000,7/18/2019,289000.0,WD(WARRANTY DEED),0.52,True,TX
16-28937-000,7/18/2019,0.0,BD(BENEFICIARY DEED),0.52,True,TX
16-28937-000,9/14/2018,0.0,BD(BENEFICIARY DEED),0.52,True,TX
16-28937-000,3/30/2014,0.0,DC(DEATH CERTIFICATE),0.52,True,TX
16-28937-000,1/9/2014,0.0,DC(DEATH CERTIFICATE),0.52,True,TX
16-28937-000,7/17/2013,210000.0,WD(WARRANTY DEED),0.52,True,TX
16-28937-000,9/10/2004,145000.0,WD(WARRANTY DEED),0.52,True,TX
16-28937-000,12/17/2003,0.0,COMMD(COMMISSIONERS DEED),0.52,True,TX
16-28937-000,9/22/2000,139000.0,WD(WARRANTY DEED),0.52,True,TX
16-28937-000,9/29/1992,90000.0,WD(WARRANTY DEED),0.52,True,TX
16-28937-000,12/1/1986,79000.0,WD(WARRANTY DEED),0.52,True,TX
16-28937-000,12/29/1972,7545.0,WD(WARRANTY DEED),0.52,True,TX
16-28937-000,12/1/1972,11000.0,WD(WARRANTY DEED),0.52,True,TX
16-28938-000,12/28/2020,0.0,WD(WARRANTY DEED),0.38,True,AR
16-28938-000,12/28/2020,0.0,CERT(CERTIFICATE),0.38,True,AR
16-28938-000,5/22/2019,375000.0,WD(WARRANTY DEED),0.38,True,AR
16-28938-000,7/14/2014,240000.0,WD(WARRANTY DEED),0.38,True,AR
16-28938-000,8/2/2012,0.0,WD(WARRANTY DEED),0.38,True,AR
16-28938-000,8/2/2012,0.0,CERT(CERTIFICATE),0.38,True,AR
16-28938-000,9/23/2010,0.0,WD(WARRANTY DEED),0.38,True,AR
16-28938-000,11/28/2000,174000.0,WD(WARRANTY DEED),0.38,True,AR
16-28938-000,9/7/1994,0.0,WD(WARRANTY DEED),0.38,True,AR
16-28938-000,10/18/1988,54500.0,WD(WARRANTY DEED),0.38,True,AR
16-28938-000,10/18/1988,54500.0,WD(WARRANTY DEED),0.38,True,AR
16-28938-000,8/14/1986,100000.0,WD(WARRANTY DEED),0.38,True,AR
16-28939-000,1/20/2025,0.0,ADHL(AR DEPT OF HEALTH LIST),0.34,True,AR
16-28939-000,8/6/1993,84000.0,WD(WARRANTY DEED),0.34,True,AR
16-28939-000,12/6/1989,0.0,DC(DEATH CERTIFICATE),0.34,True,AR
16-28939-000,7/3/1989,0.0,WD(WARRANTY DEED),0.34,True,AR
16-28939-000,3/30/1984,0.0,WD(WARRANTY DEED),0.34,True,AR
16-28940-000,4/13/2022,0.0,BD(BENEFICIARY DEED),0.31,True,AR
16-28940-000,5/31/2018,235000.0,WD(WARRANTY DEED),0.31,True,AR
16-28940-000,9/5/2014,170000.0,WD(WARRANTY DEED),0.31,True,AR
16-28940-000,12/23/2011,164000.0,WD(WARRANTY DEED),0.31,True,AR
16-28940-000,5/13/2002,149500.0,WD(WARRANTY DEED),0.31,True,AR
16-28940-000,5/17/1989,0.0,DC(DEATH CERTIFICATE),0.31,True,AR
16-28940-000,3/17/1985,90000.0,WD(WARRANTY DEED),0.31,True,AR
16-28940-000,3/8/1985,0.0,OR(ORDER),0.31,True,AR
16-28940-000,2/7/1984,0.0,DC(DEATH CERTIFICATE),0.31,True,AR
16-28940-000,11/20/1981,0.0,POA(POWER OF ATTORNEY),0.31,True,AR
16-28940-000,11/12/1981,0.0,DC(DEATH CERTIFICATE),0.31,True,AR
16-28941-000,8/12/2024,0.0,BD(BENEFICIARY DEED),0.38,True,AR
16-28941-000,5/24/2024,0.0,OBIT(OBITUARY),0.38,True,AR
16-28941-000,10/29/2012,311000.0,WD(WARRANTY DEED),0.38,True,AR
16-28941-000,3/16/2011,353000.0,WD(WARRANTY DEED),0.38,True,AR
16-28941-000,7/11/2007,440000.0,WD(WARRANTY DEED),0.38,True,AR
16-28941-000,4/12/2001,231000.0,CWD(CORPORATION WARRANTY DEED),0.38,True,AR
16-28941-000,5/18/2000,15000.0,WD(WARRANTY DEED),0.38,True,AR
16-28941-000,2/24/1999,0.0,DC(DEATH CERTIFICATE),0.38,True,AR
16-28941-000,8/20/1984,0.0,OR(ORDER),0.38,True,AR
16-28941-000,10/27/1983,10000.0,WD(WARRANTY DEED),0.38,True,AR
16-28942-000,5/21/2024,330000.0,TRWD(TRUSTEES WARRANTY DEED),0.38,True,AR
16-28942-000,12/23/2020,375000.0,WD(WARRANTY DEED),0.38,True,AR
16-28942-000,7/31/2015,253000.0,WD(WARRANTY DEED),0.38,True,AR
16-28942-000,5/18/2005,141000.0,TRD(TRUSTEES DEED),0.38,True,AR
16-28942-000,5/14/2003,0.0,WD(WARRANTY DEED),0.38,True,AR
16-28942-000,2/24/1994,0.0,DC(DEATH CERTIFICATE),0.38,True,AR
16-28942-000,5/17/1993,123000.0,WD(WARRANTY DEED),0.38,True,AR
16-28942-000,3/1/1982,0.0,HIST(HISTORICAL),0.38,True,AR
16-28943-000,1/27/2023,10.0,WD(WARRANTY DEED),0.38,True,ID
16-28943-000,2/2/2021,359000.0,WD(WARRANTY DEED),0.38,True,ID
16-28943-000,3/13/2020,255000.0,WD(WARRANTY DEED),0.38,True,ID
16-28943-000,11/21/2017,210000.0,WD(WARRANTY DEED),0.38,True,ID
16-28943-000,3/10/2006,0.0,WD(WARRANTY DEED),0.38,True,ID
16-28943-000,5/2/2003,190000.0,WD(WARRANTY DEED),0.38,True,ID
16-28943-000,9/1/1998,170000.0,WD(WARRANTY DEED),0.38,True,ID
16-28943-000,3/28/1990,92000.0,WD(WARRANTY DEED),0.38,True,ID
16-28943-000,6/2/1988,0.0,WD(WARRANTY DEED),0.38,True,ID
16-28943-000,5/13/1985,0.0,CONT(CONTRACT),0.38,True,ID
16-28943-000,7/23/1984,0.0,QCD(QUITCLAIM DEED),0.38,True,ID
16-28943-000,1/6/1984,0.0,WD(WARRANTY DEED),0.38,True,ID
16-28944-000,4/9/2018,214000.0,WD(WARRANTY DEED),0.4,True,AR
16-28944-000,7/29/2016,0.0,BD(BENEFICIARY DEED),0.4,True,AR
16-28944-000,7/29/2016,0.0,BD(BENEFICIARY DEED),0.4,True,AR
16-28944-000,2/18/2015,0.0,BD(BENEFICIARY DEED),0.4,True,AR
16-28944-000,6/16/2009,200000.0,WD(WARRANTY DEED),0.4,True,AR
16-28944-000,7/1/2008,99667.0,WD(WARRANTY DEED),0.4,True,AR
16-28944-000,5/14/2003,0.0,WD(WARRANTY DEED),0.4,True,AR
16-28944-000,8/29/1995,0.0,WD(WARRANTY DEED),0.4,True,AR
16-28944-000,8/29/1995,0.0,WD(WARRANTY DEED),0.4,True,AR
16-28944-000,9/29/1994,167000.0,WD(WARRANTY DEED),0.4,True,AR
16-28944-000,2/24/1994,0.0,DC(DEATH CERTIFICATE),0.4,True,AR
16-28944-000,11/7/1989,140000.0,WD(WARRANTY DEED),0.4,True,AR
16-28944-000,10/6/1978,15000.0,CWD(CORPORATION WARRANTY DEED),0.4,True,AR
16-28945-000,12/21/2019,12500.0,WD(WARRANTY DEED),0.44,False,AR
16-28945-000,11/15/1995,0.0,WD(WARRANTY DEED),0.44,False,AR
16-28945-000,11/15/1995,0.0,WD(WARRANTY DEED),0.44,False,AR
16-28945-000,11/18/1994,8000.0,WD(WARRANTY DEED),0.44,False,AR
16-28945-000,8/8/1994,0.0,AFF(AFFIDAVIT),0.44,False,AR
16-28945-000,6/1/1994,2000.0,WD(WARRANTY DEED),0.44,False,AR
16-28945-000,5/31/1994,1000.0,WD(WARRANTY DEED),0.44,False,AR
16-28945-000,9/26/1983,10000.0,WD(WARRANTY DEED),0.44,False,AR
16-28946-000,4/6/2021,8000.0,WD(WARRANTY DEED),0.33,False,CO
16-28946-000,10/3/2019,0.0,RD(REDEMPTION DEED),0.33,False,CO
16-28946-000,11/11/2009,0.0,QCD(QUITCLAIM DEED),0.33,False,CO
16-28946-000,11/24/2008,0.0,WD(WARRANTY DEED),0.33,False,CO
16-28946-000,2/13/2006,287000.0,WD(WARRANTY DEED),0.33,False,CO
16-28946-000,1/17/2006,3000.0,WD(WARRANTY DEED),0.33,False,CO
16-28946-000,12/29/2005,3000.0,WD(WARRANTY DEED),0.33,False,CO
16-28946-000,6/29/1998,0.0,WD(WARRANTY DEED),0.33,False,CO
16-28946-000,6/7/1990,0.0,CONT(CONTRACT),0.33,False,CO
16-28946-000,11/1/1984,0.0,CONT(CONTRACT),0.33,False,CO
16-28947-000,3/1/2019,0.0,LWD(LIMITED WARRANTY DEED),0.43,False,AR
16-28947-000,10/24/2012,37000.0,WD(WARRANTY DEED),0.43,False,AR
16-28947-000,10/22/2012,6000.0,WD(WARRANTY DEED),0.43,False,AR
16-28947-000,8/16/2011,0.0,CWD(CORPORATION WARRANTY DEED),0.43,False,AR
16-28947-000,12/16/2009,2000.0,WD(WARRANTY DEED),0.43,False,AR
16-28947-000,3/3/2006,5000.0,WD(WARRANTY DEED),0.43,False,AR
16-28947-000,7/14/1999,0.0,RD(REDEMPTION DEED),0.43,False,AR
16-28947-000,5/27/1997,1000.0,WD(WARRANTY DEED),0.43,False,AR
16-28947-000,3/19/1997,1000.0,COMMD(COMMISSIONERS DEED),0.43,False,AR
16-28948-000,4/16/2019,126000.0,WD(WARRANTY DEED),0.34,True,AR
16-28948-000,2/23/2001,57000.0,WD(WARRANTY DEED),0.34,True,AR
16-28948-000,4/24/1998,55000.0,WD(WARRANTY DEED),0.34,True,AR
16-28948-000,4/5/1996,40000.0,WD(WARRANTY DEED),0.34,True,AR
16-28948-000,11/9/1992,45000.0,WD(WARRANTY DEED),0.34,True,AR
16-28948-000,11/9/1992,40000.0,WD(WARRANTY DEED),0.34,True,AR
16-28948-000,4/14/1976,35000.0,WD(WARRANTY DEED),0.34,True,AR
16-28949-000,9/13/2024,295000.0,WD(WARRANTY DEED),0.3,True,AR
16-28949-000,7/13/2020,158000.0,WD(WARRANTY DEED),0.3,True,AR
16-28949-000,5/29/2018,120000.0,WD(WARRANTY DEED),0.3,True,AR
16-28949-000,4/25/2016,48000.0,SWD(SPECIAL WARRANTY DEED),0.3,True,AR
16-28949-000,12/17/2015,0.0,MTG-D(MORTGAGEE'S DEED),0.3,True,AR
16-28949-000,9/17/2004,86000.0,WD(WARRANTY DEED),0.3,True,AR
16-28949-000,8/2/1999,0.0,QCD(QUITCLAIM DEED),0.3,True,AR
16-28949-000,5/20/1996,0.0,POA(POWER OF ATTORNEY),0.3,True,AR
16-28949-000,5/20/1996,60000.0,WD(WARRANTY DEED),0.3,True,AR
16-28949-000,1/16/1992,35000.0,WD(WARRANTY DEED),0.3,True,AR
16-28950-000,2/4/2025,35000.0,WD(WARRANTY DEED),0.27,False,AR
16-28950-000,1/17/2018,0.0,CERT(CERTIFICATE),0.27,False,AR
16-28950-000,4/26/2017,0.0,CERT(CERTIFICATE),0.27,False,AR
16-28950-000,7/30/2015,0.0,QCD(QUITCLAIM DEED),0.27,False,AR
16-28950-000,7/1/2015,0.0,CERT(CERTIFICATE),0.27,False,AR
16-28950-000,12/19/2012,0.0,QCD(QUITCLAIM DEED),0.27,False,AR
16-28950-000,10/5/2006,11000.0,WD(WARRANTY DEED),0.27,False,AR
16-28950-000,6/27/2006,7000.0,WD(WARRANTY DEED),0.27,False,AR
16-28950-000,11/23/2005,0.0,QCD(QUITCLAIM DEED),0.27,False,AR
16-28950-000,5/17/2000,0.0,QCD(QUITCLAIM DEED),0.27,False,AR
16-28950-000,6/8/1999,0.0,QCD(QUITCLAIM DEED),0.27,False,AR
16-28950-000,10/3/1997,5900.0,WD(WARRANTY DEED),0.27,False,AR
16-28950-000,8/30/1982,0.0,CONT(CONTRACT),0.27,False,AR
16-28951-000,2/4/2025,35000.0,WD(WARRANTY DEED),0.24,False,AR
16-28951-000,1/17/2018,0.0,CERT(CERTIFICATE),0.24,False,AR
16-28951-000,4/26/2017,0.0,CERT(CERTIFICATE),0.24,False,AR
16-28951-000,7/30/2015,0.0,QCD(QUITCLAIM DEED),0.24,False,AR
16-28951-000,7/1/2015,0.0,CERT(CERTIFICATE),0.24,False,AR
16-28951-000,11/2/2006,10000.0,WD(WARRANTY DEED),0.24,False,AR
16-28951-000,11/2/2006,4000.0,WD(WARRANTY DEED),0.24,False,AR
16-28951-000,9/25/1984,7000.0,WD(WARRANTY DEED),0.24,False,AR
16-28952-000,6/11/2002,0.0,QCD(QUITCLAIM DEED),0.25,False,AR
16-28952-000,5/18/1999,0.0,DEED(GRANT DEED),0.25,False,AR
16-28952-000,8/22/1995,0.0,DEED(GRANT DEED),0.25,False,AR
16-28952-000,7/13/1993,1000.0,WD(WARRANTY DEED),0.25,False,AR
16-28952-000,7/13/1993,0.0,DC(DEATH CERTIFICATE),0.25,False,AR
16-28952-000,2/13/1987,4800.0,WD(WARRANTY DEED),0.25,False,AR
16-28952-000,12/13/1976,4000.0,WD(WARRANTY DEED),0.25,False,AR
16-28953-000,4/4/2000,79000.0,EXD(EXECUTOR-EXECUTRIX DEED),0.47,True,AR
16-28953-000,1/24/1998,0.0,AFF(AFFIDAVIT),0.47,True,AR
16-28953-000,1/24/1998,0.0,DC(DEATH CERTIFICATE),0.47,True,AR
16-28953-000,10/13/1987,62000.0,WD(WARRANTY DEED),0.47,True,AR
16-28954-000,2/28/2014,0.0,BD(BENEFICIARY DEED),0.42,False,AR
16-28954-000,9/4/2002,3000.0,WD(WARRANTY DEED),0.42,False,AR
16-28954-000,4/11/2002,0.0,DC(DEATH CERTIFICATE),0.42,False,AR
16-28954-000,12/8/1994,0.0,WD(WARRANTY DEED),0.42,False,AR
16-28954-000,11/1/1994,0.0,NOT(NOTICE),0.42,False,AR
16-28954-000,6/25/1994,0.0,TRD(TRUSTEES DEED),0.42,False,AR
16-28954-000,5/13/1993,0.0,DC(DEATH CERTIFICATE),0.42,False,AR
16-28954-000,4/30/1993,0.0,WD(WARRANTY DEED),0.42,False,AR
16-28954-000,7/3/1991,0.0,QCD(QUITCLAIM DEED),0.42,False,AR
16-28954-000,7/3/1991,0.0,QCD(QUITCLAIM DEED),0.42,False,AR
16-28954-000,6/25/1991,0.0,AB(ABSTRACT OF TRUST),0.42,False,AR
16-28954-000,3/27/1991,0.0,QCD(QUITCLAIM DEED),0.42,False,AR
16-28954-000,5/13/1986,4000.0,WD(WARRANTY DEED),0.42,False,AR
16-28954-000,10/24/1977,5000.0,WD(WARRANTY DEED),0.42,False,AR
16-28955-000,8/17/2015,0.0,QCD(QUITCLAIM DEED),0.42,False,AR
16-28955-000,1/14/2011,0.0,BD(BENEFICIARY DEED),0.42,False,AR
16-28955-000,11/22/2005,0.0,DEED(GRANT DEED),0.42,False,AR
16-28955-000,2/7/2001,1000.0,WD(WARRANTY DEED),0.42,False,AR
16-28955-000,4/20/1987,0.0,QCD(QUITCLAIM DEED),0.42,False,AR
16-28956-000,6/20/2024,300000.0,WD(WARRANTY DEED),0.41,True,AR
16-28956-000,10/10/2018,165000.0,WD(WARRANTY DEED),0.41,True,AR
16-28956-000,10/10/2018,0.0,BD(BENEFICIARY DEED),0.41,True,AR
16-28956-000,10/16/2017,0.0,POA(POWER OF ATTORNEY),0.41,True,AR
16-28956-000,7/15/2016,0.0,BD(BENEFICIARY DEED),0.41,True,AR
16-28956-000,11/22/2011,0.0,BD(BENEFICIARY DEED),0.41,True,AR
16-28956-000,11/27/2002,118000.0,WD(WARRANTY DEED),0.41,True,AR
16-28956-000,8/6/2002,0.0,MEMO(MEMORANDUM),0.41,True,AR
16-28956-000,4/11/2002,0.0,DC(DEATH CERTIFICATE),0.41,True,AR
16-28956-000,11/1/1994,0.0,WD(WARRANTY DEED),0.41,True,AR
16-28956-000,11/1/1994,0.0,MEMO(MEMORANDUM),0.41,True,AR
16-28956-000,11/1/1994,0.0,TRD(TRUSTEES DEED),0.41,True,AR
16-28956-000,4/30/1993,0.0,WD(WARRANTY DEED),0.41,True,AR
16-28956-000,11/21/1992,0.0,DC(DEATH CERTIFICATE),0.41,True,AR
16-28956-000,3/21/1991,0.0,QCD(QUITCLAIM DEED),0.41,True,AR
16-28956-000,1/15/1986,94000.0,WD(WARRANTY DEED),0.41,True,AR
16-28956-000,1/16/1981,87000.0,WD(WARRANTY DEED),0.41,True,AR
16-28957-000,1/28/2021,165000.0,WD(WARRANTY DEED),0.33,True,AR
16-28957-000,10/23/2018,132000.0,WD(WARRANTY DEED),0.33,True,AR
16-28957-000,4/5/2016,95000.0,WD(WARRANTY DEED),0.33,True,AR
16-28957-000,3/30/2012,85000.0,WD(WARRANTY DEED),0.33,True,AR
16-28957-000,6/13/2006,0.0,DEED(GRANT DEED),0.33,True,AR
16-28957-000,10/17/2001,0.0,DC(DEATH CERTIFICATE),0.33,True,AR
16-28957-000,8/28/1979,66000.0,WD(WARRANTY DEED),0.33,True,AR
16-28958-000,11/29/2010,0.0,WD(WARRANTY DEED),0.31,False,FL
16-28958-000,8/1/2006,0.0,CORRWD(CORRECTED WARRANTY DEED),0.31,False,FL
16-28958-000,2/15/2006,731000.0,CWD(CORPORATION WARRANTY DEED),0.31,False,FL
16-28958-000,12/30/2005,5000.0,WD(WARRANTY DEED),0.31,False,FL
16-28958-000,4/6/1992,0.0,WD(WARRANTY DEED),0.31,False,FL
16-28958-000,4/7/1987,0.0,OR(ORDER),0.31,False,FL
16-28959-000,3/10/2014,0.0,AFF(AFFIDAVIT),0.29,True,AR
16-28959-000,9/5/2013,0.0,QCD(QUITCLAIM DEED),0.29,True,AR
16-28959-000,3/22/2013,0.0,ML(MARRIAGE LICENSE),0.29,True,AR
16-28959-000,7/1/2004,95000.0,WD(WARRANTY DEED),0.29,True,AR
16-28959-000,11/24/2003,0.0,WD(WARRANTY DEED),0.29,True,AR
16-28959-000,11/10/2003,0.0,WD(WARRANTY DEED),0.29,True,AR
16-28959-000,6/5/1998,0.0,QCD(QUITCLAIM DEED),0.29,True,AR
16-28959-000,8/23/1993,0.0,WD(WARRANTY DEED),0.29,True,AR
16-28959-000,11/18/1987,0.0,QCD(QUITCLAIM DEED),0.29,True,AR
16-28959-000,9/13/1982,75000.0,WD(WARRANTY DEED),0.29,True,AR
16-28960-000,12/1/2000,141000.0,WD(WARRANTY DEED),0.54,True,AR
16-28960-000,9/19/2000,0.0,QCD(QUITCLAIM DEED),0.54,True,AR
16-28960-000,9/17/1997,0.0,WD(WARRANTY DEED),0.54,True,AR
16-28960-000,9/16/1997,4000.0,WD(WARRANTY DEED),0.54,True,AR
16-28960-000,9/1/1982,4000.0,WD(WARRANTY DEED),0.54,True,AR
16-28962-000,7/23/2021,250000.0,WD(WARRANTY DEED),0.22,True,AR
16-28962-000,10/21/2020,115000.0,WD(WARRANTY DEED),0.22,True,AR
16-28962-000,10/20/2009,0.0,SWD(SPECIAL WARRANTY DEED),0.22,True,AR
16-28962-000,2/10/2009,0.0,TRD(TRUSTEES DEED),0.22,True,AR
16-28962-000,1/20/2009,0.0,WD(WARRANTY DEED),0.22,True,AR
16-28962-000,5/26/2006,0.0,QCD(QUITCLAIM DEED),0.22,True,AR
16-28962-000,8/1/1997,72000.0,WD(WARRANTY DEED),0.22,True,AR
16-28963-000,11/20/2020,161000.0,WD(WARRANTY DEED),0.23,True,AR
16-28963-000,11/28/2016,100000.0,WD(WARRANTY DEED),0.23,True,AR
16-28963-000,5/16/2014,80000.0,WD(WARRANTY DEED),0.23,True,AR
16-28963-000,1/13/2004,93000.0,WD(WARRANTY DEED),0.23,True,AR
16-28963-000,11/8/1995,0.0,WD(WARRANTY DEED),0.23,True,AR
16-28963-000,7/20/1992,66000.0,WD(WARRANTY DEED),0.23,True,AR
16-28963-000,6/6/1984,5000.0,WD(WARRANTY DEED),0.23,True,AR
16-28964-000,5/18/2023,4900.0,WD(WARRANTY DEED),0.21,False,CO
16-28964-000,3/14/2023,1540.0,WD(WARRANTY DEED),0.21,False,CO
16-28964-000,1/2/1998,0.0,SWD(SPECIAL WARRANTY DEED),0.21,False,CO
16-28964-000,8/1/1989,0.0,WD(WARRANTY DEED),0.21,False,CO
16-28964-000,11/12/1986,0.0,DC(DEATH CERTIFICATE),0.21,False,CO
16-28964-000,9/16/1976,5000.0,WD(WARRANTY DEED),0.21,False,CO
16-28965-000,12/30/2004,0.0,NOT(NOTICE),0.2,True,AR
16-28965-000,10/1/1996,48000.0,WD(WARRANTY DEED),0.2,True,AR
16-28965-000,8/19/1988,39000.0,WD(WARRANTY DEED),0.2,True,AR
16-28965-000,12/19/1986,0.0,WD(WARRANTY DEED),0.2,True,AR
16-28965-000,1/8/1986,42000.0,WD(WARRANTY DEED),0.2,True,AR
16-28965-000,6/11/1984,0.0,WD(WARRANTY DEED),0.2,True,AR
16-28966-000,12/14/2015,50.0,SWD(SPECIAL WARRANTY DEED),0.23,False,AR
16-28966-000,12/17/2014,0.0,MTG-D(MORTGAGEE'S DEED),0.23,False,AR
16-28966-000,1/10/2007,22000.0,WD(WARRANTY DEED),0.23,False,AR
16-28966-000,3/10/2006,5000.0,WD(WARRANTY DEED),0.23,False,AR
16-28966-000,2/8/2006,0.0,WD(WARRANTY DEED),0.23,False,AR
16-28966-000,9/19/2001,0.0,RD(REDEMPTION DEED),0.23,False,AR
16-28966-000,8/7/2001,1000.0,COMMD(COMMISSIONERS DEED),0.23,False,AR
16-28966-000,10/5/1982,7000.0,WD(WARRANTY DEED),0.23,False,AR
16-28967-000,5/19/2014,99000.0,WD(WARRANTY DEED),0.27,True,AR
16-28967-000,10/28/2003,97000.0,WD(WARRANTY DEED),0.27,True,AR
16-28967-000,4/18/2000,53000.0,WD(WARRANTY DEED),0.27,True,AR
16-28967-000,6/8/1995,44000.0,WD(WARRANTY DEED),0.27,True,AR
16-28967-000,8/5/1991,50000.0,WD(WARRANTY DEED),0.27,True,AR
16-28967-000,11/16/1989,0.0,COMMD(COMMISSIONERS DEED),0.27,True,AR
16-28967-000,9/3/1986,42000.0,WD(WARRANTY DEED),0.27,True,AR
16-28967-000,5/6/1986,0.0,HIST(HISTORICAL),0.27,True,AR
16-28968-000,3/28/2025,20000.0,WD(WARRANTY DEED),0.3,False,AR
16-28968-000,5/20/2024,5000.0,TRWD(TRUSTEES WARRANTY DEED),0.3,False,AR
16-28968-000,7/3/2014,250.0,WD(WARRANTY DEED),0.3,False,AR
16-28968-000,3/22/1991,0.0,WD(WARRANTY DEED),0.3,False,AR
16-28968-000,3/22/1991,0.0,TRAG(TRUST AGREEMENT),0.3,False,AR
16-28968-000,12/8/1975,7000.0,WD(WARRANTY DEED),0.3,False,AR
16-28969-000,5/24/2015,0.0,DC(DEATH CERTIFICATE),0.21,True,AR
16-28969-000,5/25/2012,75000.0,WD(WARRANTY DEED),0.21,True,AR
16-28969-000,8/16/2010,0.0,WD(WARRANTY DEED),0.21,True,AR
16-28969-000,1/4/2008,100000.0,WD(WARRANTY DEED),0.21,True,AR
16-28969-000,3/11/2005,76000.0,CORRWD(CORRECTED WARRANTY DEED),0.21,True,AR
16-28969-000,5/23/2002,0.0,WD(WARRANTY DEED),0.21,True,AR
16-28969-000,5/23/2002,0.0,QCD(QUITCLAIM DEED),0.21,True,AR
16-28969-000,5/23/2002,0.0,QCD(QUITCLAIM DEED),0.21,True,AR
16-28969-000,8/21/2000,73000.0,WD(WARRANTY DEED),0.21,True,AR
16-28969-000,8/18/2000,0.0,MEMO(MEMORANDUM),0.21,True,AR
16-28969-000,7/10/2000,0.0,QCD(QUITCLAIM DEED),0.21,True,AR
16-28969-000,1/4/2000,0.0,DC(DEATH CERTIFICATE),0.21,True,AR
16-28969-000,9/10/1997,0.0,QCD(QUITCLAIM DEED),0.21,True,AR
16-28969-000,9/10/1997,70000.0,WD(WARRANTY DEED),0.21,True,AR
16-28969-000,3/16/1987,64000.0,WD(WARRANTY DEED),0.21,True,AR
16-28969-000,7/1/1985,68000.0,WD(WARRANTY DEED),0.21,True,AR
16-28970-000,10/28/2024,55000.0,WD(WARRANTY DEED),0.22,True,AR
16-28970-000,8/28/2013,26000.0,SWD(SPECIAL WARRANTY DEED),0.22,True,AR
16-28970-000,11/20/2012,0.0,SWD(SPECIAL WARRANTY DEED),0.22,True,AR
16-28970-000,10/30/2012,0.0,MTG-D(MORTGAGEE'S DEED),0.22,True,AR
16-28970-000,7/16/2001,60000.0,WD(WARRANTY DEED),0.22,True,AR
16-28970-000,4/30/1998,51000.0,WD(WARRANTY DEED),0.22,True,AR
16-28970-000,11/16/1992,44000.0,WD(WARRANTY DEED),0.22,True,AR
16-28970-000,11/1/1990,40000.0,WD(WARRANTY DEED),0.22,True,AR
16-28970-000,9/8/1987,31000.0,WD(WARRANTY DEED),0.22,True,AR
16-28970-000,7/15/1987,16500.0,COMMD(COMMISSIONERS DEED),0.22,True,AR
16-28971-000,2/22/2017,0.0,CERT(CERTIFICATE),0.26,False,AR
16-28971-000,2/4/1997,0.0,WD(WARRANTY DEED),0.26,False,AR
16-28971-000,1/30/1997,0.0,MEMO(MEMORANDUM),0.26,False,AR
16-28971-000,11/30/1984,7000.0,WD(WARRANTY DEED),0.26,False,AR
16-28971-000,9/25/1984,6000.0,WD(WARRANTY DEED),0.26,False,AR
16-28972-000,5/15/2014,0.0,RD(REDEMPTION DEED),0.18,False,AR
16-28972-000,4/25/2014,0.0,AFF(AFFIDAVIT),0.18,False,AR
16-28972-000,2/9/2009,5000.0,WD(WARRANTY DEED),0.18,False,AR
16-28972-000,12/22/2004,2000.0,WD(WARRANTY DEED),0.18,False,AR
16-28972-000,11/13/1984,5000.0,WD(WARRANTY DEED),0.18,False,AR
16-28973-000,8/30/2022,0.0,WD(WARRANTY DEED),0.17,False,AR
16-28973-000,5/5/2011,0.0,CWD(CORPORATION WARRANTY DEED),0.17,False,AR
16-28973-000,10/28/2010,0.0,COMMD(COMMISSIONERS DEED),0.17,False,AR
16-28973-000,5/19/2004,158000.0,WD(WARRANTY DEED),0.17,False,AR
16-28973-000,8/21/2000,130000.0,WD(WARRANTY DEED),0.17,False,AR
16-28973-000,5/17/1999,0.0,RD(REDEMPTION DEED),0.17,False,AR
16-28973-000,5/5/1999,1000.0,WD(WARRANTY DEED),0.17,False,AR
16-28973-000,5/15/1990,2000.0,WD(WARRANTY DEED),0.17,False,AR
16-28973-000,11/10/1986,6000.0,WD(WARRANTY DEED),0.17,False,AR
16-28974-000,8/30/2022,0.0,WD(WARRANTY DEED),0.21,True,AR
16-28974-000,5/5/2011,127000.0,CWD(CORPORATION WARRANTY DEED),0.21,True,AR
16-28974-000,10/28/2010,0.0,COMMD(COMMISSIONERS DEED),0.21,True,AR
16-28974-000,5/19/2004,158000.0,WD(WARRANTY DEED),0.21,True,AR
16-28974-000,8/21/2000,130000.0,WD(WARRANTY DEED),0.21,True,AR
16-28974-000,4/28/1999,0.0,WD(WARRANTY DEED),0.21,True,AR
16-28974-000,7/1/1997,0.0,DC(DEATH CERTIFICATE),0.21,True,AR
16-28974-000,7/29/1991,0.0,WD(WARRANTY DEED),0.21,True,AR
16-28974-000,7/29/1991,0.0,CERT(CERTIFICATE),0.21,True,AR
16-28974-000,5/2/1978,0.0,WD(WARRANTY DEED),0.21,True,AR
16-28974-000,11/11/1977,8000.0,WD(WARRANTY DEED),0.21,True,AR
16-28975-000,8/16/2005,88000.0,WD(WARRANTY DEED),0.2,True,AR
16-28975-000,8/24/2004,74000.0,WD(WARRANTY DEED),0.2,True,AR
16-28975-000,8/20/1999,65000.0,WD(WARRANTY DEED),0.2,True,AR
16-28975-000,7/17/1987,46000.0,WD(WARRANTY DEED),0.2,True,AR
16-28975-000,12/15/1986,0.0,WD(WARRANTY DEED),0.2,True,AR
16-28975-000,4/26/1986,0.0,WD(WARRANTY DEED),0.2,True,AR
16-28975-000,2/6/1986,0.0,WD(WARRANTY DEED),0.2,True,AR
16-28975-000,5/2/1978,0.0,WD(WARRANTY DEED),0.2,True,AR
16-28976-000,12/8/2021,0.0,BD(BENEFICIARY DEED),0.3,True,AR
16-28976-000,6/7/2016,0.0,DC(DEATH CERTIFICATE),0.3,True,AR
16-28976-000,1/4/2007,135000.0,WD(WARRANTY DEED),0.3,True,AR
16-28976-000,8/12/2005,0.0,DC(DEATH CERTIFICATE),0.3,True,AR
16-28976-000,7/8/2003,0.0,WD(WARRANTY DEED),0.3,True,AR
16-28976-000,8/3/1998,0.0,CORRWD(CORRECTED WARRANTY DEED),0.3,True,AR
16-28976-000,7/8/1998,98000.0,WD(WARRANTY DEED),0.3,True,AR
16-28976-000,11/8/1991,0.0,WD(WARRANTY DEED),0.3,True,AR
16-28976-000,10/23/1991,0.0,CERT(CERTIFICATE),0.3,True,AR
16-28976-000,9/4/1991,85000.0,WD(WARRANTY DEED),0.3,True,AR
16-28976-000,5/2/1991,4000.0,WD(WARRANTY DEED),0.3,True,AR
16-28976-000,9/7/1979,0.0,WD(WARRANTY DEED),0.3,True,AR
16-28977-000,8/21/2019,151000.0,WD(WARRANTY DEED),0.22,True,AR
16-28977-000,8/5/2015,102000.0,WD(WARRANTY DEED),0.22,True,AR
16-28977-000,7/14/2008,107000.0,WD(WARRANTY DEED),0.22,True,AR
16-28977-000,8/2/2001,84000.0,WD(WARRANTY DEED),0.22,True,AR
16-28977-000,1/26/1993,0.0,WD(WARRANTY DEED),0.22,True,AR
16-28977-000,12/20/1991,81000.0,WD(WARRANTY DEED),0.22,True,AR
16-28977-000,7/5/1991,3000.0,WD(WARRANTY DEED),0.22,True,AR
16-28977-000,1/18/1983,8000.0,WD(WARRANTY DEED),0.22,True,AR
16-28978-000,7/19/2004,49000.0,WD(WARRANTY DEED),0.2,True,AR
16-28978-000,4/3/2004,0.0,DC(DEATH CERTIFICATE),0.2,True,AR
16-28978-000,1/2/2003,0.0,WD(WARRANTY DEED),0.2,True,AR
16-28978-000,3/15/1999,0.0,DC(DEATH CERTIFICATE),0.2,True,AR
16-28978-000,4/27/1992,0.0,AFF(AFFIDAVIT),0.2,True,AR
16-28978-000,2/28/1992,0.0,WD(WARRANTY DEED),0.2,True,AR
16-28978-000,1/26/1973,0.0,DC(DEATH CERTIFICATE),0.2,True,AR
16-28979-000,7/2/2020,140000.0,WD(WARRANTY DEED),0.22,True,AR
16-28979-000,8/10/2009,77000.0,WD(WARRANTY DEED),0.22,True,AR
16-28979-000,6/21/2004,80000.0,WD(WARRANTY DEED),0.22,True,AR
16-28979-000,11/10/1997,60000.0,WD(WARRANTY DEED),0.22,True,AR
16-28979-000,11/26/1996,55000.0,WD(WARRANTY DEED),0.22,True,AR
16-28979-000,11/26/1996,45000.0,WD(WARRANTY DEED),0.22,True,AR
16-28979-000,11/26/1996,47000.0,WD(WARRANTY DEED),0.22,True,AR
16-28979-000,11/26/1996,45000.0,WD(WARRANTY DEED),0.22,True,AR
16-28979-000,11/26/1996,36000.0,WD(WARRANTY DEED),0.22,True,AR
16-28979-000,8/31/1985,0.0,CONT(CONTRACT),0.22,True,AR
16-28979-000,9/18/1984,15000.0,QCD(QUITCLAIM DEED),0.22,True,AR
16-28980-000,11/4/2017,0.0,DC(DEATH CERTIFICATE),0.2,True,AR
16-28980-000,9/12/2013,50000.0,WD(WARRANTY DEED),0.2,True,AR
16-28980-000,10/19/2004,63000.0,WD(WARRANTY DEED),0.2,True,AR
16-28981-000,8/2/2024,0.0,QCD(QUITCLAIM DEED),0.26,False,AR
16-28981-000,5/25/2021,8000.0,WD(WARRANTY DEED),0.26,False,AR
16-28981-000,9/21/1976,4000.0,WD(WARRANTY DEED),0.26,False,AR
16-28982-000,8/2/2024,0.0,QCD(QUITCLAIM DEED),0.24,False,AR
16-28982-000,10/26/2017,0.0,QCD(QUITCLAIM DEED),0.24,False,AR
16-28982-000,5/27/2011,0.0,QCD(QUITCLAIM DEED),0.24,False,AR
16-28982-000,7/14/2007,0.0,DC(DEATH CERTIFICATE),0.24,False,AR
16-28982-000,6/16/2003,0.0,QCD(QUITCLAIM DEED),0.24,False,AR
16-28982-000,5/16/2003,0.0,QCD(QUITCLAIM DEED),0.24,False,AR
16-28982-000,6/11/1999,3000.0,QCD(QUITCLAIM DEED),0.24,False,AR
16-28982-000,12/23/1998,0.0,QCD(QUITCLAIM DEED),0.24,False,AR
16-28982-000,11/13/1991,0.0,QCD(QUITCLAIM DEED),0.24,False,AR
16-28982-000,10/1/1985,0.0,DC(DEATH CERTIFICATE),0.24,False,AR
16-28983-000,8/7/2017,135000.0,WD(WARRANTY DEED),0.23,True,AR
16-28983-000,2/5/2003,79000.0,WD(WARRANTY DEED),0.23,True,AR
16-28983-000,8/31/1998,79000.0,WD(WARRANTY DEED),0.23,True,AR
16-28983-000,8/26/1997,69000.0,WD(WARRANTY DEED),0.23,True,AR
16-28983-000,6/8/1995,0.0,DC(DEATH CERTIFICATE),0.23,True,AR
16-28983-000,11/8/1991,56000.0,WD(WARRANTY DEED),0.23,True,AR
16-28983-000,8/1/1985,64000.0,WD(WARRANTY DEED),0.23,True,AR
16-28984-000,4/1/2019,0.0,WD(WARRANTY DEED),0.29,True,SC
16-28984-000,4/1/2019,0.0,CERT(CERTIFICATE),0.29,True,SC
16-28984-000,7/11/2016,0.0,FD(FIDUCIARY DEED),0.29,True,SC
16-28984-000,5/7/2016,0.0,DC(DEATH CERTIFICATE),0.29,True,SC
16-28984-000,9/17/2014,0.0,DC(DEATH CERTIFICATE),0.29,True,SC
16-28984-000,11/3/2009,0.0,WD(WARRANTY DEED),0.29,True,SC
16-28984-000,11/3/2009,0.0,CERT(CERTIFICATE),0.29,True,SC
16-28984-000,10/14/1994,49000.0,WD(WARRANTY DEED),0.29,True,SC
16-28984-000,11/13/1983,0.0,DC(DEATH CERTIFICATE),0.29,True,SC
16-28985-000,2/19/2018,0.0,CERT(CERTIFICATE),0.26,True,AR
16-28985-000,7/25/1995,3000.0,EXD(EXECUTOR-EXECUTRIX DEED),0.26,True,AR
16-28985-000,7/29/1993,0.0,OR(ORDER),0.26,True,AR
16-28985-000,8/1/1979,0.0,LTR(LETTER),0.26,True,AR
16-28986-000,9/9/2022,220000.0,WD(WARRANTY DEED),0.25,True,AR
16-28986-000,5/27/2016,105000.0,WD(WARRANTY DEED),0.25,True,AR
16-28986-000,8/23/2006,95000.0,WD(WARRANTY DEED),0.25,True,AR
16-28986-000,8/26/2004,77000.0,WD(WARRANTY DEED),0.25,True,AR
16-28986-000,8/26/2004,0.0,QCD(QUITCLAIM DEED),0.25,True,AR
16-28986-000,1/13/2004,0.0,RD(REDEMPTION DEED),0.25,True,AR
16-28986-000,12/16/2003,55333.0,WD(WARRANTY DEED),0.25,True,AR
16-28986-000,12/16/2003,59000.0,WD(WARRANTY DEED),0.25,True,AR
16-28986-000,12/16/2003,0.0,WD(WARRANTY DEED),0.25,True,AR
16-28986-000,7/9/2002,0.0,POA(POWER OF ATTORNEY),0.25,True,AR
16-28986-000,11/1/2000,0.0,CONT(CONTRACT),0.25,True,AR
16-28986-000,1/11/2000,0.0,POA(POWER OF ATTORNEY),0.25,True,AR
16-28986-000,7/9/1998,50000.0,WD(WARRANTY DEED),0.25,True,AR
16-28986-000,5/29/1998,0.0,QCD(QUITCLAIM DEED),0.25,True,AR
16-28986-000,6/19/1990,58000.0,WD(WARRANTY DEED),0.25,True,AR
16-28986-000,12/14/1988,53000.0,WD(WARRANTY DEED),0.25,True,AR
16-28986-000,5/11/1983,50000.0,WD(WARRANTY DEED),0.25,True,AR
16-28987-000,12/20/2006,14000.0,WD(WARRANTY DEED),0.26,True,AR
16-28987-000,4/27/2004,100000.0,WD(WARRANTY DEED),0.26,True,AR
16-28987-000,11/29/1990,4000.0,WD(WARRANTY DEED),0.26,True,AR
16-28987-000,11/29/1990,4500.0,WD(WARRANTY DEED),0.26,True,AR
16-28987-000,11/29/1990,0.0,DC(DEATH CERTIFICATE),0.26,True,AR
16-28988-000,12/13/2024,0.0,ADHL(AR DEPT OF HEALTH LIST),0.25,True,AR
16-28988-000,4/27/2004,100000.0,WD(WARRANTY DEED),0.25,True,AR
16-28988-000,9/14/1990,0.0,WD(WARRANTY DEED),0.25,True,AR
16-28988-000,9/12/1990,0.0,TRAG(TRUST AGREEMENT),0.25,True,AR
16-28988-000,9/13/1989,76000.0,WD(WARRANTY DEED),0.25,True,AR
16-28988-000,7/29/1988,5000.0,WD(WARRANTY DEED),0.25,True,AR
16-28989-000,10/13/2017,149000.0,WD(WARRANTY DEED),0.26,True,AR
16-28989-000,8/7/2006,145000.0,WD(WARRANTY DEED),0.26,True,AR
16-28989-000,8/7/2006,0.0,CORRWD(CORRECTED WARRANTY DEED),0.26,True,AR
16-28989-000,8/2/2006,0.0,CERT(CERTIFICATE),0.26,True,AR
16-28989-000,5/23/2006,123000.0,WD(WARRANTY DEED),0.26,True,AR
16-28989-000,12/14/1993,0.0,QCD(QUITCLAIM DEED),0.26,True,AR
16-28989-000,11/15/1993,0.0,MEMO(MEMORANDUM),0.26,True,AR
16-28989-000,1/21/1985,86000.0,WD(WARRANTY DEED),0.26,True,AR
16-28989-000,5/30/1984,0.0,WD(WARRANTY DEED),0.26,True,AR
16-28989-000,5/23/1984,8000.0,WD(WARRANTY DEED),0.26,True,AR
16-28990-000,8/12/2024,178000.0,WD(WARRANTY DEED),0.27,True,AR
16-28990-000,4/3/2019,109000.0,FD(FIDUCIARY DEED),0.27,True,AR
16-28990-000,2/14/2019,0.0,DC(DEATH CERTIFICATE),0.27,True,AR
16-28990-000,2/13/2019,0.0,BD(BENEFICIARY DEED),0.27,True,AR
16-28990-000,5/19/1999,56000.0,GD(GUARDIANS DEED),0.27,True,AR
16-28990-000,7/29/1998,0.0,OR(ORDER),0.27,True,AR
16-28990-000,5/1/1995,61000.0,WD(WARRANTY DEED),0.27,True,AR
16-28990-000,7/16/1992,54000.0,WD(WARRANTY DEED),0.27,True,AR
16-28990-000,11/30/1990,49000.0,WD(WARRANTY DEED),0.27,True,AR
16-28990-000,4/24/1987,54000.0,WD(WARRANTY DEED),0.27,True,AR
16-28990-000,5/10/1982,53000.0,WD(WARRANTY DEED),0.27,True,AR
16-28991-000,1/17/2018,0.0,QCD(QUITCLAIM DEED),0.27,True,AR
16-28991-000,12/29/2017,121000.0,TRWD(TRUSTEES WARRANTY DEED),0.27,True,AR
16-28991-000,1/25/2013,0.0,CERT(CERTIFICATE),0.27,True,AR
16-28991-000,1/25/2013,0.0,WD(WARRANTY DEED),0.27,True,AR
16-28991-000,1/3/2008,36667.0,WD(WARRANTY DEED),0.27,True,AR
16-28991-000,11/16/2007,0.0,WD(WARRANTY DEED),0.27,True,AR
16-28991-000,10/3/2007,0.0,MTG-D(MORTGAGEE'S DEED),0.27,True,AR
16-28991-000,8/31/2006,100000.0,WD(WARRANTY DEED),0.27,True,AR
16-28991-000,5/3/2006,60000.0,WD(WARRANTY DEED),0.27,True,AR
16-28991-000,3/8/2006,0.0,DC(DEATH CERTIFICATE),0.27,True,AR
16-28991-000,10/6/1989,0.0,WD(WARRANTY DEED),0.27,True,AR
16-28991-000,10/6/1989,0.0,TRAG(TRUST AGREEMENT),0.27,True,AR
16-28992-000,10/17/2016,0.0,DC(DEATH CERTIFICATE),0.23,True,AR
16-28992-000,7/1/2004,68000.0,WD(WARRANTY DEED),0.23,True,AR
16-28992-000,3/10/2004,50000.0,WD(WARRANTY DEED),0.23,True,AR
16-28992-000,8/11/2003,0.0,MTG-D(MORTGAGEE'S DEED),0.23,True,AR
16-28992-000,10/21/2002,65000.0,WD(WARRANTY DEED),0.23,True,AR
16-28992-000,5/23/1995,45000.0,WD(WARRANTY DEED),0.23,True,AR
16-28992-000,5/23/1995,0.0,WD(WARRANTY DEED),0.23,True,AR
16-28992-000,4/24/1990,0.0,QCD(QUITCLAIM DEED),0.23,True,AR
16-28992-000,2/21/1990,39000.0,WD(WARRANTY DEED),0.23,True,AR
16-28992-000,12/1/1989,27000.0,WD(WARRANTY DEED),0.23,True,AR
16-28992-000,3/28/1980,29000.0,WD(WARRANTY DEED),0.23,True,AR
16-28993-000,5/19/2023,0.0,QCD(QUITCLAIM DEED),0.21,True,AR
16-28993-000,1/5/2019,141000.0,WD(WARRANTY DEED),0.21,True,AR
16-28993-000,6/23/2017,140000.0,WD(WARRANTY DEED),0.21,True,AR
16-28993-000,6/25/2013,0.0,QCD(QUITCLAIM DEED),0.21,True,AR
16-28993-000,6/18/2007,0.0,QCD(QUITCLAIM DEED),0.21,True,AR
16-28993-000,4/18/2003,0.0,QCD(QUITCLAIM DEED),0.21,True,AR
16-28993-000,4/18/2003,0.0,EXD(EXECUTOR-EXECUTRIX DEED),0.21,True,AR
16-28993-000,9/9/2002,0.0,AFF(AFFIDAVIT),0.21,True,AR
16-28993-000,6/27/1990,44000.0,WD(WARRANTY DEED),0.21,True,AR
16-28993-000,7/19/1972,26000.0,WD(WARRANTY DEED),0.21,True,AR
16-28994-000,9/3/2013,0.0,DC(DEATH CERTIFICATE),0.31,True,AR
16-28994-000,9/23/1996,64000.0,WD(WARRANTY DEED),0.31,True,AR
16-28994-000,8/3/1990,0.0,WD(WARRANTY DEED),0.31,True,AR
16-28994-000,5/27/1989,23000.0,WD(WARRANTY DEED),0.31,True,AR
16-28995-000,3/1/2002,96000.0,WD(WARRANTY DEED),0.38,True,AR
16-28995-000,4/21/1998,84000.0,WD(WARRANTY DEED),0.38,True,AR
16-28995-000,6/15/1994,70000.0,EXD(EXECUTOR-EXECUTRIX DEED),0.38,True,AR
16-28995-000,12/5/1992,0.0,DC(DEATH CERTIFICATE),0.38,True,AR
16-28996-000,9/14/2012,5000.0,WD(WARRANTY DEED),0.53,False,AR
16-28996-000,8/16/2011,0.0,CWD(CORPORATION WARRANTY DEED),0.53,False,AR
16-28996-000,12/16/2009,2000.0,WD(WARRANTY DEED),0.53,False,AR
16-28996-000,1/20/2006,5000.0,WD(WARRANTY DEED),0.53,False,AR
16-28996-000,2/21/2003,0.0,RD(REDEMPTION DEED),0.53,False,AR
16-28996-000,5/3/2000,1000.0,COMMD(COMMISSIONERS DEED),0.53,False,AR
16-28996-000,6/26/1985,0.0,DC(DEATH CERTIFICATE),0.53,False,AR
16-28996-000,9/3/1975,3000.0,WD(WARRANTY DEED),0.53,False,AR
16-28997-000,4/14/2022,260000.0,WD(WARRANTY DEED),0.3,True,AR
16-28997-000,5/15/2019,140000.0,WD(WARRANTY DEED),0.3,True,AR
16-28997-000,10/30/2013,80000.0,WD(WARRANTY DEED),0.3,True,AR
16-28997-000,4/19/2012,0.0,WD(WARRANTY DEED),0.3,True,AR
16-28997-000,4/19/2012,0.0,CERT(CERTIFICATE),0.3,True,AR
16-28997-000,3/25/2012,0.0,DC(DEATH CERTIFICATE),0.3,True,AR
16-28997-000,9/17/1992,57000.0,WD(WARRANTY DEED),0.3,True,AR
16-28997-000,9/17/1992,0.0,DC(DEATH CERTIFICATE),0.3,True,AR
16-28997-000,1/21/1991,0.0,WD(WARRANTY DEED),0.3,True,AR
16-28997-000,1/21/1991,0.0,TRAG(TRUST AGREEMENT),0.3,True,AR
16-28998-000,5/27/2016,176000.0,WD(WARRANTY DEED),0.28,True,AR
16-28998-000,12/7/2010,104000.0,WD(WARRANTY DEED),0.28,True,AR
16-28998-000,12/7/2010,0.0,CORRWD(CORRECTED WARRANTY DEED),0.28,True,AR
16-28998-000,4/11/1991,0.0,WD(WARRANTY DEED),0.28,True,AR
16-28998-000,4/11/1991,0.0,TRAG(TRUST AGREEMENT),0.28,True,AR
16-28998-000,4/27/1989,0.0,DC(DEATH CERTIFICATE),0.28,True,AR
16-28998-000,7/21/1977,5000.0,WD(WARRANTY DEED),0.28,True,AR
16-28999-000,10/21/2024,440000.0,WD(WARRANTY DEED),0.35,True,AR
16-28999-000,3/27/2022,422000.0,WD(WARRANTY DEED),0.35,True,AR
16-28999-000,9/17/2020,238000.0,WD(WARRANTY DEED),0.35,True,AR
16-28999-000,3/24/2004,165000.0,WD(WARRANTY DEED),0.35,True,AR
16-28999-000,9/25/1995,0.0,WD(WARRANTY DEED),0.35,True,AR
16-28999-000,9/25/1995,0.0,TRAG(TRUST AGREEMENT),0.35,True,AR
16-28999-000,9/19/1995,0.0,TRAG(TRUST AGREEMENT),0.35,True,AR
16-28999-000,6/26/1995,125000.0,WD(WARRANTY DEED),0.35,True,AR
16-28999-000,10/15/1993,0.0,DC(DEATH CERTIFICATE),0.35,True,AR
16-28999-000,5/12/1992,0.0,WD(WARRANTY DEED),0.35,True,AR
16-28999-000,9/1/1989,118000.0,WD(WARRANTY DEED),0.35,True,AR
16-28999-000,2/25/1983,0.0,WD(WARRANTY DEED),0.35,True,AR
16-29000-000,4/28/2021,0.0,QCD(QUITCLAIM DEED),0.32,True,MO
16-29000-000,2/12/2021,253000.0,WD(WARRANTY DEED),0.32,True,MO
16-29000-000,6/1/2017,192000.0,WD(WARRANTY DEED),0.32,True,MO
16-29000-000,3/23/2015,153000.0,WD(WARRANTY DEED),0.32,True,MO
16-29000-000,12/8/2014,0.0,SWD(SPECIAL WARRANTY DEED),0.32,True,MO
16-29000-000,12/8/2014,65000.0,SWD(SPECIAL WARRANTY DEED),0.32,True,MO
16-29000-000,8/13/2014,0.0,MTG-D(MORTGAGEE'S DEED),0.32,True,MO
16-29000-000,3/28/2014,0.0,AFF(AFFIDAVIT),0.32,True,MO
16-29000-000,1/22/2014,0.0,MTG-D(MORTGAGEE'S DEED),0.32,True,MO
16-29000-000,1/3/2008,0.0,QCD(QUITCLAIM DEED),0.32,True,MO
16-29000-000,8/5/2004,141000.0,WD(WARRANTY DEED),0.32,True,MO
16-29000-000,10/27/1989,50000.0,WD(WARRANTY DEED),0.32,True,MO
16-29000-000,4/28/1978,55000.0,WD(WARRANTY DEED),0.32,True,MO
16-29001-000,2/17/2023,179000.0,WD(WARRANTY DEED),0.31,True,AR
16-29001-000,4/4/2008,90000.0,WD(WARRANTY DEED),0.31,True,AR
16-29001-000,4/11/2005,73000.0,WD(WARRANTY DEED),0.31,True,AR
16-29001-000,9/23/1998,57000.0,WD(WARRANTY DEED),0.31,True,AR
16-29001-000,7/14/1998,43000.0,WD(WARRANTY DEED),0.31,True,AR
16-29001-000,9/29/1997,0.0,POA(POWER OF ATTORNEY),0.31,True,AR
16-29001-000,8/14/1990,0.0,WD(WARRANTY DEED),0.31,True,AR
16-29001-000,12/31/1989,0.0,DC(DEATH CERTIFICATE),0.31,True,AR
16-29001-000,5/12/1969,0.0,WD(WARRANTY DEED),0.31,True,AR
16-29002-000,5/30/1997,0.0,QCD(QUITCLAIM DEED),0.37,True,AR
16-29002-000,5/28/1997,0.0,TRAG(TRUST AGREEMENT),0.37,True,AR
16-29002-000,10/2/1996,84000.0,WD(WARRANTY DEED),0.37,True,AR
16-29002-000,6/17/1996,0.0,QCD(QUITCLAIM DEED),0.37,True,AR
16-29002-000,9/21/1992,67000.0,WD(WARRANTY DEED),0.37,True,AR
16-29002-000,11/12/1991,0.0,TRD(TRUSTEES DEED),0.37,True,AR
16-29002-000,8/26/1991,0.0,TRD(TRUSTEES DEED),0.37,True,AR
16-29002-000,2/11/1991,0.0,DC(DEATH CERTIFICATE),0.37,True,AR
16-29002-000,3/26/1987,0.0,WD(WARRANTY DEED),0.37,True,AR
16-29002-000,3/24/1987,0.0,CORRWD(CORRECTED WARRANTY DEED),0.37,True,AR
16-29003-000,8/4/2017,199000.0,TRD(TRUSTEES DEED),0.32,True,AR
16-29003-000,2/1/2017,0.0,CERT(CERTIFICATE),0.32,True,AR
16-29003-000,8/26/2016,0.0,MEMO(MEMORANDUM),0.32,True,AR
16-29003-000,7/26/2012,0.0,SWD(SPECIAL WARRANTY DEED),0.32,True,AR
16-29003-000,7/26/2012,0.0,CERT(CERTIFICATE),0.32,True,AR
16-29003-000,4/12/2004,0.0,WD(WARRANTY DEED),0.32,True,AR
16-29003-000,4/12/2004,125000.0,WD(WARRANTY DEED),0.32,True,AR
16-29003-000,7/18/2002,97000.0,WD(WARRANTY DEED),0.32,True,AR
16-29003-000,7/10/2001,0.0,DC(DEATH CERTIFICATE),0.32,True,AR
16-29003-000,7/27/1990,0.0,WD(WARRANTY DEED),0.32,True,AR
16-29003-000,7/27/1990,0.0,TRAG(TRUST AGREEMENT),0.32,True,AR
16-29003-000,1/22/1973,6000.0,WD(WARRANTY DEED),0.32,True,AR
16-29004-000,10/12/2024,0.0,QCD(QUITCLAIM DEED),0.27,True,AR
16-29004-000,10/12/2024,10.0,QCD(QUITCLAIM DEED),0.27,True,AR
16-29004-000,5/7/2021,0.0,QCD(QUITCLAIM DEED),0.27,True,AR
16-29004-000,6/23/2017,270000.0,WD(WARRANTY DEED),0.27,True,AR
16-29004-000,2/26/2016,0.0,DC(DEATH CERTIFICATE),0.27,True,AR
16-29004-000,3/27/2015,175000.0,WD(WARRANTY DEED),0.27,True,AR
16-29004-000,8/8/2003,0.0,WD(WARRANTY DEED),0.27,True,AR
16-29004-000,7/30/2003,0.0,CERT(CERTIFICATE),0.27,True,AR
16-29004-000,5/2/1991,8000.0,WD(WARRANTY DEED),0.27,True,AR
16-29004-000,12/22/1986,6000.0,WD(WARRANTY DEED),0.27,True,AR
16-29005-000,7/6/2023,12000.0,WD(WARRANTY DEED),0.2,False,AR
16-29005-000,6/12/2009,0.0,WD(WARRANTY DEED),0.2,False,AR
16-29005-000,5/8/2009,0.0,CERT(CERTIFICATE),0.2,False,AR
16-29005-000,10/21/2008,0.0,CERT(CERTIFICATE),0.2,False,AR
16-29005-000,7/17/1975,3000.0,WD(WARRANTY DEED),0.2,False,AR
16-29006-000,12/28/2004,0.0,WD(WARRANTY DEED),0.23,False,AR
16-29006-000,4/3/2002,3000.0,WD(WARRANTY DEED),0.23,False,AR
16-29006-000,4/6/1992,5000.0,WD(WARRANTY DEED),0.23,False,AR
16-29006-000,8/14/1989,0.0,DC(DEATH CERTIFICATE),0.23,False,AR
16-29006-000,4/23/1985,0.0,COMMD(COMMISSIONERS DEED),0.23,False,AR
16-29007-000,1/24/2007,0.0,QCD(QUITCLAIM DEED),0.27,True,AR
16-29007-000,12/10/2003,125000.0,WD(WARRANTY DEED),0.27,True,AR
16-29007-000,6/17/1994,97000.0,WD(WARRANTY DEED),0.27,True,AR
16-29007-000,6/18/1991,85000.0,WD(WARRANTY DEED),0.27,True,AR
16-29007-000,9/11/1990,2500.0,EXD(EXECUTOR-EXECUTRIX DEED),0.27,True,AR
16-29007-000,1/13/1976,4000.0,WD(WARRANTY DEED),0.27,True,AR
16-29008-000,3/17/2022,0.0,DC(DEATH CERTIFICATE),0.29,False,AR
16-29008-000,7/21/2021,0.0,BD(BENEFICIARY DEED),0.29,False,AR
16-29008-000,8/26/2004,3333.0,WD(WARRANTY DEED),0.29,False,AR
16-29008-000,10/31/1994,0.0,RD(REDEMPTION DEED),0.29,False,AR
16-29008-000,2/9/1976,3000.0,WD(WARRANTY DEED),0.29,False,AR
16-29009-000,3/17/2022,0.0,DC(DEATH CERTIFICATE),0.21,False,AR
16-29009-000,7/21/2021,0.0,BD(BENEFICIARY DEED),0.21,False,AR
16-29009-000,12/21/2005,7000.0,CORRWD(CORRECTED WARRANTY DEED),0.21,False,AR
16-29009-000,12/21/2005,7000.0,WD(WARRANTY DEED),0.21,False,AR
16-29009-000,11/5/1990,0.0,CONT(CONTRACT),0.21,False,AR
16-29009-000,10/18/1990,6000.0,WD(WARRANTY DEED),0.21,False,AR
16-29009-000,1/6/1989,0.0,DC(DEATH CERTIFICATE),0.21,False,AR
16-29010-000,1/22/2019,1250.0,TRWD(TRUSTEES WARRANTY DEED),0.23,False,CO
16-29010-000,2/1/2018,0.0,SWD(SPECIAL WARRANTY DEED),0.23,False,CO
16-29010-000,2/1/2018,0.0,CERT(CERTIFICATE),0.23,False,CO
16-29010-000,10/24/2011,1000.0,COMMD(COMMISSIONERS DEED),0.23,False,CO
16-29010-000,7/21/2011,0.0,RD(REDEMPTION DEED),0.23,False,CO
16-29010-000,9/12/2005,0.0,RD(REDEMPTION DEED),0.23,False,CO
16-29010-000,8/23/2005,6000.0,WD(WARRANTY DEED),0.23,False,CO
16-29010-000,4/19/2002,0.0,RD(REDEMPTION DEED),0.23,False,CO
16-29010-000,3/25/2002,1000.0,WD(WARRANTY DEED),0.23,False,CO
16-29010-000,3/4/2002,0.0,QCD(QUITCLAIM DEED),0.23,False,CO
16-29010-000,3/24/1998,0.0,QCD(QUITCLAIM DEED),0.23,False,CO
16-29010-000,6/23/1995,3000.0,CWD(CORPORATION WARRANTY DEED),0.23,False,CO
16-29010-000,5/31/1995,2000.0,WD(WARRANTY DEED),0.23,False,CO
16-29010-000,11/19/1990,0.0,QCD(QUITCLAIM DEED),0.23,False,CO
16-29010-000,2/26/1990,8000.0,WD(WARRANTY DEED),0.23,False,CO
16-29010-000,1/28/1990,0.0,DC(DEATH CERTIFICATE),0.23,False,CO
16-29010-000,9/10/1975,6000.0,WD(WARRANTY DEED),0.23,False,CO
16-29011-000,2/15/2024,300000.0,WD(WARRANTY DEED),0.3,True,AR
16-29011-000,2/25/2019,155000.0,WD(WARRANTY DEED),0.3,True,AR
16-29011-000,4/30/2008,115000.0,WD(WARRANTY DEED),0.3,True,AR
16-29011-000,2/26/2008,38000.0,WD(WARRANTY DEED),0.3,True,AR
16-29011-000,10/31/2007,0.0,MEMO(MEMORANDUM),0.3,True,AR
16-29011-000,7/20/2006,120000.0,WD(WARRANTY DEED),0.3,True,AR
16-29011-000,7/2/1990,54000.0,WD(WARRANTY DEED),0.3,True,AR
16-29012-000,12/30/2022,0.0,WD(WARRANTY DEED),0.32,True,AR
16-29012-000,8/9/2012,110000.0,WD(WARRANTY DEED),0.32,True,AR
16-29012-000,3/1/2007,107000.0,WD(WARRANTY DEED),0.32,True,AR
16-29012-000,3/30/2001,0.0,QCD(QUITCLAIM DEED),0.32,True,AR
16-29013-000,6/9/2023,19000.0,WD(WARRANTY DEED),0.22,False,AR
16-29013-000,4/14/1998,19000.0,WD(WARRANTY DEED),0.22,False,AR
16-29013-000,7/24/1975,4000.0,WD(WARRANTY DEED),0.22,False,AR
16-29014-000,4/24/2024,765000.0,WD(WARRANTY DEED),0.47,True,AR
16-29014-000,1/4/2022,0.0,BD(BENEFICIARY DEED),0.47,True,AR
16-29014-000,6/1/2009,270000.0,WD(WARRANTY DEED),0.47,True,AR
16-29014-000,3/10/2004,249000.0,WD(WARRANTY DEED),0.47,True,AR
16-29014-000,6/4/2002,239000.0,WD(WARRANTY DEED),0.47,True,AR
16-29014-000,6/2/1999,170000.0,WD(WARRANTY DEED),0.47,True,AR
16-29014-000,2/5/1998,160000.0,WD(WARRANTY DEED),0.47,True,AR
16-29014-000,6/6/1989,0.0,WD(WARRANTY DEED),0.47,True,AR
16-29014-000,1/16/1989,215000.0,WD(WARRANTY DEED),0.47,True,AR
16-29014-000,4/22/1986,0.0,DC(DEATH CERTIFICATE),0.47,True,AR
16-29014-000,4/29/1980,21000.0,WD(WARRANTY DEED),0.47,True,AR
16-29015-000,2/28/2018,0.0,CORRWD(CORRECTED WARRANTY DEED),0.21,True,AR
16-29015-000,2/28/2018,110000.0,WD(WARRANTY DEED),0.21,True,AR
16-29015-000,10/16/1998,0.0,OR(ORDER),0.21,True,AR
16-29015-000,11/5/1990,0.0,QCD(QUITCLAIM DEED),0.21,True,AR
16-29015-000,4/1/1988,0.0,WD(WARRANTY DEED),0.21,True,AR
16-29015-000,11/1/1982,70000.0,WD(WARRANTY DEED),0.21,True,AR
16-29016-000,12/30/2024,13500.0,WD(WARRANTY DEED),0.21,False,AR
16-29016-000,2/28/2007,1000.0,QCD(QUITCLAIM DEED),0.21,False,AR
16-29016-000,4/26/2006,0.0,QCD(QUITCLAIM DEED),0.21,False,AR
16-29016-000,8/23/2005,0.0,WD(WARRANTY DEED),0.21,False,AR
16-29016-000,12/7/1998,0.0,RD(REDEMPTION DEED),0.21,False,AR
16-29016-000,1/29/1993,0.0,QCD(QUITCLAIM DEED),0.21,False,AR
16-29016-000,10/15/1992,0.0,QCD(QUITCLAIM DEED),0.21,False,AR
16-29016-000,11/5/1990,0.0,QCD(QUITCLAIM DEED),0.21,False,AR
16-29016-000,4/1/1988,110000.0,WD(WARRANTY DEED),0.21,False,AR
16-29016-000,10/1/1984,10300.0,WD(WARRANTY DEED),0.21,False,AR
16-29016-000,7/16/1984,0.0,WD(WARRANTY DEED),0.21,False,AR
16-29017-000,8/9/2021,0.0,QCD(QUITCLAIM DEED),0.21,True,AR
16-29017-000,8/11/2020,0.0,OTHER(OTHER DOCUMENT),0.21,True,AR
16-29017-000,5/20/2015,0.0,BD(BENEFICIARY DEED),0.21,True,AR
16-29017-000,7/21/2006,143000.0,WD(WARRANTY DEED),0.21,True,AR
16-29017-000,2/16/2006,0.0,DC(DEATH CERTIFICATE),0.21,True,AR
16-29017-000,2/16/2006,0.0,DC(DEATH CERTIFICATE),0.21,True,AR
16-29017-000,2/16/2006,0.0,DC(DEATH CERTIFICATE),0.21,True,AR
16-29017-000,11/16/2004,0.0,WD(WARRANTY DEED),0.21,True,AR
16-29017-000,11/16/2004,0.0,CERT(CERTIFICATE),0.21,True,AR
16-29017-000,2/2/1989,0.0,QCD(QUITCLAIM DEED),0.21,True,AR
16-29017-000,8/11/1986,0.0,DC(DEATH CERTIFICATE),0.21,True,AR
16-29017-000,2/3/1986,86000.0,WD(WARRANTY DEED),0.21,True,AR
16-29017-000,11/30/1984,8000.0,WD(WARRANTY DEED),0.21,True,AR
16-29017-000,11/30/1984,7000.0,WD(WARRANTY DEED),0.21,True,AR
16-29018-000,6/14/2000,0.0,QCD(QUITCLAIM DEED),0.21,True,AR
16-29018-000,2/7/2000,0.0,QCD(QUITCLAIM DEED),0.21,True,AR
16-29018-000,12/29/1998,80000.0,WD(WARRANTY DEED),0.21,True,AR
16-29018-000,1/29/1986,0.0,HIST(HISTORICAL),0.21,True,AR
16-29018-000,1/2/1986,97000.0,WD(WARRANTY DEED),0.21,True,AR
16-29018-000,9/30/1985,0.0,WD(WARRANTY DEED),0.21,True,AR
16-29018-000,5/22/1985,8000.0,WD(WARRANTY DEED),0.21,True,AR
16-29018-000,9/24/1981,8000.0,WD(WARRANTY DEED),0.21,True,AR
16-29019-000,3/3/2020,0.0,CERT(CERTIFICATE),0.18,True,AR
16-29019-000,11/17/2019,0.0,DC(DEATH CERTIFICATE),0.18,True,AR
16-29019-000,1/5/2009,0.0,WD(WARRANTY DEED),0.18,True,AR
16-29019-000,1/5/2009,0.0,CERT(CERTIFICATE),0.18,True,AR
16-29019-000,7/1/2005,130000.0,WD(WARRANTY DEED),0.18,True,AR
16-29019-000,10/15/1997,69000.0,WD(WARRANTY DEED),0.18,True,AR
16-29019-000,7/26/1994,0.0,WD(WARRANTY DEED),0.18,True,AR
16-29019-000,7/26/1994,0.0,CERT(CERTIFICATE),0.18,True,AR
16-29019-000,9/10/1991,70000.0,WD(WARRANTY DEED),0.18,True,AR
16-29019-000,3/14/1983,0.0,WD(WARRANTY DEED),0.18,True,AR
16-29020-000,6/25/2024,380000.0,WD(WARRANTY DEED),0.19,True,AR
16-29020-000,2/9/2022,230000.0,WD(WARRANTY DEED),0.19,True,AR
16-29020-000,8/4/2017,144000.0,WD(WARRANTY DEED),0.19,True,AR
16-29020-000,2/26/2015,0.0,QCD(QUITCLAIM DEED),0.19,True,AR
16-29020-000,9/23/2008,119000.0,WD(WARRANTY DEED),0.19,True,AR
16-29020-000,10/23/2007,84000.0,DEED(GRANT DEED),0.19,True,AR
16-29020-000,1/11/2007,0.0,DC(DEATH CERTIFICATE),0.19,True,AR
16-29020-000,10/15/1987,160000.0,WD(WARRANTY DEED),0.19,True,AR
16-29020-000,1/9/1976,48000.0,WD(WARRANTY DEED),0.19,True,AR
16-29021-000,7/15/2020,145000.0,WD(WARRANTY DEED),0.17,True,TX
16-29021-000,2/12/2019,122000.0,WD(WARRANTY DEED),0.17,True,TX
16-29021-000,10/31/2003,69000.0,WD(WARRANTY DEED),0.17,True,TX
16-29021-000,5/6/1992,0.0,WD(WARRANTY DEED),0.17,True,TX
16-29021-000,12/11/1978,44000.0,WD(WARRANTY DEED),0.17,True,TX
16-29022-000,4/9/2018,0.0,RD(REDEMPTION DEED),0.23,False,NE
16-29022-000,1/24/2017,0.0,WD(WARRANTY DEED),0.23,False,NE
16-29022-000,10/24/2016,0.0,WD(WARRANTY DEED),0.23,False,NE
16-29022-000,6/27/2016,0.0,WD(WARRANTY DEED),0.23,False,NE
16-29022-000,7/3/2014,0.0,LWD(LIMITED WARRANTY DEED),0.23,False,NE
16-29022-000,8/28/2009,0.0,RD(REDEMPTION DEED),0.23,False,NE
16-29022-000,2/9/1998,0.0,RD(REDEMPTION DEED),0.23,False,NE
16-29022-000,5/27/1993,0.0,WD(WARRANTY DEED),0.23,False,NE
16-29022-000,7/16/1992,1000.0,WD(WARRANTY DEED),0.23,False,NE
16-29022-000,7/7/1992,1000.0,WD(WARRANTY DEED),0.23,False,NE
16-29022-000,12/8/1984,2350.0,WD(WARRANTY DEED),0.23,False,NE
16-29023-000,3/16/2009,16000.0,WD(WARRANTY DEED),0.48,False,FL
16-29023-000,11/24/2008,0.0,WD(WARRANTY DEED),0.48,False,FL
16-29023-000,4/25/2006,17000.0,WD(WARRANTY DEED),0.48,False,FL
16-29023-000,2/11/2002,1000.0,WD(WARRANTY DEED),0.48,False,FL
16-29023-000,3/23/1998,2000.0,WD(WARRANTY DEED),0.48,False,FL
16-29023-000,5/27/1997,1000.0,WD(WARRANTY DEED),0.48,False,FL
16-29023-000,5/5/1997,1000.0,CWD(CORPORATION WARRANTY DEED),0.48,False,FL
16-29023-000,5/5/1997,1000.0,WD(WARRANTY DEED),0.48,False,FL
16-29023-000,8/31/1977,5000.0,WD(WARRANTY DEED),0.48,False,FL
16-29024-000,3/16/2009,16000.0,WD(WARRANTY DEED),0.61,False,FL
16-29024-000,11/24/2008,0.0,WD(WARRANTY DEED),0.61,False,FL
16-29024-000,4/25/2006,17000.0,WD(WARRANTY DEED),0.61,False,FL
16-29024-000,6/10/2002,1000.0,WD(WARRANTY DEED),0.61,False,FL
16-29024-000,2/13/2001,0.0,WD(WARRANTY DEED),0.61,False,FL
16-29024-000,6/1/1998,1000.0,WD(WARRANTY DEED),0.61,False,FL
16-29024-000,12/10/1997,7000.0,WD(WARRANTY DEED),0.61,False,FL
16-29024-000,8/31/1982,0.0,CONT(CONTRACT),0.61,False,FL
16-29025-000,9/7/2021,0.0,WD(WARRANTY DEED),1.19,True,AR
16-29025-000,6/19/2013,0.0,SWD(SPECIAL WARRANTY DEED),1.19,True,AR
16-29025-000,2/4/2013,0.0,MTG-D(MORTGAGEE'S DEED),1.19,True,AR
16-29025-000,1/8/2013,0.0,SWD(SPECIAL WARRANTY DEED),1.19,True,AR
16-29025-000,5/1/1996,310000.0,WD(WARRANTY DEED),1.19,True,AR
16-29025-000,6/1/1990,0.0,WD(WARRANTY DEED),1.19,True,AR
16-29025-000,10/15/1976,104000.0,WD(WARRANTY DEED),1.19,True,AR
16-29026-000,925,185.0,185,8.35,False,AR
16-29026-000,0,0.0,0,8.35,False,AR
16-29026-000,925,185.0,185,8.35,False,AR
16-29026-000,,185.0,185,8.35,False,AR
16-29026-000,,0.06193,0.06193,8.35,False,AR
16-29026-000,,1.67,1.67,8.35,False,AR
16-29026-001,0,0.0,0,5.06,False,AR
16-29026-001,0,0.0,0,5.06,False,AR
16-29026-001,0,0.0,0,5.06,False,AR
16-29026-001,,0.0,0,5.06,False,AR
16-29026-001,,0.06193,0.06193,5.06,False,AR
16-32982-000,10/9/2024,0.0,WD(WARRANTY DEED),0.36,True,TX
16-32982-000,10/19/2021,0.0,AFF(AFFIDAVIT),0.36,True,TX
16-32982-000,10/8/2021,350000.0,WD(WARRANTY DEED),0.36,True,TX
16-32982-000,3/1/2021,210000.0,WD(WARRANTY DEED),0.36,True,TX
16-32982-000,3/7/2015,130000.0,WD(WARRANTY DEED),0.36,True,TX
16-32982-000,12/29/2010,75000.0,SWD(SPECIAL WARRANTY DEED),0.36,True,TX
16-32982-000,8/16/2010,0.0,MTG-D(MORTGAGEE'S DEED),0.36,True,TX
16-32982-000,4/5/2010,0.0,QCD(QUITCLAIM DEED),0.36,True,TX
16-32982-000,12/27/2007,0.0,QCD(QUITCLAIM DEED),0.36,True,TX
16-32982-000,5/19/2006,167000.0,WD(WARRANTY DEED),0.36,True,TX
16-32982-000,12/9/2005,0.0,DC(DEATH CERTIFICATE),0.36,True,TX
16-32982-000,5/15/2002,120000.0,WD(WARRANTY DEED),0.36,True,TX
16-32982-000,11/13/2000,113000.0,WD(WARRANTY DEED),0.36,True,TX
16-32982-000,12/9/1994,113000.0,WD(WARRANTY DEED),0.36,True,TX
16-32982-000,7/23/1993,97000.0,WD(WARRANTY DEED),0.36,True,TX
16-32982-000,5/6/1983,96000.0,WD(WARRANTY DEED),0.36,True,TX
16-32983-000,7/11/2024,434000.0,WD(WARRANTY DEED),0.3,True,AR
16-32983-000,7/23/2001,0.0,DC(DEATH CERTIFICATE),0.3,True,AR
16-32983-000,7/23/2001,0.0,AB(ABSTRACT OF TRUST),0.3,True,AR
16-32983-000,7/20/2001,133000.0,WD(WARRANTY DEED),0.3,True,AR
16-32983-000,5/12/1998,0.0,QCD(QUITCLAIM DEED),0.3,True,AR
16-32983-000,2/25/1998,0.0,WD(WARRANTY DEED),0.3,True,AR
16-32983-000,7/17/1986,0.0,HIST(HISTORICAL),0.3,True,AR
16-32983-000,5/30/1986,0.0,WD(WARRANTY DEED),0.3,True,AR
16-32983-000,11/8/1985,0.0,WD(WARRANTY DEED),0.3,True,AR
16-32984-000,3/3/2023,349000.0,WD(WARRANTY DEED),0.3,True,AR
16-32984-000,3/8/2018,18000.0,WD(WARRANTY DEED),0.3,True,AR
16-32984-000,9/27/2017,15000.0,WD(WARRANTY DEED),0.3,True,AR
16-32984-000,5/9/2016,6000.0,WD(WARRANTY DEED),0.3,True,AR
16-32984-000,11/18/2004,142000.0,WD(WARRANTY DEED),0.3,True,AR
16-32984-000,8/4/1995,0.0,WD(WARRANTY DEED),0.3,True,AR
16-32984-000,8/4/1995,0.0,CERT(CERTIFICATE),0.3,True,AR
16-32984-000,11/1/1994,134000.0,WD(WARRANTY DEED),0.3,True,AR
16-32984-000,4/7/1989,10000.0,WD(WARRANTY DEED),0.3,True,AR
16-32985-000,4/5/2024,0.0,BD(BENEFICIARY DEED),0.31,True,AR
16-32985-000,3/10/2014,0.0,WD(WARRANTY DEED),0.31,True,AR
16-32985-000,3/10/2014,0.0,CERT(CERTIFICATE),0.31,True,AR
16-32985-000,4/5/2004,0.0,QCD(QUITCLAIM DEED),0.31,True,AR
16-32985-000,8/18/2003,129000.0,WD(WARRANTY DEED),0.31,True,AR
16-32985-000,4/20/2000,0.0,WD(WARRANTY DEED),0.31,True,AR
16-32985-000,4/20/2000,0.0,TRAG(TRUST AGREEMENT),0.31,True,AR
16-32985-000,6/2/1994,0.0,DC(DEATH CERTIFICATE),0.31,True,AR
16-32985-000,1/31/1994,0.0,WD(WARRANTY DEED),0.31,True,AR
16-32985-000,8/11/1983,0.0,WD(WARRANTY DEED),0.31,True,AR
16-32985-000,5/11/1983,102000.0,WD(WARRANTY DEED),0.31,True,AR
16-32986-000,11/26/2021,0.0,OTHER(OTHER DOCUMENT),0.34,True,AR
16-32986-000,9/8/2009,0.0,CERT(CERTIFICATE),0.34,True,AR
16-32986-000,4/21/2003,79000.0,WD(WARRANTY DEED),0.34,True,AR
16-32986-000,3/19/1996,85000.0,WD(WARRANTY DEED),0.34,True,AR
16-32986-000,6/8/1989,0.0,WD(WARRANTY DEED),0.34,True,AR
16-32986-000,11/5/1981,0.0,HIST(HISTORICAL),0.34,True,AR
16-32987-000,2/15/2024,10.0,WD(WARRANTY DEED),0.3,True,AR
16-32987-000,2/15/2024,0.0,MEMO(MEMORANDUM),0.3,True,AR
16-32987-000,7/5/1996,0.0,WD(WARRANTY DEED),0.3,True,AR
16-32987-000,6/1/1995,2000.0,WD(WARRANTY DEED),0.3,True,AR
16-32987-000,1/5/1994,0.0,WD(WARRANTY DEED),0.3,True,AR
16-32987-000,9/1/1982,0.0,HIST(HISTORICAL),0.3,True,AR
16-32988-000,2/15/2024,10.0,WD(WARRANTY DEED),0.29,True,AR
16-32988-000,2/15/2024,0.0,MEMO(MEMORANDUM),0.29,True,AR
16-32988-000,4/27/2009,0.0,FD(FIDUCIARY DEED),0.29,True,AR
16-32988-000,4/27/2009,0.0,WD(WARRANTY DEED),0.29,True,AR
16-32988-000,4/14/2008,0.0,DC(DEATH CERTIFICATE),0.29,True,AR
16-32988-000,10/8/2007,0.0,WD(WARRANTY DEED),0.29,True,AR
16-32988-000,11/8/2000,0.0,WD(WARRANTY DEED),0.29,True,AR
16-32988-000,8/18/1988,46000.0,WD(WARRANTY DEED),0.29,True,AR
16-32988-000,5/1/1978,70000.0,WD(WARRANTY DEED),0.29,True,AR
16-32989-000,10/11/2012,0.0,QCD(QUITCLAIM DEED),0.31,True,AR
16-32989-000,10/4/2012,52000.0,WD(WARRANTY DEED),0.31,True,AR
16-32989-000,5/22/2010,0.0,AFF(AFFIDAVIT),0.31,True,AR
16-32989-000,5/22/2010,0.0,FD(FIDUCIARY DEED),0.31,True,AR
16-32989-000,8/29/2009,0.0,OR(ORDER),0.31,True,AR
16-32989-000,10/20/2008,0.0,DC(DEATH CERTIFICATE),0.31,True,AR
16-32989-000,10/3/1994,68000.0,WD(WARRANTY DEED),0.31,True,AR
16-32989-000,5/4/1984,0.0,WD(WARRANTY DEED),0.31,True,AR
16-32990-000,1/7/2004,179000.0,WD(WARRANTY DEED),0.33,True,AR
16-32990-000,1/7/2004,179000.0,WD(WARRANTY DEED),0.33,True,AR
16-32990-000,6/14/1999,190000.0,WD(WARRANTY DEED),0.33,True,AR
16-32990-000,4/2/1996,3000.0,WD(WARRANTY DEED),0.33,True,AR
16-32990-000,4/20/1990,8000.0,WD(WARRANTY DEED),0.33,True,AR
16-32990-000,4/7/1986,0.0,DC(DEATH CERTIFICATE),0.33,True,AR
16-32990-000,3/19/1986,10000.0,WD(WARRANTY DEED),0.33,True,AR
16-32990-000,7/16/1985,9000.0,WD(WARRANTY DEED),0.33,True,AR
16-32991-000,11/29/2016,0.0,QCD(QUITCLAIM DEED),0.34,False,AR
16-32991-000,5/12/2016,0.0,QCD(QUITCLAIM DEED),0.34,False,AR
16-32991-000,5/14/2003,12000.0,WD(WARRANTY DEED),0.34,False,AR
16-32991-000,1/24/1996,4000.0,WD(WARRANTY DEED),0.34,False,AR
16-32991-000,12/28/1993,0.0,RD(REDEMPTION DEED),0.34,False,AR
16-32991-000,12/22/1993,3000.0,WD(WARRANTY DEED),0.34,False,AR
16-32991-000,9/22/1989,0.0,DC(DEATH CERTIFICATE),0.34,False,AR
16-32991-000,8/12/1987,5000.0,WD(WARRANTY DEED),0.34,False,AR
16-32991-000,12/4/1978,6000.0,WD(WARRANTY DEED),0.34,False,AR
16-32992-000,9/30/2002,234000.0,WD(WARRANTY DEED),1.05,True,AR
16-32992-000,1/25/1993,9000.0,WD(WARRANTY DEED),1.05,True,AR
16-32992-000,11/20/1987,8000.0,WD(WARRANTY DEED),1.05,True,AR
16-32993-000,2/26/2024,530000.0,TRWD(TRUSTEES WARRANTY DEED),0.36,True,AR
16-32993-000,1/30/2024,0.0,CERT(CERTIFICATE),0.36,True,AR
16-32993-000,4/14/2023,0.0,OBIT(OBITUARY),0.36,True,AR
16-32993-000,11/19/2022,0.0,DC(DEATH CERTIFICATE),0.36,True,AR
16-32993-000,7/18/2008,0.0,WD(WARRANTY DEED),0.36,True,AR
16-32993-000,12/30/1999,230000.0,WD(WARRANTY DEED),0.36,True,AR
16-32993-000,5/30/1997,15000.0,WD(WARRANTY DEED),0.36,True,AR
16-32993-000,12/30/1980,0.0,WD(WARRANTY DEED),0.36,True,AR
16-32994-000,8/18/2015,260000.0,TRD(TRUSTEES DEED),0.34,True,AR
16-32994-000,8/18/2015,0.0,CERT(CERTIFICATE),0.34,True,AR
16-32994-000,8/25/2010,0.0,OTHER(OTHER DOCUMENT),0.34,True,AR
16-32994-000,8/25/2010,0.0,DC(DEATH CERTIFICATE),0.34,True,AR
16-32994-000,12/28/2004,0.0,WD(WARRANTY DEED),0.34,True,AR
16-32994-000,12/27/2004,0.0,TRAG(TRUST AGREEMENT),0.34,True,AR
16-32994-000,10/29/1993,8000.0,WD(WARRANTY DEED),0.34,True,AR
16-32994-000,4/27/1984,7000.0,WD(WARRANTY DEED),0.34,True,AR
16-32995-000,4/12/2018,0.0,QCD(QUITCLAIM DEED),0.3,True,AR
16-32995-000,7/8/2016,185000.0,WD(WARRANTY DEED),0.3,True,AR
16-32995-000,10/31/2011,155000.0,WD(WARRANTY DEED),0.3,True,AR
16-32995-000,10/31/2011,0.0,OTHER(OTHER DOCUMENT),0.3,True,AR
16-32995-000,9/13/2007,0.0,BD(BENEFICIARY DEED),0.3,True,AR
16-32995-000,12/26/1984,105597.0,WD(WARRANTY DEED),0.3,True,AR
16-32996-000,2/6/2025,0.0,WD(WARRANTY DEED),0.38,True,AR
16-32996-000,2/26/2015,235000.0,WD(WARRANTY DEED),0.38,True,AR
16-32996-000,12/28/2012,210000.0,SWD(SPECIAL WARRANTY DEED),0.38,True,AR
16-32996-000,4/23/2012,0.0,COMMD(COMMISSIONERS DEED),0.38,True,AR
16-32996-000,4/11/1996,6000.0,WD(WARRANTY DEED),0.38,True,AR
16-32996-000,4/11/1996,0.0,DC(DEATH CERTIFICATE),0.38,True,AR
16-32996-000,4/11/1996,7000.0,WD(WARRANTY DEED),0.38,True,AR
16-32997-000,4/1/2019,4500.0,WD(WARRANTY DEED),0.4,False,AR
16-32997-000,3/13/2019,0.0,RD(REDEMPTION DEED),0.4,False,AR
16-32997-000,4/9/2002,4000.0,WD(WARRANTY DEED),0.4,False,AR
16-32997-000,11/14/2000,9000.0,WD(WARRANTY DEED),0.4,False,AR
16-32997-000,5/28/1990,0.0,CONT(CONTRACT),0.4,False,AR
16-32997-000,6/17/1977,9000.0,WD(WARRANTY DEED),0.4,False,AR
16-32998-000,12/14/2020,0.0,QCD(QUITCLAIM DEED),0.36,True,AR
16-32998-000,10/5/2018,174000.0,WD(WARRANTY DEED),0.36,True,AR
16-32998-000,12/19/2014,0.0,CORRQC(CORRECTED QUIT CLAIM DEED),0.36,True,AR
16-32998-000,12/19/2014,0.0,QCD(QUITCLAIM DEED),0.36,True,AR
16-32998-000,8/4/2014,120000.0,WD(WARRANTY DEED),0.36,True,AR
16-32998-000,12/27/2009,0.0,DC(DEATH CERTIFICATE),0.36,True,AR
16-32998-000,5/28/2008,0.0,CERT(CERTIFICATE),0.36,True,AR
16-32998-000,5/28/2008,0.0,WD(WARRANTY DEED),0.36,True,AR
16-32998-000,3/1/1982,90000.0,WD(WARRANTY DEED),0.36,True,AR
16-32999-000,9/2/2023,0.0,DC(DEATH CERTIFICATE),0.45,True,AR
16-32999-000,10/29/2012,0.0,WD(WARRANTY DEED),0.45,True,AR
16-32999-000,10/29/2012,0.0,CERT(CERTIFICATE),0.45,True,AR
16-32999-000,12/14/2010,0.0,RD(REDEMPTION DEED),0.45,True,AR
16-32999-000,12/2/2010,15000.0,WD(WARRANTY DEED),0.45,True,AR
16-32999-000,12/1/2010,0.0,AFF(AFFIDAVIT),0.45,True,AR
16-32999-000,6/5/2003,8000.0,CWD(CORPORATION WARRANTY DEED),0.45,True,AR
16-32999-000,2/19/1986,0.0,WD(WARRANTY DEED),0.45,True,AR
16-33000-000,9/2/2023,0.0,DC(DEATH CERTIFICATE),0.31,True,AR
16-33000-000,10/29/2012,0.0,WD(WARRANTY DEED),0.31,True,AR
16-33000-000,10/29/2012,0.0,CERT(CERTIFICATE),0.31,True,AR
16-33000-000,10/13/2009,240000.0,WD(WARRANTY DEED),0.31,True,AR
16-33000-000,12/8/1999,9000.0,WD(WARRANTY DEED),0.31,True,AR
16-33000-000,3/13/1998,0.0,WD(WARRANTY DEED),0.31,True,AR
16-33000-000,3/13/1998,0.0,CERT(CERTIFICATE),0.31,True,AR
16-33000-000,3/13/1998,0.0,CERT(CERTIFICATE),0.31,True,AR
16-33000-000,9/8/1994,7000.0,WD(WARRANTY DEED),0.31,True,AR
16-33000-000,4/14/1993,5000.0,WD(WARRANTY DEED),0.31,True,AR
16-33000-000,10/30/1992,1500.0,WD(WARRANTY DEED),0.31,True,AR
16-33000-000,10/22/1992,500.0,WD(WARRANTY DEED),0.31,True,AR
16-33000-000,10/2/1987,7000.0,WD(WARRANTY DEED),0.31,True,AR
16-33000-000,11/29/1984,9000.0,WD(WARRANTY DEED),0.31,True,AR
16-33001-000,8/29/2014,0.0,WD(WARRANTY DEED),0.34,False,AR
16-33001-000,9/2/2013,0.0,DC(DEATH CERTIFICATE),0.34,False,AR
16-33001-000,3/18/1997,0.0,CORRWD(CORRECTED WARRANTY DEED),0.34,False,AR
16-33001-000,12/31/1996,3000.0,WD(WARRANTY DEED),0.34,False,AR
16-33001-000,10/11/1994,0.0,WD(WARRANTY DEED),0.34,False,AR
16-33001-000,1/29/1988,0.0,WD(WARRANTY DEED),0.34,False,AR
16-33002-000,9/2/2013,0.0,DC(DEATH CERTIFICATE),0.41,True,AR
16-33002-000,1/2/1994,0.0,WD(WARRANTY DEED),0.41,True,AR
16-33002-000,1/2/1994,0.0,HIST(HISTORICAL),0.41,True,AR
16-33002-000,1/2/1994,0.0,HIST(HISTORICAL),0.41,True,AR
16-33002-000,9/19/1985,108500.0,WD(WARRANTY DEED),0.41,True,AR
16-33002-000,12/1/1981,0.0,HIST(HISTORICAL),0.41,True,AR
16-33002-000,1/1/1800,0.0,WD(WARRANTY DEED),0.41,True,AR
16-33003-000,10/22/2020,315000.0,WD(WARRANTY DEED),0.51,True,AR
16-33003-000,3/31/2020,0.0,SWD(SPECIAL WARRANTY DEED),0.51,True,AR
16-33003-000,8/3/2016,245000.0,WD(WARRANTY DEED),0.51,True,AR
16-33003-000,5/6/2015,0.0,QCD(QUITCLAIM DEED),0.51,True,AR
16-33003-000,9/24/2010,0.0,WD(WARRANTY DEED),0.51,True,AR
16-33003-000,2/7/2008,180000.0,WD(WARRANTY DEED),0.51,True,AR
16-33003-000,10/11/2006,233000.0,WD(WARRANTY DEED),0.51,True,AR
16-33003-000,1/23/2003,215000.0,WD(WARRANTY DEED),0.51,True,AR
16-33003-000,1/23/2003,0.0,QCD(QUITCLAIM DEED),0.51,True,AR
16-33003-000,3/19/1993,157000.0,WD(WARRANTY DEED),0.51,True,AR
16-33003-000,7/9/1990,16000.0,WD(WARRANTY DEED),0.51,True,AR
16-33003-000,5/22/1984,8000.0,WD(WARRANTY DEED),0.51,True,AR
16-33003-000,11/16/1983,7000.0,WD(WARRANTY DEED),0.51,True,AR
16-33004-000,1/16/2024,650000.0,CWD(CORPORATION WARRANTY DEED),1.03,True,AR
16-33004-000,2/27/2023,65000.0,EXD(EXECUTOR-EXECUTRIX DEED),1.03,True,AR
16-33004-000,12/12/2022,0.0,OR(ORDER),1.03,True,AR
16-33004-000,9/27/2022,0.0,OBIT(OBITUARY),1.03,True,AR
16-33004-000,3/5/2007,0.0,DC(DEATH CERTIFICATE),1.03,True,AR
16-33004-000,2/17/1993,153000.0,WD(WARRANTY DEED),1.03,True,AR
16-33004-000,12/10/1990,153000.0,WD(WARRANTY DEED),1.03,True,AR
16-33004-000,5/1/1978,8000.0,WD(WARRANTY DEED),1.03,True,AR
16-33005-000,1/16/2024,650000.0,CWD(CORPORATION WARRANTY DEED),0.49,False,AR
16-33005-000,5/17/2023,16000.0,WD(WARRANTY DEED),0.49,False,AR
16-33005-000,4/21/2022,11000.0,WD(WARRANTY DEED),0.49,False,AR
16-33005-000,4/14/2022,0.0,CORRWD(CORRECTED WARRANTY DEED),0.49,False,AR
16-33005-000,2/11/2011,0.0,QCD(QUITCLAIM DEED),0.49,False,AR
16-33005-000,5/22/2006,0.0,QCD(QUITCLAIM DEED),0.49,False,AR
16-33005-000,12/27/2005,0.0,WD(WARRANTY DEED),0.49,False,AR
16-33005-000,1/9/1991,10000.0,WD(WARRANTY DEED),0.49,False,AR
16-33005-000,8/5/1982,0.0,WD(WARRANTY DEED),0.49,False,AR
16-33005-000,1/1/1800,0.0,DC(DEATH CERTIFICATE),0.49,False,AR
16-33005-000,1/1/1800,0.0,DC(DEATH CERTIFICATE),0.49,False,AR
16-33006-000,8/24/2021,17000.0,WD(WARRANTY DEED),0.33,False,AR
16-33006-000,2/22/2021,9000.0,WD(WARRANTY DEED),0.33,False,AR
16-33006-000,8/26/2020,1400.0,WD(WARRANTY DEED),0.33,False,AR
16-33006-000,12/5/2016,1250.0,SWD(SPECIAL WARRANTY DEED),0.33,False,AR
16-33006-000,6/4/2014,0.0,QCD(QUITCLAIM DEED),0.33,False,AR
16-33006-000,7/21/2009,0.0,QCD(QUITCLAIM DEED),0.33,False,AR
16-33006-000,1/16/1991,0.0,HIST(HISTORICAL),0.33,False,AR
16-33007-000,8/24/2021,17000.0,WD(WARRANTY DEED),0.28,False,AR
16-33007-000,2/22/2021,9000.0,WD(WARRANTY DEED),0.28,False,AR
16-33007-000,8/26/2020,1400.0,WD(WARRANTY DEED),0.28,False,AR
16-33007-000,1/11/2017,1250.0,WD(WARRANTY DEED),0.28,False,AR
16-33007-000,7/30/2008,0.0,QCD(QUITCLAIM DEED),0.28,False,AR
16-33007-000,12/20/2002,1000.0,WD(WARRANTY DEED),0.28,False,AR
16-33007-000,4/15/1998,0.0,QCD(QUITCLAIM DEED),0.28,False,AR
16-33007-000,5/2/1996,9000.0,WD(WARRANTY DEED),0.28,False,AR
16-33007-000,11/29/1989,0.0,QCD(QUITCLAIM DEED),0.28,False,AR
16-33007-000,4/20/1989,0.0,WD(WARRANTY DEED),0.28,False,AR
16-33007-000,4/20/1989,2000.0,WD(WARRANTY DEED),0.28,False,AR
16-33007-000,4/18/1989,0.0,MEMO(MEMORANDUM),0.28,False,AR
16-33007-000,8/7/1987,1000.0,WD(WARRANTY DEED),0.28,False,AR
16-33008-000,1/10/2019,177000.0,WD(WARRANTY DEED),0.25,True,AR
16-33008-000,2/13/2015,155000.0,WD(WARRANTY DEED),0.25,True,AR
16-33008-000,4/23/2014,107000.0,WD(WARRANTY DEED),0.25,True,AR
16-33008-000,10/29/2009,75000.0,CWD(CORPORATION WARRANTY DEED),0.25,True,AR
16-33008-000,11/5/2004,0.0,WD(WARRANTY DEED),0.25,True,AR
16-33008-000,11/1/2004,0.0,WD(WARRANTY DEED),0.25,True,AR
16-33008-000,1/10/1997,78000.0,WD(WARRANTY DEED),0.25,True,AR
16-33008-000,8/31/1989,92000.0,WD(WARRANTY DEED),0.25,True,AR
16-33008-000,12/21/1987,49000.0,WD(WARRANTY DEED),0.25,True,AR
16-33008-000,3/13/1986,41966.0,COMMD(COMMISSIONERS DEED),0.25,True,AR
16-33008-000,10/21/1977,0.0,HIST(HISTORICAL),0.25,True,AR
16-33009-000,1/10/2019,177000.0,WD(WARRANTY DEED),0.21,False,AR
16-33009-000,12/12/2016,0.0,QCD(QUITCLAIM DEED),0.21,False,AR
16-33009-000,1/22/2007,4000.0,WD(WARRANTY DEED),0.21,False,AR
16-33010-000,6/30/2020,219000.0,WD(WARRANTY DEED),0.38,True,AR
16-33010-000,11/4/2016,153000.0,FD(FIDUCIARY DEED),0.38,True,AR
16-33010-000,1/27/2016,0.0,DC(DEATH CERTIFICATE),0.38,True,AR
16-33010-000,4/16/1999,0.0,WD(WARRANTY DEED),0.38,True,AR
16-33010-000,7/2/1991,0.0,WD(WARRANTY DEED),0.38,True,AR
16-33010-000,7/2/1991,0.0,TRAG(TRUST AGREEMENT),0.38,True,AR
16-33010-000,7/2/1991,0.0,TRAG(TRUST AGREEMENT),0.38,True,AR
16-33010-000,4/15/1980,0.0,HIST(HISTORICAL),0.38,True,AR
16-33011-000,2/13/2025,260000.0,WD(WARRANTY DEED),0.26,True,AR
16-33011-000,3/1/1989,68000.0,WD(WARRANTY DEED),0.26,True,AR
16-33011-000,2/24/1989,0.0,TRAG(TRUST AGREEMENT),0.26,True,AR
16-33011-000,7/31/1986,0.0,WD(WARRANTY DEED),0.26,True,AR
16-33011-000,6/4/1986,0.0,WD(WARRANTY DEED),0.26,True,AR
16-33011-000,8/1/1983,87000.0,WD(WARRANTY DEED),0.26,True,AR
16-33012-000,12/27/2021,178000.0,TRWD(TRUSTEES WARRANTY DEED),0.27,True,AR
16-33012-000,7/21/2010,0.0,WD(WARRANTY DEED),0.27,True,AR
16-33012-000,7/21/2010,0.0,CERT(CERTIFICATE),0.27,True,AR
16-33012-000,2/22/2008,0.0,DC(DEATH CERTIFICATE),0.27,True,AR
16-33012-000,1/2/1990,45000.0,WD(WARRANTY DEED),0.27,True,AR
16-33012-000,5/31/1986,0.0,DC(DEATH CERTIFICATE),0.27,True,AR
16-33012-000,3/24/1977,0.0,HIST(HISTORICAL),0.27,True,AR
16-33013-000,7/11/2019,0.0,WD(WARRANTY DEED),0.28,True,AR
16-33013-000,7/11/2019,0.0,CERT(CERTIFICATE),0.28,True,AR
16-33013-000,7/5/2018,0.0,DC(DEATH CERTIFICATE),0.28,True,AR
16-33013-000,9/29/2017,129000.0,WD(WARRANTY DEED),0.28,True,AR
16-33013-000,9/29/2017,0.0,AFF(AFFIDAVIT),0.28,True,AR
16-33013-000,2/28/2017,0.0,BD(BENEFICIARY DEED),0.28,True,AR
16-33013-000,6/25/2013,120000.0,WD(WARRANTY DEED),0.28,True,AR
16-33013-000,7/14/2003,105000.0,WD(WARRANTY DEED),0.28,True,AR
16-33013-000,4/2/2003,0.0,DC(DEATH CERTIFICATE),0.28,True,AR
16-33013-000,6/10/1992,95000.0,WD(WARRANTY DEED),0.28,True,AR
16-33013-000,5/4/1992,73000.0,WD(WARRANTY DEED),0.28,True,AR
16-33013-000,2/28/1992,6000.0,WD(WARRANTY DEED),0.28,True,AR
16-33013-000,6/8/1989,3000.0,WD(WARRANTY DEED),0.28,True,AR
16-33014-000,3/1/2012,0.0,CORRWD(CORRECTED WARRANTY DEED),0.28,True,AR
16-33014-000,1/15/2012,103000.0,WD(WARRANTY DEED),0.28,True,AR
16-33014-000,11/30/2011,0.0,WD(WARRANTY DEED),0.28,True,AR
16-33014-000,7/28/2009,0.0,WD(WARRANTY DEED),0.28,True,AR
16-33014-000,9/4/2003,0.0,DC(DEATH CERTIFICATE),0.28,True,AR
16-33014-000,1/27/1984,0.0,WD(WARRANTY DEED),0.28,True,AR
16-33015-000,7/12/2019,181000.0,WD(WARRANTY DEED),0.29,True,AR
16-33015-000,5/28/2017,0.0,DC(DEATH CERTIFICATE),0.29,True,AR
16-33015-000,6/8/2006,0.0,WD(WARRANTY DEED),0.29,True,AR
16-33015-000,6/7/2006,0.0,CORRWD(CORRECTED WARRANTY DEED),0.29,True,AR
16-33015-000,6/6/2006,0.0,AFF(AFFIDAVIT),0.29,True,AR
16-33015-000,2/21/2006,110000.0,WD(WARRANTY DEED),0.29,True,AR
16-33015-000,7/30/2004,0.0,WD(WARRANTY DEED),0.29,True,AR
16-33015-000,7/28/2004,0.0,CERT(CERTIFICATE),0.29,True,AR
16-33015-000,1/11/1992,0.0,DC(DEATH CERTIFICATE),0.29,True,AR
16-33015-000,1/5/1990,80000.0,WD(WARRANTY DEED),0.29,True,AR
16-33015-000,7/8/1987,70000.0,WD(WARRANTY DEED),0.29,True,AR
16-33015-000,8/23/1977,57000.0,WD(WARRANTY DEED),0.29,True,AR
16-33016-000,5/6/2024,340000.0,WD(WARRANTY DEED),0.29,True,AR
16-33016-000,2/15/2019,155000.0,WD(WARRANTY DEED),0.29,True,AR
16-33016-000,4/1/2017,129000.0,WD(WARRANTY DEED),0.29,True,AR
16-33016-000,10/19/2004,113000.0,WD(WARRANTY DEED),0.29,True,AR
16-33016-000,5/12/2003,0.0,DC(DEATH CERTIFICATE),0.29,True,AR
16-33016-000,8/31/1995,0.0,QCD(QUITCLAIM DEED),0.29,True,AR
16-33016-000,8/31/1995,0.0,TRAG(TRUST AGREEMENT),0.29,True,AR
16-33016-000,4/15/1994,87000.0,WD(WARRANTY DEED),0.29,True,AR
16-33016-000,11/13/1986,78000.0,WD(WARRANTY DEED),0.29,True,AR
16-33016-000,1/12/1984,102000.0,WD(WARRANTY DEED),0.29,True,AR
16-33017-000,12/11/2019,0.0,WD(WARRANTY DEED),0.3,False,OK
16-33017-000,7/31/2006,0.0,AFF(AFFIDAVIT),0.3,False,OK
16-33017-000,6/21/2006,0.0,AFF(AFFIDAVIT),0.3,False,OK
16-33017-000,6/6/2005,6000.0,WD(WARRANTY DEED),0.3,False,OK
16-33017-000,8/17/1985,10000.0,WD(WARRANTY DEED),0.3,False,OK
16-33017-000,1/19/1984,0.0,WD(WARRANTY DEED),0.3,False,OK
16-33018-000,12/11/2019,0.0,WD(WARRANTY DEED),0.28,False,OK
16-33018-000,5/31/2005,4000.0,WD(WARRANTY DEED),0.28,False,OK
16-33018-000,11/27/1978,0.0,HIST(HISTORICAL),0.28,False,OK
16-33019-000,12/13/2023,0.0,WD(WARRANTY DEED),0.4,False,AR
16-33019-000,12/13/2023,0.0,CERT(CERTIFICATE),0.4,False,AR
16-33019-000,5/5/2021,15000.0,WD(WARRANTY DEED),0.4,False,AR
16-33019-000,8/17/2015,0.0,LWD(LIMITED WARRANTY DEED),0.4,False,AR
16-33019-000,8/10/2007,9000.0,WD(WARRANTY DEED),0.4,False,AR
16-33019-000,8/10/2007,0.0,CORRWD(CORRECTED WARRANTY DEED),0.4,False,AR
16-33019-000,3/21/2006,7000.0,WD(WARRANTY DEED),0.4,False,AR
16-33019-000,10/11/1999,0.0,RD(REDEMPTION DEED),0.4,False,AR
16-33019-000,5/22/1997,0.0,WD(WARRANTY DEED),0.4,False,AR
16-33019-000,3/17/1995,0.0,WD(WARRANTY DEED),0.4,False,AR
16-33019-000,8/19/1980,0.0,WD(WARRANTY DEED),0.4,False,AR
16-33019-000,7/16/1980,0.0,WD(WARRANTY DEED),0.4,False,AR
16-33020-000,1/22/2020,3000.0,WD(WARRANTY DEED),0.35,False,MN
16-33020-000,2/23/2006,7000.0,WD(WARRANTY DEED),0.35,False,MN
16-33020-000,3/23/1996,1000.0,COMMD(COMMISSIONERS DEED),0.35,False,MN
16-33020-000,3/7/1990,10000.0,WD(WARRANTY DEED),0.35,False,MN
16-33020-000,12/4/1987,10000.0,WD(WARRANTY DEED),0.35,False,MN
16-33021-000,7/20/2015,0.0,BD(BENEFICIARY DEED),0.43,True,AR
16-33021-000,10/10/2014,0.0,DC(DEATH CERTIFICATE),0.43,True,AR
16-33021-000,4/1/1992,0.0,CORRWD(CORRECTED WARRANTY DEED),0.43,True,AR
16-33021-000,3/24/1992,65000.0,WD(WARRANTY DEED),0.43,True,AR
16-33021-000,9/17/1991,0.0,WD(WARRANTY DEED),0.43,True,AR
16-33021-000,9/12/1991,0.0,TRAG(TRUST AGREEMENT),0.43,True,AR
16-33021-000,8/9/1973,38000.0,WD(WARRANTY DEED),0.43,True,AR
16-33022-000,11/22/2024,9000.0,WD(WARRANTY DEED),0.3,False,AR
16-33022-000,1/3/2022,5000.0,COMMD(COMMISSIONERS DEED),0.3,False,AR
16-33022-000,10/2/2003,4667.0,WD(WARRANTY DEED),0.3,False,AR
16-33022-000,6/12/1989,0.0,HIST(HISTORICAL),0.3,False,AR
16-33022-000,2/17/1984,0.0,WD(WARRANTY DEED),0.3,False,AR
16-33023-000,5/19/2023,270000.0,WD(WARRANTY DEED),0.38,True,AR
16-33023-000,3/15/2022,0.0,QCD(QUITCLAIM DEED),0.38,True,AR
16-33023-000,2/25/2022,125000.0,WD(WARRANTY DEED),0.38,True,AR
16-33023-000,11/10/2021,0.0,QCD(QUITCLAIM DEED),0.38,True,AR
16-33023-000,4/25/2014,84000.0,WD(WARRANTY DEED),0.38,True,AR
16-33023-000,8/15/2008,0.0,DC(DEATH CERTIFICATE),0.38,True,AR
16-33023-000,2/18/1987,65000.0,WD(WARRANTY DEED),0.38,True,AR
16-33023-000,2/18/1987,52000.0,WD(WARRANTY DEED),0.38,True,AR
16-33023-000,2/16/1981,0.0,HIST(HISTORICAL),0.38,True,AR
16-33023-000,11/26/1976,5000.0,WD(WARRANTY DEED),0.38,True,AR
16-33024-000,2/11/2020,0.0,WD(WARRANTY DEED),0.29,True,AR
16-33024-000,6/20/2005,110000.0,WD(WARRANTY DEED),0.29,True,AR
16-33024-000,5/25/2004,0.0,DC(DEATH CERTIFICATE),0.29,True,AR
16-33024-000,2/20/2004,0.0,DC(DEATH CERTIFICATE),0.29,True,AR
16-33024-000,8/3/1992,0.0,WD(WARRANTY DEED),0.29,True,AR
16-33024-000,10/19/1988,0.0,AFF(AFFIDAVIT),0.29,True,AR
16-33024-000,9/27/1988,8000.0,WD(WARRANTY DEED),0.29,True,AR
16-33024-000,3/1/1987,0.0,DC(DEATH CERTIFICATE),0.29,True,AR
16-33024-000,7/31/1984,0.0,WD(WARRANTY DEED),0.29,True,AR
16-33024-000,1/1/1980,0.0,DC(DEATH CERTIFICATE),0.29,True,AR
16-33025-000,12/5/1995,0.0,WD(WARRANTY DEED),0.3,False,MO
16-33025-000,3/14/1995,0.0,DC(DEATH CERTIFICATE),0.3,False,MO
16-33025-000,11/7/1980,0.0,WD(WARRANTY DEED),0.3,False,MO
16-33026-000,7/29/2021,160000.0,WD(WARRANTY DEED),0.27,True,AR
16-33026-000,7/28/2014,0.0,CORRWD(CORRECTED WARRANTY DEED),0.27,True,AR
16-33026-000,4/3/2014,82000.0,WD(WARRANTY DEED),0.27,True,AR
16-33026-000,7/28/2009,0.0,POA(POWER OF ATTORNEY),0.27,True,AR
16-33026-000,9/16/2003,0.0,DC(DEATH CERTIFICATE),0.27,True,AR
16-33026-000,10/3/2001,0.0,WD(WARRANTY DEED),0.27,True,AR
16-33026-000,9/17/2001,0.0,WD(WARRANTY DEED),0.27,True,AR
16-33026-000,11/30/1999,0.0,WD(WARRANTY DEED),0.27,True,AR
16-33026-000,11/29/1999,0.0,TRAG(TRUST AGREEMENT),0.27,True,AR
16-33026-000,6/18/1984,10000.0,WD(WARRANTY DEED),0.27,True,AR
16-33027-000,12/17/2021,215000.0,WD(WARRANTY DEED),0.33,True,AR
16-33027-000,1/19/1993,80000.0,WD(WARRANTY DEED),0.33,True,AR
16-33027-000,11/12/1992,74000.0,WD(WARRANTY DEED),0.33,True,AR
16-33027-000,10/9/1992,60000.0,WD(WARRANTY DEED),0.33,True,AR
16-33027-000,2/21/1985,0.0,WD(WARRANTY DEED),0.33,True,AR
16-33027-000,1/12/1977,0.0,HIST(HISTORICAL),0.33,True,AR
16-33028-000,7/28/2021,245000.0,WD(WARRANTY DEED),0.32,True,AR
16-33028-000,11/7/2019,179000.0,WD(WARRANTY DEED),0.32,True,AR
16-33028-000,5/17/2017,160000.0,WD(WARRANTY DEED),0.32,True,AR
16-33028-000,10/29/2013,135000.0,WD(WARRANTY DEED),0.32,True,AR
16-33028-000,5/30/1990,82000.0,WD(WARRANTY DEED),0.32,True,AR
16-33028-000,12/29/1988,9000.0,WD(WARRANTY DEED),0.32,True,AR
16-33028-000,8/3/1988,79000.0,WD(WARRANTY DEED),0.32,True,AR
16-33028-000,12/22/1987,0.0,WD(WARRANTY DEED),0.32,True,AR
16-33028-000,9/12/1984,0.0,WD(WARRANTY DEED),0.32,True,AR
16-33029-000,12/2/2022,286000.0,WD(WARRANTY DEED),0.31,True,AR
16-33029-000,5/23/2017,0.0,QCD(QUITCLAIM DEED),0.31,True,AR
16-33029-000,10/19/2016,0.0,QCD(QUITCLAIM DEED),0.31,True,AR
16-33029-000,8/29/2016,0.0,TRD(TRUSTEES DEED),0.31,True,AR
16-33029-000,8/29/2016,0.0,AFF(AFFIDAVIT),0.31,True,AR
16-33029-000,8/15/2016,0.0,AFF(AFFIDAVIT),0.31,True,AR
16-33029-000,8/15/2016,0.0,CERT(CERTIFICATE),0.31,True,AR
16-33029-000,3/25/2016,0.0,CERT(CERTIFICATE),0.31,True,AR
16-33029-000,11/24/1999,0.0,TRAG(TRUST AGREEMENT),0.31,True,AR
16-33029-000,11/24/1999,0.0,WD(WARRANTY DEED),0.31,True,AR
16-33029-000,5/1/1986,0.0,WD(WARRANTY DEED),0.31,True,AR
16-33029-000,12/13/1982,0.0,QCD(QUITCLAIM DEED),0.31,True,AR
16-33029-000,12/11/1982,0.0,QCD(QUITCLAIM DEED),0.31,True,AR
16-33029-000,3/1/1977,0.0,HIST(HISTORICAL),0.31,True,AR
16-33030-000,6/28/2007,133000.0,WD(WARRANTY DEED),0.29,True,AR
16-33030-000,5/17/2004,112000.0,WD(WARRANTY DEED),0.29,True,AR
16-33030-000,7/2/2003,2000.0,WD(WARRANTY DEED),0.29,True,AR
16-33030-000,11/30/1998,0.0,QCD(QUITCLAIM DEED),0.29,True,AR
16-33030-000,11/10/1976,7000.0,WD(WARRANTY DEED),0.29,True,AR
16-33031-000,1/28/1985,7000.0,WD(WARRANTY DEED),0.27,False,MO
16-33032-000,4/19/2022,0.0,QCD(QUITCLAIM DEED),0.29,False,AR
16-33032-000,3/31/2022,10000.0,WD(WARRANTY DEED),0.29,False,AR
16-33032-000,8/25/2020,0.0,QCD(QUITCLAIM DEED),0.29,False,AR
16-33032-000,10/24/2012,2000.0,CWD(CORPORATION WARRANTY DEED),0.29,False,AR
16-33032-000,3/14/2001,0.0,WD(WARRANTY DEED),0.29,False,AR
16-33032-000,3/14/2001,2000.0,WD(WARRANTY DEED),0.29,False,AR
16-33032-000,12/4/1995,1000.0,CWD(CORPORATION WARRANTY DEED),0.29,False,AR
16-33032-000,12/4/1995,0.0,WD(WARRANTY DEED),0.29,False,AR
16-33032-000,6/17/1987,0.0,DC(DEATH CERTIFICATE),0.29,False,AR
16-33032-000,1/9/1987,0.0,WD(WARRANTY DEED),0.29,False,AR
16-33032-000,9/5/1985,0.0,QCD(QUITCLAIM DEED),0.29,False,AR
16-33032-000,8/13/1985,0.0,WD(WARRANTY DEED),0.29,False,AR
16-33032-000,8/12/1985,0.0,WD(WARRANTY DEED),0.29,False,AR
16-33032-000,2/24/1981,0.0,WD(WARRANTY DEED),0.29,False,AR
16-33032-000,9/5/1979,0.0,HIST(HISTORICAL),0.29,False,AR
16-33033-000,4/19/2022,0.0,QCD(QUITCLAIM DEED),0.29,True,AR
16-33033-000,3/31/2022,216000.0,WD(WARRANTY DEED),0.29,True,AR
16-33033-000,5/22/2015,0.0,BD(BENEFICIARY DEED),0.29,True,AR
16-33033-000,6/16/2008,116000.0,WD(WARRANTY DEED),0.29,True,AR
16-33033-000,2/6/2004,98000.0,WD(WARRANTY DEED),0.29,True,AR
16-33033-000,2/11/2000,70000.0,WD(WARRANTY DEED),0.29,True,AR
16-33033-000,7/1/1998,78000.0,WD(WARRANTY DEED),0.29,True,AR
16-33033-000,3/11/1994,80000.0,WD(WARRANTY DEED),0.29,True,AR
16-33033-000,6/17/1987,0.0,DC(DEATH CERTIFICATE),0.29,True,AR
16-33033-000,4/12/1979,78000.0,WD(WARRANTY DEED),0.29,True,AR
16-33034-000,3/2/2015,110000.0,WD(WARRANTY DEED),0.24,True,AR
16-33034-000,8/31/2012,126000.0,WD(WARRANTY DEED),0.24,True,AR
16-33034-000,10/30/2008,0.0,CERT(CERTIFICATE),0.24,True,AR
16-33034-000,10/30/2008,0.0,WD(WARRANTY DEED),0.24,True,AR
16-33034-000,7/3/2001,89000.0,WD(WARRANTY DEED),0.24,True,AR
16-33034-000,9/18/1991,0.0,WD(WARRANTY DEED),0.24,True,AR
16-33034-000,6/27/1983,100000.0,WD(WARRANTY DEED),0.24,True,AR
16-33035-000,9/3/2020,279000.0,TRWD(TRUSTEES WARRANTY DEED),0.35,True,AR
16-33035-000,9/3/2020,0.0,CERT(CERTIFICATE),0.35,True,AR
16-33035-000,9/3/2020,0.0,CERT(CERTIFICATE),0.35,True,AR
16-33035-000,7/27/2011,0.0,CERT(CERTIFICATE),0.35,True,AR
16-33035-000,7/27/2011,0.0,CERT(CERTIFICATE),0.35,True,AR
16-33035-000,12/6/2005,337000.0,WD(WARRANTY DEED),0.35,True,AR
16-33035-000,4/1/1996,208000.0,CWD(CORPORATION WARRANTY DEED),0.35,True,AR
16-33035-000,12/18/1992,135000.0,WD(WARRANTY DEED),0.35,True,AR
16-33035-000,10/8/1982,0.0,HIST(HISTORICAL),0.35,True,AR
16-33036-000,3/4/2020,0.0,CERT(CERTIFICATE),0.33,True,AR
16-33036-000,6/11/2015,0.0,WD(WARRANTY DEED),0.33,True,AR
16-33036-000,4/11/2015,0.0,CERT(CERTIFICATE),0.33,True,AR
16-33036-000,12/14/1998,148000.0,WD(WARRANTY DEED),0.33,True,AR
16-33036-000,3/23/1994,0.0,WD(WARRANTY DEED),0.33,True,AR
16-33036-000,2/15/1994,120000.0,WD(WARRANTY DEED),0.33,True,AR
16-33036-000,11/28/1984,93000.0,WD(WARRANTY DEED),0.33,True,AR
16-33036-000,5/22/1984,9000.0,WD(WARRANTY DEED),0.33,True,AR
16-33037-000,3/4/2020,0.0,CERT(CERTIFICATE),0.29,False,AR
16-33037-000,6/11/2015,0.0,WD(WARRANTY DEED),0.29,False,AR
16-33037-000,4/11/2015,0.0,CERT(CERTIFICATE),0.29,False,AR
16-33037-000,9/11/2008,6000.0,WD(WARRANTY DEED),0.29,False,AR
16-33037-000,8/29/2008,150000.0,WD(WARRANTY DEED),0.29,False,AR
16-33037-000,10/11/2005,5000.0,WD(WARRANTY DEED),0.29,False,AR
16-33037-000,5/31/2000,0.0,QCD(QUITCLAIM DEED),0.29,False,AR
16-33037-000,5/17/2000,0.0,QCD(QUITCLAIM DEED),0.29,False,AR
16-33037-000,3/27/1998,1000.0,WD(WARRANTY DEED),0.29,False,AR
16-33037-000,5/5/1993,1000.0,WD(WARRANTY DEED),0.29,False,AR
16-33037-000,4/27/1993,500.0,WD(WARRANTY DEED),0.29,False,AR
16-33037-000,10/25/1977,7000.0,HIST(HISTORICAL),0.29,False,AR
16-33038-000,5/15/2019,3000.0,WD(WARRANTY DEED),0.32,False,AR
16-33038-000,2/16/2017,0.0,RD(REDEMPTION DEED),0.32,False,AR
16-33038-000,8/28/2009,1451000.0,QCD(QUITCLAIM DEED),0.32,False,AR
16-33038-000,8/21/2009,402000.0,DEED(GRANT DEED),0.32,False,AR
16-33038-000,9/15/2008,0.0,DEED(GRANT DEED),0.32,False,AR
16-33038-000,9/26/2005,6000.0,WD(WARRANTY DEED),0.32,False,AR
16-33038-000,11/19/1984,0.0,WD(WARRANTY DEED),0.32,False,AR
16-33038-000,4/24/1984,0.0,WD(WARRANTY DEED),0.32,False,AR
16-33038-000,2/21/1984,0.0,QCD(QUITCLAIM DEED),0.32,False,AR
16-33039-000,7/30/1998,87000.0,WD(WARRANTY DEED),0.38,True,AR
16-33039-000,4/20/1985,71000.0,WD(WARRANTY DEED),0.38,True,AR
16-33040-000,11/13/2017,85000.0,SWD(SPECIAL WARRANTY DEED),0.43,True,AR
16-33040-000,7/28/2017,0.0,SWD(SPECIAL WARRANTY DEED),0.43,True,AR
16-33040-000,6/20/2017,0.0,MTG-D(MORTGAGEE'S DEED),0.43,True,AR
16-33040-000,3/21/2015,0.0,QCD(QUITCLAIM DEED),0.43,True,AR
16-33040-000,7/7/2004,125000.0,WD(WARRANTY DEED),0.43,True,AR
16-33040-000,5/20/2004,0.0,WD(WARRANTY DEED),0.43,True,AR
16-33040-000,5/20/2004,73000.0,WD(WARRANTY DEED),0.43,True,AR
16-33040-000,2/24/1983,7000.0,WD(WARRANTY DEED),0.43,True,AR
16-33041-000,6/5/2008,0.0,QCD(QUITCLAIM DEED),0.55,True,AR
16-33041-000,10/6/2006,226000.0,WD(WARRANTY DEED),0.55,True,AR
16-33041-000,3/3/2003,0.0,WD(WARRANTY DEED),0.55,True,AR
16-33041-000,3/3/2003,165000.0,WD(WARRANTY DEED),0.55,True,AR
16-33041-000,9/20/2002,0.0,RD(REDEMPTION DEED),0.55,True,AR
16-33041-000,1/23/2002,0.0,ORD(ORDINANCE),0.55,True,AR
16-33041-000,1/13/1999,0.0,DC(DEATH CERTIFICATE),0.55,True,AR
16-33041-000,10/1/1985,8000.0,WD(WARRANTY DEED),0.55,True,AR
16-33041-000,11/19/1984,8000.0,WD(WARRANTY DEED),0.55,True,AR
16-33043-000,1/13/2025,240000.0,WD(WARRANTY DEED),0.21,True,CO
16-33043-000,4/6/2018,155000.0,WD(WARRANTY DEED),0.21,True,CO
16-33043-000,5/3/2014,0.0,QCD(QUITCLAIM DEED),0.21,True,CO
16-33043-000,9/17/1999,96000.0,WD(WARRANTY DEED),0.21,True,CO
16-33043-000,4/7/1997,89000.0,WD(WARRANTY DEED),0.21,True,CO
16-33043-000,12/5/1991,0.0,EA(EASEMENT),0.21,True,CO
16-33043-000,4/29/1985,99500.0,WD(WARRANTY DEED),0.21,True,CO
16-33044-000,6/17/2024,0.0,WD(WARRANTY DEED),0.25,True,AR
16-33044-000,6/12/2018,185000.0,WD(WARRANTY DEED),0.25,True,AR
16-33044-000,12/22/2000,0.0,WD(WARRANTY DEED),0.25,True,AR
16-33044-000,11/13/2000,115000.0,WD(WARRANTY DEED),0.25,True,AR
16-33044-000,4/16/1996,83000.0,WD(WARRANTY DEED),0.25,True,AR
16-33044-000,9/8/1995,0.0,WD(WARRANTY DEED),0.25,True,AR
16-33044-000,9/15/1992,110000.0,WD(WARRANTY DEED),0.25,True,AR
16-33044-000,5/7/1992,83000.0,WD(WARRANTY DEED),0.25,True,AR
16-33044-000,5/7/1992,0.0,WD(WARRANTY DEED),0.25,True,AR
16-33044-000,5/25/1984,0.0,WD(WARRANTY DEED),0.25,True,AR
16-33044-000,7/20/1981,85000.0,WD(WARRANTY DEED),0.25,True,AR
16-33045-000,5/30/2007,132000.0,WD(WARRANTY DEED),0.26,True,AR
16-33045-000,12/1/2003,94000.0,WD(WARRANTY DEED),0.26,True,AR
16-33045-000,3/15/2002,0.0,WD(WARRANTY DEED),0.26,True,AR
16-33045-000,2/26/2002,0.0,TRAG(TRUST AGREEMENT),0.26,True,AR
16-33045-000,12/1/1998,95000.0,WD(WARRANTY DEED),0.26,True,AR
16-33045-000,10/21/1987,89000.0,WD(WARRANTY DEED),0.26,True,AR
16-33045-000,5/1/1985,14000.0,WD(WARRANTY DEED),0.26,True,AR
16-33046-000,4/18/2025,375000.0,TRWD(TRUSTEES WARRANTY DEED),0.26,True,AR
16-33046-000,1/16/2023,0.0,WD(WARRANTY DEED),0.26,True,AR
16-33046-000,1/16/2023,0.0,CERT(CERTIFICATE),0.26,True,AR
16-33046-000,12/19/2018,150000.0,WD(WARRANTY DEED),0.26,True,AR
16-33046-000,4/24/2018,150000.0,WD(WARRANTY DEED),0.26,True,AR
16-33046-000,12/17/2014,0.0,QCD(QUITCLAIM DEED),0.26,True,AR
16-33046-000,3/20/2007,0.0,AMEND(AMENDMENT),0.26,True,AR
16-33046-000,1/18/2007,0.0,WD(WARRANTY DEED),0.26,True,AR
16-33046-000,1/18/2007,143000.0,WD(WARRANTY DEED),0.26,True,AR
16-33046-000,5/10/2005,0.0,DC(DEATH CERTIFICATE),0.26,True,AR
16-33046-000,2/14/2005,0.0,QCD(QUITCLAIM DEED),0.26,True,AR
16-33046-000,4/16/2004,0.0,TRD(TRUSTEES DEED),0.26,True,AR
16-33046-000,11/22/2002,139000.0,WD(WARRANTY DEED),0.26,True,AR
16-33046-000,7/25/2002,0.0,HIST(HISTORICAL),0.26,True,AR
16-33046-000,5/16/1996,132000.0,WD(WARRANTY DEED),0.26,True,AR
16-33046-000,2/23/1994,0.0,AFF(AFFIDAVIT),0.26,True,AR
16-33046-000,3/31/1993,0.0,WD(WARRANTY DEED),0.26,True,AR
16-33046-000,12/29/1992,0.0,AFF(AFFIDAVIT),0.26,True,AR
16-33046-000,10/30/1992,0.0,WD(WARRANTY DEED),0.26,True,AR
16-33046-000,10/30/1992,0.0,CERT(CERTIFICATE),0.26,True,AR
16-33046-000,10/30/1992,0.0,WD(WARRANTY DEED),0.26,True,AR
16-33046-000,3/25/1985,111000.0,WD(WARRANTY DEED),0.26,True,AR
16-33046-000,4/5/1983,0.0,DC(DEATH CERTIFICATE),0.26,True,AR
16-33046-000,5/17/1982,9000.0,WD(WARRANTY DEED),0.26,True,AR
16-33047-000,6/5/2020,0.0,RD(REDEMPTION DEED),0.25,True,AR
16-33047-000,3/31/2020,205000.0,WD(WARRANTY DEED),0.25,True,AR
16-33047-000,5/24/2017,128000.0,SWD(SPECIAL WARRANTY DEED),0.25,True,AR
16-33047-000,10/21/2014,0.0,SWD(SPECIAL WARRANTY DEED),0.25,True,AR
16-33047-000,10/10/2014,0.0,TRD(TRUSTEES DEED),0.25,True,AR
16-33047-000,5/30/2008,198000.0,WD(WARRANTY DEED),0.25,True,AR
16-33047-000,11/14/2005,173000.0,WD(WARRANTY DEED),0.25,True,AR
16-33047-000,3/3/2003,125000.0,WD(WARRANTY DEED),0.25,True,AR
16-33047-000,3/17/2000,0.0,TRAG(TRUST AGREEMENT),0.25,True,AR
16-33047-000,6/12/1990,0.0,TRAG(TRUST AGREEMENT),0.25,True,AR
16-33047-000,6/12/1990,0.0,WD(WARRANTY DEED),0.25,True,AR
16-33047-000,3/14/1990,0.0,DC(DEATH CERTIFICATE),0.25,True,AR
16-33048-000,2/14/2020,154000.0,TRWD(TRUSTEES WARRANTY DEED),0.23,True,AR
16-33048-000,3/28/2017,0.0,WD(WARRANTY DEED),0.23,True,AR
16-33048-000,3/28/2017,0.0,CERT(CERTIFICATE),0.23,True,AR
16-33048-000,7/1/1993,70000.0,WD(WARRANTY DEED),0.23,True,AR
16-33048-000,10/16/1989,45000.0,FD(FIDUCIARY DEED),0.23,True,AR
16-33048-000,12/8/1986,0.0,DC(DEATH CERTIFICATE),0.23,True,AR
16-33048-000,11/3/1976,9000.0,WD(WARRANTY DEED),0.23,True,AR
16-33049-000,1/28/2015,113000.0,WD(WARRANTY DEED),0.28,True,AR
16-33049-000,11/21/1997,87000.0,WD(WARRANTY DEED),0.28,True,AR
16-33049-000,4/11/1997,0.0,QCD(QUITCLAIM DEED),0.28,True,AR
16-33049-000,7/10/1991,60000.0,WD(WARRANTY DEED),0.28,True,AR
16-33049-000,5/12/1975,0.0,CORRWD(CORRECTED WARRANTY DEED),0.28,True,AR
16-33050-000,9/2/2023,0.0,DC(DEATH CERTIFICATE),0.27,False,AR
16-33050-000,10/29/2012,0.0,WD(WARRANTY DEED),0.27,False,AR
16-33050-000,10/29/2012,0.0,CERT(CERTIFICATE),0.27,False,AR
16-33050-000,2/1/2010,5000.0,WD(WARRANTY DEED),0.27,False,AR
16-33050-000,10/22/2002,4000.0,WD(WARRANTY DEED),0.27,False,AR
16-33050-000,7/13/1992,0.0,DC(DEATH CERTIFICATE),0.27,False,AR
16-33050-000,6/29/1989,11000.0,WD(WARRANTY DEED),0.27,False,AR
16-33050-000,1/29/1973,5000.0,WD(WARRANTY DEED),0.27,False,AR
16-33051-000,6/30/2023,0.0,BD(BENEFICIARY DEED),0.27,True,AR
16-33051-000,12/23/2016,145000.0,WD(WARRANTY DEED),0.27,True,AR
16-33051-000,12/22/2016,0.0,WD(WARRANTY DEED),0.27,True,AR
16-33051-000,4/1/2016,0.0,CONT(CONTRACT),0.27,True,AR
16-33051-000,2/21/2014,0.0,CONT(CONTRACT),0.27,True,AR
16-33051-000,2/29/2012,0.0,TRD(TRUSTEES DEED),0.27,True,AR
16-33051-000,10/3/2010,0.0,DC(DEATH CERTIFICATE),0.27,True,AR
16-33051-000,1/25/2008,0.0,CONT(CONTRACT),0.27,True,AR
16-33051-000,12/17/1999,0.0,WD(WARRANTY DEED),0.27,True,AR
16-33051-000,12/10/1999,0.0,TRAG(TRUST AGREEMENT),0.27,True,AR
16-33051-000,9/15/1986,87000.0,WD(WARRANTY DEED),0.27,True,AR
16-33052-000,9/15/2023,225000.0,TRWD(TRUSTEES WARRANTY DEED),0.25,True,AR
16-33052-000,10/3/2018,0.0,CERT(CERTIFICATE),0.25,True,AR
16-33052-000,10/3/2018,0.0,QCD(QUITCLAIM DEED),0.25,True,AR
16-33052-000,10/7/2015,70000.0,SWD(SPECIAL WARRANTY DEED),0.25,True,AR
16-33052-000,1/20/2015,0.0,SWD(SPECIAL WARRANTY DEED),0.25,True,AR
16-33052-000,11/18/2014,0.0,TRD(TRUSTEES DEED),0.25,True,AR
16-33052-000,8/27/2008,112000.0,WD(WARRANTY DEED),0.25,True,AR
16-33052-000,4/4/2007,0.0,BD(BENEFICIARY DEED),0.25,True,AR
16-33052-000,3/7/2006,108000.0,WD(WARRANTY DEED),0.25,True,AR
16-33052-000,10/21/2004,0.0,QCD(QUITCLAIM DEED),0.25,True,AR
16-33052-000,3/19/2001,81000.0,WD(WARRANTY DEED),0.25,True,AR
16-33052-000,4/4/2000,0.0,QCD(QUITCLAIM DEED),0.25,True,AR
16-33052-000,3/23/1999,0.0,DC(DEATH CERTIFICATE),0.25,True,AR
16-33052-000,7/13/1981,2000.0,WD(WARRANTY DEED),0.25,True,AR
16-33053-000,11/27/2023,0.0,WD(WARRANTY DEED),0.24,True,AR
16-33053-000,6/16/2015,0.0,WD(WARRANTY DEED),0.24,True,AR
16-33053-000,3/16/2010,0.0,SWD(SPECIAL WARRANTY DEED),0.24,True,AR
16-33053-000,12/17/2009,0.0,WD(WARRANTY DEED),0.24,True,AR
16-33053-000,11/6/2008,0.0,OTHER(OTHER DOCUMENT),0.24,True,AR
16-33053-000,3/22/2002,0.0,WD(WARRANTY DEED),0.24,True,AR
16-33053-000,3/22/2002,0.0,WD(WARRANTY DEED),0.24,True,AR
16-33053-000,4/19/1996,0.0,TRAG(TRUST AGREEMENT),0.24,True,AR
16-33053-000,4/19/1996,0.0,TRAG(TRUST AGREEMENT),0.24,True,AR
16-33053-000,6/26/1980,79000.0,WD(WARRANTY DEED),0.24,True,AR
16-33054-000,12/22/2020,130000.0,SWD(SPECIAL WARRANTY DEED),0.22,True,AR
16-33054-000,7/14/2020,0.0,DEED(GRANT DEED),0.22,True,AR
16-33054-000,1/13/2007,0.0,AFF(AFFIDAVIT),0.22,True,AR
16-33054-000,6/26/2000,88000.0,WD(WARRANTY DEED),0.22,True,AR
16-33054-000,5/7/1991,78000.0,WD(WARRANTY DEED),0.22,True,AR
16-33054-000,7/14/1990,0.0,OTHER(OTHER DOCUMENT),0.22,True,AR
16-33054-000,10/12/1989,0.0,DC(DEATH CERTIFICATE),0.22,True,AR
16-33054-000,6/19/1978,9000.0,WD(WARRANTY DEED),0.22,True,AR
16-33055-000,11/8/2021,294000.0,WD(WARRANTY DEED),0.27,True,AR
16-33055-000,7/15/2013,88000.0,SWD(SPECIAL WARRANTY DEED),0.27,True,AR
16-33055-000,4/12/2013,0.0,MTG-D(MORTGAGEE'S DEED),0.27,True,AR
16-33055-000,9/3/2009,122000.0,WD(WARRANTY DEED),0.27,True,AR
16-33055-000,7/1/2004,128000.0,WD(WARRANTY DEED),0.27,True,AR
16-33055-000,2/6/1990,0.0,WD(WARRANTY DEED),0.27,True,AR
16-33055-000,10/29/1979,69000.0,WD(WARRANTY DEED),0.27,True,AR
16-33056-000,"1,450",290.0,290,12.93,False,AR
16-33056-000,0,0.0,0,12.93,False,AR
16-33056-000,"1,450",290.0,290,12.93,False,AR
16-33056-000,,290.0,290,12.93,False,AR
16-33056-000,,0.06193,0.06193,12.93,False,AR
16-33056-000,,2.59,2.59,12.93,False,AR
16-33056-001,0,0.0,0,3.27,False,AR
16-33056-001,0,0.0,0,3.27,False,AR
16-33056-001,0,0.0,0,3.27,False,AR
16-33056-001,,0.0,0,3.27,False,AR
16-33056-001,,0.06193,0.06193,3.27,False,AR
16-40341-000,5/13/2021,0.0,BD(BENEFICIARY DEED),0.09,True,AR
16-40341-000,3/11/2021,0.0,OTHER(OTHER DOCUMENT),0.09,True,AR
16-40341-000,7/11/2008,205000.0,WD(WARRANTY DEED),0.09,True,AR
16-40341-000,8/14/2003,210000.0,WD(WARRANTY DEED),0.09,True,AR
16-40341-000,1/10/2002,0.0,DC(DEATH CERTIFICATE),0.09,True,AR
16-40341-000,1/8/2002,185000.0,WD(WARRANTY DEED),0.09,True,AR
16-40341-000,3/22/1996,0.0,WD(WARRANTY DEED),0.09,True,AR
16-40341-000,3/22/1996,0.0,CERT(CERTIFICATE),0.09,True,AR
16-40341-000,7/22/1993,25000.0,WD(WARRANTY DEED),0.09,True,AR
16-40342-000,11/30/2020,257000.0,WD(WARRANTY DEED),0.1,True,AR
16-40342-000,12/17/2013,215000.0,WD(WARRANTY DEED),0.1,True,AR
16-40342-000,12/17/2013,0.0,CERT(CERTIFICATE),0.1,True,AR
16-40342-000,7/17/2013,0.0,DC(DEATH CERTIFICATE),0.1,True,AR
16-40342-000,12/9/2010,0.0,QCD(QUITCLAIM DEED),0.1,True,AR
16-40342-000,12/2/2010,0.0,QCD(QUITCLAIM DEED),0.1,True,AR
16-40342-000,4/12/2010,195000.0,WD(WARRANTY DEED),0.1,True,AR
16-40342-000,4/12/2010,0.0,CERT(CERTIFICATE),0.1,True,AR
16-40342-000,10/22/1999,0.0,WD(WARRANTY DEED),0.1,True,AR
16-40342-000,10/22/1999,0.0,TRAG(TRUST AGREEMENT),0.1,True,AR
16-40342-000,7/22/1994,183000.0,WD(WARRANTY DEED),0.1,True,AR
16-40342-000,9/7/1993,25000.0,WD(WARRANTY DEED),0.1,True,AR
16-40343-000,5/5/2021,229000.0,WD(WARRANTY DEED),0.09,True,AR
16-40343-000,8/31/2015,172000.0,WD(WARRANTY DEED),0.09,True,AR
16-40343-000,2/26/2015,0.0,WD(WARRANTY DEED),0.09,True,AR
16-40343-000,2/26/2015,0.0,CERT(CERTIFICATE),0.09,True,AR
16-40343-000,10/17/2013,165000.0,WD(WARRANTY DEED),0.09,True,AR
16-40343-000,7/27/2001,167000.0,WD(WARRANTY DEED),0.09,True,AR
16-40343-000,12/21/1993,151000.0,WD(WARRANTY DEED),0.09,True,AR
16-40344-000,5/5/2021,258000.0,WD(WARRANTY DEED),0.09,True,AR
16-40344-000,8/24/2020,0.0,CERT(CERTIFICATE),0.09,True,AR
16-40344-000,3/6/2018,0.0,QCD(QUITCLAIM DEED),0.09,True,AR
16-40344-000,8/14/2017,0.0,QCD(QUITCLAIM DEED),0.09,True,AR
16-40344-000,11/10/2015,0.0,DC(DEATH CERTIFICATE),0.09,True,AR
16-40344-000,8/10/2011,0.0,QCD(QUITCLAIM DEED),0.09,True,AR
16-40344-000,3/5/2010,166667.0,WD(WARRANTY DEED),0.09,True,AR
16-40344-000,9/8/2006,223000.0,WD(WARRANTY DEED),0.09,True,AR
16-40344-000,5/6/2002,166000.0,FD(FIDUCIARY DEED),0.09,True,AR
16-40344-000,3/18/2002,0.0,HIST(HISTORICAL),0.09,True,AR
16-40344-000,1/25/1994,154000.0,WD(WARRANTY DEED),0.09,True,AR
16-40345-000,3/27/2017,224000.0,WD(WARRANTY DEED),0.11,True,AR
16-40345-000,3/27/2017,0.0,CERT(CERTIFICATE),0.11,True,AR
16-40345-000,2/20/2013,188000.0,WD(WARRANTY DEED),0.11,True,AR
16-40345-000,6/15/2012,0.0,WD(WARRANTY DEED),0.11,True,AR
16-40345-000,6/15/2012,0.0,CERT(CERTIFICATE),0.11,True,AR
16-40345-000,7/22/1993,40000.0,WD(WARRANTY DEED),0.11,True,AR
16-40346-000,11/8/2021,0.0,WD(WARRANTY DEED),0.1,True,SD
16-40346-000,9/29/2021,0.0,CERT(CERTIFICATE),0.1,True,SD
16-40346-000,7/9/2020,230000.0,WD(WARRANTY DEED),0.1,True,SD
16-40346-000,7/9/2020,0.0,MEMO(MEMORANDUM),0.1,True,SD
16-40346-000,4/18/2005,0.0,WD(WARRANTY DEED),0.1,True,SD
16-40346-000,6/16/1993,20000.0,WD(WARRANTY DEED),0.1,True,SD
16-40347-000,8/27/1996,0.0,WD(WARRANTY DEED),0.1,True,AR
16-40347-000,8/27/1996,0.0,CERT(CERTIFICATE),0.1,True,AR
16-40347-000,7/2/1993,25000.0,WD(WARRANTY DEED),0.1,True,AR
16-40348-000,3/17/2017,0.0,MEMO(MEMORANDUM),0.1,True,AR
16-40348-000,3/17/2017,205000.0,WD(WARRANTY DEED),0.1,True,AR
16-40348-000,3/15/2017,0.0,MEMO(MEMORANDUM),0.1,True,AR
16-40348-000,12/10/2009,170000.0,WD(WARRANTY DEED),0.1,True,AR
16-40348-000,7/27/2005,0.0,WD(WARRANTY DEED),0.1,True,AR
16-40348-000,7/27/2005,0.0,CERT(CERTIFICATE),0.1,True,AR
16-40348-000,5/10/2005,0.0,DC(DEATH CERTIFICATE),0.1,True,AR
16-40348-000,12/22/1998,160000.0,WD(WARRANTY DEED),0.1,True,AR
16-40348-000,7/30/1993,145000.0,WD(WARRANTY DEED),0.1,True,AR
16-40349-000,3/23/2023,0.0,DC(DEATH CERTIFICATE),0.09,True,AR
16-40349-000,8/1/2018,210000.0,TRWD(TRUSTEES WARRANTY DEED),0.09,True,AR
16-40349-000,8/1/2018,0.0,MEMO(MEMORANDUM),0.09,True,AR
16-40349-000,1/15/2014,0.0,WD(WARRANTY DEED),0.09,True,AR
16-40349-000,1/15/2014,0.0,CERT(CERTIFICATE),0.09,True,AR
16-40349-000,2/15/1994,40000.0,WD(WARRANTY DEED),0.09,True,AR
16-40350-000,4/4/2005,188000.0,WD(WARRANTY DEED),0.09,True,AR
16-40350-000,12/2/2004,0.0,WD(WARRANTY DEED),0.09,True,AR
16-40350-000,2/25/1994,30000.0,WD(WARRANTY DEED),0.09,True,AR
16-40350-000,1/1/1800,0.0,DC(DEATH CERTIFICATE),0.09,True,AR
16-40351-000,8/12/2024,0.0,DC(DEATH CERTIFICATE),0.11,True,AR
16-40351-000,11/23/2021,0.0,QCD(QUITCLAIM DEED),0.11,True,AR
16-40351-000,7/10/2015,0.0,QCD(QUITCLAIM DEED),0.11,True,AR
16-40351-000,5/2/2002,0.0,CERT(CERTIFICATE),0.11,True,AR
16-40351-000,5/1/2002,155000.0,WD(WARRANTY DEED),0.11,True,AR
16-40351-000,3/27/1995,0.0,WD(WARRANTY DEED),0.11,True,AR
16-40351-000,8/15/1994,155000.0,WD(WARRANTY DEED),0.11,True,AR
16-40352-000,11/17/2022,320000.0,ADMN(ADMINISTRATORS DEED),0.09,True,AR
16-40352-000,6/13/2022,0.0,OR(ORDER),0.09,True,AR
16-40352-000,1/25/2022,0.0,OTHER(OTHER DOCUMENT),0.09,True,AR
16-40352-000,1/28/1994,40000.0,WD(WARRANTY DEED),0.09,True,AR
16-40352-001,9/15/2015,198000.0,WD(WARRANTY DEED),0.1,True,AR
16-40352-001,4/19/2005,180000.0,WD(WARRANTY DEED),0.1,True,AR
16-40352-001,9/28/1998,0.0,WD(WARRANTY DEED),0.1,True,AR
16-40352-001,9/28/1998,0.0,CERT(CERTIFICATE),0.1,True,AR
16-40352-001,5/30/1996,0.0,WD(WARRANTY DEED),0.1,True,AR
16-40352-001,5/30/1996,0.0,CERT(CERTIFICATE),0.1,True,AR
16-40352-001,8/29/1994,169000.0,WD(WARRANTY DEED),0.1,True,AR
16-40352-002,12/7/2011,0.0,BD(BENEFICIARY DEED),0.1,True,AR
16-40352-002,12/7/2011,0.0,TRD(TRUSTEES DEED),0.1,True,AR
16-40352-002,5/4/2007,0.0,WD(WARRANTY DEED),0.1,True,AR
16-40352-002,3/20/2007,185000.0,TRD(TRUSTEES DEED),0.1,True,AR
16-40352-002,8/1/2001,160000.0,WD(WARRANTY DEED),0.1,True,AR
16-40352-002,10/20/1998,0.0,QCD(QUITCLAIM DEED),0.1,True,AR
16-40352-002,9/13/1996,148000.0,WD(WARRANTY DEED),0.1,True,AR
16-40352-002,10/19/1994,173000.0,WD(WARRANTY DEED),0.1,True,AR
16-40352-002,8/22/1994,152000.0,WD(WARRANTY DEED),0.1,True,AR
16-40352-003,11/3/2017,166000.0,WD(WARRANTY DEED),0.09,True,WA
16-40352-003,4/7/2009,0.0,BD(BENEFICIARY DEED),0.09,True,WA
16-40352-003,1/29/2009,0.0,DC(DEATH CERTIFICATE),0.09,True,WA
16-40352-003,10/29/1999,146000.0,WD(WARRANTY DEED),0.09,True,WA
16-40352-003,11/4/1998,0.0,HIST(HISTORICAL),0.09,True,WA
16-40352-003,1/1/1998,0.0,DC(DEATH CERTIFICATE),0.09,True,WA
16-40352-003,10/16/1997,0.0,WD(WARRANTY DEED),0.09,True,WA
16-40352-003,8/29/1994,148000.0,WD(WARRANTY DEED),0.09,True,WA
16-40353-000,5/21/1993,0.0,PLAT(PLAT),0.79,False,AR
16-40354-000,2/11/1998,0.0,WD(WARRANTY DEED),2.31,False,AR
16-40354-000,6/2/1995,0.0,WD(WARRANTY DEED),2.31,False,AR
16-40354-000,6/20/1994,0.0,WD(WARRANTY DEED),2.31,False,AR
16-40597-000,12/15/2021,0.0,QCD(QUITCLAIM DEED),0.81,True,TX
16-40597-000,12/14/2021,0.0,QCD(QUITCLAIM DEED),0.81,True,TX
16-40597-000,12/27/2006,213000.0,WD(WARRANTY DEED),0.81,True,TX
16-40597-000,2/25/2003,172000.0,WD(WARRANTY DEED),0.81,True,TX
16-40597-000,1/10/1996,45000.0,WD(WARRANTY DEED),0.81,True,TX
16-40598-000,10/23/2024,42000.0,WD(WARRANTY DEED),0.97,False,AR
16-40598-000,5/17/1999,41000.0,CWD(CORPORATION WARRANTY DEED),0.97,False,AR
16-40598-000,4/1/1999,41000.0,WD(WARRANTY DEED),0.97,False,AR
16-40598-000,10/11/1996,35000.0,WD(WARRANTY DEED),0.97,False,AR
16-40599-000,3/2/2006,34000.0,WD(WARRANTY DEED),0.97,False,CA
16-40599-000,10/21/1998,30000.0,WD(WARRANTY DEED),0.97,False,CA
16-40599-000,4/14/1998,0.0,QCD(QUITCLAIM DEED),0.97,False,CA
16-40600-000,2/23/1995,0.0,PLAT(PLAT),0.57,False,AR
16-40600-000,9/14/1966,0.0,PLAT(PLAT),0.57,False,AR
16-40601-000,7/26/1996,0.0,WD(WARRANTY DEED),1.31,False,AR
16-40614-000,4/27/2022,0.0,WD(WARRANTY DEED),0.08,True,AR
16-40614-000,4/27/2022,0.0,CERT(CERTIFICATE),0.08,True,AR
16-40614-000,12/6/2012,0.0,TRD(TRUSTEES DEED),0.08,True,AR
16-40614-000,12/6/2012,0.0,CERT(CERTIFICATE),0.08,True,AR
16-40614-000,8/29/2012,0.0,DC(DEATH CERTIFICATE),0.08,True,AR
16-40614-000,9/11/2011,0.0,DC(DEATH CERTIFICATE),0.08,True,AR
16-40614-000,3/15/2010,0.0,OTHER(OTHER DOCUMENT),0.08,True,AR
16-40614-000,3/5/2002,110000.0,WD(WARRANTY DEED),0.08,True,AR
16-40614-000,3/30/1998,113000.0,WD(WARRANTY DEED),0.08,True,AR
16-40614-000,10/4/1994,25000.0,WD(WARRANTY DEED),0.08,True,AR
16-40614-001,12/19/2024,0.0,BD(BENEFICIARY DEED),0.07,True,AR
16-40614-001,9/11/2013,0.0,CERT(CERTIFICATE),0.07,True,AR
16-40614-001,5/21/2013,155000.0,WD(WARRANTY DEED),0.07,True,AR
16-40614-001,1/31/2013,140000.0,WD(WARRANTY DEED),0.07,True,AR
16-40614-001,3/7/2012,0.0,CERT(CERTIFICATE),0.07,True,AR
16-40614-001,4/27/2007,0.0,CERT(CERTIFICATE),0.07,True,AR
16-40614-001,7/20/2006,0.0,WD(WARRANTY DEED),0.07,True,AR
16-40614-001,6/27/2005,0.0,QCD(QUITCLAIM DEED),0.07,True,AR
16-40614-001,6/17/2005,169000.0,WD(WARRANTY DEED),0.07,True,AR
16-40614-002,1/7/2024,0.0,DC(DEATH CERTIFICATE),0.11,True,AR
16-40614-002,5/17/2023,0.0,WD(WARRANTY DEED),0.11,True,AR
16-40614-002,5/17/2023,0.0,CERT(CERTIFICATE),0.11,True,AR
16-40614-002,3/2/2007,0.0,QCD(QUITCLAIM DEED),0.11,True,AR
16-40614-002,2/16/2007,0.0,DC(DEATH CERTIFICATE),0.11,True,AR
16-40614-002,8/6/2002,0.0,QCD(QUITCLAIM DEED),0.11,True,AR
16-40614-002,1/31/2002,0.0,QCD(QUITCLAIM DEED),0.11,True,AR
16-40614-002,10/18/2001,0.0,QCD(QUITCLAIM DEED),0.11,True,AR
16-40614-002,10/1/2001,146000.0,WD(WARRANTY DEED),0.11,True,AR
16-40614-002,10/18/2000,0.0,DC(DEATH CERTIFICATE),0.11,True,AR
16-40614-002,10/6/1999,0.0,AFF(AFFIDAVIT),0.11,True,AR
16-40614-003,12/2/2019,171000.0,WD(WARRANTY DEED),0.08,True,AR
16-40614-003,4/28/2016,143000.0,WD(WARRANTY DEED),0.08,True,AR
16-40614-003,5/28/2014,139000.0,WD(WARRANTY DEED),0.08,True,AR
16-40614-003,7/2/2010,0.0,BD(BENEFICIARY DEED),0.08,True,AR
16-40614-003,6/20/2010,0.0,DC(DEATH CERTIFICATE),0.08,True,AR
16-40614-003,12/26/1997,10000.0,WD(WARRANTY DEED),0.08,True,AR
16-40615-000,12/23/2024,280000.0,ADMN(ADMINISTRATORS DEED),0.08,True,AR
16-40615-000,9/16/2024,0.0,OR(ORDER),0.08,True,AR
16-40615-000,8/7/2024,0.0,OBIT(OBITUARY),0.08,True,AR
16-40615-000,7/14/2020,172000.0,WD(WARRANTY DEED),0.08,True,AR
16-40615-000,6/1/2017,0.0,WD(WARRANTY DEED),0.08,True,AR
16-40615-000,5/1/2017,148000.0,WD(WARRANTY DEED),0.08,True,AR
16-40615-000,10/17/2005,0.0,CERT(CERTIFICATE),0.08,True,AR
16-40615-000,6/23/2005,0.0,POA(POWER OF ATTORNEY),0.08,True,AR
16-40615-000,6/23/2005,160000.0,WD(WARRANTY DEED),0.08,True,AR
16-40615-000,2/19/1999,130000.0,WD(WARRANTY DEED),0.08,True,AR
16-40615-000,7/26/1996,0.0,WD(WARRANTY DEED),0.08,True,AR
16-40615-000,7/3/1995,128000.0,WD(WARRANTY DEED),0.08,True,AR
16-40616-000,7/10/2023,0.0,WD(WARRANTY DEED),0.1,True,AR
16-40616-000,7/10/2023,0.0,CERT(CERTIFICATE),0.1,True,AR
16-40616-000,3/2/2022,275000.0,WD(WARRANTY DEED),0.1,True,AR
16-40616-000,1/14/2022,0.0,DC(DEATH CERTIFICATE),0.1,True,AR
16-40616-000,11/29/2016,173000.0,WD(WARRANTY DEED),0.1,True,AR
16-40616-000,10/24/2012,0.0,WD(WARRANTY DEED),0.1,True,AR
16-40616-000,8/21/2012,155000.0,WD(WARRANTY DEED),0.1,True,AR
16-40616-000,9/23/2011,0.0,BD(BENEFICIARY DEED),0.1,True,AR
16-40616-000,5/14/2010,0.0,DC(DEATH CERTIFICATE),0.1,True,AR
16-40616-000,3/23/1998,143000.0,WD(WARRANTY DEED),0.1,True,AR
16-40616-000,7/26/1996,0.0,WD(WARRANTY DEED),0.1,True,AR
16-40616-000,5/10/1995,0.0,QCD(QUITCLAIM DEED),0.1,True,AR
16-40616-000,4/19/1995,159000.0,WD(WARRANTY DEED),0.1,True,AR
16-40616-098,9/14/2023,0.0,SWD(SPECIAL WARRANTY DEED),0.09,True,CO
16-40616-098,4/6/2022,318000.0,WD(WARRANTY DEED),0.09,True,CO
16-40616-098,1/16/2019,183000.0,TRWD(TRUSTEES WARRANTY DEED),0.09,True,CO
16-40616-098,7/15/2016,0.0,CERT(CERTIFICATE),0.09,True,CO
16-40616-098,12/4/2013,146970.0,WD(WARRANTY DEED),0.09,True,CO
16-40616-098,8/7/2009,0.0,DC(DEATH CERTIFICATE),0.09,True,CO
16-40616-098,11/27/2002,0.0,QCD(QUITCLAIM DEED),0.09,True,CO
16-40616-098,11/14/2002,10000.0,WD(WARRANTY DEED),0.09,True,CO
16-40616-099,8/23/2024,319000.0,WD(WARRANTY DEED),0.08,True,AR
16-40616-099,6/1/2017,0.0,DC(DEATH CERTIFICATE),0.08,True,AR
16-40616-099,12/19/2002,0.0,QCD(QUITCLAIM DEED),0.08,True,AR
16-40616-099,12/13/2002,10000.0,WD(WARRANTY DEED),0.08,True,AR
16-40616-100,1/8/2024,0.0,BD(BENEFICIARY DEED),0.08,True,AR
16-40616-100,10/2/2017,215000.0,TRWD(TRUSTEES WARRANTY DEED),0.08,True,AR
16-40616-100,7/25/2013,0.0,WD(WARRANTY DEED),0.08,True,AR
16-40616-100,7/25/2013,0.0,CERT(CERTIFICATE),0.08,True,AR
16-40616-100,10/3/1997,201000.0,WD(WARRANTY DEED),0.08,True,AR
16-40616-101,3/3/2016,0.0,CERT(CERTIFICATE),0.09,True,AR
16-40616-101,5/9/2013,0.0,CERT(CERTIFICATE),0.09,True,AR
16-40616-101,3/13/2009,0.0,CERT(CERTIFICATE),0.09,True,AR
16-40616-101,8/1/2006,175000.0,WD(WARRANTY DEED),0.09,True,AR
16-40616-101,11/27/2002,163000.0,WD(WARRANTY DEED),0.09,True,AR
16-40616-101,11/27/2002,0.0,QCD(QUITCLAIM DEED),0.09,True,AR
16-40617-000,10/21/2016,160000.0,WD(WARRANTY DEED),0.1,True,AR
16-40617-000,1/15/2013,0.0,MEMO(MEMORANDUM),0.1,True,AR
16-40617-000,1/15/2013,0.0,MEMO(MEMORANDUM),0.1,True,AR
16-40617-000,10/2/2009,0.0,QCD(QUITCLAIM DEED),0.1,True,AR
16-40617-000,8/5/2002,163000.0,WD(WARRANTY DEED),0.1,True,AR
16-40617-000,7/7/1995,0.0,WD(WARRANTY DEED),0.1,True,AR
16-40617-000,7/7/1995,0.0,CERT(CERTIFICATE),0.1,True,AR
16-40617-000,7/7/1995,0.0,CERT(CERTIFICATE),0.1,True,AR
16-40617-000,11/17/1994,35000.0,WD(WARRANTY DEED),0.1,True,AR
16-40618-000,10/18/2019,0.0,WD(WARRANTY DEED),0.09,True,AR
16-40618-000,10/18/2019,0.0,CERT(CERTIFICATE),0.09,True,AR
16-40618-000,4/26/2017,153000.0,WD(WARRANTY DEED),0.09,True,AR
16-40618-000,7/15/2008,160000.0,WD(WARRANTY DEED),0.09,True,AR
16-40618-000,8/23/2001,168000.0,CORRWD(CORRECTED WARRANTY DEED),0.09,True,AR
16-40618-000,11/30/1999,0.0,DC(DEATH CERTIFICATE),0.09,True,AR
16-40618-000,2/21/1996,0.0,WD(WARRANTY DEED),0.09,True,AR
16-40618-000,10/5/1994,35000.0,WD(WARRANTY DEED),0.09,True,AR
16-40618-100,3/13/2024,0.0,BD(BENEFICIARY DEED),0.08,True,AR
16-40618-100,3/13/2024,0.0,WD(WARRANTY DEED),0.08,True,AR
16-40618-100,3/13/2024,0.0,REVBD(REVOCATION OF BENEFICIARY DEED),0.08,True,AR
16-40618-100,4/28/2021,0.0,BD(BENEFICIARY DEED),0.08,True,AR
16-40618-100,4/28/2021,0.0,BD(BENEFICIARY DEED),0.08,True,AR
16-40618-100,4/19/2016,0.0,BD(BENEFICIARY DEED),0.08,True,AR
16-40618-100,4/18/2016,0.0,QCD(QUITCLAIM DEED),0.08,True,AR
16-40618-100,5/2/2014,0.0,BD(BENEFICIARY DEED),0.08,True,AR
16-40618-100,4/19/2014,0.0,BD(BENEFICIARY DEED),0.08,True,AR
16-40618-100,2/15/2006,0.0,QCD(QUITCLAIM DEED),0.08,True,AR
16-40618-100,8/18/2004,165000.0,WD(WARRANTY DEED),0.08,True,AR
16-40618-200,3/17/2003,175000.0,WD(WARRANTY DEED),0.09,True,MN
16-40618-200,5/8/2002,168000.0,WD(WARRANTY DEED),0.09,True,MN
16-40618-200,11/3/1998,0.0,WD(WARRANTY DEED),0.09,True,MN
16-40618-200,9/2/1998,175000.0,WD(WARRANTY DEED),0.09,True,MN
16-40618-201,6/6/2022,140000.0,QCD(QUITCLAIM DEED),0.1,True,MN
16-40618-201,10/22/2021,0.0,OBIT(OBITUARY),0.1,True,MN
16-40618-201,4/19/2016,0.0,QCD(QUITCLAIM DEED),0.1,True,MN
16-40618-201,2/25/2016,183000.0,WD(WARRANTY DEED),0.1,True,MN
16-40618-201,4/22/2014,0.0,BD(BENEFICIARY DEED),0.1,True,MN
16-40618-201,3/15/2012,0.0,WD(WARRANTY DEED),0.1,True,MN
16-40618-201,3/15/2012,0.0,CERT(CERTIFICATE),0.1,True,MN
16-40618-201,6/19/2011,0.0,AFF(AFFIDAVIT),0.1,True,MN
16-40618-201,6/16/2011,178000.0,WD(WARRANTY DEED),0.1,True,MN
16-40618-201,4/13/2006,202000.0,WD(WARRANTY DEED),0.1,True,MN
16-40618-201,2/16/2004,0.0,DC(DEATH CERTIFICATE),0.1,True,MN
16-40618-201,1/24/2003,0.0,WD(WARRANTY DEED),0.1,True,MN
16-40618-201,1/7/2003,0.0,TRD(TRUSTEES DEED),0.1,True,MN
16-40618-201,11/8/2001,0.0,QCD(QUITCLAIM DEED),0.1,True,MN
16-40618-201,8/21/2001,22000.0,WD(WARRANTY DEED),0.1,True,MN
16-40619-000,2/11/1998,0.0,WD(WARRANTY DEED),3.38,False,AR
16-40619-000,6/2/1995,0.0,WD(WARRANTY DEED),3.38,False,AR
16-40620-000,12/28/2020,0.0,QCD(QUITCLAIM DEED),0.08,True,AR
16-40620-000,2/28/2003,135000.0,WD(WARRANTY DEED),0.08,True,AR
16-40620-000,8/7/1998,17000.0,WD(WARRANTY DEED),0.08,True,AR
16-40620-001,3/4/2024,0.0,ADHL(AR DEPT OF HEALTH LIST),0.09,True,AR
16-40620-001,2/14/2013,150000.0,TRD(TRUSTEES DEED),0.09,True,AR
16-40620-001,5/28/2009,0.0,CERT(CERTIFICATE),0.09,True,AR
16-40620-001,5/14/2009,0.0,DC(DEATH CERTIFICATE),0.09,True,AR
16-40620-001,2/24/2006,0.0,WD(WARRANTY DEED),0.09,True,AR
16-40620-001,2/24/2006,0.0,TRAG(TRUST AGREEMENT),0.09,True,AR
16-40620-001,9/17/2004,167000.0,WD(WARRANTY DEED),0.09,True,AR
16-40620-001,3/11/2003,0.0,QCD(QUITCLAIM DEED),0.09,True,AR
16-40620-001,3/11/2003,157000.0,WD(WARRANTY DEED),0.09,True,AR
16-40620-002,9/16/2008,115000.0,SWD(SPECIAL WARRANTY DEED),0.068,True,AR
16-40620-002,11/13/2007,0.0,MTG-D(MORTGAGEE'S DEED),0.068,True,AR
16-40620-002,12/9/2005,172000.0,WD(WARRANTY DEED),0.068,True,AR
16-40620-002,7/8/2005,0.0,QCD(QUITCLAIM DEED),0.068,True,AR
16-40620-003,7/31/2006,224000.0,WD(WARRANTY DEED),0.13,True,AR
16-40620-003,3/21/2006,0.0,QCD(QUITCLAIM DEED),0.13,True,AR
16-40620-007,4/20/2022,326000.0,WD(WARRANTY DEED),0.09,True,AR
16-40620-007,1/3/2015,0.0,DC(DEATH CERTIFICATE),0.09,True,AR
16-40620-007,9/18/2014,159000.0,WD(WARRANTY DEED),0.09,True,AR
16-40620-007,3/7/2014,0.0,TRD(TRUSTEES DEED),0.09,True,AR
16-40620-007,3/7/2013,0.0,CERT(CERTIFICATE),0.09,True,AR
16-40620-007,1/18/2013,0.0,DC(DEATH CERTIFICATE),0.09,True,AR
16-40620-007,3/19/2003,0.0,QCD(QUITCLAIM DEED),0.09,True,AR
16-40620-007,3/19/2003,173000.0,WD(WARRANTY DEED),0.09,True,AR
16-40620-007,7/5/1995,0.0,CERT(CERTIFICATE),0.09,True,AR
16-40620-008,2/11/2019,180000.0,WD(WARRANTY DEED),0.08,True,AR
16-40620-008,12/30/2013,152000.0,WD(WARRANTY DEED),0.08,True,AR
16-40620-008,9/23/2004,0.0,QCD(QUITCLAIM DEED),0.08,True,AR
16-40620-008,1/26/2004,0.0,DC(DEATH CERTIFICATE),0.08,True,AR
16-40620-008,8/31/2000,152000.0,WD(WARRANTY DEED),0.08,True,AR
16-40620-008,6/25/1999,0.0,WD(WARRANTY DEED),0.08,True,AR
16-40620-008,5/10/1999,0.0,QCD(QUITCLAIM DEED),0.08,True,AR
16-40620-008,5/10/1999,22000.0,WD(WARRANTY DEED),0.08,True,AR
16-40620-010,5/25/1995,0.0,PLAT(PLAT),2.3,False,AR
16-40628-000,9/14/2023,352000.0,WD(WARRANTY DEED),0.09,True,LA
16-40628-000,1/20/2022,0.0,BD(BENEFICIARY DEED),0.09,True,LA
16-40628-000,12/30/2016,192000.0,WD(WARRANTY DEED),0.09,True,LA
16-40628-000,12/9/2010,0.0,QCD(QUITCLAIM DEED),0.09,True,LA
16-40628-000,12/2/2010,0.0,QCD(QUITCLAIM DEED),0.09,True,LA
16-40628-000,11/1/2010,190000.0,WD(WARRANTY DEED),0.09,True,LA
16-40628-000,4/24/2000,152000.0,WD(WARRANTY DEED),0.09,True,LA
16-40629-000,11/26/2024,0.0,DEC(DECREE),0.09,True,AR
16-40629-000,10/25/2024,0.0,QCD(QUITCLAIM DEED),0.09,True,AR
16-40629-000,8/21/2023,0.0,ML(MARRIAGE LICENSE),0.09,True,AR
16-40629-000,4/21/2021,0.0,OR(ORDER),0.09,True,AR
16-40629-000,4/8/2021,0.0,BD(BENEFICIARY DEED),0.09,True,AR
16-40629-000,3/9/2021,0.0,DC(DEATH CERTIFICATE),0.09,True,AR
16-40629-000,12/6/2011,182000.0,WD(WARRANTY DEED),0.09,True,AR
16-40629-000,9/23/2003,0.0,WD(WARRANTY DEED),0.09,True,AR
16-40629-000,6/9/2000,174000.0,WD(WARRANTY DEED),0.09,True,AR
16-40630-000,2/16/2017,0.0,DC(DEATH CERTIFICATE),0.17,True,AR
16-40630-000,6/7/2013,239000.0,TRD(TRUSTEES DEED),0.17,True,AR
16-40630-000,7/25/2007,0.0,DC(DEATH CERTIFICATE),0.17,True,AR
16-40630-000,7/6/1998,187000.0,WD(WARRANTY DEED),0.17,True,AR
16-40630-000,1/11/1998,0.0,QCD(QUITCLAIM DEED),0.17,True,AR
16-40631-000,3/30/2018,0.0,WD(WARRANTY DEED),0.09,True,AR
16-40631-000,3/30/2018,0.0,CERT(CERTIFICATE),0.09,True,AR
16-40631-000,2/20/2014,0.0,BD(BENEFICIARY DEED),0.09,True,AR
16-40631-000,10/29/2012,172000.0,WD(WARRANTY DEED),0.09,True,AR
16-40631-000,10/24/2012,0.0,MEMO(MEMORANDUM),0.09,True,AR
16-40631-000,1/2/2003,0.0,QCD(QUITCLAIM DEED),0.09,True,AR
16-40631-000,12/27/2002,0.0,QCD(QUITCLAIM DEED),0.09,True,AR
16-40631-000,9/29/1999,0.0,HIST(HISTORICAL),0.09,True,AR
16-40631-000,9/29/1999,0.0,WD(WARRANTY DEED),0.09,True,AR
16-40631-000,9/29/1999,0.0,DC(DEATH CERTIFICATE),0.09,True,AR
16-40631-000,5/3/1999,0.0,WD(WARRANTY DEED),0.09,True,AR
16-40631-000,4/19/1999,16000.0,WD(WARRANTY DEED),0.09,True,AR
16-40631-000,4/19/1999,0.0,WD(WARRANTY DEED),0.09,True,AR
16-40631-000,4/7/1999,0.0,HIST(HISTORICAL),0.09,True,AR
16-40632-000,8/16/2014,173000.0,WD(WARRANTY DEED),0.08,True,MO
16-40632-000,7/31/2008,190000.0,WD(WARRANTY DEED),0.08,True,MO
16-40632-000,11/21/2007,0.0,DC(DEATH CERTIFICATE),0.08,True,MO
16-40632-000,7/13/2007,0.0,QCD(QUITCLAIM DEED),0.08,True,MO
16-40632-000,7/12/2006,188000.0,WD(WARRANTY DEED),0.08,True,MO
16-40632-000,1/17/2006,0.0,QCD(QUITCLAIM DEED),0.08,True,MO
16-40633-000,9/22/2020,239000.0,TRWD(TRUSTEES WARRANTY DEED),0.1,True,AR
16-40633-000,9/22/2020,0.0,CERT(CERTIFICATE),0.1,True,AR
16-40633-000,9/22/2020,0.0,CERT(CERTIFICATE),0.1,True,AR
16-40633-000,9/29/2014,190000.0,WD(WARRANTY DEED),0.1,True,AR
16-40633-000,11/8/1999,0.0,WD(WARRANTY DEED),0.1,True,AR
16-40633-000,11/8/1999,0.0,CERT(CERTIFICATE),0.1,True,AR
16-40633-000,11/8/1999,0.0,CERT(CERTIFICATE),0.1,True,AR
16-40633-000,7/26/1996,0.0,WD(WARRANTY DEED),0.1,True,AR
16-40633-000,1/16/1996,0.0,WD(WARRANTY DEED),0.1,True,AR
16-40633-000,1/8/1996,184000.0,WD(WARRANTY DEED),0.1,True,AR
16-40634-000,5/11/2021,0.0,WD(WARRANTY DEED),0.08,True,AR
16-40634-000,5/6/2021,0.0,CERT(CERTIFICATE),0.08,True,AR
16-40634-000,5/14/2014,133000.0,WD(WARRANTY DEED),0.08,True,AR
16-40634-000,9/24/2004,0.0,QCD(QUITCLAIM DEED),0.08,True,AR
16-40634-000,9/24/2004,143000.0,WD(WARRANTY DEED),0.08,True,AR
16-40635-000,10/16/2024,0.0,QCD(QUITCLAIM DEED),0.09,True,CA
16-40635-000,2/7/2024,352000.0,TRWD(TRUSTEES WARRANTY DEED),0.09,True,CA
16-40635-000,8/12/2015,0.0,CERT(CERTIFICATE),0.09,True,CA
16-40635-000,5/20/2015,180000.0,WD(WARRANTY DEED),0.09,True,CA
16-40635-000,11/13/2010,165024.0,WD(WARRANTY DEED),0.09,True,CA
16-40635-000,6/30/2003,0.0,QCD(QUITCLAIM DEED),0.09,True,CA
16-40635-000,6/18/2003,163000.0,WD(WARRANTY DEED),0.09,True,CA
16-40636-000,4/8/2019,0.0,WD(WARRANTY DEED),0.09,True,AR
16-40636-000,4/23/2008,158000.0,WD(WARRANTY DEED),0.09,True,AR
16-40636-000,2/18/2005,0.0,CERT(CERTIFICATE),0.09,True,AR
16-40636-000,2/18/2005,0.0,WD(WARRANTY DEED),0.09,True,AR
16-40636-000,12/18/2002,15000.0,WD(WARRANTY DEED),0.09,True,AR
16-40636-000,12/18/2002,0.0,QCD(QUITCLAIM DEED),0.09,True,AR
16-40637-000,1/24/2012,0.0,CORRWD(CORRECTED WARRANTY DEED),0.1,True,IA
16-40637-000,4/22/2010,175000.0,WD(WARRANTY DEED),0.1,True,IA
16-40637-000,6/26/2006,0.0,WD(WARRANTY DEED),0.1,True,IA
16-40637-000,6/26/2006,0.0,CERT(CERTIFICATE),0.1,True,IA
16-40637-000,6/26/2006,0.0,CERT(CERTIFICATE),0.1,True,IA
16-40637-000,7/2/2002,167000.0,WD(WARRANTY DEED),0.1,True,IA
16-40637-000,4/18/2000,0.0,POA(POWER OF ATTORNEY),0.1,True,IA
16-40637-000,4/18/2000,0.0,QCD(QUITCLAIM DEED),0.1,True,IA
16-40637-000,11/20/1997,150000.0,WD(WARRANTY DEED),0.1,True,IA
16-40637-000,6/4/1996,160000.0,WD(WARRANTY DEED),0.1,True,IA
16-40638-000,2/16/2024,366000.0,WD(WARRANTY DEED),0.09,True,AR
16-40638-000,5/25/2021,277000.0,WD(WARRANTY DEED),0.09,True,AR
16-40638-000,5/27/2015,198000.0,WD(WARRANTY DEED),0.09,True,AR
16-40638-000,7/27/2007,0.0,DC(DEATH CERTIFICATE),0.09,True,AR
16-40638-000,2/19/2007,0.0,BD(BENEFICIARY DEED),0.09,True,AR
16-40638-000,5/8/2000,163000.0,WD(WARRANTY DEED),0.09,True,AR
16-40639-000,5/12/2010,193000.0,WD(WARRANTY DEED),0.08,True,AR
16-40639-000,5/12/2010,0.0,CERT(CERTIFICATE),0.08,True,AR
16-40639-000,5/12/2010,0.0,CERT(CERTIFICATE),0.08,True,AR
16-40639-000,10/2/2009,0.0,QCD(QUITCLAIM DEED),0.08,True,AR
16-40639-000,2/1/2006,204000.0,WD(WARRANTY DEED),0.08,True,AR
16-40639-000,3/21/1997,0.0,QCD(QUITCLAIM DEED),0.08,True,AR
16-40639-000,10/7/1996,150000.0,WD(WARRANTY DEED),0.08,True,AR
16-40640-000,10/3/2018,0.0,SWD(SPECIAL WARRANTY DEED),0.09,True,AR
16-40640-000,10/3/2018,0.0,CERT(CERTIFICATE),0.09,True,AR
16-40640-000,12/27/2013,150000.0,WD(WARRANTY DEED),0.09,True,AR
16-40640-000,6/27/2005,174000.0,WD(WARRANTY DEED),0.09,True,AR
16-40640-000,6/27/2005,0.0,QCD(QUITCLAIM DEED),0.09,True,AR
16-40641-000,7/28/2020,0.0,WD(WARRANTY DEED),0.08,True,AR
16-40641-000,7/28/2020,0.0,CERT(CERTIFICATE),0.08,True,AR
16-40641-000,11/1/2005,195000.0,WD(WARRANTY DEED),0.08,True,AR
16-40641-000,7/14/2003,179000.0,WD(WARRANTY DEED),0.08,True,AR
16-40641-000,1/20/1997,0.0,TRD(TRUSTEES DEED),0.08,True,AR
16-40641-000,10/30/1996,0.0,WD(WARRANTY DEED),0.08,True,AR
16-40641-000,8/21/1996,153000.0,WD(WARRANTY DEED),0.08,True,AR
16-40641-000,8/19/1996,0.0,QCD(QUITCLAIM DEED),0.08,True,AR
16-40642-000,2/11/1998,0.0,WD(WARRANTY DEED),2.7,False,AR
16-43419-000,7/6/2023,0.0,QCD(QUITCLAIM DEED),14.66,True,AR
16-43419-000,6/23/2015,0.0,QCD(QUITCLAIM DEED),14.66,True,AR
16-70260-000,10/27/2017,2647000.0,PP(PARENT PARCEL (FOR SPLIT)),2.9,False,AR
16-70260-000,6/23/2015,0.0,PP(PARENT PARCEL (FOR SPLIT)),2.9,False,AR
16-70260-000,12/22/2010,0.0,QCD(QUITCLAIM DEED),2.9,False,AR
16-70260-000,9/24/1984,0.0,OTHER(OTHER DOCUMENT),2.9,False,AR
16-70260-001,12/22/2010,0.0,QCD(QUITCLAIM DEED),1.39,False,AR
16-70260-003,10/27/2017,2647000.0,SWD(SPECIAL WARRANTY DEED),27.91,True,AR
16-70260-004,10/27/2017,2647000.0,SWD(SPECIAL WARRANTY DEED),0.32,False,AR
16-70261-000,5/23/2024,10899862.0,SWD(SPECIAL WARRANTY DEED),7.3,False,
16-70261-000,9/24/1984,0.0,HIST(HISTORICAL),7.3,False,
16-70262-000,12/21/1970,0.0,WD(WARRANTY DEED),37.45,True,AR
16-70262-000,1/1/1800,0.0,HIST(HISTORICAL),37.45,True,AR
16-70263-000,12/18/1974,0.0,WD(WARRANTY DEED),103.21,False,AR
16-01592-000,5/25/2012,108000.0,SWD(SPECIAL WARRANTY DEED),0.35,True,AR
16-01592-000,1/3/2012,0.0,MTG-D(MORTGAGEE'S DEED),0.35,True,AR
16-01592-000,5/10/2004,125000.0,WD(WARRANTY DEED),0.35,True,AR
16-01592-000,7/11/2003,120000.0,WD(WARRANTY DEED),0.35,True,AR
16-01592-000,4/21/1999,63000.0,FD(FIDUCIARY DEED),0.35,True,AR
16-01592-000,3/3/1997,0.0,DC(DEATH CERTIFICATE),0.35,True,AR
16-01592-000,3/4/1980,81000.0,WD(WARRANTY DEED),0.35,True,AR
16-01593-000,6/24/2020,21650.0,WD(WARRANTY DEED),0.33,False,CT
16-01593-000,10/5/2011,0.0,QCD(QUITCLAIM DEED),0.33,False,CT
16-01593-000,10/5/2011,1693333.0,CORRQC(CORRECTED QUIT CLAIM DEED),0.33,False,CT
16-01593-000,11/24/2008,0.0,WD(WARRANTY DEED),0.33,False,CT
16-01593-000,1/26/2006,8000.0,WD(WARRANTY DEED),0.33,False,CT
16-01593-000,6/28/1994,0.0,WD(WARRANTY DEED),0.33,False,CT
16-01593-000,6/4/1994,0.0,POA(POWER OF ATTORNEY),0.33,False,CT
16-01593-000,12/8/1993,0.0,DC(DEATH CERTIFICATE),0.33,False,CT
16-01593-000,11/4/1976,9000.0,WD(WARRANTY DEED),0.33,False,CT
16-01644-000,9/24/2002,226000.0,WD(WARRANTY DEED),0.89,True,AR
16-01644-000,5/20/1997,210000.0,WD(WARRANTY DEED),0.89,True,AR
16-01644-000,11/15/1991,18000.0,WD(WARRANTY DEED),0.89,True,AR
16-01644-000,11/15/1991,0.0,WD(WARRANTY DEED),0.89,True,AR
16-01644-000,3/13/1986,14000.0,WD(WARRANTY DEED),0.89,True,AR
16-01644-000,1/1/1800,0.0,CONT(CONTRACT),0.89,True,AR
16-05603-000,10/27/2021,0.0,QCD(QUITCLAIM DEED),0.25,True,AR
16-05603-000,9/23/2011,0.0,SWD(SPECIAL WARRANTY DEED),0.25,True,AR
16-05603-000,3/14/2011,0.0,MTG-D(MORTGAGEE'S DEED),0.25,True,AR
16-05603-000,11/9/2005,0.0,QCD(QUITCLAIM DEED),0.25,True,AR
16-05603-000,7/6/2005,0.0,QCD(QUITCLAIM DEED),0.25,True,AR
16-05603-000,8/31/1999,80000.0,WD(WARRANTY DEED),0.25,True,AR
16-05603-000,9/2/1987,71000.0,WD(WARRANTY DEED),0.25,True,AR
16-05603-000,1/7/1980,68000.0,WD(WARRANTY DEED),0.25,True,AR
16-05621-000,7/20/2023,0.0,BD(BENEFICIARY DEED),0.27,True,AR
16-05621-000,7/20/2023,0.0,TRWD(TRUSTEES WARRANTY DEED),0.27,True,AR
16-05621-000,6/15/2023,0.0,CERT(CERTIFICATE),0.27,True,AR
16-05621-000,6/15/2022,0.0,CERT(CERTIFICATE),0.27,True,AR
16-05621-000,6/15/2022,0.0,CERT(CERTIFICATE),0.27,True,AR
16-05621-000,6/15/2022,0.0,CERT(CERTIFICATE),0.27,True,AR
16-05621-000,6/15/2022,0.0,CERT(CERTIFICATE),0.27,True,AR
16-05621-000,1/5/2005,0.0,DC(DEATH CERTIFICATE),0.27,True,AR
16-05621-000,6/7/2000,0.0,WD(WARRANTY DEED),0.27,True,AR
16-05621-000,12/11/1989,73000.0,WD(WARRANTY DEED),0.27,True,AR
16-05621-000,8/15/1983,8000.0,WD(WARRANTY DEED),0.27,True,AR
16-05622-000,4/26/2021,0.0,WD(WARRANTY DEED),0.29,True,AR
16-05622-000,4/26/2021,0.0,CERT(CERTIFICATE),0.29,True,AR
16-05622-000,7/28/2015,155000.0,TRWD(TRUSTEES WARRANTY DEED),0.29,True,AR
16-05622-000,6/5/2014,0.0,TRAG(TRUST AGREEMENT),0.29,True,AR
16-05622-000,6/5/2014,0.0,WD(WARRANTY DEED),0.29,True,AR
16-05622-000,1/6/2004,115000.0,WD(WARRANTY DEED),0.29,True,AR
16-05622-000,11/1/1998,0.0,DC(DEATH CERTIFICATE),0.29,True,AR
16-05622-000,11/16/1982,10000.0,WD(WARRANTY DEED),0.29,True,AR
16-05622-000,5/26/1976,9000.0,WD(WARRANTY DEED),0.29,True,AR
16-05622-000,8/22/1973,6000.0,WD(WARRANTY DEED),0.29,True,AR
16-05623-000,9/1/2022,0.0,QCD(QUITCLAIM DEED),0.31,True,AR
16-05623-000,1/10/2014,0.0,QCD(QUITCLAIM DEED),0.31,True,AR
16-05623-000,10/6/2005,86000.0,WD(WARRANTY DEED),0.31,True,AR
16-05623-000,5/3/2005,0.0,QCD(QUITCLAIM DEED),0.31,True,AR
16-05623-000,7/31/2003,79000.0,WD(WARRANTY DEED),0.31,True,AR
16-05623-000,4/29/1993,60000.0,WD(WARRANTY DEED),0.31,True,AR
16-05623-000,6/30/1986,61000.0,WD(WARRANTY DEED),0.31,True,AR
16-05623-000,8/9/1982,63000.0,WD(WARRANTY DEED),0.31,True,AR
16-05624-000,2/27/2019,104000.0,CORRWD(CORRECTED WARRANTY DEED),0.33,True,AR
16-05624-000,2/27/2019,104000.0,FD(FIDUCIARY DEED),0.33,True,AR
16-05624-000,2/11/2019,0.0,OR(ORDER),0.33,True,AR
16-05624-000,10/21/2011,66500.0,WD(WARRANTY DEED),0.33,True,AR
16-05624-000,3/4/1994,44000.0,WD(WARRANTY DEED),0.33,True,AR
16-05624-000,6/22/1973,34000.0,WD(WARRANTY DEED),0.33,True,AR
16-05625-000,8/16/2024,0.0,WD(WARRANTY DEED),0.29,True,AR
16-05625-000,11/30/1990,47000.0,WD(WARRANTY DEED),0.29,True,AR
16-20785-000,11/26/2019,0.0,RD(REDEMPTION DEED),0.29,False,ID
16-20785-000,2/1/2019,10.0,WD(WARRANTY DEED),0.29,False,ID
16-20785-000,12/31/2018,10.0,WD(WARRANTY DEED),0.29,False,ID
16-20785-000,8/9/2018,10.0,WD(WARRANTY DEED),0.29,False,ID
16-20785-000,6/7/2012,38000.0,SWD(SPECIAL WARRANTY DEED),0.29,False,ID
16-20785-000,5/11/2012,8000.0,WD(WARRANTY DEED),0.29,False,ID
16-20785-000,7/15/2011,0.0,COMMD(COMMISSIONERS DEED),0.29,False,ID
16-20785-000,6/2/2010,0.0,RD(REDEMPTION DEED),0.29,False,ID
16-20785-000,5/3/2006,0.0,CWD(CORPORATION WARRANTY DEED),0.29,False,ID
16-20785-000,5/1/2006,6000.0,WD(WARRANTY DEED),0.29,False,ID
16-20785-000,7/21/1982,6000.0,WD(WARRANTY DEED),0.29,False,ID
