PARCELID,sold_date,sold_price,deed_type,acre_area,has_house,owner_state
16-03336-000,9/9/2020,230000.0,WD(WARRANTY DEED),0.34,True,AR
16-03336-000,12/17/2018,142000.0,WD(WARRANTY DEED),0.34,True,AR
16-03336-000,7/26/1999,73000.0,WD(WARRANTY DEED),0.34,True,AR
16-03336-000,1/7/1982,0.0,DC(DEATH CERTIFICATE),0.34,True,AR
16-03336-000,11/21/1978,86000.0,WD(WARRANTY DEED),0.34,True,AR
16-03337-000,3/5/2025,280000.0,AFF(AFFIDAVIT),0.31,False,AR
16-03337-000,6/30/2021,169000.0,WD(WARRANTY DEED),0.31,False,AR
16-03337-000,5/23/2014,2000.0,WD(WARRANTY DEED),0.31,False,AR
16-03337-000,5/23/2014,0.0,MEMO(MEMORANDUM),0.31,False,AR
16-03337-000,10/5/1997,0.0,DC(DEATH CERTIFICATE),0.31,False,AR
16-03337-000,7/28/1997,0.0,WD(WARRANTY DEED),0.31,False,AR
16-03337-000,12/17/1996,0.0,DC(DEATH CERTIFICATE),0.31,False,AR
16-03337-000,1/29/1981,8000.0,WD(WARRANTY DEED),0.31,False,AR
16-03338-000,3/5/2025,280000.0,AFF(AFFIDAVIT),0.33,True,AR
16-03338-000,6/30/2021,169000.0,WD(WARRANTY DEED),0.33,True,AR
16-03338-000,7/9/2008,0.0,WD(WARRANTY DEED),0.33,True,AR
16-03338-000,4/10/2008,0.0,TRD(TRUSTEES DEED),0.33,True,AR
16-03338-000,2/25/2008,0.0,MTG-D(MORTGAGEE'S DEED),0.33,True,AR
16-03338-000,5/1/2005,0.0,DC(DEATH CERTIFICATE),0.33,True,AR
16-03338-000,11/18/1994,0.0,WD(WARRANTY DEED),0.33,True,AR
16-03338-000,5/1/1992,80000.0,WD(WARRANTY DEED),0.33,True,AR
16-03338-000,7/20/1989,69000.0,WD(WARRANTY DEED),0.33,True,AR
16-03338-000,7/10/1979,69000.0,WD(WARRANTY DEED),0.33,True,AR
16-03339-000,2/4/2021,220000.0,WD(WARRANTY DEED),0.33,True,AR
16-03339-000,7/25/2008,125000.0,WD(WARRANTY DEED),0.33,True,AR
16-03339-000,4/1/2008,0.0,DC(DEATH CERTIFICATE),0.33,True,AR
16-03339-000,10/22/2007,0.0,DEC(DECREE),0.33,True,AR
16-03339-000,9/26/2001,86000.0,WD(WARRANTY DEED),0.33,True,AR
16-03339-000,3/2/2001,0.0,DC(DEATH CERTIFICATE),0.33,True,AR
16-03339-000,6/25/1993,0.0,DC(DEATH CERTIFICATE),0.33,True,AR
16-03339-000,8/30/1990,0.0,WD(WARRANTY DEED),0.33,True,AR
16-03339-000,8/22/1990,0.0,TRAG(TRUST AGREEMENT),0.33,True,AR
16-03339-000,8/1/1986,86000.0,WD(WARRANTY DEED),0.33,True,AR
16-03340-000,11/9/2001,70000.0,WD(WARRANTY DEED),0.31,True,AR
16-03340-000,4/22/1996,70000.0,WD(WARRANTY DEED),0.31,True,AR
16-03340-000,7/27/1992,0.0,WD(WARRANTY DEED),0.31,True,AR
16-03340-000,7/2/1979,64000.0,WD(WARRANTY DEED),0.31,True,AR
16-03341-000,12/5/2022,8000.0,WD(WARRANTY DEED),0.35,False,TX
16-03341-000,10/14/2022,4000.0,WD(WARRANTY DEED),0.35,False,TX
16-03341-000,1/17/2010,0.0,OBIT(OBITUARY),0.35,False,TX
16-03341-000,12/3/2001,0.0,WD(WARRANTY DEED),0.35,False,TX
16-03341-000,7/11/1994,0.0,QCD(QUITCLAIM DEED),0.35,False,TX
16-03341-000,10/26/1981,16000.0,WD(WARRANTY DEED),0.35,False,TX
16-03342-000,12/5/2022,4000.0,WD(WARRANTY DEED),0.35,False,TX
16-03342-000,12/19/2010,0.0,DC(DEATH CERTIFICATE),0.35,False,TX
16-03342-000,10/16/1989,0.0,RD(REDEMPTION DEED),0.35,False,TX
16-03342-000,6/29/1987,9000.0,WD(WARRANTY DEED),0.35,False,TX
16-03342-000,1/4/1979,8000.0,WD(WARRANTY DEED),0.35,False,TX
16-03342-000,12/1/1977,0.0,CONT(CONTRACT),0.35,False,TX
16-03343-000,4/21/2023,235000.0,WD(WARRANTY DEED),0.32,True,AR
16-03343-000,2/8/2023,0.0,TRWD(TRUSTEES WARRANTY DEED),0.32,True,AR
16-03343-000,10/3/2022,0.0,DC(DEATH CERTIFICATE),0.32,True,AR
16-03343-000,11/6/2019,0.0,CERT(CERTIFICATE),0.32,True,AR
16-03343-000,4/28/2014,0.0,CERT(CERTIFICATE),0.32,True,AR
16-03343-000,6/28/2012,0.0,WD(WARRANTY DEED),0.32,True,AR
16-03343-000,6/28/2012,0.0,CERT(CERTIFICATE),0.32,True,AR
16-03343-000,6/28/2012,0.0,FD(FIDUCIARY DEED),0.32,True,AR
16-03343-000,11/1/2005,0.0,DC(DEATH CERTIFICATE),0.32,True,AR
16-03343-000,3/1/2003,0.0,DC(DEATH CERTIFICATE),0.32,True,AR
16-03343-000,1/29/2001,0.0,WD(WARRANTY DEED),0.32,True,AR
16-03343-000,1/29/2001,0.0,CERT(CERTIFICATE),0.32,True,AR
16-03344-000,10/22/2019,244000.0,WD(WARRANTY DEED),0.35,True,AR
16-03344-000,2/2/2018,228000.0,WD(WARRANTY DEED),0.35,True,AR
16-03344-000,4/18/2006,195000.0,WD(WARRANTY DEED),0.35,True,AR
16-03344-000,9/11/1997,137000.0,WD(WARRANTY DEED),0.35,True,AR
16-03344-000,4/21/1997,0.0,DC(DEATH CERTIFICATE),0.35,True,AR
16-03344-000,11/22/1996,0.0,WD(WARRANTY DEED),0.35,True,AR
16-03344-000,9/26/1996,0.0,CERT(CERTIFICATE),0.35,True,AR
16-03344-000,5/31/1979,9000.0,WILL(WILL),0.35,True,AR
16-03345-000,6/21/2017,147000.0,WD(WARRANTY DEED),0.29,True,AR
16-03345-000,9/20/2005,140000.0,WD(WARRANTY DEED),0.29,True,AR
16-03345-000,10/26/2001,99000.0,CWD(CORPORATION WARRANTY DEED),0.29,True,AR
16-03345-000,5/14/2001,0.0,TRD(TRUSTEES DEED),0.29,True,AR
16-03345-000,6/9/2000,95000.0,WD(WARRANTY DEED),0.29,True,AR
16-03345-000,5/11/1993,85000.0,WD(WARRANTY DEED),0.29,True,AR
16-03345-000,2/18/1992,65000.0,WD(WARRANTY DEED),0.29,True,AR
16-03345-000,5/4/1990,0.0,WD(WARRANTY DEED),0.29,True,AR
16-03345-000,6/26/1989,10000.0,WD(WARRANTY DEED),0.29,True,AR
16-03346-000,6/29/1982,0.0,WD(WARRANTY DEED),0.3,False,CA
16-03347-000,10/22/2020,0.0,LWD(LIMITED WARRANTY DEED),0.35,False,MO
16-03347-000,8/28/2009,1451000.0,QCD(QUITCLAIM DEED),0.35,False,MO
16-03347-000,8/21/2009,402000.0,DEED(GRANT DEED),0.35,False,MO
16-03347-000,9/15/2008,0.0,DEED(GRANT DEED),0.35,False,MO
16-03347-000,3/6/2006,500000.0,WD(WARRANTY DEED),0.35,False,MO
16-03347-000,12/16/2005,6000.0,WD(WARRANTY DEED),0.35,False,MO
16-03347-000,8/30/1996,8000.0,WD(WARRANTY DEED),0.35,False,MO
16-03347-000,5/18/1983,0.0,WD(WARRANTY DEED),0.35,False,MO
16-03347-000,9/10/1981,0.0,CONT(CONTRACT),0.35,False,MO
16-03348-000,12/12/2023,263000.0,TRWD(TRUSTEES WARRANTY DEED),0.35,True,AR
16-03348-000,8/18/2010,0.0,DC(DEATH CERTIFICATE),0.35,True,AR
16-03348-000,9/16/1993,0.0,WD(WARRANTY DEED),0.35,True,AR
16-03348-000,8/29/1983,78000.0,WD(WARRANTY DEED),0.35,True,AR
16-03349-000,7/24/2020,185000.0,WD(WARRANTY DEED),0.32,True,AR
16-03349-000,5/24/2017,136000.0,SWD(SPECIAL WARRANTY DEED),0.32,True,AR
16-03349-000,2/8/2017,0.0,SWD(SPECIAL WARRANTY DEED),0.32,True,AR
16-03349-000,1/12/2017,0.0,MTG-D(MORTGAGEE'S DEED),0.32,True,AR
16-03349-000,11/14/2012,120000.0,WD(WARRANTY DEED),0.32,True,AR
16-03349-000,3/24/2010,90000.0,SWD(SPECIAL WARRANTY DEED),0.32,True,AR
16-03349-000,9/14/2009,0.0,SWD(SPECIAL WARRANTY DEED),0.32,True,AR
16-03349-000,9/14/2009,0.0,MTG-D(MORTGAGEE'S DEED),0.32,True,AR
16-03349-000,5/4/2004,134000.0,WD(WARRANTY DEED),0.32,True,AR
16-03349-000,8/16/2000,0.0,QCD(QUITCLAIM DEED),0.32,True,AR
16-03349-000,5/28/1999,0.0,QCD(QUITCLAIM DEED),0.32,True,AR
16-03349-000,8/1/1996,90000.0,WD(WARRANTY DEED),0.32,True,AR
16-03349-000,2/13/1986,110000.0,WD(WARRANTY DEED),0.32,True,AR
16-03349-000,7/10/1984,12000.0,WD(WARRANTY DEED),0.32,True,AR
16-03349-000,6/21/1984,9000.0,WD(WARRANTY DEED),0.32,True,AR
16-03350-000,10/9/2013,144000.0,WD(WARRANTY DEED),0.37,True,AR
16-03350-000,7/8/2005,100000.0,WD(WARRANTY DEED),0.37,True,AR
16-03350-000,7/8/2005,0.0,TRAG(TRUST AGREEMENT),0.37,True,AR
16-03350-000,7/8/2005,0.0,CERT(CERTIFICATE),0.37,True,AR
16-03350-000,5/12/2004,0.0,MEMO(MEMORANDUM),0.37,True,AR
16-03350-000,7/27/2001,113000.0,WD(WARRANTY DEED),0.37,True,AR
16-03350-000,9/8/1999,0.0,DC(DEATH CERTIFICATE),0.37,True,AR
16-03350-000,3/11/1993,0.0,TRAG(TRUST AGREEMENT),0.37,True,AR
16-03350-000,3/11/1993,0.0,TRAG(TRUST AGREEMENT),0.37,True,AR
16-03350-000,3/11/1993,0.0,QCD(QUITCLAIM DEED),0.37,True,AR
16-03350-000,6/30/1980,12000.0,WD(WARRANTY DEED),0.37,True,AR
16-03351-000,9/4/2007,152000.0,WD(WARRANTY DEED),0.33,True,AR
16-03351-000,9/24/2003,0.0,WD(WARRANTY DEED),0.33,True,AR
16-03351-000,8/21/2000,104000.0,WD(WARRANTY DEED),0.33,True,AR
16-03351-000,7/13/1993,0.0,WD(WARRANTY DEED),0.33,True,AR
16-03351-000,7/13/1993,0.0,TRAG(TRUST AGREEMENT),0.33,True,AR
16-03351-000,9/10/1979,77000.0,WD(WARRANTY DEED),0.33,True,AR
16-03352-000,11/1/2021,265000.0,WD(WARRANTY DEED),0.35,True,AR
16-03352-000,6/30/2020,0.0,BD(BENEFICIARY DEED),0.35,True,AR
16-03352-000,6/30/2020,0.0,BD(BENEFICIARY DEED),0.35,True,AR
16-03352-000,8/21/2019,0.0,DC(DEATH CERTIFICATE),0.35,True,AR
16-03352-000,5/17/2018,0.0,BD(BENEFICIARY DEED),0.35,True,AR
16-03352-000,9/22/2015,134000.0,WD(WARRANTY DEED),0.35,True,AR
16-03352-000,3/3/1997,123000.0,WD(WARRANTY DEED),0.35,True,AR
16-03352-000,7/1/1996,4000.0,WD(WARRANTY DEED),0.35,True,AR
16-03352-000,7/1/1996,9000.0,WD(WARRANTY DEED),0.35,True,AR
16-03352-000,6/30/1996,0.0,MEMO(MEMORANDUM),0.35,True,AR
16-03352-000,3/24/1986,0.0,CONT(CONTRACT),0.35,True,AR
16-03352-000,4/22/1981,7000.0,WD(WARRANTY DEED),0.35,True,AR
16-03352-000,12/25/1979,0.0,DC(DEATH CERTIFICATE),0.35,True,AR
16-03353-000,3/13/2015,93000.0,WD(WARRANTY DEED),0.37,True,AR
16-03353-000,9/19/2008,0.0,QCD(QUITCLAIM DEED),0.37,True,AR
16-03353-000,8/26/2005,105000.0,WD(WARRANTY DEED),0.37,True,AR
16-03353-000,11/13/2002,0.0,QCD(QUITCLAIM DEED),0.37,True,AR
16-03353-000,10/16/2002,55000.0,ADMN(ADMINISTRATORS DEED),0.37,True,AR
16-03353-000,11/8/1999,0.0,RD(REDEMPTION DEED),0.37,True,AR
16-03353-000,6/23/1995,0.0,RD(REDEMPTION DEED),0.37,True,AR
16-03353-000,9/29/1988,0.0,QCD(QUITCLAIM DEED),0.37,True,AR
16-03353-000,10/1/1977,0.0,HIST(HISTORICAL),0.37,True,AR
16-03353-000,11/26/1976,7000.0,WD(WARRANTY DEED),0.37,True,AR
16-03354-000,9/25/2023,0.0,WD(WARRANTY DEED),0.34,True,AR
16-03354-000,9/25/2023,0.0,CERT(CERTIFICATE),0.34,True,AR
16-03354-000,3/23/2023,250000.0,WD(WARRANTY DEED),0.34,True,AR
16-03354-000,8/16/2019,0.0,CERT(CERTIFICATE),0.34,True,AR
16-03354-000,5/8/2015,0.0,AFF(AFFIDAVIT),0.34,True,AR
16-03354-000,6/12/2014,0.0,QCD(QUITCLAIM DEED),0.34,True,AR
16-03354-000,8/30/2004,80000.0,WD(WARRANTY DEED),0.34,True,AR
16-03354-000,5/1/2002,46000.0,WD(WARRANTY DEED),0.34,True,AR
16-03354-000,2/7/2002,0.0,COMMD(COMMISSIONERS DEED),0.34,True,AR
16-03354-000,10/11/1999,52000.0,WD(WARRANTY DEED),0.34,True,AR
16-03354-000,10/12/1992,2000.0,WD(WARRANTY DEED),0.34,True,AR
16-03354-000,8/5/1992,0.0,DC(DEATH CERTIFICATE),0.34,True,AR
16-03354-000,2/4/1988,0.0,WD(WARRANTY DEED),0.34,True,AR
16-03354-000,8/23/1974,41000.0,WD(WARRANTY DEED),0.34,True,AR
16-03355-000,5/16/2025,380000.0,WD(WARRANTY DEED),0.34,True,AR
16-03355-000,11/19/2024,200000.0,WD(WARRANTY DEED),0.34,True,AR
16-03355-000,10/17/2003,130000.0,WD(WARRANTY DEED),0.34,True,AR
16-03355-000,7/10/1998,0.0,WD(WARRANTY DEED),0.34,True,AR
16-03355-000,12/30/1982,8000.0,WD(WARRANTY DEED),0.34,True,AR
16-03355-000,12/15/1982,8000.0,WD(WARRANTY DEED),0.34,True,AR
16-03356-000,8/9/2022,0.0,QCD(QUITCLAIM DEED),0.3,True,AR
16-03356-000,8/5/2022,237000.0,WD(WARRANTY DEED),0.3,True,AR
16-03356-000,8/4/2022,0.0,QCD(QUITCLAIM DEED),0.3,True,AR
16-03356-000,9/27/2019,180000.0,WD(WARRANTY DEED),0.3,True,AR
16-03356-000,4/18/2018,140000.0,WD(WARRANTY DEED),0.3,True,AR
16-03356-000,4/22/2011,0.0,SWD(SPECIAL WARRANTY DEED),0.3,True,AR
16-03356-000,3/12/2009,0.0,SWD(SPECIAL WARRANTY DEED),0.3,True,AR
16-03356-000,3/10/2009,0.0,TRD(TRUSTEES DEED),0.3,True,AR
16-03356-000,7/15/1996,80000.0,WD(WARRANTY DEED),0.3,True,AR
16-03356-000,12/29/1993,78000.0,WD(WARRANTY DEED),0.3,True,AR
16-03356-000,9/27/1993,0.0,DC(DEATH CERTIFICATE),0.3,True,AR
16-03356-000,6/17/1993,0.0,DC(DEATH CERTIFICATE),0.3,True,AR
16-03356-000,5/19/1993,0.0,WD(WARRANTY DEED),0.3,True,AR
16-03356-000,5/19/1993,0.0,TRAG(TRUST AGREEMENT),0.3,True,AR
16-03356-000,3/9/1973,39000.0,WD(WARRANTY DEED),0.3,True,AR
16-03357-000,6/12/2012,185000.0,WD(WARRANTY DEED),0.31,False,AR
16-03357-000,6/1/2005,0.0,TRD(TRUSTEES DEED),0.31,False,AR
16-03357-000,3/12/2004,0.0,DC(DEATH CERTIFICATE),0.31,False,AR
16-03357-000,7/24/1998,0.0,QCD(QUITCLAIM DEED),0.31,False,AR
16-03357-000,7/24/1998,0.0,TRAG(TRUST AGREEMENT),0.31,False,AR
16-03357-000,2/18/1982,11000.0,WD(WARRANTY DEED),0.31,False,AR
16-03358-000,6/12/2012,185000.0,WD(WARRANTY DEED),0.34,True,AR
16-03358-000,6/1/2005,0.0,TRD(TRUSTEES DEED),0.34,True,AR
16-03358-000,3/12/2004,0.0,DC(DEATH CERTIFICATE),0.34,True,AR
16-03358-000,7/24/1998,0.0,QCD(QUITCLAIM DEED),0.34,True,AR
16-03358-000,7/24/1998,0.0,TRAG(TRUST AGREEMENT),0.34,True,AR
16-03358-000,1/21/1981,8000.0,WD(WARRANTY DEED),0.34,True,AR
16-03359-000,7/2/2018,185000.0,WD(WARRANTY DEED),0.36,True,AR
16-03359-000,4/18/2011,143000.0,TRD(TRUSTEES DEED),0.36,True,AR
16-03359-000,12/30/2004,0.0,WD(WARRANTY DEED),0.36,True,AR
16-03359-000,9/30/2004,0.0,QCD(QUITCLAIM DEED),0.36,True,AR
16-03359-000,4/15/2002,127000.0,WD(WARRANTY DEED),0.36,True,AR
16-03359-000,6/1/1992,0.0,WD(WARRANTY DEED),0.36,True,AR
16-03359-000,5/20/1992,0.0,TRAG(TRUST AGREEMENT),0.36,True,AR
16-03359-000,5/20/1992,0.0,TRAG(TRUST AGREEMENT),0.36,True,AR
16-03359-000,5/20/1986,91000.0,WD(WARRANTY DEED),0.36,True,AR
16-03359-000,1/8/1985,8000.0,WD(WARRANTY DEED),0.36,True,AR
16-03360-000,2/6/2003,175000.0,WD(WARRANTY DEED),0.37,False,AR
16-03360-000,3/1/1996,8000.0,WD(WARRANTY DEED),0.37,False,AR
16-03360-000,5/25/1993,5000.0,WD(WARRANTY DEED),0.37,False,AR
16-03360-000,2/8/1984,7000.0,WD(WARRANTY DEED),0.37,False,AR
16-03361-000,2/6/2003,175000.0,WD(WARRANTY DEED),0.34,True,AR
16-03361-000,3/28/1995,6000.0,WD(WARRANTY DEED),0.34,True,AR
16-03361-000,10/26/1981,16000.0,WD(WARRANTY DEED),0.34,True,AR
16-03362-000,9/22/2015,0.0,CERT(CERTIFICATE),0.36,False,AR
16-03362-000,12/4/2007,0.0,WD(WARRANTY DEED),0.36,False,AR
16-03362-000,12/4/2007,0.0,CERT(CERTIFICATE),0.36,False,AR
16-03362-000,11/10/1998,5000.0,WD(WARRANTY DEED),0.36,False,AR
16-03362-000,10/9/1998,0.0,RD(REDEMPTION DEED),0.36,False,AR
16-03362-000,9/30/1998,0.0,RD(REDEMPTION DEED),0.36,False,AR
16-03362-000,5/3/1983,8000.0,WD(WARRANTY DEED),0.36,False,AR
16-03363-000,9/22/2015,0.0,CERT(CERTIFICATE),0.35,True,AR
16-03363-000,12/4/2007,0.0,WD(WARRANTY DEED),0.35,True,AR
16-03363-000,12/4/2007,0.0,CERT(CERTIFICATE),0.35,True,AR
16-03363-000,12/30/1985,0.0,DC(DEATH CERTIFICATE),0.35,True,AR
16-03363-000,9/29/1982,1000.0,WD(WARRANTY DEED),0.35,True,AR
16-03363-000,5/6/1981,10000.0,WD(WARRANTY DEED),0.35,True,AR
16-03363-000,6/2/1980,9000.0,WD(WARRANTY DEED),0.35,True,AR
16-03364-000,5/27/2025,379960.0,WD(WARRANTY DEED),0.35,True,AR
16-03364-000,9/9/2016,152000.0,WD(WARRANTY DEED),0.35,True,AR
16-03364-000,3/2/2007,142000.0,WD(WARRANTY DEED),0.35,True,AR
16-03364-000,10/29/2006,0.0,DC(DEATH CERTIFICATE),0.35,True,AR
16-03364-000,9/14/1998,121000.0,WD(WARRANTY DEED),0.35,True,AR
16-03364-000,5/5/1997,115000.0,WD(WARRANTY DEED),0.35,True,AR
16-03364-000,1/8/1993,0.0,WD(WARRANTY DEED),0.35,True,AR
16-03364-000,8/1/1986,0.0,WD(WARRANTY DEED),0.35,True,AR
16-03364-000,6/14/1986,0.0,DC(DEATH CERTIFICATE),0.35,True,AR
16-03364-000,8/21/1979,10000.0,WD(WARRANTY DEED),0.35,True,AR
16-03365-000,10/8/2020,200000.0,WD(WARRANTY DEED),0.33,True,AR
16-03365-000,2/21/2017,160000.0,WD(WARRANTY DEED),0.33,True,AR
16-03365-000,5/10/2016,0.0,CERT(CERTIFICATE),0.33,True,AR
16-03365-000,1/26/2015,0.0,DC(DEATH CERTIFICATE),0.33,True,AR
16-03365-000,9/15/2014,0.0,WD(WARRANTY DEED),0.33,True,AR
16-03365-000,10/28/1993,0.0,WD(WARRANTY DEED),0.33,True,AR
16-03365-000,10/30/1992,0.0,WD(WARRANTY DEED),0.33,True,AR
16-03365-000,9/17/1992,0.0,TRAG(TRUST AGREEMENT),0.33,True,AR
16-03365-000,10/25/1982,119000.0,WD(WARRANTY DEED),0.33,True,AR
16-03366-000,5/26/2011,95000.0,WD(WARRANTY DEED),0.31,True,AR
16-03366-000,5/26/2011,0.0,WD(WARRANTY DEED),0.31,True,AR
16-03366-000,11/2/2010,0.0,DC(DEATH CERTIFICATE),0.31,True,AR
16-03366-000,10/6/2010,0.0,TRD(TRUSTEES DEED),0.31,True,AR
16-03366-000,10/19/1995,0.0,WD(WARRANTY DEED),0.31,True,AR
16-03366-000,10/16/1995,0.0,TRAG(TRUST AGREEMENT),0.31,True,AR
16-03366-000,1/28/1995,0.0,DC(DEATH CERTIFICATE),0.31,True,AR
16-03366-000,2/11/1983,108000.0,WD(WARRANTY DEED),0.31,True,AR
16-03367-000,9/23/2022,322000.0,TRWD(TRUSTEES WARRANTY DEED),0.38,True,AR
16-03367-000,5/10/2019,0.0,QCD(QUITCLAIM DEED),0.38,True,AR
16-03367-000,5/10/2019,0.0,CERT(CERTIFICATE),0.38,True,AR
16-03367-000,7/21/2015,138000.0,WD(WARRANTY DEED),0.38,True,AR
16-03367-000,6/3/2014,0.0,CERT(CERTIFICATE),0.38,True,AR
16-03367-000,3/4/2014,122000.0,WD(WARRANTY DEED),0.38,True,AR
16-03367-000,1/24/2012,0.0,CORRWD(CORRECTED WARRANTY DEED),0.38,True,AR
16-03367-000,6/26/2006,0.0,WD(WARRANTY DEED),0.38,True,AR
16-03367-000,6/22/2006,0.0,CERT(CERTIFICATE),0.38,True,AR
16-03367-000,6/22/2006,0.0,CERT(CERTIFICATE),0.38,True,AR
16-03367-000,12/15/2004,145000.0,WD(WARRANTY DEED),0.38,True,AR
16-03367-000,5/12/1995,0.0,WD(WARRANTY DEED),0.38,True,AR
16-03367-000,5/10/1995,0.0,CERT(CERTIFICATE),0.38,True,AR
16-03367-000,10/28/1986,14000.0,WD(WARRANTY DEED),0.38,True,AR
16-03367-000,2/16/1983,8000.0,WD(WARRANTY DEED),0.38,True,AR
16-03368-000,8/31/2021,170000.0,WD(WARRANTY DEED),0.37,True,TX
16-03368-000,4/17/2020,130000.0,WD(WARRANTY DEED),0.37,True,TX
16-03368-000,5/11/2000,63000.0,CWD(CORPORATION WARRANTY DEED),0.37,True,TX
16-03368-000,2/2/1999,0.0,TRD(TRUSTEES DEED),0.37,True,TX
16-03368-000,5/1/1998,70000.0,WD(WARRANTY DEED),0.37,True,TX
16-03368-000,2/19/1996,0.0,DC(DEATH CERTIFICATE),0.37,True,TX
16-03368-000,2/4/1993,0.0,WD(WARRANTY DEED),0.37,True,TX
16-03368-000,2/2/1993,0.0,TRAG(TRUST AGREEMENT),0.37,True,TX
16-03368-000,11/18/1988,57000.0,WD(WARRANTY DEED),0.37,True,TX
16-03368-000,3/27/1987,50000.0,WD(WARRANTY DEED),0.37,True,TX
16-03368-000,1/3/1977,48000.0,WD(WARRANTY DEED),0.37,True,TX
16-03369-000,3/20/2014,0.0,DC(DEATH CERTIFICATE),0.32,True,AR
16-03369-000,9/29/1994,135000.0,WD(WARRANTY DEED),0.32,True,AR
16-03369-000,5/27/1992,125000.0,WD(WARRANTY DEED),0.32,True,AR
16-03369-000,8/11/1988,125000.0,WD(WARRANTY DEED),0.32,True,AR
16-03369-000,7/15/1987,90000.0,WD(WARRANTY DEED),0.32,True,AR
16-03369-000,7/21/1986,9000.0,WD(WARRANTY DEED),0.32,True,AR
16-03369-000,5/21/1982,9000.0,WD(WARRANTY DEED),0.32,True,AR
16-03370-000,5/26/2021,362000.0,WD(WARRANTY DEED),0.33,True,AR
16-03370-000,10/1/2019,0.0,QCD(QUITCLAIM DEED),0.33,True,AR
16-03370-000,12/14/2017,240000.0,WD(WARRANTY DEED),0.33,True,AR
16-03370-000,8/1/2014,219000.0,WD(WARRANTY DEED),0.33,True,AR
16-03370-000,5/22/2012,0.0,QCD(QUITCLAIM DEED),0.33,True,AR
16-03370-000,5/4/2004,149000.0,WD(WARRANTY DEED),0.33,True,AR
16-03370-000,12/22/2000,134000.0,WD(WARRANTY DEED),0.33,True,AR
16-03370-000,12/22/2000,0.0,EXD(EXECUTOR-EXECUTRIX DEED),0.33,True,AR
16-03370-000,4/6/2000,0.0,QCD(QUITCLAIM DEED),0.33,True,AR
16-03370-000,8/25/1999,0.0,QCD(QUITCLAIM DEED),0.33,True,AR
16-03370-000,7/11/1997,0.0,QCD(QUITCLAIM DEED),0.33,True,AR
16-03370-000,7/26/1983,94000.0,WD(WARRANTY DEED),0.33,True,AR
16-03370-000,1/1/1800,0.0,DC(DEATH CERTIFICATE),0.33,True,AR
16-03371-000,5/26/2021,362000.0,WD(WARRANTY DEED),0.33,True,AR
16-03371-000,10/1/2019,0.0,QCD(QUITCLAIM DEED),0.33,True,AR
16-03371-000,12/14/2017,240000.0,WD(WARRANTY DEED),0.33,True,AR
16-03371-000,8/1/2014,219000.0,WD(WARRANTY DEED),0.33,True,AR
16-03371-000,8/7/2006,0.0,RD(REDEMPTION DEED),0.33,True,AR
16-03371-000,10/5/2005,2000.0,WD(WARRANTY DEED),0.33,True,AR
16-03371-000,10/10/1995,0.0,RD(REDEMPTION DEED),0.33,True,AR
16-03371-000,1/21/1985,9500.0,WD(WARRANTY DEED),0.33,True,AR
16-03371-000,7/14/1975,0.0,HIST(HISTORICAL),0.33,True,AR
16-03372-000,12/20/2013,176000.0,WD(WARRANTY DEED),0.33,True,AR
16-03372-000,4/6/2005,159000.0,WD(WARRANTY DEED),0.33,True,AR
16-03372-000,7/3/1997,137000.0,WD(WARRANTY DEED),0.33,True,AR
16-03372-000,12/20/1991,89000.0,WD(WARRANTY DEED),0.33,True,AR
16-03372-000,6/12/1978,80000.0,WD(WARRANTY DEED),0.33,True,AR
16-03373-000,6/19/2009,187000.0,WD(WARRANTY DEED),0.33,True,AR
16-03373-000,4/8/2009,0.0,DC(DEATH CERTIFICATE),0.33,True,AR
16-03373-000,3/30/2009,0.0,CERT(CERTIFICATE),0.33,True,AR
16-03373-000,3/30/2009,0.0,CERT(CERTIFICATE),0.33,True,AR
16-03373-000,12/15/1997,0.0,TRAG(TRUST AGREEMENT),0.33,True,AR
16-03373-000,11/30/1993,0.0,WD(WARRANTY DEED),0.33,True,AR
16-03373-000,11/29/1977,9000.0,WD(WARRANTY DEED),0.33,True,AR
16-03374-000,9/24/2020,186000.0,WD(WARRANTY DEED),0.33,True,AR
16-03374-000,12/21/2016,157000.0,WD(WARRANTY DEED),0.33,True,AR
16-03374-000,12/19/2016,0.0,QCD(QUITCLAIM DEED),0.33,True,AR
16-03374-000,4/18/2014,0.0,QCD(QUITCLAIM DEED),0.33,True,AR
16-03374-000,7/9/2012,85000.0,TRD(TRUSTEES DEED),0.33,True,AR
16-03374-000,5/19/2012,0.0,DC(DEATH CERTIFICATE),0.33,True,AR
16-03374-000,3/26/1991,0.0,QCD(QUITCLAIM DEED),0.33,True,AR
16-03374-000,11/2/1981,108000.0,WD(WARRANTY DEED),0.33,True,AR
16-03375-000,11/21/2014,84000.0,WD(WARRANTY DEED),0.37,True,AR
16-03375-000,5/27/2002,0.0,DC(DEATH CERTIFICATE),0.37,True,AR
16-03375-000,9/13/1999,0.0,AFF(AFFIDAVIT),0.37,True,AR
16-03375-000,7/2/1999,0.0,MEMO(MEMORANDUM),0.37,True,AR
16-03375-000,7/2/1999,0.0,WD(WARRANTY DEED),0.37,True,AR
16-03375-000,10/11/1979,0.0,CORRWD(CORRECTED WARRANTY DEED),0.37,True,AR
16-03375-000,9/21/1979,80000.0,WD(WARRANTY DEED),0.37,True,AR
16-03376-000,5/1/2017,135000.0,WD(WARRANTY DEED),0.29,True,AR
16-03376-000,5/1/2017,0.0,CORRQC(CORRECTED QUIT CLAIM DEED),0.29,True,AR
16-03376-000,1/21/2017,0.0,QCD(QUITCLAIM DEED),0.29,True,AR
16-03376-000,1/21/2017,0.0,CERT(CERTIFICATE),0.29,True,AR
16-03376-000,4/27/2007,129000.0,WD(WARRANTY DEED),0.29,True,AR
16-03376-000,11/19/2001,108000.0,WD(WARRANTY DEED),0.29,True,AR
16-03376-000,8/11/1992,0.0,WD(WARRANTY DEED),0.29,True,AR
16-03376-000,8/11/1992,0.0,CERT(CERTIFICATE),0.29,True,AR
16-03376-000,6/11/1983,70000.0,WD(WARRANTY DEED),0.29,True,AR
16-03377-000,10/11/2004,0.0,QCD(QUITCLAIM DEED),0.29,True,AR
16-03377-000,6/23/2001,0.0,ML(MARRIAGE LICENSE),0.29,True,AR
16-03377-000,5/24/2000,103000.0,WD(WARRANTY DEED),0.29,True,AR
16-03377-000,8/24/1990,92000.0,WD(WARRANTY DEED),0.29,True,AR
16-03377-000,8/9/1988,0.0,DC(DEATH CERTIFICATE),0.29,True,AR
16-03377-000,12/27/1983,9000.0,WD(WARRANTY DEED),0.29,True,AR
16-03378-000,6/1/2023,7100.0,WD(WARRANTY DEED),0.3,False,AR
16-03378-000,1/15/2021,0.0,OR(ORDER),0.3,False,AR
16-03378-000,8/14/2020,0.0,LWD(LIMITED WARRANTY DEED),0.3,False,AR
16-03378-000,8/28/2009,1451000.0,QCD(QUITCLAIM DEED),0.3,False,AR
16-03378-000,8/21/2009,402000.0,DEED(GRANT DEED),0.3,False,AR
16-03378-000,9/15/2008,0.0,DEED(GRANT DEED),0.3,False,AR
16-03378-000,5/18/2005,1000.0,WD(WARRANTY DEED),0.3,False,AR
16-03378-000,4/14/2000,0.0,WD(WARRANTY DEED),0.3,False,AR
16-03378-000,12/17/1996,11000.0,WD(WARRANTY DEED),0.3,False,AR
16-03378-000,11/30/1981,0.0,CONT(CONTRACT),0.3,False,AR
16-03378-000,5/3/1978,8000.0,WD(WARRANTY DEED),0.3,False,AR
16-03379-000,4/18/2020,0.0,EXD(EXECUTOR-EXECUTRIX DEED),0.34,False,KS
16-03379-000,4/12/2017,0.0,OTHER(OTHER DOCUMENT),0.34,False,KS
16-03379-000,7/18/1985,0.0,OTHER(OTHER DOCUMENT),0.34,False,KS
16-03379-000,12/21/1982,8000.0,WD(WARRANTY DEED),0.34,False,KS
16-03380-000,6/1/2023,8000.0,WD(WARRANTY DEED),0.26,False,AR
16-03380-000,1/15/2021,0.0,OR(ORDER),0.26,False,AR
16-03380-000,9/1/2020,0.0,LWD(LIMITED WARRANTY DEED),0.26,False,AR
16-03380-000,8/28/2009,1451000.0,QCD(QUITCLAIM DEED),0.26,False,AR
16-03380-000,8/21/2009,402000.0,DEED(GRANT DEED),0.26,False,AR
16-03380-000,9/15/2008,0.0,DEED(GRANT DEED),0.26,False,AR
16-03380-000,2/27/2006,414000.0,WD(WARRANTY DEED),0.26,False,AR
16-03380-000,1/4/2006,6000.0,WD(WARRANTY DEED),0.26,False,AR
16-03380-000,11/15/1995,0.0,QCD(QUITCLAIM DEED),0.26,False,AR
16-03380-000,11/15/1995,0.0,MEMO(MEMORANDUM),0.26,False,AR
16-03380-000,9/17/1985,0.0,WD(WARRANTY DEED),0.26,False,AR
16-03381-000,6/2/2023,335000.0,TRWD(TRUSTEES WARRANTY DEED),0.27,True,AR
16-03381-000,6/2/2023,0.0,CERT(CERTIFICATE),0.27,True,AR
16-03381-000,10/26/2019,0.0,DC(DEATH CERTIFICATE),0.27,True,AR
16-03381-000,9/17/1999,0.0,QCD(QUITCLAIM DEED),0.27,True,AR
16-03381-000,10/4/1994,147000.0,WD(WARRANTY DEED),0.27,True,AR
16-03381-000,11/16/1985,0.0,WD(WARRANTY DEED),0.27,True,AR
16-03381-000,1/22/1985,7300.0,WD(WARRANTY DEED),0.27,True,AR
16-03382-000,3/24/2025,0.0,BD(BENEFICIARY DEED),0.33,True,AR
16-03382-000,7/12/2017,176000.0,WD(WARRANTY DEED),0.33,True,AR
16-03382-000,4/30/2014,126000.0,WD(WARRANTY DEED),0.33,True,AR
16-03382-000,3/8/2012,123000.0,TRD(TRUSTEES DEED),0.33,True,AR
16-03382-000,3/8/2012,0.0,CERT(CERTIFICATE),0.33,True,AR
16-03382-000,9/8/2010,0.0,DC(DEATH CERTIFICATE),0.33,True,AR
16-03382-000,3/18/2004,0.0,WD(WARRANTY DEED),0.33,True,AR
16-03382-000,2/4/2004,0.0,CERT(CERTIFICATE),0.33,True,AR
16-03382-000,9/13/1990,0.0,WD(WARRANTY DEED),0.33,True,AR
16-03382-000,10/5/1988,100000.0,WD(WARRANTY DEED),0.33,True,AR
16-03382-000,11/13/1986,10000.0,WD(WARRANTY DEED),0.33,True,AR
16-03382-000,11/13/1986,8000.0,WD(WARRANTY DEED),0.33,True,AR
16-03382-000,5/27/1977,9000.0,WD(WARRANTY DEED),0.33,True,AR
16-03382-000,5/6/1977,0.0,CONT(CONTRACT),0.33,True,AR
16-03383-000,8/5/2016,195000.0,WD(WARRANTY DEED),0.26,True,AR
16-03383-000,6/17/2005,0.0,AFF(AFFIDAVIT),0.26,True,AR
16-03383-000,6/17/2005,165000.0,WD(WARRANTY DEED),0.26,True,AR
16-03383-000,3/11/2004,0.0,CERT(CERTIFICATE),0.26,True,AR
16-03383-000,5/3/1991,0.0,WD(WARRANTY DEED),0.26,True,AR
16-03383-000,5/3/1991,0.0,CERT(CERTIFICATE),0.26,True,AR
16-03383-000,2/22/1983,0.0,WD(WARRANTY DEED),0.26,True,AR
16-03384-000,3/22/2024,0.0,QCD(QUITCLAIM DEED),0.31,True,AR
16-03384-000,3/22/2024,0.0,CERT(CERTIFICATE),0.31,True,AR
16-03384-000,9/16/2013,92000.0,TRD(TRUSTEES DEED),0.31,True,AR
16-03384-000,4/9/2010,0.0,WD(WARRANTY DEED),0.31,True,AR
16-03384-000,11/16/2009,0.0,SWD(SPECIAL WARRANTY DEED),0.31,True,AR
16-03384-000,10/21/2009,0.0,AFF(AFFIDAVIT),0.31,True,AR
16-03384-000,3/31/2009,0.0,TRD(TRUSTEES DEED),0.31,True,AR
16-03384-000,3/26/2009,0.0,WD(WARRANTY DEED),0.31,True,AR
16-03384-000,2/19/2004,105000.0,WD(WARRANTY DEED),0.31,True,AR
16-03384-000,12/6/2000,91000.0,WD(WARRANTY DEED),0.31,True,AR
16-03384-000,9/16/1994,0.0,AMEND(AMENDMENT),0.31,True,AR
16-03384-000,7/19/1989,0.0,WD(WARRANTY DEED),0.31,True,AR
16-03384-000,4/13/1981,92000.0,WD(WARRANTY DEED),0.31,True,AR
16-03385-000,7/11/2020,0.0,OTHER(OTHER DOCUMENT),0.31,True,AR
16-03385-000,12/16/1997,112000.0,WD(WARRANTY DEED),0.31,True,AR
16-03385-000,7/15/1981,9000.0,WD(WARRANTY DEED),0.31,True,AR
16-03386-000,10/2/2023,0.0,WD(WARRANTY DEED),0.3,True,AR
16-03386-000,11/30/2022,355000.0,WD(WARRANTY DEED),0.3,True,AR
16-03386-000,8/3/2022,300000.0,WD(WARRANTY DEED),0.3,True,AR
16-03386-000,1/27/2011,0.0,WD(WARRANTY DEED),0.3,True,AR
16-03386-000,10/31/2010,0.0,DC(DEATH CERTIFICATE),0.3,True,AR
16-03386-000,7/16/2010,155000.0,TRWD(TRUSTEES WARRANTY DEED),0.3,True,AR
16-03386-000,7/16/2010,0.0,CERT(CERTIFICATE),0.3,True,AR
16-03386-000,1/13/2009,0.0,DC(DEATH CERTIFICATE),0.3,True,AR
16-03386-000,4/29/1998,0.0,QCD(QUITCLAIM DEED),0.3,True,AR
16-03386-000,4/28/1998,0.0,TRAG(TRUST AGREEMENT),0.3,True,AR
16-03386-000,11/1/1991,155000.0,WD(WARRANTY DEED),0.3,True,AR
16-03386-000,4/12/1984,18000.0,WD(WARRANTY DEED),0.3,True,AR
16-03386-000,4/12/1984,0.0,CONT(CONTRACT),0.3,True,AR
16-03387-000,2/7/2022,0.0,CERT(CERTIFICATE),0.28,True,AR
16-03387-000,10/3/2014,139000.0,WD(WARRANTY DEED),0.28,True,AR
16-03387-000,10/21/2010,0.0,CERT(CERTIFICATE),0.28,True,AR
16-03387-000,5/1/2009,135000.0,WD(WARRANTY DEED),0.28,True,AR
16-03387-000,11/10/1997,0.0,DC(DEATH CERTIFICATE),0.28,True,AR
16-03387-000,5/16/1997,0.0,WD(WARRANTY DEED),0.28,True,AR
16-03387-000,5/13/1997,0.0,CERT(CERTIFICATE),0.28,True,AR
16-03387-000,1/27/1984,99000.0,WD(WARRANTY DEED),0.28,True,AR
16-03388-000,2/7/2022,0.0,WD(WARRANTY DEED),0.27,True,AR
16-03388-000,2/7/2022,0.0,CERT(CERTIFICATE),0.27,True,AR
16-03388-000,7/29/2013,138000.0,WD(WARRANTY DEED),0.27,True,AR
16-03388-000,9/22/2011,0.0,BD(BENEFICIARY DEED),0.27,True,AR
16-03388-000,7/11/2011,0.0,CERT(CERTIFICATE),0.27,True,AR
16-03388-000,8/27/2010,137000.0,WD(WARRANTY DEED),0.27,True,AR
16-03388-000,8/27/2010,0.0,CERT(CERTIFICATE),0.27,True,AR
16-03388-000,10/26/1999,0.0,WD(WARRANTY DEED),0.27,True,AR
16-03388-000,10/26/1999,0.0,TRAG(TRUST AGREEMENT),0.27,True,AR
16-03388-000,1/31/1992,114000.0,WD(WARRANTY DEED),0.27,True,AR
16-03388-000,10/31/1990,113000.0,WD(WARRANTY DEED),0.27,True,AR
16-03388-000,4/11/1990,90000.0,WD(WARRANTY DEED),0.27,True,AR
16-03388-000,6/1/1989,12000.0,WD(WARRANTY DEED),0.27,True,AR
16-03389-000,12/23/2009,67000.0,SWD(SPECIAL WARRANTY DEED),0.31,True,MO
16-03389-000,10/14/2009,0.0,MTG-D(MORTGAGEE'S DEED),0.31,True,MO
16-03389-000,10/5/2005,132000.0,WD(WARRANTY DEED),0.31,True,MO
16-03389-000,7/2/2003,0.0,CORRWD(CORRECTED WARRANTY DEED),0.31,True,MO
16-03389-000,6/20/2002,0.0,WD(WARRANTY DEED),0.31,True,MO
16-03389-000,9/20/1995,85000.0,WD(WARRANTY DEED),0.31,True,MO
16-03389-000,5/25/1995,68000.0,WD(WARRANTY DEED),0.31,True,MO
16-03389-000,12/27/1994,0.0,RD(REDEMPTION DEED),0.31,True,MO
16-03389-000,5/12/1992,0.0,QCD(QUITCLAIM DEED),0.31,True,MO
16-03389-000,8/26/1977,8000.0,WD(WARRANTY DEED),0.31,True,MO
16-03390-000,6/16/2020,178000.0,WD(WARRANTY DEED),0.32,True,AR
16-03390-000,5/29/2015,125000.0,WD(WARRANTY DEED),0.32,True,AR
16-03390-000,12/29/1999,105000.0,WD(WARRANTY DEED),0.32,True,AR
16-03390-000,8/17/1995,129000.0,WD(WARRANTY DEED),0.32,True,AR
16-03390-000,6/19/1995,0.0,POA(POWER OF ATTORNEY),0.32,True,AR
16-03390-000,6/15/1993,107000.0,WD(WARRANTY DEED),0.32,True,AR
16-03390-000,4/20/1989,75000.0,WD(WARRANTY DEED),0.32,True,AR
16-03390-000,4/25/1985,0.0,QCD(QUITCLAIM DEED),0.32,True,AR
16-03390-000,2/21/1985,0.0,HIST(HISTORICAL),0.32,True,AR
16-03390-000,12/4/1981,102000.0,WD(WARRANTY DEED),0.32,True,AR
16-03391-000,11/18/2022,260000.0,WD(WARRANTY DEED),0.32,True,AR
16-03391-000,11/15/2017,0.0,WD(WARRANTY DEED),0.32,True,AR
16-03391-000,9/13/2017,0.0,WD(WARRANTY DEED),0.32,True,AR
16-03391-000,5/27/2003,106000.0,WD(WARRANTY DEED),0.32,True,AR
16-03391-000,5/19/1998,0.0,AMEND(AMENDMENT),0.32,True,AR
16-03391-000,5/19/1998,0.0,AMEND(AMENDMENT),0.32,True,AR
16-03391-000,11/15/1995,0.0,AMEND(AMENDMENT),0.32,True,AR
16-03391-000,10/9/1990,0.0,MEMO(MEMORANDUM),0.32,True,AR
16-03391-000,10/9/1990,0.0,WD(WARRANTY DEED),0.32,True,AR
16-03391-000,10/1/1990,0.0,MEMO(MEMORANDUM),0.32,True,AR
16-03391-000,6/16/1987,82000.0,WD(WARRANTY DEED),0.32,True,AR
16-03391-000,11/16/1981,0.0,CONT(CONTRACT),0.32,True,AR
16-03391-000,7/20/1978,6000.0,WD(WARRANTY DEED),0.32,True,AR
16-03392-000,1/8/1999,130000.0,WD(WARRANTY DEED),0.32,True,AR
16-03392-000,2/28/1996,0.0,WD(WARRANTY DEED),0.32,True,AR
16-03392-000,2/23/1996,0.0,TRAG(TRUST AGREEMENT),0.32,True,AR
16-03392-000,10/31/1991,0.0,WD(WARRANTY DEED),0.32,True,AR
16-03392-000,10/23/1978,13000.0,WD(WARRANTY DEED),0.32,True,AR
16-03393-000,8/27/2020,0.0,WD(WARRANTY DEED),0.28,True,AR
16-03393-000,8/27/2020,0.0,CERT(CERTIFICATE),0.28,True,AR
16-03393-000,9/1/2015,137000.0,WD(WARRANTY DEED),0.28,True,AR
16-03393-000,2/25/2014,0.0,SWD(SPECIAL WARRANTY DEED),0.28,True,AR
16-03393-000,12/21/2012,0.0,MTG-D(MORTGAGEE'S DEED),0.28,True,AR
16-03393-000,1/12/2012,0.0,DC(DEATH CERTIFICATE),0.28,True,AR
16-03393-000,12/18/2007,0.0,ML(MARRIAGE LICENSE),0.28,True,AR
16-03393-000,4/19/2005,150000.0,WD(WARRANTY DEED),0.28,True,AR
16-03393-000,12/1/2004,130000.0,WD(WARRANTY DEED),0.28,True,AR
16-03393-000,2/3/2004,135600.0,MTG-D(MORTGAGEE'S DEED),0.28,True,AR
16-03393-000,9/20/1995,188000.0,CWD(CORPORATION WARRANTY DEED),0.28,True,AR
16-03393-000,12/13/1994,0.0,WD(WARRANTY DEED),0.28,True,AR
16-03393-000,11/14/1994,11000.0,WD(WARRANTY DEED),0.28,True,AR
16-03393-000,1/19/1984,8000.0,WD(WARRANTY DEED),0.28,True,AR
16-03394-000,11/23/2015,126000.0,WD(WARRANTY DEED),0.35,True,AR
16-03394-000,4/12/2010,122000.0,WD(WARRANTY DEED),0.35,True,AR
16-03394-000,4/12/2010,0.0,WD(WARRANTY DEED),0.35,True,AR
16-03394-000,8/21/2009,81000.0,SWD(SPECIAL WARRANTY DEED),0.35,True,AR
16-03394-000,11/5/2008,0.0,MTG-D(MORTGAGEE'S DEED),0.35,True,AR
16-03394-000,7/20/2006,132000.0,WD(WARRANTY DEED),0.35,True,AR
16-03394-000,9/23/2003,0.0,WD(WARRANTY DEED),0.35,True,AR
16-03394-000,7/16/2002,0.0,WD(WARRANTY DEED),0.35,True,AR
16-03394-000,6/5/2002,108000.0,WD(WARRANTY DEED),0.35,True,AR
16-03394-000,11/1/2001,115000.0,WD(WARRANTY DEED),0.35,True,AR
16-03394-000,12/2/1999,0.0,CERT(CERTIFICATE),0.35,True,AR
16-03394-000,4/27/1994,121000.0,WD(WARRANTY DEED),0.35,True,AR
16-03394-000,5/15/1990,8000.0,WD(WARRANTY DEED),0.35,True,AR
16-03395-000,7/6/2017,0.0,BD(BENEFICIARY DEED),0.29,True,AR
16-03395-000,7/6/2017,0.0,TRD(TRUSTEES DEED),0.29,True,AR
16-03395-000,3/3/2017,0.0,MEMO(MEMORANDUM),0.29,True,AR
16-03395-000,3/3/2017,0.0,SWD(SPECIAL WARRANTY DEED),0.29,True,AR
16-03395-000,7/13/2011,0.0,SWD(SPECIAL WARRANTY DEED),0.29,True,AR
16-03395-000,4/22/2011,0.0,SWD(SPECIAL WARRANTY DEED),0.29,True,AR
16-03395-000,3/30/2011,0.0,WD(WARRANTY DEED),0.29,True,AR
16-03395-000,3/30/2011,0.0,AFF(AFFIDAVIT),0.29,True,AR
16-03395-000,5/22/2009,132000.0,WD(WARRANTY DEED),0.29,True,AR
16-03395-000,8/1/2000,128000.0,WD(WARRANTY DEED),0.29,True,AR
16-03395-000,6/16/1998,124000.0,WD(WARRANTY DEED),0.29,True,AR
16-03395-000,3/19/1997,0.0,WD(WARRANTY DEED),0.29,True,AR
16-03395-000,9/30/1985,118000.0,WD(WARRANTY DEED),0.29,True,AR
16-03395-000,11/1/1982,113000.0,WD(WARRANTY DEED),0.29,True,AR
16-03396-000,9/19/2017,0.0,QCD(QUITCLAIM DEED),0.29,True,AR
16-03396-000,3/31/2009,119000.0,WD(WARRANTY DEED),0.29,True,AR
16-03396-000,2/10/2009,0.0,COMMD(COMMISSIONERS DEED),0.29,True,AR
16-03396-000,1/26/2007,153000.0,WD(WARRANTY DEED),0.29,True,AR
16-03396-000,5/11/2005,145000.0,WD(WARRANTY DEED),0.29,True,AR
16-03396-000,10/13/2003,0.0,RD(REDEMPTION DEED),0.29,True,AR
16-03396-000,9/26/2003,120000.0,WD(WARRANTY DEED),0.29,True,AR
16-03396-000,7/1/1996,110000.0,WD(WARRANTY DEED),0.29,True,AR
16-03396-000,3/13/1996,0.0,QCD(QUITCLAIM DEED),0.29,True,AR
16-03396-000,9/11/1978,75000.0,WD(WARRANTY DEED),0.29,True,AR
16-03397-000,5/31/2024,45000.0,WD(WARRANTY DEED),0.29,False,AR
16-03397-000,8/6/2014,1000.0,SWD(SPECIAL WARRANTY DEED),0.29,False,AR
16-03397-000,4/4/2013,0.0,TRD(TRUSTEES DEED),0.29,False,AR
16-03397-000,12/30/2010,0.0,TRD(TRUSTEES DEED),0.29,False,AR
16-03397-000,11/27/2009,0.0,WD(WARRANTY DEED),0.29,False,AR
16-03397-000,1/9/1984,8000.0,WD(WARRANTY DEED),0.29,False,AR
16-03398-000,10/8/2021,0.0,QCD(QUITCLAIM DEED),0.31,True,AR
16-03398-000,2/28/2020,186000.0,WD(WARRANTY DEED),0.31,True,AR
16-03398-000,8/1/2017,190000.0,WD(WARRANTY DEED),0.31,True,AR
16-03398-000,12/8/2004,173000.0,WD(WARRANTY DEED),0.31,True,AR
16-03398-000,3/22/2004,146000.0,WD(WARRANTY DEED),0.31,True,AR
16-03398-000,7/2/2003,0.0,WD(WARRANTY DEED),0.31,True,AR
16-03398-000,7/19/1999,136000.0,WD(WARRANTY DEED),0.31,True,AR
16-03398-000,6/26/1997,0.0,DC(DEATH CERTIFICATE),0.31,True,AR
16-03398-000,2/28/1994,0.0,QCD(QUITCLAIM DEED),0.31,True,AR
16-03398-000,8/4/1981,9000.0,WD(WARRANTY DEED),0.31,True,AR
16-03399-000,1/14/2019,0.0,ML(MARRIAGE LICENSE),0.32,False,AR
16-03399-000,8/31/2015,345000.0,WD(WARRANTY DEED),0.32,False,AR
16-03399-000,3/7/2014,5000.0,WD(WARRANTY DEED),0.32,False,AR
16-03399-000,1/3/2012,0.0,WD(WARRANTY DEED),0.32,False,AR
16-03399-000,10/10/2009,0.0,QCD(QUITCLAIM DEED),0.32,False,AR
16-03399-000,5/20/2009,0.0,QCD(QUITCLAIM DEED),0.32,False,AR
16-03399-000,2/28/2006,0.0,OTHER(OTHER DOCUMENT),0.32,False,AR
16-03399-000,3/22/2005,12000.0,QCD(QUITCLAIM DEED),0.32,False,AR
16-03399-000,3/21/1995,0.0,QCD(QUITCLAIM DEED),0.32,False,AR
16-03399-000,10/28/1994,9000.0,WD(WARRANTY DEED),0.32,False,AR
16-03399-000,9/26/1983,10000.0,WD(WARRANTY DEED),0.32,False,AR
16-03400-000,1/14/2019,0.0,ML(MARRIAGE LICENSE),0.31,False,AR
16-03400-000,8/31/2015,345000.0,WD(WARRANTY DEED),0.31,False,AR
16-03400-000,5/6/2014,0.0,WD(WARRANTY DEED),0.31,False,AR
16-03400-000,5/6/2014,0.0,MEMO(MEMORANDUM),0.31,False,AR
16-03400-000,6/8/2001,0.0,TRAG(TRUST AGREEMENT),0.31,False,AR
16-03400-000,3/9/1994,0.0,WD(WARRANTY DEED),0.31,False,AR
16-03400-000,2/4/1994,0.0,MEMO(MEMORANDUM),0.31,False,AR
16-03400-000,7/29/1993,5000.0,WD(WARRANTY DEED),0.31,False,AR
16-03400-000,5/7/1990,0.0,QCD(QUITCLAIM DEED),0.31,False,AR
16-03400-000,12/21/1982,8000.0,WD(WARRANTY DEED),0.31,False,AR
16-03401-000,4/15/2015,140000.0,WD(WARRANTY DEED),0.28,True,AR
16-03401-000,7/25/2007,0.0,QCD(QUITCLAIM DEED),0.28,True,AR
16-03401-000,4/13/2007,0.0,LTR(LETTER),0.28,True,AR
16-03401-000,10/15/2002,118000.0,WD(WARRANTY DEED),0.28,True,AR
16-03401-000,6/22/1978,9000.0,WD(WARRANTY DEED),0.28,True,AR
16-03402-000,12/3/2020,0.0,QCD(QUITCLAIM DEED),0.3,True,AR
16-03402-000,2/13/2018,0.0,DC(DEATH CERTIFICATE),0.3,True,AR
16-03402-000,8/11/2015,0.0,CERT(CERTIFICATE),0.3,True,AR
16-03402-000,9/30/2011,0.0,CERT(CERTIFICATE),0.3,True,AR
16-03402-000,10/6/2010,0.0,CERT(CERTIFICATE),0.3,True,AR
16-03402-000,2/10/1999,0.0,TRAG(TRUST AGREEMENT),0.3,True,AR
16-03402-000,11/16/1990,0.0,WD(WARRANTY DEED),0.3,True,AR
16-03402-000,11/15/1990,0.0,TRAG(TRUST AGREEMENT),0.3,True,AR
16-03402-000,7/3/1985,125000.0,WD(WARRANTY DEED),0.3,True,AR
16-03402-000,1/31/1983,13000.0,WD(WARRANTY DEED),0.3,True,AR
16-03403-000,12/30/2004,98000.0,WD(WARRANTY DEED),0.31,True,AR
16-03403-000,9/27/2004,0.0,TRAG(TRUST AGREEMENT),0.31,True,AR
16-03403-000,8/1/2003,0.0,QCD(QUITCLAIM DEED),0.31,True,AR
16-03403-000,10/9/1978,70000.0,CWD(CORPORATION WARRANTY DEED),0.31,True,AR
16-03404-000,12/7/2024,0.0,ADHL(AR DEPT OF HEALTH LIST),0.33,True,AR
16-03404-000,10/18/2022,0.0,BD(BENEFICIARY DEED),0.33,True,AR
16-03404-000,10/23/2014,155000.0,WD(WARRANTY DEED),0.33,True,AR
16-03404-000,2/10/2010,0.0,CERT(CERTIFICATE),0.33,True,AR
16-03404-000,2/2/2010,0.0,WD(WARRANTY DEED),0.33,True,AR
16-03404-000,2/26/2008,159000.0,WD(WARRANTY DEED),0.33,True,AR
16-03404-000,11/14/2006,0.0,TRD(TRUSTEES DEED),0.33,True,AR
16-03404-000,11/14/2006,0.0,TRAG(TRUST AGREEMENT),0.33,True,AR
16-03404-000,11/2/2005,149000.0,WD(WARRANTY DEED),0.33,True,AR
16-03404-000,7/29/1991,0.0,WD(WARRANTY DEED),0.33,True,AR
16-03404-000,7/29/1991,0.0,CERT(CERTIFICATE),0.33,True,AR
16-03404-000,9/1/1989,119000.0,WD(WARRANTY DEED),0.33,True,AR
16-03404-000,4/11/1985,112000.0,WD(WARRANTY DEED),0.33,True,AR
16-03404-000,2/7/1984,0.0,WD(WARRANTY DEED),0.33,True,AR
16-03405-000,5/20/2022,305000.0,WD(WARRANTY DEED),0.32,True,AR
16-03405-000,12/10/2020,0.0,CERT(CERTIFICATE),0.32,True,AR
16-03405-000,4/1/2020,185000.0,TRWD(TRUSTEES WARRANTY DEED),0.32,True,AR
16-03405-000,3/10/2020,0.0,DC(DEATH CERTIFICATE),0.32,True,AR
16-03405-000,7/23/2015,0.0,CERT(CERTIFICATE),0.32,True,AR
16-03405-000,2/25/2013,0.0,CERT(CERTIFICATE),0.32,True,AR
16-03405-000,3/31/2011,0.0,CERT(CERTIFICATE),0.32,True,AR
16-03405-000,1/4/1991,0.0,WD(WARRANTY DEED),0.32,True,AR
16-03405-000,4/30/1986,105000.0,WD(WARRANTY DEED),0.32,True,AR
16-03405-000,9/2/1984,19000.0,WD(WARRANTY DEED),0.32,True,AR
16-03406-000,10/2/2024,0.0,BD(BENEFICIARY DEED),0.35,True,MO
16-03406-000,7/8/2024,0.0,OBIT(OBITUARY),0.35,True,MO
16-03406-000,11/16/2022,0.0,BD(BENEFICIARY DEED),0.35,True,MO
16-03406-000,6/5/2013,0.0,QCD(QUITCLAIM DEED),0.35,True,MO
16-03406-000,9/15/1995,0.0,QCD(QUITCLAIM DEED),0.35,True,MO
16-03406-000,8/3/1978,10000.0,WD(WARRANTY DEED),0.35,True,MO
16-03406-000,7/23/1978,11000.0,WD(WARRANTY DEED),0.35,True,MO
16-03407-000,10/13/2023,0.0,BD(BENEFICIARY DEED),0.33,True,AR
16-03407-000,10/2/2018,180000.0,TRWD(TRUSTEES WARRANTY DEED),0.33,True,AR
16-03407-000,1/22/2007,0.0,QCD(QUITCLAIM DEED),0.33,True,AR
16-03407-000,4/6/2006,0.0,CERT(CERTIFICATE),0.33,True,AR
16-03407-000,7/10/1989,0.0,QCD(QUITCLAIM DEED),0.33,True,AR
16-03407-000,7/10/1989,0.0,QCD(QUITCLAIM DEED),0.33,True,AR
16-03407-000,7/10/1989,73000.0,WD(WARRANTY DEED),0.33,True,AR
16-03407-000,10/10/1986,88000.0,WD(WARRANTY DEED),0.33,True,AR
16-03407-000,7/27/1981,0.0,CONT(CONTRACT),0.33,True,AR
16-03408-000,12/4/2020,340000.0,WD(WARRANTY DEED),0.36,True,AR
16-03408-000,12/4/2020,0.0,BD(BENEFICIARY DEED),0.36,True,AR
16-03408-000,7/9/2011,0.0,DC(DEATH CERTIFICATE),0.36,True,AR
16-03408-000,9/13/2007,0.0,BD(BENEFICIARY DEED),0.36,True,AR
16-03408-000,8/21/2007,0.0,CERT(CERTIFICATE),0.36,True,AR
16-03408-000,3/18/1996,285000.0,WD(WARRANTY DEED),0.36,True,AR
16-03408-000,9/8/1995,0.0,WD(WARRANTY DEED),0.36,True,AR
16-03408-000,8/14/1995,0.0,MEMO(MEMORANDUM),0.36,True,AR
16-03408-000,11/17/1994,0.0,QCD(QUITCLAIM DEED),0.36,True,AR
16-03408-000,9/12/1990,4000.0,WD(WARRANTY DEED),0.36,True,AR
16-03408-000,1/31/1983,9000.0,WD(WARRANTY DEED),0.36,True,AR
16-03409-000,12/5/2013,140000.0,WD(WARRANTY DEED),0.37,True,AR
16-03409-000,11/30/2013,0.0,WD(WARRANTY DEED),0.37,True,AR
16-03409-000,5/9/2012,0.0,WD(WARRANTY DEED),0.37,True,AR
16-03409-000,6/26/2011,0.0,DC(DEATH CERTIFICATE),0.37,True,AR
16-03409-000,10/16/1996,150000.0,WD(WARRANTY DEED),0.37,True,AR
16-03409-000,11/5/1987,0.0,WD(WARRANTY DEED),0.37,True,AR
16-03409-000,5/21/1985,130500.0,WD(WARRANTY DEED),0.37,True,AR
16-03409-000,9/30/1980,0.0,WD(WARRANTY DEED),0.37,True,AR
16-03409-000,9/29/1980,24000.0,WD(WARRANTY DEED),0.37,True,AR
16-03410-000,1/29/2025,0.0,ADHL(AR DEPT OF HEALTH LIST),0.32,True,AR
16-03410-000,8/10/2006,153000.0,WD(WARRANTY DEED),0.32,True,AR
16-03410-000,9/19/2005,145000.0,WD(WARRANTY DEED),0.32,True,AR
16-03410-000,8/27/2003,0.0,WD(WARRANTY DEED),0.32,True,AR
16-03410-000,8/11/2003,0.0,QCD(QUITCLAIM DEED),0.32,True,AR
16-03410-000,8/8/2003,0.0,MEMO(MEMORANDUM),0.32,True,AR
16-03410-000,2/16/1999,0.0,POA(POWER OF ATTORNEY),0.32,True,AR
16-03410-000,5/6/1997,0.0,POA(POWER OF ATTORNEY),0.32,True,AR
16-03410-000,5/6/1997,0.0,POA(POWER OF ATTORNEY),0.32,True,AR
16-03410-000,11/22/1996,0.0,POA(POWER OF ATTORNEY),0.32,True,AR
16-03410-000,7/11/1996,0.0,POA(POWER OF ATTORNEY),0.32,True,AR
16-03410-000,7/11/1996,0.0,POA(POWER OF ATTORNEY),0.32,True,AR
16-03410-000,5/1/1996,0.0,POA(POWER OF ATTORNEY),0.32,True,AR
16-03410-000,4/25/1996,0.0,WD(WARRANTY DEED),0.32,True,AR
16-03410-000,4/2/1996,0.0,QCD(QUITCLAIM DEED),0.32,True,AR
16-03410-000,6/21/1982,105000.0,WD(WARRANTY DEED),0.32,True,AR
16-03411-000,8/11/2015,0.0,WD(WARRANTY DEED),0.3,True,AR
16-03411-000,8/11/2015,0.0,CERT(CERTIFICATE),0.3,True,AR
16-03411-000,6/11/2007,120000.0,WD(WARRANTY DEED),0.3,True,AR
16-03411-000,8/31/2001,118000.0,WD(WARRANTY DEED),0.3,True,AR
16-03411-000,1/24/1996,0.0,WD(WARRANTY DEED),0.3,True,AR
16-03411-000,1/12/1996,0.0,WD(WARRANTY DEED),0.3,True,AR
16-03411-000,4/27/1993,0.0,WD(WARRANTY DEED),0.3,True,AR
16-03411-000,4/27/1993,0.0,TRAG(TRUST AGREEMENT),0.3,True,AR
16-03411-000,11/7/1989,99000.0,WD(WARRANTY DEED),0.3,True,AR
16-03411-000,11/12/1981,106000.0,WD(WARRANTY DEED),0.3,True,AR
16-03412-000,8/25/2022,350000.0,TRWD(TRUSTEES WARRANTY DEED),0.33,True,AR
16-03412-000,7/26/2018,0.0,TRAG(TRUST AGREEMENT),0.33,True,AR
16-03412-000,7/26/2018,0.0,WD(WARRANTY DEED),0.33,True,AR
16-03412-000,8/22/2003,130000.0,WD(WARRANTY DEED),0.33,True,AR
16-03412-000,7/30/2003,0.0,FD(FIDUCIARY DEED),0.33,True,AR
16-03412-000,5/29/2001,131000.0,WD(WARRANTY DEED),0.33,True,AR
16-03412-000,5/16/2001,0.0,AFF(AFFIDAVIT),0.33,True,AR
16-03412-000,11/13/2000,0.0,DC(DEATH CERTIFICATE),0.33,True,AR
16-03412-000,8/28/1981,100000.0,WD(WARRANTY DEED),0.33,True,AR
16-03413-000,1/24/2022,0.0,TRWD(TRUSTEES WARRANTY DEED),0.36,True,AR
16-03413-000,1/24/2022,0.0,BD(BENEFICIARY DEED),0.36,True,AR
16-03413-000,1/24/2022,0.0,CERT(CERTIFICATE),0.36,True,AR
16-03413-000,8/10/2006,0.0,CERT(CERTIFICATE),0.36,True,AR
16-03413-000,6/30/2004,198000.0,WD(WARRANTY DEED),0.36,True,AR
16-03413-000,5/25/2004,0.0,MEMO(MEMORANDUM),0.36,True,AR
16-03413-000,10/2/1996,0.0,WD(WARRANTY DEED),0.36,True,AR
16-03413-000,9/27/1996,0.0,MEMO(MEMORANDUM),0.36,True,AR
16-03413-000,3/11/1993,15000.0,WD(WARRANTY DEED),0.36,True,AR
16-03413-000,3/11/1993,0.0,MEMO(MEMORANDUM),0.36,True,AR
16-03413-000,8/17/1992,13000.0,WD(WARRANTY DEED),0.36,True,AR
16-03413-000,12/2/1988,15000.0,WD(WARRANTY DEED),0.36,True,AR
16-03413-000,1/13/1988,12900.0,WD(WARRANTY DEED),0.36,True,AR
16-03413-000,12/27/1983,0.0,WD(WARRANTY DEED),0.36,True,AR
16-03413-000,2/1/1982,0.0,CONT(CONTRACT),0.36,True,AR
16-03414-000,11/12/2021,272000.0,WD(WARRANTY DEED),0.36,True,AR
16-03414-000,12/7/2017,0.0,WD(WARRANTY DEED),0.36,True,AR
16-03414-000,9/27/2017,135000.0,WD(WARRANTY DEED),0.36,True,AR
16-03414-000,12/16/2011,101000.0,TRD(TRUSTEES DEED),0.36,True,AR
16-03414-000,7/3/2002,0.0,WD(WARRANTY DEED),0.36,True,AR
16-03414-000,11/9/1994,0.0,DC(DEATH CERTIFICATE),0.36,True,AR
16-03414-000,5/20/1985,15000.0,WD(WARRANTY DEED),0.36,True,AR
16-03414-000,11/5/1980,9000.0,WD(WARRANTY DEED),0.36,True,AR
16-03415-000,12/28/2017,0.0,TRWD(TRUSTEES WARRANTY DEED),0.38,True,AR
16-03415-000,6/14/2017,0.0,CERT(CERTIFICATE),0.38,True,AR
16-03415-000,4/13/2017,0.0,DC(DEATH CERTIFICATE),0.38,True,AR
16-03415-000,7/22/2016,0.0,WD(WARRANTY DEED),0.38,True,AR
16-03415-000,7/16/2015,0.0,CERT(CERTIFICATE),0.38,True,AR
16-03415-000,12/20/2010,0.0,QCD(QUITCLAIM DEED),0.38,True,AR
16-03415-000,11/20/2002,0.0,WD(WARRANTY DEED),0.38,True,AR
16-03415-000,10/29/2002,0.0,WD(WARRANTY DEED),0.38,True,AR
16-03415-000,11/9/1998,0.0,QCD(QUITCLAIM DEED),0.38,True,AR
16-03415-000,11/9/1998,0.0,WD(WARRANTY DEED),0.38,True,AR
16-03415-000,3/28/1989,0.0,WD(WARRANTY DEED),0.38,True,AR
16-03415-000,5/27/1983,0.0,WD(WARRANTY DEED),0.38,True,AR
16-03415-000,4/1/1980,32000.0,WD(WARRANTY DEED),0.38,True,AR
16-03416-000,2/6/2020,0.0,QCD(QUITCLAIM DEED),0.33,True,AR
16-03416-000,8/15/2018,225000.0,WD(WARRANTY DEED),0.33,True,AR
16-03416-000,1/27/2017,175000.0,WD(WARRANTY DEED),0.33,True,AR
16-03416-000,7/1/2011,0.0,WD(WARRANTY DEED),0.33,True,AR
16-03416-000,7/1/2011,0.0,CERT(CERTIFICATE),0.33,True,AR
16-03416-000,5/17/2011,0.0,DC(DEATH CERTIFICATE),0.33,True,AR
16-03416-000,7/22/1983,0.0,WD(WARRANTY DEED),0.33,True,AR
16-03417-000,9/15/2023,529000.0,WD(WARRANTY DEED),0.36,True,AR
16-03417-000,6/1/2021,415000.0,WD(WARRANTY DEED),0.36,True,AR
16-03417-000,8/20/2018,275000.0,WD(WARRANTY DEED),0.36,True,AR
16-03417-000,7/9/1990,194000.0,WD(WARRANTY DEED),0.36,True,AR
16-03417-000,3/12/1979,13000.0,WD(WARRANTY DEED),0.36,True,AR
16-03418-000,7/7/2015,0.0,DC(DEATH CERTIFICATE),0.41,True,AR
16-03418-000,8/1/2013,137000.0,WD(WARRANTY DEED),0.41,True,AR
16-03418-000,4/7/2008,0.0,DEED(GRANT DEED),0.41,True,AR
16-03418-000,10/16/2007,0.0,WD(WARRANTY DEED),0.41,True,AR
16-03418-000,9/21/2007,0.0,MTG-D(MORTGAGEE'S DEED),0.41,True,AR
16-03418-000,7/17/2007,0.0,BD(BENEFICIARY DEED),0.41,True,AR
16-03418-000,7/17/2007,0.0,DC(DEATH CERTIFICATE),0.41,True,AR
16-03418-000,7/17/2007,0.0,TRD(TRUSTEES DEED),0.41,True,AR
16-03418-000,11/9/2005,0.0,POA(POWER OF ATTORNEY),0.41,True,AR
16-03418-000,1/7/2005,0.0,WD(WARRANTY DEED),0.41,True,AR
16-03418-000,9/23/2003,0.0,WD(WARRANTY DEED),0.41,True,AR
16-03418-000,8/22/2003,0.0,WD(WARRANTY DEED),0.41,True,AR
16-03418-000,8/3/2001,116000.0,WD(WARRANTY DEED),0.41,True,AR
16-03418-000,8/3/2001,0.0,DC(DEATH CERTIFICATE),0.41,True,AR
16-03418-000,1/9/1998,0.0,WD(WARRANTY DEED),0.41,True,AR
16-03418-000,1/9/1998,0.0,CERT(CERTIFICATE),0.41,True,AR
16-03418-000,1/9/1998,0.0,CERT(CERTIFICATE),0.41,True,AR
16-03418-000,6/4/1990,0.0,WD(WARRANTY DEED),0.41,True,AR
16-03418-000,8/22/1977,12000.0,WD(WARRANTY DEED),0.41,True,AR
16-03419-000,6/28/2012,113000.0,WD(WARRANTY DEED),0.34,True,AR
16-03419-000,8/15/1991,85000.0,WD(WARRANTY DEED),0.34,True,AR
16-03419-000,1/6/1991,0.0,QCD(QUITCLAIM DEED),0.34,True,AR
16-03419-000,5/2/1985,0.0,WD(WARRANTY DEED),0.34,True,AR
16-03419-000,3/24/1982,0.0,CWD(CORPORATION WARRANTY DEED),0.34,True,AR
16-03419-000,3/24/1982,0.0,WD(WARRANTY DEED),0.34,True,AR
16-03419-000,6/9/1981,0.0,WD(WARRANTY DEED),0.34,True,AR
16-03419-000,12/2/1980,11000.0,WD(WARRANTY DEED),0.34,True,AR
16-03419-000,1/9/1980,0.0,DC(DEATH CERTIFICATE),0.34,True,AR
16-03420-000,7/13/2018,323000.0,WD(WARRANTY DEED),0.41,True,AR
16-03420-000,9/30/2016,310000.0,WD(WARRANTY DEED),0.41,True,AR
16-03420-000,3/29/2012,293000.0,WD(WARRANTY DEED),0.41,True,AR
16-03420-000,1/31/2006,0.0,QCD(QUITCLAIM DEED),0.41,True,AR
16-03420-000,1/31/2006,0.0,QCD(QUITCLAIM DEED),0.41,True,AR
16-03420-000,1/19/2006,275000.0,WD(WARRANTY DEED),0.41,True,AR
16-03420-000,10/25/2002,0.0,WD(WARRANTY DEED),0.41,True,AR
16-03420-000,4/22/2002,0.0,WD(WARRANTY DEED),0.41,True,AR
16-03420-000,11/2/2000,0.0,WD(WARRANTY DEED),0.41,True,AR
16-03420-000,11/2/2000,0.0,CERT(CERTIFICATE),0.41,True,AR
16-03420-000,3/21/1996,240000.0,WD(WARRANTY DEED),0.41,True,AR
16-03420-000,8/4/1981,21000.0,WD(WARRANTY DEED),0.41,True,AR
16-03421-000,9/26/2018,0.0,QCD(QUITCLAIM DEED),0.37,True,AR
16-03421-000,8/5/2015,220000.0,WD(WARRANTY DEED),0.37,True,AR
16-03421-000,3/22/2004,183000.0,WD(WARRANTY DEED),0.37,True,AR
16-03421-000,9/5/2000,155000.0,WD(WARRANTY DEED),0.37,True,AR
16-03421-000,2/23/1995,0.0,AMEND(AMENDMENT),0.37,True,AR
16-03421-000,8/14/1989,0.0,MEMO(MEMORANDUM),0.37,True,AR
16-03421-000,8/14/1989,0.0,WD(WARRANTY DEED),0.37,True,AR
16-03421-000,9/5/1977,10000.0,WD(WARRANTY DEED),0.37,True,AR
16-03421-000,12/29/1975,10000.0,WD(WARRANTY DEED),0.37,True,AR
16-03422-000,5/5/2008,0.0,CERT(CERTIFICATE),0.29,True,AR
16-03422-000,1/7/2003,0.0,WD(WARRANTY DEED),0.29,True,AR
16-03422-000,5/10/2000,115000.0,WD(WARRANTY DEED),0.29,True,AR
16-03422-000,9/15/1986,95000.0,WD(WARRANTY DEED),0.29,True,AR
16-03422-000,4/28/1983,15000.0,WD(WARRANTY DEED),0.29,True,AR
16-03423-000,4/2/2025,0.0,BD(BENEFICIARY DEED),0.28,True,AR
16-03423-000,2/9/2012,0.0,QCD(QUITCLAIM DEED),0.28,True,AR
16-03423-000,10/3/2011,0.0,BD(BENEFICIARY DEED),0.28,True,AR
16-03423-000,9/28/2011,103000.0,WD(WARRANTY DEED),0.28,True,AR
16-03423-000,9/29/1999,0.0,CERT(CERTIFICATE),0.28,True,AR
16-03423-000,9/29/1999,0.0,WD(WARRANTY DEED),0.28,True,AR
16-03423-000,7/12/1991,0.0,OTHER(OTHER DOCUMENT),0.28,True,AR
16-03423-000,7/5/1991,99000.0,WD(WARRANTY DEED),0.28,True,AR
16-03423-000,5/29/1991,0.0,WD(WARRANTY DEED),0.28,True,AR
16-03423-000,6/11/1990,0.0,WD(WARRANTY DEED),0.28,True,AR
16-03423-000,9/13/1989,7000.0,WD(WARRANTY DEED),0.28,True,AR
16-03423-000,9/13/1979,8000.0,WD(WARRANTY DEED),0.28,True,AR
16-03424-000,12/4/2023,290000.0,WD(WARRANTY DEED),0.28,True,AR
16-03424-000,7/14/2015,126000.0,WD(WARRANTY DEED),0.28,True,AR
16-03424-000,5/29/2007,0.0,BD(BENEFICIARY DEED),0.28,True,AR
16-03424-000,3/17/2003,118000.0,WD(WARRANTY DEED),0.28,True,AR
16-03424-000,12/22/1997,0.0,WD(WARRANTY DEED),0.28,True,AR
16-03424-000,7/12/1991,0.0,AFF(AFFIDAVIT),0.28,True,AR
16-03424-000,3/17/1980,0.0,QCD(QUITCLAIM DEED),0.28,True,AR
16-03425-000,2/12/2018,140000.0,WD(WARRANTY DEED),0.31,True,AR
16-03425-000,2/4/2008,82000.0,EXD(EXECUTOR-EXECUTRIX DEED),0.31,True,AR
16-03425-000,4/14/2006,0.0,DC(DEATH CERTIFICATE),0.31,True,AR
16-03425-000,8/12/1978,65000.0,WD(WARRANTY DEED),0.31,True,AR
16-03426-000,10/25/2021,350000.0,WD(WARRANTY DEED),0.37,True,
16-03426-000,6/23/2021,0.0,BD(BENEFICIARY DEED),0.37,True,
16-03426-000,7/29/2014,0.0,BD(BENEFICIARY DEED),0.37,True,
16-03426-000,8/10/1990,135000.0,WD(WARRANTY DEED),0.37,True,
16-03426-000,10/26/1981,10000.0,WD(WARRANTY DEED),0.37,True,
16-03427-000,3/5/2025,280000.0,AFF(AFFIDAVIT),0.32,True,AR
16-03427-000,2/28/2025,280000.0,WD(WARRANTY DEED),0.32,True,AR
16-03427-000,3/11/2020,160000.0,TRWD(TRUSTEES WARRANTY DEED),0.32,True,AR
16-03427-000,3/11/2020,0.0,TRAG(TRUST AGREEMENT),0.32,True,AR
16-03427-000,9/9/2013,0.0,WD(WARRANTY DEED),0.32,True,AR
16-03427-000,9/9/2013,0.0,TRAG(TRUST AGREEMENT),0.32,True,AR
16-03427-000,3/20/2009,0.0,DC(DEATH CERTIFICATE),0.32,True,AR
16-03427-000,1/4/1991,0.0,AFF(AFFIDAVIT),0.32,True,AR
16-03427-000,1/4/1991,94000.0,WD(WARRANTY DEED),0.32,True,AR
16-03427-000,2/25/1986,0.0,WD(WARRANTY DEED),0.32,True,AR
16-03427-000,7/29/1985,98000.0,WD(WARRANTY DEED),0.32,True,AR
16-03427-000,6/22/1984,16000.0,WD(WARRANTY DEED),0.32,True,AR
16-03428-000,3/5/2025,280000.0,AFF(AFFIDAVIT),0.29,False,AR
16-03428-000,2/28/2025,280000.0,WD(WARRANTY DEED),0.29,False,AR
16-03428-000,8/6/2024,0.0,WD(WARRANTY DEED),0.29,False,AR
16-03428-000,4/25/2023,9500.0,WD(WARRANTY DEED),0.29,False,AR
16-03428-000,1/15/2021,0.0,OR(ORDER),0.29,False,AR
16-03428-000,8/14/2020,0.0,LWD(LIMITED WARRANTY DEED),0.29,False,AR
16-03428-000,8/28/2009,1451000.0,QCD(QUITCLAIM DEED),0.29,False,AR
16-03428-000,8/21/2009,402000.0,DEED(GRANT DEED),0.29,False,AR
16-03428-000,9/15/2008,0.0,DEED(GRANT DEED),0.29,False,AR
16-03428-000,1/22/2008,0.0,RD(REDEMPTION DEED),0.29,False,AR
16-03428-000,9/14/2005,0.0,WD(WARRANTY DEED),0.29,False,AR
16-03428-000,10/20/1999,0.0,RD(REDEMPTION DEED),0.29,False,AR
16-03428-000,1/23/1979,8000.0,WD(WARRANTY DEED),0.29,False,AR
16-03429-000,1/31/2025,0.0,WD(WARRANTY DEED),0.3,True,AR
16-03429-000,7/7/2022,223000.0,WD(WARRANTY DEED),0.3,True,AR
16-03429-000,5/19/2020,154000.0,WD(WARRANTY DEED),0.3,True,AR
16-03429-000,5/29/2007,110000.0,WD(WARRANTY DEED),0.3,True,AR
16-03429-000,4/1/2003,93000.0,WD(WARRANTY DEED),0.3,True,AR
16-03429-000,6/26/2001,82000.0,WD(WARRANTY DEED),0.3,True,AR
16-03429-000,7/27/1998,75000.0,WD(WARRANTY DEED),0.3,True,AR
16-03429-000,10/3/1988,42000.0,WD(WARRANTY DEED),0.3,True,AR
16-03429-000,6/15/1981,0.0,CONT(CONTRACT),0.3,True,AR
16-03430-000,7/18/2023,0.0,WD(WARRANTY DEED),0.28,True,AR
16-03430-000,7/18/2023,0.0,CERT(CERTIFICATE),0.28,True,AR
16-03430-000,11/5/2009,0.0,OTHER(OTHER DOCUMENT),0.28,True,AR
16-03430-000,1/24/2001,76000.0,WD(WARRANTY DEED),0.28,True,AR
16-03430-000,1/31/1992,0.0,WD(WARRANTY DEED),0.28,True,AR
16-03430-000,1/31/1992,0.0,TRAG(TRUST AGREEMENT),0.28,True,AR
16-03430-000,12/9/1985,12000.0,WD(WARRANTY DEED),0.28,True,AR
16-03431-000,5/24/2022,240000.0,WD(WARRANTY DEED),0.35,True,AR
16-03431-000,9/2/2021,0.0,OTHER(OTHER DOCUMENT),0.35,True,AR
16-03431-000,7/13/2020,154000.0,WD(WARRANTY DEED),0.35,True,AR
16-03431-000,10/30/2019,130000.0,EXD(EXECUTOR-EXECUTRIX DEED),0.35,True,AR
16-03431-000,7/3/2019,0.0,OR(ORDER),0.35,True,AR
16-03431-000,6/12/2019,0.0,OTHER(OTHER DOCUMENT),0.35,True,AR
16-03431-000,5/18/2016,120000.0,WD(WARRANTY DEED),0.35,True,AR
16-03431-000,7/28/2006,112000.0,WD(WARRANTY DEED),0.35,True,AR
16-03431-000,8/27/2005,0.0,DC(DEATH CERTIFICATE),0.35,True,AR
16-03431-000,7/24/2003,73000.0,WD(WARRANTY DEED),0.35,True,AR
16-03431-000,9/25/2000,72000.0,WD(WARRANTY DEED),0.35,True,AR
16-03431-000,10/15/1991,0.0,WD(WARRANTY DEED),0.35,True,AR
16-03431-000,7/18/1991,0.0,CERT(CERTIFICATE),0.35,True,AR
16-03431-000,1/4/1984,70000.0,WD(WARRANTY DEED),0.35,True,AR
16-03432-000,11/3/2022,0.0,SWD(SPECIAL WARRANTY DEED),0.32,True,AR
16-03432-000,7/26/2019,0.0,QCD(QUITCLAIM DEED),0.32,True,AR
16-03432-000,6/28/2018,300000.0,WD(WARRANTY DEED),0.32,True,AR
16-03432-000,3/21/2017,139000.0,WD(WARRANTY DEED),0.32,True,AR
16-03432-000,1/25/2016,219000.0,WD(WARRANTY DEED),0.32,True,AR
16-03432-000,2/14/2012,100000.0,TRD(TRUSTEES DEED),0.32,True,AR
16-03432-000,2/14/2012,0.0,MEMO(MEMORANDUM),0.32,True,AR
16-03432-000,2/9/2011,0.0,DC(DEATH CERTIFICATE),0.32,True,AR
16-03432-000,1/17/2001,0.0,QCD(QUITCLAIM DEED),0.32,True,AR
16-03432-000,5/29/1986,88000.0,WD(WARRANTY DEED),0.32,True,AR
16-03433-000,8/17/2021,270000.0,WD(WARRANTY DEED),0.33,True,AR
16-03433-000,8/17/2021,0.0,BD(BENEFICIARY DEED),0.33,True,AR
16-03433-000,1/16/2019,0.0,BD(BENEFICIARY DEED),0.33,True,AR
16-03433-000,1/26/2018,0.0,DC(DEATH CERTIFICATE),0.33,True,AR
16-03433-000,7/12/2013,0.0,BD(BENEFICIARY DEED),0.33,True,AR
16-03433-000,7/12/2013,0.0,OTHER(OTHER DOCUMENT),0.33,True,AR
16-03433-000,7/3/2008,0.0,BD(BENEFICIARY DEED),0.33,True,AR
16-03433-000,3/31/2003,0.0,QCD(QUITCLAIM DEED),0.33,True,AR
16-03433-000,7/7/1992,124000.0,WD(WARRANTY DEED),0.33,True,AR
16-03433-000,8/21/1990,0.0,WD(WARRANTY DEED),0.33,True,AR
16-03433-000,12/1/1988,0.0,DC(DEATH CERTIFICATE),0.33,True,AR
16-03433-000,4/18/1986,13000.0,WD(WARRANTY DEED),0.33,True,AR
16-03433-000,8/8/1984,12000.0,WD(WARRANTY DEED),0.33,True,AR
16-03434-000,2/26/2024,0.0,BD(BENEFICIARY DEED),0.35,True,AR
16-03434-000,1/10/2024,0.0,QCD(QUITCLAIM DEED),0.35,True,AR
16-03434-000,10/9/2022,0.0,OBIT(OBITUARY),0.35,True,AR
16-03434-000,10/8/2020,0.0,QCD(QUITCLAIM DEED),0.35,True,AR
16-03434-000,3/2/2020,0.0,QCD(QUITCLAIM DEED),0.35,True,AR
16-03434-000,1/14/2008,113000.0,SWD(SPECIAL WARRANTY DEED),0.35,True,AR
16-03434-000,6/20/2007,0.0,MTG-D(MORTGAGEE'S DEED),0.35,True,AR
16-03434-000,6/30/2006,152000.0,WD(WARRANTY DEED),0.35,True,AR
16-03434-000,6/29/2001,95000.0,WD(WARRANTY DEED),0.35,True,AR
16-03434-000,3/19/1999,85000.0,WD(WARRANTY DEED),0.35,True,AR
16-03434-000,3/18/1999,0.0,WD(WARRANTY DEED),0.35,True,AR
16-03434-000,3/16/1999,0.0,WD(WARRANTY DEED),0.35,True,AR
16-03434-000,10/5/1998,0.0,WD(WARRANTY DEED),0.35,True,AR
16-03434-000,11/12/1991,0.0,CORRWD(CORRECTED WARRANTY DEED),0.35,True,AR
16-03434-000,11/12/1991,0.0,WD(WARRANTY DEED),0.35,True,AR
16-03434-000,9/18/1975,8000.0,WD(WARRANTY DEED),0.35,True,AR
16-03435-000,1/18/2024,215000.0,WD(WARRANTY DEED),0.32,True,UT
16-03435-000,10/19/2023,137000.0,WD(WARRANTY DEED),0.32,True,UT
16-03435-000,8/28/2017,93000.0,TRWD(TRUSTEES WARRANTY DEED),0.32,True,UT
16-03435-000,2/25/2010,0.0,QCD(QUITCLAIM DEED),0.32,True,UT
16-03435-000,2/25/2010,0.0,QCD(QUITCLAIM DEED),0.32,True,UT
16-03435-000,12/23/2009,0.0,CERT(CERTIFICATE),0.32,True,UT
16-03435-000,12/15/2009,0.0,CERT(CERTIFICATE),0.32,True,UT
16-03435-000,12/15/2009,0.0,CERT(CERTIFICATE),0.32,True,UT
16-03435-000,12/15/2009,0.0,QCD(QUITCLAIM DEED),0.32,True,UT
16-03435-000,12/15/2009,0.0,QCD(QUITCLAIM DEED),0.32,True,UT
16-03435-000,5/15/2001,0.0,QCD(QUITCLAIM DEED),0.32,True,UT
16-03435-000,11/26/1997,60000.0,WD(WARRANTY DEED),0.32,True,UT
16-03435-000,9/1/1994,59000.0,WD(WARRANTY DEED),0.32,True,UT
16-03435-000,5/4/1992,53000.0,WD(WARRANTY DEED),0.32,True,UT
16-03435-000,11/28/1988,46000.0,WD(WARRANTY DEED),0.32,True,UT
16-03435-000,11/4/1985,0.0,DC(DEATH CERTIFICATE),0.32,True,UT
16-03436-000,1/2/2024,280000.0,WD(WARRANTY DEED),0.34,True,AR
16-03436-000,2/26/2021,208000.0,WD(WARRANTY DEED),0.34,True,AR
16-03436-000,6/5/2018,0.0,QCD(QUITCLAIM DEED),0.34,True,AR
16-03436-000,9/18/2009,39000.0,WD(WARRANTY DEED),0.34,True,AR
16-03436-000,6/23/2009,0.0,WD(WARRANTY DEED),0.34,True,AR
16-03436-000,6/23/2009,0.0,MTG-D(MORTGAGEE'S DEED),0.34,True,AR
16-03436-000,12/21/2005,118000.0,WD(WARRANTY DEED),0.34,True,AR
16-03436-000,2/4/2005,0.0,DC(DEATH CERTIFICATE),0.34,True,AR
16-03436-000,3/25/1996,0.0,DC(DEATH CERTIFICATE),0.34,True,AR
16-03436-000,7/22/1987,0.0,WD(WARRANTY DEED),0.34,True,AR
16-03436-000,4/14/1986,68000.0,WD(WARRANTY DEED),0.34,True,AR
16-03436-000,4/25/1977,8000.0,WD(WARRANTY DEED),0.34,True,AR
16-03437-000,10/24/2014,0.0,WD(WARRANTY DEED),0.36,False,CA
16-03437-000,3/6/2014,0.0,WD(WARRANTY DEED),0.36,False,CA
16-03437-000,3/3/2003,0.0,QCD(QUITCLAIM DEED),0.36,False,CA
16-03437-000,11/4/2002,0.0,RD(REDEMPTION DEED),0.36,False,CA
16-03437-000,9/9/2002,0.0,QCD(QUITCLAIM DEED),0.36,False,CA
16-03437-000,7/6/2001,1000.0,QCD(QUITCLAIM DEED),0.36,False,CA
16-03437-000,5/17/1993,0.0,WD(WARRANTY DEED),0.36,False,CA
16-03437-000,1/5/1993,0.0,WD(WARRANTY DEED),0.36,False,CA
16-03437-000,11/18/1982,8000.0,WD(WARRANTY DEED),0.36,False,CA
16-03438-000,6/6/2019,177000.0,WD(WARRANTY DEED),0.31,True,AR
16-03438-000,3/16/2018,157000.0,WD(WARRANTY DEED),0.31,True,AR
16-03438-000,12/21/2016,0.0,QCD(QUITCLAIM DEED),0.31,True,AR
16-03438-000,5/3/2004,145000.0,WD(WARRANTY DEED),0.31,True,AR
16-03438-000,9/23/2003,100000.0,WD(WARRANTY DEED),0.31,True,AR
16-03438-000,2/3/2003,0.0,WD(WARRANTY DEED),0.31,True,AR
16-03438-000,2/3/2003,0.0,WD(WARRANTY DEED),0.31,True,AR
16-03438-000,8/7/2000,88000.0,WD(WARRANTY DEED),0.31,True,AR
16-03438-000,11/4/1997,0.0,DC(DEATH CERTIFICATE),0.31,True,AR
16-03438-000,10/3/1997,0.0,QCD(QUITCLAIM DEED),0.31,True,AR
16-03438-000,10/2/1997,0.0,TRAG(TRUST AGREEMENT),0.31,True,AR
16-03438-000,8/4/1992,73000.0,WD(WARRANTY DEED),0.31,True,AR
16-03438-000,2/13/1986,0.0,WD(WARRANTY DEED),0.31,True,AR
16-03439-000,4/2/2024,435000.0,WD(WARRANTY DEED),0.38,True,AR
16-03439-000,8/28/2020,295000.0,WD(WARRANTY DEED),0.38,True,AR
16-03439-000,2/19/2019,12000.0,WD(WARRANTY DEED),0.38,True,AR
16-03439-000,10/24/2005,11000.0,WD(WARRANTY DEED),0.38,True,AR
16-03439-000,11/14/1997,0.0,WD(WARRANTY DEED),0.38,True,AR
16-03439-000,10/3/1997,0.0,QCD(QUITCLAIM DEED),0.38,True,AR
16-03439-000,10/3/1997,0.0,TRAG(TRUST AGREEMENT),0.38,True,AR
16-03439-000,4/25/1995,10000.0,WD(WARRANTY DEED),0.38,True,AR
16-03439-000,4/17/1995,0.0,MEMO(MEMORANDUM),0.38,True,AR
16-03439-000,7/13/1992,3000.0,WD(WARRANTY DEED),0.38,True,AR
16-03439-000,1/30/1990,8450.0,WD(WARRANTY DEED),0.38,True,AR
16-03439-000,1/18/1990,11000.0,WD(WARRANTY DEED),0.38,True,AR
16-03439-000,7/23/1981,8000.0,WD(WARRANTY DEED),0.38,True,AR
16-03440-000,11/15/2018,148000.0,WD(WARRANTY DEED),0.21,True,AR
16-03440-000,6/5/2012,0.0,BD(BENEFICIARY DEED),0.21,True,AR
16-03440-000,11/3/2000,0.0,DC(DEATH CERTIFICATE),0.21,True,AR
16-03440-000,11/3/2000,0.0,DC(DEATH CERTIFICATE),0.21,True,AR
16-03440-000,12/29/1982,0.0,WD(WARRANTY DEED),0.21,True,AR
16-03440-000,12/29/1982,7000.0,WD(WARRANTY DEED),0.21,True,AR
16-03441-000,9/30/2021,175000.0,WD(WARRANTY DEED),0.3,True,AR
16-03441-000,12/3/2013,0.0,CERT(CERTIFICATE),0.3,True,AR
16-03441-000,2/1/2013,0.0,CERT(CERTIFICATE),0.3,True,AR
16-03441-000,8/28/2008,125000.0,WD(WARRANTY DEED),0.3,True,AR
16-03441-000,8/27/2008,0.0,WD(WARRANTY DEED),0.3,True,AR
16-03441-000,12/5/2001,0.0,DC(DEATH CERTIFICATE),0.3,True,AR
16-03441-000,11/26/1991,0.0,WD(WARRANTY DEED),0.3,True,AR
16-03441-000,11/26/1991,0.0,MEMO(MEMORANDUM),0.3,True,AR
16-03441-000,11/26/1991,0.0,MEMO(MEMORANDUM),0.3,True,AR
16-03441-000,3/3/1988,85000.0,WD(WARRANTY DEED),0.3,True,AR
16-03441-000,7/15/1983,0.0,WD(WARRANTY DEED),0.3,True,AR
16-03442-000,5/12/2023,335000.0,WD(WARRANTY DEED),0.25,True,TX
16-03442-000,2/1/2019,0.0,WD(WARRANTY DEED),0.25,True,TX
16-03442-000,9/22/2016,197000.0,WD(WARRANTY DEED),0.25,True,TX
16-03442-000,6/11/2007,0.0,QCD(QUITCLAIM DEED),0.25,True,TX
16-03442-000,5/29/2003,152000.0,WD(WARRANTY DEED),0.25,True,TX
16-03442-000,10/4/2001,0.0,AMEND(AMENDMENT),0.25,True,TX
16-03442-000,8/12/1998,0.0,TRAG(TRUST AGREEMENT),0.25,True,TX
16-03442-000,4/27/1998,0.0,DC(DEATH CERTIFICATE),0.25,True,TX
16-03442-000,3/3/1997,0.0,TRAG(TRUST AGREEMENT),0.25,True,TX
16-03442-000,1/20/1997,0.0,TRAG(TRUST AGREEMENT),0.25,True,TX
16-03442-000,7/6/1995,0.0,QCD(QUITCLAIM DEED),0.25,True,TX
16-03442-000,7/5/1995,0.0,TRAG(TRUST AGREEMENT),0.25,True,TX
16-03442-000,3/27/1992,0.0,WD(WARRANTY DEED),0.25,True,TX
16-03442-000,5/3/1984,0.0,WD(WARRANTY DEED),0.25,True,TX
16-03442-000,1/1/1983,118000.0,WD(WARRANTY DEED),0.25,True,TX
16-03443-000,3/24/2023,384000.0,WD(WARRANTY DEED),0.29,True,AR
16-03443-000,9/26/2022,265000.0,WD(WARRANTY DEED),0.29,True,AR
16-03443-000,5/15/2012,127000.0,WD(WARRANTY DEED),0.29,True,AR
16-03443-000,5/4/2012,0.0,ML(MARRIAGE LICENSE),0.29,True,AR
16-03443-000,4/18/2004,0.0,DC(DEATH CERTIFICATE),0.29,True,AR
16-03443-000,12/13/1990,12000.0,WD(WARRANTY DEED),0.29,True,AR
16-03443-000,9/10/1985,0.0,DC(DEATH CERTIFICATE),0.29,True,AR
16-03443-000,1/31/1983,8000.0,WD(WARRANTY DEED),0.29,True,AR
16-03444-000,2/27/2023,322000.0,WD(WARRANTY DEED),0.31,True,AR
16-03444-000,12/14/2022,0.0,QCD(QUITCLAIM DEED),0.31,True,AR
16-03444-000,10/7/2019,225000.0,WD(WARRANTY DEED),0.31,True,AR
16-03444-000,10/5/2016,189000.0,WD(WARRANTY DEED),0.31,True,AR
16-03444-000,2/23/2016,98000.0,WD(WARRANTY DEED),0.31,True,AR
16-03444-000,1/16/2008,0.0,DC(DEATH CERTIFICATE),0.31,True,AR
16-03444-000,4/2/2004,133000.0,WD(WARRANTY DEED),0.31,True,AR
16-03444-000,4/10/2000,0.0,WD(WARRANTY DEED),0.31,True,AR
16-03444-000,4/6/2000,0.0,CERT(CERTIFICATE),0.31,True,AR
16-03444-000,4/29/1987,9000.0,WD(WARRANTY DEED),0.31,True,AR
16-03444-000,3/1/1982,8000.0,CWD(CORPORATION WARRANTY DEED),0.31,True,AR
16-03445-000,9/20/2019,230000.0,WD(WARRANTY DEED),0.32,True,AR
16-03445-000,2/23/2018,129000.0,MTG-D(MORTGAGEE'S DEED),0.32,True,AR
16-03445-000,12/21/2005,0.0,FD(FIDUCIARY DEED),0.32,True,AR
16-03445-000,5/8/2003,0.0,CONT(CONTRACT),0.32,True,AR
16-03445-000,5/16/2001,0.0,OR(ORDER),0.32,True,AR
16-03445-000,10/5/1999,125000.0,WD(WARRANTY DEED),0.32,True,AR
16-03445-000,4/28/1994,123000.0,WD(WARRANTY DEED),0.32,True,AR
16-03445-000,3/8/1993,0.0,DC(DEATH CERTIFICATE),0.32,True,AR
16-03445-000,11/5/1992,0.0,AB(ABSTRACT OF TRUST),0.32,True,AR
16-03445-000,11/5/1992,0.0,WD(WARRANTY DEED),0.32,True,AR
16-03445-000,5/16/1977,8000.0,WD(WARRANTY DEED),0.32,True,AR
16-03446-000,12/13/2016,136000.0,WD(WARRANTY DEED),0.3,True,AR
16-03446-000,12/2/2016,0.0,QCD(QUITCLAIM DEED),0.3,True,AR
16-03446-000,12/30/1994,0.0,WD(WARRANTY DEED),0.3,True,AR
16-03446-000,12/30/1994,0.0,MEMO(MEMORANDUM),0.3,True,AR
16-03446-000,10/3/1994,77000.0,WD(WARRANTY DEED),0.3,True,AR
16-03446-000,1/14/1991,0.0,QCD(QUITCLAIM DEED),0.3,True,AR
16-03446-000,1/14/1991,0.0,CERT(CERTIFICATE),0.3,True,AR
16-03446-000,1/3/1990,75000.0,WD(WARRANTY DEED),0.3,True,AR
16-03446-000,4/29/1987,72000.0,WD(WARRANTY DEED),0.3,True,AR
16-03446-000,5/23/1979,72000.0,WD(WARRANTY DEED),0.3,True,AR
16-03447-000,9/3/2009,0.0,WD(WARRANTY DEED),0.33,True,AR
16-03447-000,9/3/2009,0.0,CERT(CERTIFICATE),0.33,True,AR
16-03447-000,7/21/2006,146000.0,WD(WARRANTY DEED),0.33,True,AR
16-03447-000,5/28/2004,5000.0,WD(WARRANTY DEED),0.33,True,AR
16-03447-000,4/10/2000,0.0,WD(WARRANTY DEED),0.33,True,AR
16-03447-000,4/6/2000,0.0,CERT(CERTIFICATE),0.33,True,AR
16-03447-000,10/14/1994,11000.0,WD(WARRANTY DEED),0.33,True,AR
16-03447-000,10/26/1990,0.0,QCD(QUITCLAIM DEED),0.33,True,AR
16-03447-000,10/26/1990,10000.0,WD(WARRANTY DEED),0.33,True,AR
16-03447-000,8/21/1990,9000.0,WD(WARRANTY DEED),0.33,True,AR
16-03447-000,1/8/1981,0.0,CONT(CONTRACT),0.33,True,AR
16-03447-000,12/2/1980,8000.0,WD(WARRANTY DEED),0.33,True,AR
16-03448-000,7/4/2015,0.0,ML(MARRIAGE LICENSE),0.31,True,AR
16-03448-000,6/6/2014,115000.0,WD(WARRANTY DEED),0.31,True,AR
16-03448-000,9/28/2011,113000.0,WD(WARRANTY DEED),0.31,True,AR
16-03448-000,3/9/2011,0.0,SWD(SPECIAL WARRANTY DEED),0.31,True,AR
16-03448-000,1/25/2011,0.0,SWD(SPECIAL WARRANTY DEED),0.31,True,AR
16-03448-000,1/21/2011,0.0,MTG-D(MORTGAGEE'S DEED),0.31,True,AR
16-03448-000,5/14/2007,0.0,MEMO(MEMORANDUM),0.31,True,AR
16-03448-000,10/20/2006,0.0,MEMO(MEMORANDUM),0.31,True,AR
16-03448-000,4/29/1998,0.0,AFF(AFFIDAVIT),0.31,True,AR
16-03448-000,4/29/1998,0.0,QCD(QUITCLAIM DEED),0.31,True,AR
16-03448-000,3/1/1998,0.0,DC(DEATH CERTIFICATE),0.31,True,AR
16-03448-000,11/21/1994,97000.0,WD(WARRANTY DEED),0.31,True,AR
16-03448-000,1/6/1978,57000.0,WD(WARRANTY DEED),0.31,True,AR
16-03449-000,8/24/2022,310000.0,TRD(TRUSTEES DEED),0.31,True,AR
16-03449-000,5/14/1996,0.0,QCD(QUITCLAIM DEED),0.31,True,AR
16-03449-000,4/26/1996,0.0,CERT(CERTIFICATE),0.31,True,AR
16-03449-000,4/26/1996,0.0,POA(POWER OF ATTORNEY),0.31,True,AR
16-03449-000,1/16/1992,13000.0,WD(WARRANTY DEED),0.31,True,AR
16-03449-000,1/18/1985,12000.0,WD(WARRANTY DEED),0.31,True,AR
16-03449-000,11/17/1982,0.0,WD(WARRANTY DEED),0.31,True,AR
16-03450-000,4/9/2020,167000.0,WD(WARRANTY DEED),0.32,True,AR
16-03450-000,8/26/2008,0.0,QCD(QUITCLAIM DEED),0.32,True,AR
16-03450-000,5/31/2001,120000.0,WD(WARRANTY DEED),0.32,True,AR
16-03450-000,11/5/1999,115000.0,WD(WARRANTY DEED),0.32,True,AR
16-03450-000,5/18/1998,108000.0,WD(WARRANTY DEED),0.32,True,AR
16-03450-000,5/18/1998,0.0,AMEND(AMENDMENT),0.32,True,AR
16-03450-000,5/29/1996,0.0,WD(WARRANTY DEED),0.32,True,AR
16-03450-000,5/29/1996,0.0,TRAG(TRUST AGREEMENT),0.32,True,AR
16-03450-000,10/24/1980,78000.0,WD(WARRANTY DEED),0.32,True,AR
16-03450-000,6/18/1980,9000.0,WD(WARRANTY DEED),0.32,True,AR
16-03451-000,9/20/2013,120000.0,WD(WARRANTY DEED),0.35,True,AR
16-03451-000,7/2/2009,105000.0,WD(WARRANTY DEED),0.35,True,AR
16-03451-000,5/10/2000,0.0,WD(WARRANTY DEED),0.35,True,AR
16-03451-000,5/10/2000,0.0,CERT(CERTIFICATE),0.35,True,AR
16-03451-000,4/12/2000,0.0,CERT(CERTIFICATE),0.35,True,AR
16-03451-000,4/10/2000,0.0,CERT(CERTIFICATE),0.35,True,AR
16-03451-000,3/27/1979,83000.0,WD(WARRANTY DEED),0.35,True,AR
16-03452-000,1/31/2025,0.0,CERT(CERTIFICATE),0.35,True,AR
16-03452-000,8/12/2013,110000.0,TRWD(TRUSTEES WARRANTY DEED),0.35,True,AR
16-03452-000,10/27/1988,136000.0,WD(WARRANTY DEED),0.35,True,AR
16-03452-000,4/7/1985,0.0,WD(WARRANTY DEED),0.35,True,AR
16-03453-000,1/31/2025,245000.0,TRWD(TRUSTEES WARRANTY DEED),0.35,True,AR
16-03453-000,1/31/2025,0.0,WD(WARRANTY DEED),0.35,True,AR
16-03453-000,1/31/2025,0.0,CERT(CERTIFICATE),0.35,True,AR
16-03453-000,1/25/2025,0.0,WD(WARRANTY DEED),0.35,True,AR
16-03453-000,1/23/2025,0.0,AOH(AFFIDAVIT OF HEIRSHIP),0.35,True,AR
16-03453-000,1/17/2025,0.0,AOH(AFFIDAVIT OF HEIRSHIP),0.35,True,AR
16-03453-000,11/13/2024,0.0,AOH(AFFIDAVIT OF HEIRSHIP),0.35,True,AR
16-03453-000,11/13/2024,0.0,AOH(AFFIDAVIT OF HEIRSHIP),0.35,True,AR
16-03453-000,11/13/2024,0.0,AOH(AFFIDAVIT OF HEIRSHIP),0.35,True,AR
16-03453-000,11/13/2024,0.0,AOH(AFFIDAVIT OF HEIRSHIP),0.35,True,AR
16-03453-000,1/17/2012,0.0,WD(WARRANTY DEED),0.35,True,AR
16-03453-000,1/11/2012,0.0,FD(FIDUCIARY DEED),0.35,True,AR
16-03453-000,12/29/2011,0.0,DC(DEATH CERTIFICATE),0.35,True,AR
16-03453-000,6/1/2011,0.0,ACSE(AFFIDAVIT FOR COLLECTION OF SMALL ESTATE),0.35,True,AR
16-03453-000,4/15/2011,0.0,DC(DEATH CERTIFICATE),0.35,True,AR
16-03453-000,9/18/2007,0.0,WD(WARRANTY DEED),0.35,True,AR
16-03453-000,7/20/2007,0.0,CERT(CERTIFICATE),0.35,True,AR
16-03453-000,7/20/2007,0.0,TRNOT(TRUSTEES NOTICE),0.35,True,AR
16-03453-000,7/20/2007,0.0,WD(WARRANTY DEED),0.35,True,AR
16-03453-000,4/21/2005,88000.0,WD(WARRANTY DEED),0.35,True,AR
16-03453-000,11/26/2004,0.0,AOD(AFFIDAVIT OF DEATH),0.35,True,AR
16-03453-000,6/6/2002,0.0,QCD(QUITCLAIM DEED),0.35,True,AR
16-03453-000,10/31/1997,69000.0,WD(WARRANTY DEED),0.35,True,AR
16-03453-000,3/18/1996,64000.0,WD(WARRANTY DEED),0.35,True,AR
16-03453-000,8/29/1994,0.0,WD(WARRANTY DEED),0.35,True,AR
16-03453-000,1/27/1989,58000.0,WD(WARRANTY DEED),0.35,True,AR
16-03453-000,5/18/1977,55000.0,WD(WARRANTY DEED),0.35,True,AR
16-03454-000,1/17/2023,0.0,ADHL(AR DEPT OF HEALTH LIST),0.39,True,AR
16-03454-000,12/29/2016,0.0,WD(WARRANTY DEED),0.39,True,AR
16-03454-000,12/29/2016,0.0,CERT(CERTIFICATE),0.39,True,AR
16-03454-000,2/9/2000,118000.0,WD(WARRANTY DEED),0.39,True,AR
16-03454-000,9/2/1983,11000.0,WD(WARRANTY DEED),0.39,True,AR
16-03455-000,10/14/2024,0.0,QCD(QUITCLAIM DEED),0.36,True,AR
16-03455-000,11/22/2022,0.0,QCD(QUITCLAIM DEED),0.36,True,AR
16-03455-000,11/5/2018,0.0,QCD(QUITCLAIM DEED),0.36,True,AR
16-03455-000,10/17/2012,0.0,SWD(SPECIAL WARRANTY DEED),0.36,True,AR
16-03455-000,4/30/2009,145000.0,WD(WARRANTY DEED),0.36,True,AR
16-03455-000,8/29/2007,0.0,QCD(QUITCLAIM DEED),0.36,True,AR
16-03455-000,8/29/2007,0.0,OTHER(OTHER DOCUMENT),0.36,True,AR
16-03455-000,7/24/2007,0.0,DC(DEATH CERTIFICATE),0.36,True,AR
16-03455-000,10/27/1997,0.0,WD(WARRANTY DEED),0.36,True,AR
16-03455-000,6/22/1992,86000.0,WD(WARRANTY DEED),0.36,True,AR
16-03455-000,4/19/1989,75000.0,WD(WARRANTY DEED),0.36,True,AR
16-03455-000,9/2/1985,0.0,DC(DEATH CERTIFICATE),0.36,True,AR
16-03455-000,5/14/1980,0.0,WD(WARRANTY DEED),0.36,True,AR
16-03456-000,12/11/2019,180000.0,WD(WARRANTY DEED),0.39,True,AR
16-03456-000,5/8/2008,110000.0,EXD(EXECUTOR-EXECUTRIX DEED),0.39,True,AR
16-03456-000,2/13/2008,0.0,DC(DEATH CERTIFICATE),0.39,True,AR
16-03456-000,1/6/2008,0.0,DC(DEATH CERTIFICATE),0.39,True,AR
16-03456-000,5/1/1984,90000.0,WD(WARRANTY DEED),0.39,True,AR
16-03457-000,4/22/2014,0.0,SWD(SPECIAL WARRANTY DEED),0.46,True,AR
16-03457-000,12/23/2013,0.0,DEED(GRANT DEED),0.46,True,AR
16-03457-000,2/15/2005,195000.0,WD(WARRANTY DEED),0.46,True,AR
16-03457-000,3/24/1987,11000.0,WD(WARRANTY DEED),0.46,True,AR
16-03457-000,7/5/1983,7000.0,WD(WARRANTY DEED),0.46,True,AR
16-03458-000,6/27/2022,14600.0,WD(WARRANTY DEED),0.43,True,AR
16-03458-000,5/12/2009,0.0,QCD(QUITCLAIM DEED),0.43,True,AR
16-03458-000,10/23/1991,0.0,CONT(CONTRACT),0.43,True,AR
16-03458-000,4/1/1991,0.0,QCD(QUITCLAIM DEED),0.43,True,AR
16-03458-000,10/27/1987,0.0,CONT(CONTRACT),0.43,True,AR
16-03458-000,1/3/1986,0.0,DC(DEATH CERTIFICATE),0.43,True,AR
16-03458-000,11/15/1982,7000.0,WD(WARRANTY DEED),0.43,True,AR
16-03459-000,3/2/2011,0.0,DEED(GRANT DEED),0.44,False,CO
16-03459-000,1/3/2011,1000.0,DEED(GRANT DEED),0.44,False,CO
16-03459-000,8/23/2005,0.0,WD(WARRANTY DEED),0.44,False,CO
16-03459-000,1/8/1999,5000.0,WD(WARRANTY DEED),0.44,False,CO
16-03459-000,9/17/1997,0.0,QCD(QUITCLAIM DEED),0.44,False,CO
16-03459-000,5/12/1997,1000.0,WD(WARRANTY DEED),0.44,False,CO
16-03459-000,3/6/1997,1000.0,WD(WARRANTY DEED),0.44,False,CO
16-03459-000,3/6/1997,1000.0,WD(WARRANTY DEED),0.44,False,CO
16-03459-000,10/15/1984,0.0,CONT(CONTRACT),0.44,False,CO
16-03459-000,12/4/1978,8000.0,WD(WARRANTY DEED),0.44,False,CO
16-03460-000,5/19/2017,180000.0,WD(WARRANTY DEED),0.36,True,AR
16-03460-000,12/9/2016,150000.0,WD(WARRANTY DEED),0.36,True,AR
16-03460-000,4/26/2013,130000.0,TRD(TRUSTEES DEED),0.36,True,AR
16-03460-000,5/12/2010,0.0,CERT(CERTIFICATE),0.36,True,AR
16-03460-000,4/15/2005,0.0,WD(WARRANTY DEED),0.36,True,AR
16-03460-000,2/8/2005,0.0,DC(DEATH CERTIFICATE),0.36,True,AR
16-03460-000,2/8/2005,0.0,DC(DEATH CERTIFICATE),0.36,True,AR
16-03460-000,4/26/1999,0.0,WD(WARRANTY DEED),0.36,True,AR
16-03460-000,3/22/1999,0.0,WD(WARRANTY DEED),0.36,True,AR
16-03460-000,9/29/1997,0.0,WD(WARRANTY DEED),0.36,True,AR
16-03460-000,10/24/1994,0.0,MEMO(MEMORANDUM),0.36,True,AR
16-03460-000,4/18/1994,125000.0,WD(WARRANTY DEED),0.36,True,AR
16-03460-000,7/26/1993,0.0,CERT(CERTIFICATE),0.36,True,AR
16-03460-000,11/20/1990,83000.0,WD(WARRANTY DEED),0.36,True,AR
16-03460-000,9/24/1986,0.0,WD(WARRANTY DEED),0.36,True,AR
16-03460-000,5/14/1984,0.0,CONT(CONTRACT),0.36,True,AR
16-03461-000,6/23/2020,0.0,QCD(QUITCLAIM DEED),0.32,True,AR
16-03461-000,11/18/2015,170000.0,WD(WARRANTY DEED),0.32,True,AR
16-03461-000,4/7/2005,183000.0,WD(WARRANTY DEED),0.32,True,AR
16-03461-000,12/27/1994,115000.0,WD(WARRANTY DEED),0.32,True,AR
16-03461-000,11/6/1991,0.0,DC(DEATH CERTIFICATE),0.32,True,AR
16-03461-000,11/6/1991,0.0,DC(DEATH CERTIFICATE),0.32,True,AR
16-03461-000,3/9/1987,0.0,WD(WARRANTY DEED),0.32,True,AR
16-03461-000,5/2/1984,0.0,WD(WARRANTY DEED),0.32,True,AR
16-03462-000,2/11/2019,0.0,DC(DEATH CERTIFICATE),0.32,True,AR
16-03462-000,3/7/1986,0.0,WD(WARRANTY DEED),0.32,True,AR
16-03462-000,8/3/1984,0.0,WD(WARRANTY DEED),0.32,True,AR
16-03462-000,5/31/1984,0.0,WD(WARRANTY DEED),0.32,True,AR
16-03463-000,"2,240",448.0,448,19.96,False,AR
16-03463-000,0,0.0,0,19.96,False,AR
16-03463-000,"2,240",448.0,448,19.96,False,AR
16-03463-000,,448.0,448,19.96,False,AR
16-03463-000,,0.06193,0.06193,19.96,False,AR
16-03463-000,,3.99,3.99,19.96,False,AR
16-03464-000,12/20/2024,0.0,AFF(AFFIDAVIT),1.83,False,
16-03464-000,5/23/2024,10899862.0,SWD(SPECIAL WARRANTY DEED),1.83,False,
16-03464-000,5/23/2024,0.0,QCD(QUITCLAIM DEED),1.83,False,
16-03464-000,10/27/2017,2647000.0,PP(PARENT PARCEL (FOR SPLIT)),1.83,False,
16-03464-000,6/1/2012,0.0,QCD(QUITCLAIM DEED),1.83,False,
16-03464-000,12/21/2009,0.0,QCD(QUITCLAIM DEED),1.83,False,
16-03464-000,6/1/1996,0.0,WD(WARRANTY DEED),1.83,False,
16-03464-001,6/1/1996,0.0,WD(WARRANTY DEED),2.99,False,AR
16-03464-002,6/1/2012,0.0,QCD(QUITCLAIM DEED),7.98,True,AR
16-03464-003,5/2/2022,0.0,QCD(QUITCLAIM DEED),3.31,True,AR
16-03464-003,10/27/2017,2647000.0,SWD(SPECIAL WARRANTY DEED),3.31,True,AR
16-03465-000,"179,270",35854.0,"35,854",13.79,True,AR
16-03465-000,"3,333,520",666704.0,"666,704",13.79,True,AR
16-03465-000,"3,512,790",702558.0,"702,558",13.79,True,AR
16-03465-000,,702558.0,"702,558",13.79,True,AR
16-03465-000,,0.06193,0.06193,13.79,True,AR
16-03466-000,1/14/2019,0.0,ML(MARRIAGE LICENSE),0.59,True,AR
16-03466-000,8/31/2015,345000.0,WD(WARRANTY DEED),0.59,True,AR
16-03466-000,5/6/2014,305000.0,WD(WARRANTY DEED),0.59,True,AR
16-03466-000,5/6/2014,0.0,MEMO(MEMORANDUM),0.59,True,AR
16-03466-000,6/8/2001,0.0,TRAG(TRUST AGREEMENT),0.59,True,AR
16-03466-000,3/17/1994,0.0,WD(WARRANTY DEED),0.59,True,AR
16-03466-000,2/4/1994,0.0,MEMO(MEMORANDUM),0.59,True,AR
16-03466-000,7/26/1993,212000.0,WD(WARRANTY DEED),0.59,True,AR
16-03466-000,1/1/1987,120000.0,WD(WARRANTY DEED),0.59,True,AR
16-03466-000,10/21/1985,0.0,WD(WARRANTY DEED),0.59,True,AR
16-03466-000,7/31/1985,210000.0,WD(WARRANTY DEED),0.59,True,AR
16-03466-000,3/30/1979,100000.0,WD(WARRANTY DEED),0.59,True,AR
16-05372-000,3/23/2012,0.0,BD(BENEFICIARY DEED),0.32,True,AR
16-05372-000,10/9/2010,0.0,WD(WARRANTY DEED),0.32,True,AR
16-05372-000,9/16/2010,225000.0,WD(WARRANTY DEED),0.32,True,AR
16-05372-000,6/18/2002,238000.0,WD(WARRANTY DEED),0.32,True,AR
16-05372-000,5/20/1998,210000.0,CWD(CORPORATION WARRANTY DEED),0.32,True,AR
16-05372-000,11/14/1996,6000.0,WD(WARRANTY DEED),0.32,True,AR
16-05372-000,2/2/1976,6000.0,WD(WARRANTY DEED),0.32,True,AR
16-05373-000,8/15/2014,4000.0,QCD(QUITCLAIM DEED),0.28,False,AR
16-05373-000,8/13/2004,0.0,QCD(QUITCLAIM DEED),0.28,False,AR
16-05373-000,7/29/2004,0.0,MEMO(MEMORANDUM),0.28,False,AR
16-05373-000,10/9/2000,0.0,WD(WARRANTY DEED),0.28,False,AR
16-05373-000,6/24/1983,10000.0,WD(WARRANTY DEED),0.28,False,AR
16-05373-000,6/24/1983,0.0,CONT(CONTRACT),0.28,False,AR
16-05373-000,2/1/1978,5000.0,WD(WARRANTY DEED),0.28,False,AR
16-05374-000,9/13/2022,0.0,WD(WARRANTY DEED),0.29,True,AR
16-05374-000,2/1/2018,170000.0,TRWD(TRUSTEES WARRANTY DEED),0.29,True,AR
16-05374-000,2/1/2018,0.0,AFF(AFFIDAVIT),0.29,True,AR
16-05374-000,7/30/2007,155000.0,WD(WARRANTY DEED),0.29,True,AR
16-05374-000,7/25/2007,0.0,MEMO(MEMORANDUM),0.29,True,AR
16-05374-000,5/27/2005,0.0,WD(WARRANTY DEED),0.29,True,AR
16-05374-000,4/24/2004,0.0,DC(DEATH CERTIFICATE),0.29,True,AR
16-05374-000,6/16/1995,122000.0,WD(WARRANTY DEED),0.29,True,AR
16-05374-000,12/20/1994,0.0,WD(WARRANTY DEED),0.29,True,AR
16-05374-000,10/21/1994,0.0,DC(DEATH CERTIFICATE),0.29,True,AR
16-05374-000,8/18/1994,4000.0,WD(WARRANTY DEED),0.29,True,AR
16-05374-000,6/13/1994,0.0,WD(WARRANTY DEED),0.29,True,AR
16-05374-000,11/20/1978,8000.0,WILL(WILL),0.29,True,AR
16-05375-000,5/16/2016,165000.0,WD(WARRANTY DEED),0.31,True,AR
16-05375-000,10/16/2014,135000.0,WD(WARRANTY DEED),0.31,True,AR
16-05375-000,6/7/2014,0.0,DC(DEATH CERTIFICATE),0.31,True,AR
16-05375-000,3/29/2010,80000.0,WD(WARRANTY DEED),0.31,True,AR
16-05375-000,4/22/2009,0.0,DC(DEATH CERTIFICATE),0.31,True,AR
16-05375-000,6/16/2008,0.0,DC(DEATH CERTIFICATE),0.31,True,AR
16-05375-000,8/31/1999,0.0,AMEND(AMENDMENT),0.31,True,AR
16-05375-000,5/7/1992,4000.0,CORRWD(CORRECTED WARRANTY DEED),0.31,True,AR
16-05375-000,4/13/1992,7000.0,WD(WARRANTY DEED),0.31,True,AR
16-05375-000,3/31/1992,0.0,WD(WARRANTY DEED),0.31,True,AR
16-05375-000,11/25/1989,0.0,CONT(CONTRACT),0.31,True,AR
16-05375-000,2/8/1984,7000.0,WD(WARRANTY DEED),0.31,True,AR
16-05376-000,5/23/2017,0.0,QCD(QUITCLAIM DEED),0.27,True,AR
16-05376-000,7/27/2015,100000.0,WD(WARRANTY DEED),0.27,True,AR
16-05376-000,1/21/2011,77000.0,WD(WARRANTY DEED),0.27,True,AR
16-05376-000,12/9/1983,68000.0,WD(WARRANTY DEED),0.27,True,AR
16-05376-000,4/22/1983,62000.0,WD(WARRANTY DEED),0.27,True,AR
16-05377-000,10/1/2019,174000.0,WD(WARRANTY DEED),0.28,True,AR
16-05377-000,10/1/2019,174000.0,WD(WARRANTY DEED),0.28,True,AR
16-05377-000,9/23/2019,174000.0,WD(WARRANTY DEED),0.28,True,AR
16-05377-000,6/27/2017,160000.0,WD(WARRANTY DEED),0.28,True,AR
16-05377-000,6/27/2017,0.0,CERT(CERTIFICATE),0.28,True,AR
16-05377-000,2/6/2017,0.0,DC(DEATH CERTIFICATE),0.28,True,AR
16-05377-000,1/27/2012,0.0,DC(DEATH CERTIFICATE),0.28,True,AR
16-05377-000,7/14/2000,0.0,WD(WARRANTY DEED),0.28,True,AR
16-05377-000,7/11/2000,0.0,CERT(CERTIFICATE),0.28,True,AR
16-05377-000,9/24/1993,99000.0,WD(WARRANTY DEED),0.28,True,AR
16-05377-000,8/5/1992,5000.0,WD(WARRANTY DEED),0.28,True,AR
16-05377-000,11/17/1983,7000.0,WD(WARRANTY DEED),0.28,True,AR
16-05378-000,9/17/2021,0.0,QCD(QUITCLAIM DEED),0.3,True,CA
16-05378-000,9/17/2021,0.0,CORRQC(CORRECTED QUIT CLAIM DEED),0.3,True,CA
16-05378-000,9/17/2021,230000.0,WD(WARRANTY DEED),0.3,True,CA
16-05378-000,5/7/2021,0.0,QCD(QUITCLAIM DEED),0.3,True,CA
16-05378-000,3/30/2007,0.0,CORRQC(CORRECTED QUIT CLAIM DEED),0.3,True,CA
16-05378-000,3/30/2007,0.0,QCD(QUITCLAIM DEED),0.3,True,CA
16-05378-000,12/24/2006,0.0,QCD(QUITCLAIM DEED),0.3,True,CA
16-05378-000,1/27/2006,0.0,QCD(QUITCLAIM DEED),0.3,True,CA
16-05378-000,11/10/2003,0.0,QCD(QUITCLAIM DEED),0.3,True,CA
16-05378-000,11/6/2003,0.0,CORRQC(CORRECTED QUIT CLAIM DEED),0.3,True,CA
16-05378-000,9/5/2003,92000.0,WD(WARRANTY DEED),0.3,True,CA
16-05378-000,5/26/1999,80000.0,WD(WARRANTY DEED),0.3,True,CA
16-05378-000,11/13/1997,0.0,QCD(QUITCLAIM DEED),0.3,True,CA
16-05378-000,4/29/1991,70000.0,WD(WARRANTY DEED),0.3,True,CA
16-05378-000,8/14/1979,72000.0,WD(WARRANTY DEED),0.3,True,CA
16-05379-000,4/12/2023,0.0,WD(WARRANTY DEED),0.3,True,CA
16-05379-000,4/4/2022,295000.0,WD(WARRANTY DEED),0.3,True,CA
16-05379-000,1/4/2022,0.0,DC(DEATH CERTIFICATE),0.3,True,CA
16-05379-000,10/26/2018,158000.0,WD(WARRANTY DEED),0.3,True,CA
16-05379-000,6/4/2018,0.0,FD(FIDUCIARY DEED),0.3,True,CA
16-05379-000,10/13/2008,0.0,DC(DEATH CERTIFICATE),0.3,True,CA
16-05379-000,12/21/2005,0.0,WD(WARRANTY DEED),0.3,True,CA
16-05379-000,12/21/2005,0.0,CERT(CERTIFICATE),0.3,True,CA
16-05379-000,9/17/1993,99000.0,WD(WARRANTY DEED),0.3,True,CA
16-05379-000,12/16/1992,0.0,OR(ORDER),0.3,True,CA
16-05379-000,10/1/1992,5000.0,FD(FIDUCIARY DEED),0.3,True,CA
16-05379-000,6/23/1986,8000.0,WD(WARRANTY DEED),0.3,True,CA
16-05380-000,6/2/2023,389000.0,WD(WARRANTY DEED),0.28,True,AR
16-05380-000,10/27/2020,0.0,RD(REDEMPTION DEED),0.28,True,AR
16-05380-000,10/20/2020,10000.0,WD(WARRANTY DEED),0.28,True,AR
16-05380-000,5/11/2018,0.0,RD(REDEMPTION DEED),0.28,True,AR
16-05380-000,3/18/2009,0.0,QCD(QUITCLAIM DEED),0.28,True,AR
16-05380-000,11/24/2008,0.0,WD(WARRANTY DEED),0.28,True,AR
16-05380-000,3/6/2006,500000.0,WD(WARRANTY DEED),0.28,True,AR
16-05380-000,11/17/2005,6000.0,WD(WARRANTY DEED),0.28,True,AR
16-05380-000,6/19/2001,0.0,QCD(QUITCLAIM DEED),0.28,True,AR
16-05380-000,5/18/1983,7000.0,WD(WARRANTY DEED),0.28,True,AR
16-05380-000,1/1/1800,0.0,HIST(HISTORICAL),0.28,True,AR
16-05380-000,1/1/1800,0.0,HIST(HISTORICAL),0.28,True,AR
16-05381-000,5/10/2021,208000.0,TRWD(TRUSTEES WARRANTY DEED),0.27,True,AR
16-05381-000,8/16/2002,0.0,QCD(QUITCLAIM DEED),0.27,True,AR
16-05381-000,4/2/2002,0.0,QCD(QUITCLAIM DEED),0.27,True,AR
16-05381-000,1/4/2002,100000.0,QCD(QUITCLAIM DEED),0.27,True,AR
16-05381-000,1/4/2002,0.0,WD(WARRANTY DEED),0.27,True,AR
16-05381-000,4/4/2001,0.0,OR(ORDER),0.27,True,AR
16-05381-000,5/21/1999,0.0,DC(DEATH CERTIFICATE),0.27,True,AR
16-05381-000,3/12/1996,0.0,POA(POWER OF ATTORNEY),0.27,True,AR
16-05381-000,3/12/1996,0.0,QCD(QUITCLAIM DEED),0.27,True,AR
16-05381-000,4/5/1990,0.0,DC(DEATH CERTIFICATE),0.27,True,AR
16-05381-000,3/13/1974,7000.0,WD(WARRANTY DEED),0.27,True,AR
16-05382-000,12/2/2014,105000.0,WD(WARRANTY DEED),0.31,True,MO
16-05382-000,4/22/2004,0.0,QCD(QUITCLAIM DEED),0.31,True,MO
16-05382-000,7/2/1999,89000.0,WD(WARRANTY DEED),0.31,True,MO
16-05382-000,3/7/1991,95000.0,WD(WARRANTY DEED),0.31,True,MO
16-05382-000,1/17/1991,71000.0,WD(WARRANTY DEED),0.31,True,MO
16-05382-000,6/29/1990,5000.0,WD(WARRANTY DEED),0.31,True,MO
16-05382-000,6/29/1990,3500.0,WD(WARRANTY DEED),0.31,True,MO
16-05382-000,11/30/1981,0.0,HIST(HISTORICAL),0.31,True,MO
16-05383-000,7/11/2008,109000.0,WD(WARRANTY DEED),0.3,True,AR
16-05383-000,1/4/1995,80000.0,WD(WARRANTY DEED),0.3,True,AR
16-05383-000,11/20/1985,5000.0,WD(WARRANTY DEED),0.3,True,AR
16-05383-000,12/4/1978,6000.0,WD(WARRANTY DEED),0.3,True,AR
16-05384-000,9/27/2023,0.0,PERSREP(PERSONAL REPRESENTATIVE DEED),0.29,True,AR
16-05384-000,8/30/2021,0.0,OR(ORDER),0.29,True,AR
16-05384-000,8/19/2021,0.0,OBIT(OBITUARY),0.29,True,AR
16-05384-000,9/10/2009,0.0,SWD(SPECIAL WARRANTY DEED),0.29,True,AR
16-05384-000,9/30/2008,0.0,WD(WARRANTY DEED),0.29,True,AR
16-05384-000,9/12/2008,0.0,COMMD(COMMISSIONERS DEED),0.29,True,AR
16-05384-000,4/3/2006,125000.0,WD(WARRANTY DEED),0.29,True,AR
16-05384-000,3/10/2006,0.0,QCD(QUITCLAIM DEED),0.29,True,AR
16-05384-000,7/2/1999,84000.0,WD(WARRANTY DEED),0.29,True,AR
16-05384-000,9/1/1994,0.0,TRAG(TRUST AGREEMENT),0.29,True,AR
16-05384-000,9/1/1994,0.0,WD(WARRANTY DEED),0.29,True,AR
16-05384-000,11/18/1992,85000.0,WD(WARRANTY DEED),0.29,True,AR
16-05384-000,9/11/1990,0.0,DC(DEATH CERTIFICATE),0.29,True,AR
16-05384-000,11/30/1978,69000.0,WD(WARRANTY DEED),0.29,True,AR
16-05385-000,5/23/2025,0.0,QCD(QUITCLAIM DEED),0.26,True,AR
16-05385-000,10/19/2021,0.0,OTHER(OTHER DOCUMENT),0.26,True,AR
16-05385-000,8/25/2021,0.0,BD(BENEFICIARY DEED),0.26,True,AR
16-05385-000,10/5/2020,175000.0,TRWD(TRUSTEES WARRANTY DEED),0.26,True,AR
16-05385-000,8/29/2016,0.0,CERT(CERTIFICATE),0.26,True,AR
16-05385-000,8/29/2016,0.0,SWD(SPECIAL WARRANTY DEED),0.26,True,AR
16-05385-000,7/27/2011,0.0,WD(WARRANTY DEED),0.26,True,AR
16-05385-000,7/26/2011,90000.0,WD(WARRANTY DEED),0.26,True,AR
16-05385-000,6/13/2011,0.0,QCD(QUITCLAIM DEED),0.26,True,AR
16-05385-000,10/25/2007,0.0,TRAG(TRUST AGREEMENT),0.26,True,AR
16-05385-000,10/30/2003,0.0,WD(WARRANTY DEED),0.26,True,AR
16-05385-000,2/18/2003,0.0,WD(WARRANTY DEED),0.26,True,AR
16-05385-000,2/11/2003,100000.0,WD(WARRANTY DEED),0.26,True,AR
16-05385-000,6/30/1999,100000.0,WD(WARRANTY DEED),0.26,True,AR
16-05385-000,5/7/1993,95000.0,WD(WARRANTY DEED),0.26,True,AR
16-05385-000,3/25/1991,0.0,WD(WARRANTY DEED),0.26,True,AR
16-05385-000,3/25/1991,0.0,TRAG(TRUST AGREEMENT),0.26,True,AR
16-05385-000,9/29/1989,87000.0,WD(WARRANTY DEED),0.26,True,AR
16-05385-000,5/26/1987,69000.0,WD(WARRANTY DEED),0.26,True,AR
16-05385-000,12/10/1986,4000.0,WD(WARRANTY DEED),0.26,True,AR
16-05385-000,12/5/1983,0.0,WD(WARRANTY DEED),0.26,True,AR
16-05386-000,8/12/2021,223000.0,TRWD(TRUSTEES WARRANTY DEED),0.3,True,AR
16-05386-000,7/31/2020,0.0,CERT(CERTIFICATE),0.3,True,AR
16-05386-000,3/18/2019,0.0,QCD(QUITCLAIM DEED),0.3,True,AR
16-05386-000,8/20/2007,124000.0,WD(WARRANTY DEED),0.3,True,AR
16-05386-000,1/4/2005,115000.0,WD(WARRANTY DEED),0.3,True,AR
16-05386-000,10/28/1992,3500.0,WD(WARRANTY DEED),0.3,True,AR
16-05386-000,9/27/1991,0.0,WD(WARRANTY DEED),0.3,True,AR
16-05386-000,10/2/1990,0.0,DC(DEATH CERTIFICATE),0.3,True,AR
16-05386-000,11/24/1982,0.0,CONT(CONTRACT),0.3,True,AR
16-05387-000,2/16/2024,290000.0,WD(WARRANTY DEED),0.28,True,AR
16-05387-000,12/1/2015,150000.0,WD(WARRANTY DEED),0.28,True,AR
16-05387-000,4/15/2010,133000.0,WD(WARRANTY DEED),0.28,True,AR
16-05387-000,9/14/2005,166000.0,WD(WARRANTY DEED),0.28,True,AR
16-05387-000,1/26/2005,5000.0,WD(WARRANTY DEED),0.28,True,AR
16-05387-000,7/28/1998,8000.0,WD(WARRANTY DEED),0.28,True,AR
16-05387-000,8/20/1983,0.0,CONT(CONTRACT),0.28,True,AR
16-05388-000,6/8/2021,221000.0,WD(WARRANTY DEED),0.31,True,AR
16-05388-000,6/29/2017,140000.0,WD(WARRANTY DEED),0.31,True,AR
16-05388-000,6/27/2011,90000.0,WD(WARRANTY DEED),0.31,True,AR
16-05388-000,8/30/2006,0.0,WD(WARRANTY DEED),0.31,True,AR
16-05388-000,8/29/2006,0.0,CERT(CERTIFICATE),0.31,True,AR
16-05388-000,6/12/1997,108000.0,WD(WARRANTY DEED),0.31,True,AR
16-05388-000,2/17/1988,75000.0,WD(WARRANTY DEED),0.31,True,AR
16-05388-000,8/25/1987,4000.0,WD(WARRANTY DEED),0.31,True,AR
16-05388-000,4/22/1983,7000.0,WD(WARRANTY DEED),0.31,True,AR
16-05389-000,12/24/2020,1000.0,WD(WARRANTY DEED),0.27,False,AR
16-05389-000,6/25/2014,0.0,QCD(QUITCLAIM DEED),0.27,False,AR
16-05389-000,10/23/2009,6000.0,WD(WARRANTY DEED),0.27,False,AR
16-05389-000,6/14/1982,7000.0,WD(WARRANTY DEED),0.27,False,AR
16-05390-000,8/29/2016,0.0,CERT(CERTIFICATE),0.29,True,AR
16-05390-000,8/29/2016,0.0,SWD(SPECIAL WARRANTY DEED),0.29,True,AR
16-05390-000,6/3/2005,199000.0,WD(WARRANTY DEED),0.29,True,AR
16-05390-000,7/18/1997,5000.0,WD(WARRANTY DEED),0.29,True,AR
16-05390-000,7/18/1997,0.0,WD(WARRANTY DEED),0.29,True,AR
16-05390-000,11/19/1993,16000.0,WD(WARRANTY DEED),0.29,True,AR
16-05390-000,11/19/1993,5000.0,WD(WARRANTY DEED),0.29,True,AR
16-05391-000,5/27/2022,500000.0,TRWD(TRUSTEES WARRANTY DEED),0.31,False,CA
16-05391-000,5/27/2022,0.0,CERT(CERTIFICATE),0.31,False,CA
16-05391-000,1/25/2011,0.0,TRD(TRUSTEES DEED),0.31,False,CA
16-05391-000,1/25/2011,0.0,CERT(CERTIFICATE),0.31,False,CA
16-05391-000,11/26/2001,0.0,QCD(QUITCLAIM DEED),0.31,False,CA
16-05391-000,10/1/2001,0.0,WD(WARRANTY DEED),0.31,False,CA
16-05391-000,10/31/2000,0.0,QCD(QUITCLAIM DEED),0.31,False,CA
16-05391-000,7/9/1999,0.0,QCD(QUITCLAIM DEED),0.31,False,CA
16-05391-000,12/7/1998,5000.0,WD(WARRANTY DEED),0.31,False,CA
16-05391-000,12/7/1998,0.0,POA(POWER OF ATTORNEY),0.31,False,CA
16-05391-000,5/27/1997,0.0,WD(WARRANTY DEED),0.31,False,CA
16-05391-000,7/17/1995,7000.0,WD(WARRANTY DEED),0.31,False,CA
16-05391-000,12/19/1989,0.0,CONT(CONTRACT),0.31,False,CA
16-05391-000,11/15/1984,0.0,CONT(CONTRACT),0.31,False,CA
16-05391-000,10/19/1984,0.0,CONT(CONTRACT),0.31,False,CA
16-05391-000,8/3/1984,0.0,CONT(CONTRACT),0.31,False,CA
16-05392-000,5/27/2022,500000.0,TRWD(TRUSTEES WARRANTY DEED),0.81,True,CA
16-05392-000,5/27/2022,0.0,CERT(CERTIFICATE),0.81,True,CA
16-05392-000,1/25/2011,0.0,TRD(TRUSTEES DEED),0.81,True,CA
16-05392-000,1/25/2011,0.0,CERT(CERTIFICATE),0.81,True,CA
16-05392-000,7/19/2002,0.0,QCD(QUITCLAIM DEED),0.81,True,CA
16-05392-000,9/9/1998,188000.0,WD(WARRANTY DEED),0.81,True,CA
16-05392-000,2/11/1996,0.0,ML(MARRIAGE LICENSE),0.81,True,CA
16-05392-000,10/3/1994,16000.0,WD(WARRANTY DEED),0.81,True,CA
16-05392-000,10/1/1982,13000.0,WD(WARRANTY DEED),0.81,True,CA
16-05393-000,4/4/2022,0.0,WD(WARRANTY DEED),0.8,True,AR
16-05393-000,4/4/2022,0.0,WD(WARRANTY DEED),0.8,True,AR
16-05393-000,4/4/2022,0.0,CERT(CERTIFICATE),0.8,True,AR
16-05393-000,4/4/2022,0.0,TRAG(TRUST AGREEMENT),0.8,True,AR
16-05393-000,4/30/2010,0.0,CERT(CERTIFICATE),0.8,True,AR
16-05393-000,6/29/1995,0.0,WD(WARRANTY DEED),0.8,True,AR
16-05393-000,6/29/1995,0.0,CERT(CERTIFICATE),0.8,True,AR
16-05393-000,6/29/1995,0.0,CERT(CERTIFICATE),0.8,True,AR
16-05393-000,9/2/1994,189000.0,WD(WARRANTY DEED),0.8,True,AR
16-05393-000,10/20/1993,0.0,DC(DEATH CERTIFICATE),0.8,True,AR
16-05393-000,8/13/1993,0.0,CORRWD(CORRECTED WARRANTY DEED),0.8,True,AR
16-05393-000,3/11/1993,0.0,CERT(CERTIFICATE),0.8,True,AR
16-05393-000,4/13/1984,0.0,WD(WARRANTY DEED),0.8,True,AR
16-05394-000,8/7/2020,254000.0,WD(WARRANTY DEED),0.7,True,AR
16-05394-000,4/14/2020,0.0,DC(DEATH CERTIFICATE),0.7,True,AR
16-05394-000,5/24/1999,130000.0,WD(WARRANTY DEED),0.7,True,AR
16-05394-000,10/14/1981,15000.0,WD(WARRANTY DEED),0.7,True,AR
16-05395-000,5/5/2025,575000.0,TRWD(TRUSTEES WARRANTY DEED),0.64,True,AR
16-05395-000,3/16/2016,0.0,WD(WARRANTY DEED),0.64,True,AR
16-05395-000,3/16/2016,0.0,CERT(CERTIFICATE),0.64,True,AR
16-05395-000,9/22/1997,13000.0,WD(WARRANTY DEED),0.64,True,AR
16-05395-000,9/22/1997,0.0,AFF(AFFIDAVIT),0.64,True,AR
16-05395-000,5/22/1996,0.0,AFF(AFFIDAVIT),0.64,True,AR
16-05395-000,5/22/1989,9000.0,WD(WARRANTY DEED),0.64,True,AR
16-05395-000,8/20/1987,0.0,OR(ORDER),0.64,True,AR
16-05395-000,11/18/1981,0.0,QCD(QUITCLAIM DEED),0.64,True,AR
16-05396-000,9/29/2023,625000.0,WD(WARRANTY DEED),0.69,True,AR
16-05396-000,8/16/2021,425000.0,TRWD(TRUSTEES WARRANTY DEED),0.69,True,AR
16-05396-000,8/22/2012,0.0,CERT(CERTIFICATE),0.69,True,AR
16-05396-000,12/7/2007,0.0,WD(WARRANTY DEED),0.69,True,AR
16-05396-000,12/7/2007,0.0,CERT(CERTIFICATE),0.69,True,AR
16-05396-000,10/17/2003,164000.0,WD(WARRANTY DEED),0.69,True,AR
16-05396-000,4/20/1989,12000.0,WD(WARRANTY DEED),0.69,True,AR
16-05397-000,12/11/2023,560000.0,WD(WARRANTY DEED),0.64,True,PA
16-05397-000,8/15/2023,0.0,BD(BENEFICIARY DEED),0.64,True,PA
16-05397-000,8/19/2020,275000.0,TRWD(TRUSTEES WARRANTY DEED),0.64,True,PA
16-05397-000,8/19/2020,0.0,CERT(CERTIFICATE),0.64,True,PA
16-05397-000,7/19/2001,0.0,WD(WARRANTY DEED),0.64,True,PA
16-05397-000,12/28/1998,0.0,WD(WARRANTY DEED),0.64,True,PA
16-05397-000,12/28/1998,139000.0,WD(WARRANTY DEED),0.64,True,PA
16-05397-000,11/12/1997,0.0,DC(DEATH CERTIFICATE),0.64,True,PA
16-05397-000,2/14/1992,0.0,WD(WARRANTY DEED),0.64,True,PA
16-05397-000,8/5/1991,120000.0,WD(WARRANTY DEED),0.64,True,PA
16-05397-000,4/25/1985,0.0,WD(WARRANTY DEED),0.64,True,PA
16-05398-000,11/4/1982,10000.0,WD(WARRANTY DEED),0.33,False,IA
16-05399-000,8/14/2024,290000.0,WD(WARRANTY DEED),0.32,True,AR
16-05399-000,8/14/2024,0.0,REVBD(REVOCATION OF BENEFICIARY DEED),0.32,True,AR
16-05399-000,3/8/2024,0.0,DC(DEATH CERTIFICATE),0.32,True,AR
16-05399-000,3/22/2023,0.0,BD(BENEFICIARY DEED),0.32,True,AR
16-05399-000,6/1/2010,111000.0,WD(WARRANTY DEED),0.32,True,AR
16-05399-000,9/11/2003,105000.0,WD(WARRANTY DEED),0.32,True,AR
16-05399-000,3/24/2003,4000.0,WD(WARRANTY DEED),0.32,True,AR
16-05399-000,12/12/2002,1000.0,WD(WARRANTY DEED),0.32,True,AR
16-05399-000,12/5/2000,0.0,WD(WARRANTY DEED),0.32,True,AR
16-05399-000,11/8/1983,4000.0,WD(WARRANTY DEED),0.32,True,AR
16-05400-000,5/11/2018,121000.0,WD(WARRANTY DEED),0.32,True,AR
16-05400-000,2/28/2018,0.0,MTG-D(MORTGAGEE'S DEED),0.32,True,AR
16-05400-000,1/11/2007,0.0,QCD(QUITCLAIM DEED),0.32,True,AR
16-05400-000,1/19/1994,94000.0,WD(WARRANTY DEED),0.32,True,AR
16-05400-000,2/1/1993,0.0,WD(WARRANTY DEED),0.32,True,AR
16-05400-000,2/1/1993,5000.0,WD(WARRANTY DEED),0.32,True,AR
16-05400-000,8/5/1982,6000.0,WD(WARRANTY DEED),0.32,True,AR
16-05401-000,2/13/2017,239000.0,WD(WARRANTY DEED),0.32,False,AR
16-05401-000,9/1/2004,2000.0,WD(WARRANTY DEED),0.32,False,AR
16-05401-000,9/1/2004,3333.0,WD(WARRANTY DEED),0.32,False,AR
16-05401-000,6/28/1989,0.0,CONT(CONTRACT),0.32,False,AR
16-05401-000,11/24/1981,6000.0,WD(WARRANTY DEED),0.32,False,AR
16-05402-000,2/13/2017,239000.0,WD(WARRANTY DEED),0.34,True,AR
16-05402-000,7/7/1998,104000.0,WD(WARRANTY DEED),0.34,True,AR
16-05402-000,1/14/1997,5000.0,WD(WARRANTY DEED),0.34,True,AR
16-05402-000,9/16/1996,2000.0,WD(WARRANTY DEED),0.34,True,AR
16-05402-000,8/7/1992,2000.0,WD(WARRANTY DEED),0.34,True,AR
16-05402-000,9/11/1991,4700.0,WD(WARRANTY DEED),0.34,True,AR
16-05402-000,6/8/1982,5000.0,WD(WARRANTY DEED),0.34,True,AR
16-05403-000,2/13/2017,239000.0,WD(WARRANTY DEED),0.36,True,AR
16-05403-000,10/20/2016,28000.0,WD(WARRANTY DEED),0.36,True,AR
16-05403-000,7/14/2003,1000.0,WD(WARRANTY DEED),0.36,True,AR
16-05403-000,7/14/1982,5000.0,WD(WARRANTY DEED),0.36,True,AR
16-05404-000,2/6/2025,0.0,BD(BENEFICIARY DEED),0.49,True,AR
16-05404-000,6/15/2018,161000.0,WD(WARRANTY DEED),0.49,True,AR
16-05404-000,8/26/2016,0.0,DC(DEATH CERTIFICATE),0.49,True,AR
16-05404-000,8/28/2012,0.0,CERT(CERTIFICATE),0.49,True,AR
16-05404-000,8/22/2012,135000.0,WD(WARRANTY DEED),0.49,True,AR
16-05404-000,8/5/2004,165000.0,TRD(TRUSTEES DEED),0.49,True,AR
16-05404-000,6/21/1999,0.0,DC(DEATH CERTIFICATE),0.49,True,AR
16-05404-000,8/30/1988,0.0,WD(WARRANTY DEED),0.49,True,AR
16-05404-000,3/6/1987,0.0,WD(WARRANTY DEED),0.49,True,AR
16-05404-000,7/23/1984,0.0,WD(WARRANTY DEED),0.49,True,AR
16-05404-000,7/23/1984,0.0,WD(WARRANTY DEED),0.49,True,AR
16-05404-000,6/5/1984,0.0,WD(WARRANTY DEED),0.49,True,AR
16-05405-000,2/6/2025,0.0,BD(BENEFICIARY DEED),0.51,False,AR
16-05405-000,6/15/2018,161000.0,WD(WARRANTY DEED),0.51,False,AR
16-05405-000,8/26/2016,0.0,DC(DEATH CERTIFICATE),0.51,False,AR
16-05405-000,8/28/2012,0.0,CERT(CERTIFICATE),0.51,False,AR
16-05405-000,8/22/2012,135000.0,WD(WARRANTY DEED),0.51,False,AR
16-05405-000,8/5/2004,165000.0,TRD(TRUSTEES DEED),0.51,False,AR
16-05405-000,6/21/1999,0.0,DC(DEATH CERTIFICATE),0.51,False,AR
16-05405-000,8/30/1988,0.0,WD(WARRANTY DEED),0.51,False,AR
16-05405-000,3/6/1987,11000.0,WD(WARRANTY DEED),0.51,False,AR
16-05405-000,7/21/1984,6000.0,WD(WARRANTY DEED),0.51,False,AR
16-05405-000,7/17/1984,7000.0,WD(WARRANTY DEED),0.51,False,AR
16-05406-000,7/29/2022,349000.0,WD(WARRANTY DEED),0.44,True,AR
16-05406-000,7/26/2021,295000.0,TRWD(TRUSTEES WARRANTY DEED),0.44,True,AR
16-05406-000,7/26/2021,0.0,CERT(CERTIFICATE),0.44,True,AR
16-05406-000,3/12/2019,0.0,DC(DEATH CERTIFICATE),0.44,True,AR
16-05406-000,4/4/2018,0.0,CERT(CERTIFICATE),0.44,True,AR
16-05406-000,3/1/2012,0.0,WD(WARRANTY DEED),0.44,True,AR
16-05406-000,3/1/2012,0.0,CERT(CERTIFICATE),0.44,True,AR
16-05406-000,4/24/1991,105000.0,WD(WARRANTY DEED),0.44,True,AR
16-05406-000,3/14/1988,98000.0,WD(WARRANTY DEED),0.44,True,AR
16-05406-000,1/8/1985,6500.0,WD(WARRANTY DEED),0.44,True,AR
16-05407-000,12/14/2023,0.0,QCD(QUITCLAIM DEED),0.49,True,
16-05407-000,12/16/2022,0.0,QCD(QUITCLAIM DEED),0.49,True,
16-05407-000,8/10/2016,2000.0,WD(WARRANTY DEED),0.49,True,
16-05407-000,7/1/2015,0.0,DC(DEATH CERTIFICATE),0.49,True,
16-05407-000,12/29/2014,0.0,BD(BENEFICIARY DEED),0.49,True,
16-05407-000,10/24/2014,0.0,DC(DEATH CERTIFICATE),0.49,True,
16-05407-000,8/14/1986,2000.0,WD(WARRANTY DEED),0.49,True,
16-05407-000,5/9/1986,0.0,DC(DEATH CERTIFICATE),0.49,True,
16-05407-000,9/1/1982,7000.0,WD(WARRANTY DEED),0.49,True,
16-05408-000,11/20/2019,0.0,DEC(DECREE),0.47,False,AR
16-05408-000,7/8/2019,1260.0,SWD(SPECIAL WARRANTY DEED),0.47,False,AR
16-05408-000,2/1/2018,0.0,LWD(LIMITED WARRANTY DEED),0.47,False,AR
16-05408-000,6/1/2005,2000.0,WD(WARRANTY DEED),0.47,False,AR
16-05408-000,3/13/2002,0.0,DC(DEATH CERTIFICATE),0.47,False,AR
16-05408-000,5/4/1983,0.0,WD(WARRANTY DEED),0.47,False,AR
16-05409-000,12/21/2021,8000.0,WD(WARRANTY DEED),0.36,False,TX
16-05409-000,12/4/2020,0.0,LWD(LIMITED WARRANTY DEED),0.36,False,TX
16-05409-000,5/9/2005,3000.0,WD(WARRANTY DEED),0.36,False,TX
16-05409-000,8/27/1982,6000.0,WD(WARRANTY DEED),0.36,False,TX
16-05410-000,5/22/2019,0.0,RD(REDEMPTION DEED),0.35,False,AR
16-05410-000,5/10/2019,4000.0,WD(WARRANTY DEED),0.35,False,AR
16-05410-000,7/27/2016,0.0,RD(REDEMPTION DEED),0.35,False,AR
16-05410-000,6/21/2007,14000.0,WD(WARRANTY DEED),0.35,False,AR
16-05410-000,5/17/2005,3000.0,WD(WARRANTY DEED),0.35,False,AR
16-05410-000,9/22/1997,8000.0,WD(WARRANTY DEED),0.35,False,AR
16-05410-000,12/5/1983,7000.0,WD(WARRANTY DEED),0.35,False,AR
16-05410-000,8/1/1982,0.0,CONT(CONTRACT),0.35,False,AR
16-05411-000,4/1/2019,5000.0,WD(WARRANTY DEED),0.42,True,AR
16-05411-000,6/21/2007,14000.0,WD(WARRANTY DEED),0.42,True,AR
16-05411-000,12/7/2004,0.0,WD(WARRANTY DEED),0.42,True,AR
16-05411-000,6/22/1998,7000.0,WD(WARRANTY DEED),0.42,True,AR
16-05411-000,6/8/1983,0.0,WD(WARRANTY DEED),0.42,True,AR
16-05411-000,4/4/1983,0.0,CONT(CONTRACT),0.42,True,AR
16-05412-000,9/1/2022,390000.0,WD(WARRANTY DEED),0.42,True,AR
16-05412-000,2/9/2021,0.0,WD(WARRANTY DEED),0.42,True,AR
16-05412-000,7/30/2019,1700.0,WD(WARRANTY DEED),0.42,True,AR
16-05412-000,11/17/2010,0.0,QCD(QUITCLAIM DEED),0.42,True,AR
16-05412-000,10/25/2001,0.0,QCD(QUITCLAIM DEED),0.42,True,AR
16-05412-000,10/25/2001,7000.0,WD(WARRANTY DEED),0.42,True,AR
16-05412-000,6/5/1989,0.0,CONT(CONTRACT),0.42,True,AR
16-05412-000,4/26/1983,7000.0,WD(WARRANTY DEED),0.42,True,AR
16-05413-000,6/30/1998,0.0,QCD(QUITCLAIM DEED),0.55,True,AR
16-05413-000,12/26/1997,6000.0,WD(WARRANTY DEED),0.55,True,AR
16-05413-000,6/21/1990,7000.0,WD(WARRANTY DEED),0.55,True,AR
16-05413-000,11/27/1989,0.0,CONT(CONTRACT),0.55,True,AR
16-05413-000,9/21/1987,0.0,CONT(CONTRACT),0.55,True,AR
16-05413-000,6/1/1986,0.0,CONT(CONTRACT),0.55,True,AR
16-05413-000,6/2/1975,6000.0,WD(WARRANTY DEED),0.55,True,AR
16-05414-000,7/16/2021,225000.0,WD(WARRANTY DEED),0.43,True,AR
16-05414-000,10/31/1996,80000.0,WD(WARRANTY DEED),0.43,True,AR
16-05414-000,3/26/1993,67000.0,WD(WARRANTY DEED),0.43,True,AR
16-05414-000,4/29/1981,87000.0,WD(WARRANTY DEED),0.43,True,AR
16-05415-000,5/7/2010,0.0,QCD(QUITCLAIM DEED),0.47,False,RI
16-05415-000,1/11/2008,15000.0,WD(WARRANTY DEED),0.47,False,RI
16-05415-000,12/15/2004,0.0,WD(WARRANTY DEED),0.47,False,RI
16-05415-000,12/14/2004,0.0,CORRWD(CORRECTED WARRANTY DEED),0.47,False,RI
16-05415-000,9/28/2004,16000.0,WD(WARRANTY DEED),0.47,False,RI
16-05415-000,7/8/2004,0.0,WD(WARRANTY DEED),0.47,False,RI
16-05415-000,12/19/2000,0.0,HIST(HISTORICAL),0.47,False,RI
16-05415-000,12/18/1975,7000.0,WD(WARRANTY DEED),0.47,False,RI
16-05416-000,11/3/2023,10000.0,WD(WARRANTY DEED),0.5,False,AR
16-05416-000,7/15/2023,0.0,DC(DEATH CERTIFICATE),0.5,False,AR
16-05416-000,1/31/1983,5000.0,WD(WARRANTY DEED),0.5,False,AR
16-05417-000,7/16/2024,290000.0,WD(WARRANTY DEED),0.42,True,AR
16-05417-000,3/6/2018,157000.0,WD(WARRANTY DEED),0.42,True,AR
16-05417-000,11/18/2004,154000.0,WD(WARRANTY DEED),0.42,True,AR
16-05417-000,12/18/2003,0.0,WD(WARRANTY DEED),0.42,True,AR
16-05417-000,12/18/2003,0.0,WD(WARRANTY DEED),0.42,True,AR
16-05417-000,12/18/2003,6000.0,WD(WARRANTY DEED),0.42,True,AR
16-05417-000,3/18/2002,0.0,QCD(QUITCLAIM DEED),0.42,True,AR
16-05417-000,4/24/1995,0.0,WD(WARRANTY DEED),0.42,True,AR
16-05417-000,6/26/1980,7000.0,WD(WARRANTY DEED),0.42,True,AR
16-05418-000,8/16/2002,8000.0,WD(WARRANTY DEED),0.41,False,WI
16-05418-000,7/16/2002,0.0,RD(REDEMPTION DEED),0.41,False,WI
16-05418-000,6/1/1989,0.0,CONT(CONTRACT),0.41,False,WI
16-05418-000,1/22/1976,6000.0,WD(WARRANTY DEED),0.41,False,WI
16-05419-000,2/17/2017,0.0,RD(REDEMPTION DEED),0.38,False,FL
16-05419-000,8/28/2009,1451000.0,QCD(QUITCLAIM DEED),0.38,False,FL
16-05419-000,8/21/2009,402000.0,DEED(GRANT DEED),0.38,False,FL
16-05419-000,9/15/2008,0.0,DEED(GRANT DEED),0.38,False,FL
16-05419-000,8/16/2005,4000.0,WD(WARRANTY DEED),0.38,False,FL
16-05419-000,5/4/1987,0.0,WD(WARRANTY DEED),0.38,False,FL
16-05420-000,10/3/2024,345000.0,WD(WARRANTY DEED),0.47,True,AR
16-05420-000,5/8/2013,100000.0,QCD(QUITCLAIM DEED),0.47,True,AR
16-05420-000,7/24/1985,11400.0,WD(WARRANTY DEED),0.47,True,AR
16-05420-000,2/1/1985,9000.0,WD(WARRANTY DEED),0.47,True,AR
16-05421-000,6/13/2024,0.0,BD(BENEFICIARY DEED),0.31,True,AR
16-05421-000,6/8/2023,0.0,QCD(QUITCLAIM DEED),0.31,True,AR
16-05421-000,4/23/2021,0.0,DEC(DECREE),0.31,True,AR
16-05421-000,7/15/2019,275000.0,WD(WARRANTY DEED),0.31,True,AR
16-05421-000,6/25/2015,229000.0,WD(WARRANTY DEED),0.31,True,AR
16-05421-000,2/24/2010,0.0,WD(WARRANTY DEED),0.31,True,AR
16-05421-000,2/22/2010,195000.0,WD(WARRANTY DEED),0.31,True,AR
16-05421-000,12/7/2007,0.0,CERT(CERTIFICATE),0.31,True,AR
16-05421-000,12/7/2007,0.0,CERT(CERTIFICATE),0.31,True,AR
16-05421-000,5/5/2006,0.0,QCD(QUITCLAIM DEED),0.31,True,AR
16-05421-000,5/5/2006,0.0,MEMO(MEMORANDUM),0.31,True,AR
16-05421-000,4/20/1993,147000.0,WD(WARRANTY DEED),0.31,True,AR
16-05421-000,9/17/1984,10500.0,WD(WARRANTY DEED),0.31,True,AR
16-05422-000,7/15/2016,280000.0,WD(WARRANTY DEED),0.38,True,AR
16-05422-000,11/21/2002,235000.0,WD(WARRANTY DEED),0.38,True,AR
16-05422-000,10/13/1993,0.0,WD(WARRANTY DEED),0.38,True,AR
16-05422-000,10/13/1993,0.0,WD(WARRANTY DEED),0.38,True,AR
16-05422-000,10/13/1993,0.0,TRAG(TRUST AGREEMENT),0.38,True,AR
16-05422-000,10/13/1993,0.0,TRAG(TRUST AGREEMENT),0.38,True,AR
16-05422-000,11/17/1992,6000.0,WD(WARRANTY DEED),0.38,True,AR
16-05422-000,8/5/1980,11000.0,WD(WARRANTY DEED),0.38,True,AR
16-05422-000,7/17/1978,7000.0,WD(WARRANTY DEED),0.38,True,AR
16-05422-000,6/9/1978,7000.0,WD(WARRANTY DEED),0.38,True,AR
16-05423-000,4/17/2019,0.0,QCD(QUITCLAIM DEED),0.39,False,AR
16-05423-000,12/29/2017,160000.0,WD(WARRANTY DEED),0.39,False,AR
16-05423-000,12/29/2017,0.0,CERT(CERTIFICATE),0.39,False,AR
16-05423-000,12/21/2017,0.0,AFF(AFFIDAVIT),0.39,False,AR
16-05423-000,12/14/2009,0.0,WD(WARRANTY DEED),0.39,False,AR
16-05423-000,8/6/2008,0.0,MEMO(MEMORANDUM),0.39,False,AR
16-05423-000,2/22/2005,0.0,DC(DEATH CERTIFICATE),0.39,False,AR
16-05423-000,7/13/1986,0.0,DC(DEATH CERTIFICATE),0.39,False,AR
16-05423-000,11/15/1985,0.0,WD(WARRANTY DEED),0.39,False,AR
16-05423-000,10/17/1985,5000.0,WD(WARRANTY DEED),0.39,False,AR
16-05423-000,10/25/1983,7000.0,WD(WARRANTY DEED),0.39,False,AR
16-05424-000,4/17/2019,0.0,QCD(QUITCLAIM DEED),0.34,True,AR
16-05424-000,12/29/2017,160000.0,WD(WARRANTY DEED),0.34,True,AR
16-05424-000,12/29/2017,0.0,CERT(CERTIFICATE),0.34,True,AR
16-05424-000,12/21/2017,0.0,AFF(AFFIDAVIT),0.34,True,AR
16-05424-000,8/6/2008,0.0,WD(WARRANTY DEED),0.34,True,AR
16-05424-000,8/6/2008,0.0,MEMO(MEMORANDUM),0.34,True,AR
16-05424-000,3/8/2006,0.0,TRD(TRUSTEES DEED),0.34,True,AR
16-05424-000,4/22/2005,0.0,TRD(TRUSTEES DEED),0.34,True,AR
16-05424-000,2/22/2005,0.0,DC(DEATH CERTIFICATE),0.34,True,AR
16-05424-000,8/11/1989,0.0,CORRWD(CORRECTED WARRANTY DEED),0.34,True,AR
16-05424-000,5/9/1989,0.0,TRAG(TRUST AGREEMENT),0.34,True,AR
16-05424-000,7/13/1986,0.0,DC(DEATH CERTIFICATE),0.34,True,AR
16-05424-000,12/26/1979,50000.0,WD(WARRANTY DEED),0.34,True,AR
16-05425-000,5/20/2019,315000.0,WD(WARRANTY DEED),0.33,True,AR
16-05425-000,3/19/2019,0.0,QCD(QUITCLAIM DEED),0.33,True,AR
16-05425-000,3/22/2016,275000.0,WD(WARRANTY DEED),0.33,True,AR
16-05425-000,10/31/2008,295000.0,WD(WARRANTY DEED),0.33,True,AR
16-05425-000,10/31/2008,0.0,CONT(CONTRACT),0.33,True,AR
16-05425-000,1/20/2005,0.0,WD(WARRANTY DEED),0.33,True,AR
16-05425-000,12/4/2003,7000.0,WD(WARRANTY DEED),0.33,True,AR
16-05425-000,1/18/2001,0.0,QCD(QUITCLAIM DEED),0.33,True,AR
16-05425-000,1/18/2001,4000.0,WD(WARRANTY DEED),0.33,True,AR
16-05425-000,1/8/2001,0.0,QCD(QUITCLAIM DEED),0.33,True,AR
16-05425-000,7/7/1993,0.0,CONT(CONTRACT),0.33,True,AR
16-05425-000,4/13/1988,0.0,CONT(CONTRACT),0.33,True,AR
16-05425-000,6/28/1982,8000.0,WD(WARRANTY DEED),0.33,True,AR
16-05426-000,5/9/2023,0.0,WD(WARRANTY DEED),0.3,True,AR
16-05426-000,2/19/2020,299000.0,WD(WARRANTY DEED),0.3,True,AR
16-05426-000,4/29/2016,265000.0,WD(WARRANTY DEED),0.3,True,AR
16-05426-000,9/4/2015,0.0,BD(BENEFICIARY DEED),0.3,True,AR
16-05426-000,12/31/2013,0.0,BD(BENEFICIARY DEED),0.3,True,AR
16-05426-000,12/31/2013,0.0,OTHER(OTHER DOCUMENT),0.3,True,AR
16-05426-000,11/24/2013,0.0,BD(BENEFICIARY DEED),0.3,True,AR
16-05426-000,8/8/2013,175000.0,TRD(TRUSTEES DEED),0.3,True,AR
16-05426-000,4/16/2004,200000.0,WD(WARRANTY DEED),0.3,True,AR
16-05426-000,4/15/2004,0.0,MEMO(MEMORANDUM),0.3,True,AR
16-05426-000,9/28/2001,186000.0,WD(WARRANTY DEED),0.3,True,AR
16-05426-000,9/14/1998,4000.0,WD(WARRANTY DEED),0.3,True,AR
16-05426-000,8/12/1996,0.0,DC(DEATH CERTIFICATE),0.3,True,AR
16-05426-000,4/24/1996,0.0,AFF(AFFIDAVIT),0.3,True,AR
16-05426-000,12/8/1983,0.0,WD(WARRANTY DEED),0.3,True,AR
16-05426-000,12/28/1981,0.0,DC(DEATH CERTIFICATE),0.3,True,AR
16-05427-000,11/6/2018,242000.0,WD(WARRANTY DEED),0.37,True,AR
16-05427-000,8/29/2013,198000.0,WD(WARRANTY DEED),0.37,True,AR
16-05427-000,4/28/2011,0.0,QCD(QUITCLAIM DEED),0.37,True,AR
16-05427-000,3/12/2007,240000.0,WD(WARRANTY DEED),0.37,True,AR
16-05427-000,5/6/2003,1000.0,WD(WARRANTY DEED),0.37,True,AR
16-05427-000,7/23/1982,7000.0,WD(WARRANTY DEED),0.37,True,AR
16-05428-000,10/23/2017,0.0,QCD(QUITCLAIM DEED),0.41,True,AR
16-05428-000,6/21/2004,137000.0,WD(WARRANTY DEED),0.41,True,AR
16-05428-000,6/21/2004,0.0,DC(DEATH CERTIFICATE),0.41,True,AR
16-05428-000,6/21/2004,0.0,POA(POWER OF ATTORNEY),0.41,True,AR
16-05428-000,8/4/1987,1500.0,WD(WARRANTY DEED),0.41,True,AR
16-05428-000,4/7/1987,0.0,WD(WARRANTY DEED),0.41,True,AR
16-05428-000,9/9/1983,0.0,WD(WARRANTY DEED),0.41,True,AR
16-05429-000,5/3/2024,23000.0,WD(WARRANTY DEED),0.48,False,AR
16-05429-000,1/16/2019,0.0,RD(REDEMPTION DEED),0.48,False,AR
16-05429-000,3/20/2009,0.0,DEED(GRANT DEED),0.48,False,AR
16-05429-000,2/21/2009,0.0,QCD(QUITCLAIM DEED),0.48,False,AR
16-05429-000,6/28/2007,30000.0,WD(WARRANTY DEED),0.48,False,AR
16-05429-000,5/2/2006,9000.0,WD(WARRANTY DEED),0.48,False,AR
16-05429-000,6/14/1982,7000.0,WD(WARRANTY DEED),0.48,False,AR
16-05430-000,12/20/2023,335000.0,WD(WARRANTY DEED),0.34,True,AR
16-05430-000,5/31/2017,0.0,BD(BENEFICIARY DEED),0.34,True,AR
16-05430-000,6/13/2016,164000.0,WD(WARRANTY DEED),0.34,True,AR
16-05430-000,6/13/2016,0.0,MEMO(MEMORANDUM),0.34,True,AR
16-05430-000,8/20/2015,0.0,QCD(QUITCLAIM DEED),0.34,True,AR
16-05430-000,7/23/2008,167000.0,WD(WARRANTY DEED),0.34,True,AR
16-05430-000,5/18/2004,150000.0,WD(WARRANTY DEED),0.34,True,AR
16-05430-000,12/28/1999,102000.0,WD(WARRANTY DEED),0.34,True,AR
16-05430-000,5/5/1999,2000.0,TRD(TRUSTEES DEED),0.34,True,AR
16-05430-000,5/12/1998,0.0,WD(WARRANTY DEED),0.34,True,AR
16-05430-000,1/4/1998,0.0,DC(DEATH CERTIFICATE),0.34,True,AR
16-05430-000,8/5/1992,0.0,WD(WARRANTY DEED),0.34,True,AR
16-05430-000,10/20/1984,8000.0,WD(WARRANTY DEED),0.34,True,AR
16-05431-000,11/30/2004,147000.0,WD(WARRANTY DEED),0.34,True,AR
16-05431-000,5/18/2004,3000.0,WD(WARRANTY DEED),0.34,True,AR
16-05431-000,2/20/2003,2000.0,WD(WARRANTY DEED),0.34,True,AR
16-05431-000,1/19/2000,3000.0,WD(WARRANTY DEED),0.34,True,AR
16-05431-000,5/24/1994,0.0,QCD(QUITCLAIM DEED),0.34,True,AR
16-05431-000,4/23/1982,6000.0,WD(WARRANTY DEED),0.34,True,AR
16-05432-000,9/14/2005,4000.0,WD(WARRANTY DEED),0.36,False,AR
16-05432-000,6/19/1992,9000.0,WD(WARRANTY DEED),0.36,False,AR
16-05432-000,12/11/1983,0.0,DC(DEATH CERTIFICATE),0.36,False,AR
16-05432-000,11/1/1981,0.0,CONT(CONTRACT),0.36,False,AR
16-05432-000,2/4/1977,7000.0,WD(WARRANTY DEED),0.36,False,AR
16-05433-000,6/17/2021,385000.0,WD(WARRANTY DEED),1.08,True,AR
16-05433-000,6/17/2002,222000.0,WD(WARRANTY DEED),1.08,True,AR
16-05433-000,7/11/2001,0.0,DC(DEATH CERTIFICATE),1.08,True,AR
16-05433-000,4/26/1991,6000.0,WD(WARRANTY DEED),1.08,True,AR
16-05433-000,10/2/1990,0.0,TRAG(TRUST AGREEMENT),1.08,True,AR
16-05433-000,10/2/1990,0.0,WD(WARRANTY DEED),1.08,True,AR
16-05433-000,9/9/1990,0.0,DC(DEATH CERTIFICATE),1.08,True,AR
16-05433-000,3/9/1990,0.0,CONT(CONTRACT),1.08,True,AR
16-05433-000,4/16/1987,0.0,CONT(CONTRACT),1.08,True,AR
16-05433-000,11/20/1986,0.0,CONT(CONTRACT),1.08,True,AR
16-05433-000,3/1/1986,0.0,CONT(CONTRACT),1.08,True,AR
16-05433-000,5/5/1981,6000.0,WD(WARRANTY DEED),1.08,True,AR
16-05434-000,3/7/2020,0.0,QCD(QUITCLAIM DEED),0.46,True,AR
16-05434-000,11/15/2017,114000.0,WD(WARRANTY DEED),0.46,True,AR
16-05434-000,8/12/2017,0.0,DC(DEATH CERTIFICATE),0.46,True,AR
16-05434-000,10/7/2002,113000.0,WD(WARRANTY DEED),0.46,True,AR
16-05434-000,8/1/2001,0.0,DC(DEATH CERTIFICATE),0.46,True,AR
16-05434-000,3/29/1994,0.0,WD(WARRANTY DEED),0.46,True,AR
16-05434-000,7/27/1993,96000.0,WD(WARRANTY DEED),0.46,True,AR
16-05434-000,2/22/1993,4000.0,WD(WARRANTY DEED),0.46,True,AR
16-05434-000,5/22/1987,8000.0,WD(WARRANTY DEED),0.46,True,AR
16-05434-000,11/20/1986,0.0,CONT(CONTRACT),0.46,True,AR
16-05434-000,4/30/1977,13000.0,WD(WARRANTY DEED),0.46,True,AR
16-05435-000,2/11/2014,0.0,WD(WARRANTY DEED),0.36,True,AR
16-05435-000,11/26/2013,86000.0,WD(WARRANTY DEED),0.36,True,AR
16-05435-000,11/26/2013,0.0,CERT(CERTIFICATE),0.36,True,AR
16-05435-000,4/10/2012,0.0,DC(DEATH CERTIFICATE),0.36,True,AR
16-05435-000,11/17/2004,0.0,WD(WARRANTY DEED),0.36,True,AR
16-05435-000,11/17/2004,0.0,CERT(CERTIFICATE),0.36,True,AR
16-05435-000,5/15/2003,90000.0,WD(WARRANTY DEED),0.36,True,AR
16-05435-000,8/3/1998,74000.0,WD(WARRANTY DEED),0.36,True,AR
16-05435-000,8/31/1990,88000.0,WD(WARRANTY DEED),0.36,True,AR
16-05435-000,8/28/1990,70000.0,WD(WARRANTY DEED),0.36,True,AR
16-05435-000,6/7/1990,7000.0,WD(WARRANTY DEED),0.36,True,AR
16-05435-000,8/31/1982,6000.0,WD(WARRANTY DEED),0.36,True,AR
16-05436-000,2/27/2013,162000.0,WD(WARRANTY DEED),0.42,True,AR
16-05436-000,3/5/2007,160000.0,WD(WARRANTY DEED),0.42,True,AR
16-05436-000,6/4/1993,0.0,DC(DEATH CERTIFICATE),0.42,True,AR
16-05436-000,2/15/1992,90800.0,WD(WARRANTY DEED),0.42,True,AR
16-05436-000,4/3/1989,86000.0,WD(WARRANTY DEED),0.42,True,AR
16-05436-000,10/15/1986,77000.0,WD(WARRANTY DEED),0.42,True,AR
16-05436-000,5/12/1986,73000.0,WD(WARRANTY DEED),0.42,True,AR
16-05436-000,12/21/1984,0.0,WD(WARRANTY DEED),0.42,True,AR
16-05436-000,4/17/1984,8000.0,WD(WARRANTY DEED),0.42,True,AR
16-05437-000,11/7/2006,11000.0,WD(WARRANTY DEED),0.42,False,OX
16-05437-000,9/15/2006,0.0,QCD(QUITCLAIM DEED),0.42,False,OX
16-05437-000,12/27/2005,8000.0,WD(WARRANTY DEED),0.42,False,OX
16-05437-000,12/27/2005,0.0,QCD(QUITCLAIM DEED),0.42,False,OX
16-05437-000,12/27/2005,1000.0,QCD(QUITCLAIM DEED),0.42,False,OX
16-05437-000,12/27/2005,0.0,QCD(QUITCLAIM DEED),0.42,False,OX
16-05437-000,12/27/2005,0.0,QCD(QUITCLAIM DEED),0.42,False,OX
16-05437-000,10/4/2002,0.0,QCD(QUITCLAIM DEED),0.42,False,OX
16-05437-000,6/15/2001,1000.0,QCD(QUITCLAIM DEED),0.42,False,OX
16-05437-000,6/15/2001,0.0,QCD(QUITCLAIM DEED),0.42,False,OX
16-05437-000,6/15/2001,0.0,WD(WARRANTY DEED),0.42,False,OX
16-05437-000,4/23/1987,0.0,CONT(CONTRACT),0.42,False,OX
16-05437-000,12/19/1986,7000.0,WD(WARRANTY DEED),0.42,False,OX
16-05437-000,8/5/1982,7000.0,WD(WARRANTY DEED),0.42,False,OX
16-05438-000,10/30/2006,11000.0,WD(WARRANTY DEED),0.4,False,OX
16-05438-000,11/10/2003,0.0,RD(REDEMPTION DEED),0.4,False,OX
16-05438-000,7/27/1981,8000.0,WD(WARRANTY DEED),0.4,False,OX
16-05438-000,2/9/1973,8000.0,WD(WARRANTY DEED),0.4,False,OX
16-05439-000,9/15/2021,230000.0,WD(WARRANTY DEED),0.34,True,KS
16-05439-000,9/27/1999,88000.0,WD(WARRANTY DEED),0.34,True,KS
16-05439-000,4/21/1992,0.0,WD(WARRANTY DEED),0.34,True,KS
16-05439-000,6/1/1990,5000.0,WD(WARRANTY DEED),0.34,True,KS
16-05439-000,2/28/1984,10000.0,WD(WARRANTY DEED),0.34,True,KS
16-05440-000,4/23/2024,0.0,QCD(QUITCLAIM DEED),0.35,False,AR
16-05440-000,6/23/2021,4000.0,WD(WARRANTY DEED),0.35,False,AR
16-05440-000,7/17/1983,6000.0,WD(WARRANTY DEED),0.35,False,AR
16-05440-000,7/17/1983,0.0,CONT(CONTRACT),0.35,False,AR
16-05440-000,10/5/1982,6000.0,WD(WARRANTY DEED),0.35,False,AR
16-05441-000,5/8/2008,83000.0,WD(WARRANTY DEED),0.39,True,AR
16-05441-000,6/18/2003,83000.0,WD(WARRANTY DEED),0.39,True,AR
16-05441-000,9/21/1998,74000.0,WD(WARRANTY DEED),0.39,True,AR
16-05441-000,7/28/1993,70000.0,WD(WARRANTY DEED),0.39,True,AR
16-05441-000,12/16/1992,0.0,WD(WARRANTY DEED),0.39,True,AR
16-05441-000,12/1/1992,5000.0,WD(WARRANTY DEED),0.39,True,AR
16-05441-000,8/4/1983,6000.0,WD(WARRANTY DEED),0.39,True,AR
16-05442-000,6/3/2024,300000.0,WD(WARRANTY DEED),0.44,True,AR
16-05442-000,2/18/2003,0.0,QCD(QUITCLAIM DEED),0.44,True,AR
16-05442-000,10/31/2000,100000.0,WD(WARRANTY DEED),0.44,True,AR
16-05442-000,4/19/1994,5000.0,WD(WARRANTY DEED),0.44,True,AR
16-05442-000,11/9/1992,0.0,QCD(QUITCLAIM DEED),0.44,True,AR
16-05442-000,7/14/1982,12000.0,WD(WARRANTY DEED),0.44,True,AR
16-05443-000,12/4/2019,369.0,LWD(LIMITED WARRANTY DEED),0.39,False,AZ
16-05443-000,10/2/2013,0.0,LWD(LIMITED WARRANTY DEED),0.39,False,AZ
16-05443-000,10/2/2006,15000.0,WD(WARRANTY DEED),0.39,False,AZ
16-05443-000,8/16/2005,4000.0,WD(WARRANTY DEED),0.39,False,AZ
16-05443-000,9/24/1997,7000.0,WD(WARRANTY DEED),0.39,False,AZ
16-05443-000,6/9/1987,0.0,CONT(CONTRACT),0.39,False,AZ
16-05443-000,4/21/1987,7000.0,WD(WARRANTY DEED),0.39,False,AZ
16-05443-000,1/17/1983,0.0,WD(WARRANTY DEED),0.39,False,AZ
16-05444-000,2/2/2023,0.0,CERT(CERTIFICATE),0.39,True,AR
16-05444-000,1/27/2023,0.0,SWD(SPECIAL WARRANTY DEED),0.39,True,AR
16-05444-000,6/20/2022,0.0,DC(DEATH CERTIFICATE),0.39,True,AR
16-05444-000,7/11/2020,0.0,OTHER(OTHER DOCUMENT),0.39,True,AR
16-05444-000,7/6/2017,0.0,BD(BENEFICIARY DEED),0.39,True,AR
16-05444-000,10/7/1997,85000.0,WD(WARRANTY DEED),0.39,True,AR
16-05444-000,9/5/1991,43000.0,WD(WARRANTY DEED),0.39,True,AR
16-05445-000,7/31/2023,298000.0,WD(WARRANTY DEED),0.35,True,AR
16-05445-000,5/17/2023,0.0,DC(DEATH CERTIFICATE),0.35,True,AR
16-05445-000,2/28/2017,0.0,BD(BENEFICIARY DEED),0.35,True,AR
16-05445-000,12/19/2000,0.0,DC(DEATH CERTIFICATE),0.35,True,AR
16-05445-000,11/6/2000,0.0,PLAT(PLAT),0.35,True,AR
16-05445-000,10/31/1988,82000.0,WD(WARRANTY DEED),0.35,True,AR
16-05445-000,7/11/1988,3000.0,WD(WARRANTY DEED),0.35,True,AR
16-05446-000,10/24/1996,1000.0,CWD(CORPORATION WARRANTY DEED),0.42,False,AR
16-05446-000,10/24/1996,1000.0,WD(WARRANTY DEED),0.42,False,AR
16-05446-000,8/1/1983,0.0,WD(WARRANTY DEED),0.42,False,AR
16-05447-000,10/6/2015,0.0,CERT(CERTIFICATE),0.42,False,MN
16-05447-000,9/15/2015,0.0,SWD(SPECIAL WARRANTY DEED),0.42,False,MN
16-05447-000,11/8/2013,0.0,CERT(CERTIFICATE),0.42,False,MN
16-05447-000,7/3/2006,114000.0,WD(WARRANTY DEED),0.42,False,MN
16-05447-000,7/3/2006,0.0,QCD(QUITCLAIM DEED),0.42,False,MN
16-05447-000,4/5/2005,4000.0,WD(WARRANTY DEED),0.42,False,MN
16-05447-000,3/28/2005,1000.0,WD(WARRANTY DEED),0.42,False,MN
16-05447-000,2/24/1995,2000.0,WD(WARRANTY DEED),0.42,False,MN
16-05447-000,9/9/1986,2000.0,WD(WARRANTY DEED),0.42,False,MN
16-05447-000,11/9/1983,7000.0,WD(WARRANTY DEED),0.42,False,MN
16-05448-000,11/26/2018,3300.0,WD(WARRANTY DEED),0.39,False,AR
16-05448-000,2/17/2017,0.0,RD(REDEMPTION DEED),0.39,False,AR
16-05448-000,8/28/2009,1451000.0,QCD(QUITCLAIM DEED),0.39,False,AR
16-05448-000,8/21/2009,402000.0,DEED(GRANT DEED),0.39,False,AR
16-05448-000,9/15/2008,0.0,DEED(GRANT DEED),0.39,False,AR
16-05448-000,1/9/2006,9000.0,WD(WARRANTY DEED),0.39,False,AR
16-05449-000,7/17/2018,166000.0,LWD(LIMITED WARRANTY DEED),0.38,True,AR
16-05449-000,2/28/2018,94901.0,TRD(TRUSTEES DEED),0.38,True,AR
16-05449-000,1/30/2009,110000.0,WD(WARRANTY DEED),0.38,True,AR
16-05449-000,1/29/2009,0.0,MEMO(MEMORANDUM),0.38,True,AR
16-05449-000,6/12/1998,0.0,QCD(QUITCLAIM DEED),0.38,True,AR
16-05449-000,3/20/1998,0.0,POA(POWER OF ATTORNEY),0.38,True,AR
16-05449-000,3/20/1998,0.0,POA(POWER OF ATTORNEY),0.38,True,AR
16-05449-000,8/19/1980,86000.0,WD(WARRANTY DEED),0.38,True,AR
16-05451-000,6/9/2023,0.0,QCD(QUITCLAIM DEED),0.7,True,AR
16-05451-000,5/19/2005,153000.0,WD(WARRANTY DEED),0.7,True,AR
16-05451-000,4/8/2005,0.0,WD(WARRANTY DEED),0.7,True,AR
16-05451-000,3/28/2005,0.0,CERT(CERTIFICATE),0.7,True,AR
16-05451-000,9/5/2001,115000.0,WD(WARRANTY DEED),0.7,True,AR
16-05451-000,10/23/1987,10000.0,WD(WARRANTY DEED),0.7,True,AR
16-05451-000,5/13/1983,10000.0,WD(WARRANTY DEED),0.7,True,AR
16-05452-000,3/25/2020,0.0,CERT(CERTIFICATE),0.4,False,AR
16-05452-000,3/25/2020,0.0,WD(WARRANTY DEED),0.4,False,AR
16-05452-000,4/3/1986,0.0,QCD(QUITCLAIM DEED),0.4,False,AR
16-05452-000,9/5/1985,0.0,CERT(CERTIFICATE),0.4,False,AR
16-05452-000,10/15/1982,8000.0,WD(WARRANTY DEED),0.4,False,AR
16-05453-000,2/24/2017,0.0,RD(REDEMPTION DEED),0.31,False,AR
16-05453-000,2/8/2013,0.0,RD(REDEMPTION DEED),0.31,False,AR
16-05453-000,1/24/2013,3000.0,WD(WARRANTY DEED),0.31,False,AR
16-05453-000,6/13/2006,0.0,QCD(QUITCLAIM DEED),0.31,False,AR
16-05453-000,6/13/2006,0.0,QCD(QUITCLAIM DEED),0.31,False,AR
16-05453-000,6/13/2006,0.0,FD(FIDUCIARY DEED),0.31,False,AR
16-05453-000,2/5/2003,0.0,RD(REDEMPTION DEED),0.31,False,AR
16-05453-000,5/22/1989,8000.0,WD(WARRANTY DEED),0.31,False,AR
16-05453-000,4/17/1989,0.0,CONT(CONTRACT),0.31,False,AR
16-05453-000,3/2/1989,8000.0,WD(WARRANTY DEED),0.31,False,AR
16-05453-000,4/24/1986,0.0,CONT(CONTRACT),0.31,False,AR
16-05453-000,7/9/1979,7000.0,WD(WARRANTY DEED),0.31,False,AR
16-05454-000,11/7/2014,0.0,WD(WARRANTY DEED),0.36,True,AR
16-05454-000,9/23/2013,0.0,DC(DEATH CERTIFICATE),0.36,True,AR
16-05454-000,12/14/2012,152000.0,WD(WARRANTY DEED),0.36,True,AR
16-05454-000,4/18/2007,180000.0,WD(WARRANTY DEED),0.36,True,AR
16-05454-000,3/28/2006,12000.0,WD(WARRANTY DEED),0.36,True,AR
16-05454-000,2/24/2006,0.0,CERT(CERTIFICATE),0.36,True,AR
16-05454-000,5/15/1997,0.0,WD(WARRANTY DEED),0.36,True,AR
16-05454-000,3/13/1984,8000.0,WD(WARRANTY DEED),0.36,True,AR
16-05454-000,9/3/1981,0.0,DC(DEATH CERTIFICATE),0.36,True,AR
16-05455-000,11/8/2024,375000.0,WD(WARRANTY DEED),0.36,True,AR
16-05455-000,11/8/2024,0.0,REVBD(REVOCATION OF BENEFICIARY DEED),0.36,True,AR
16-05455-000,11/2/2023,0.0,BD(BENEFICIARY DEED),0.36,True,AR
16-05455-000,7/11/2023,0.0,QCD(QUITCLAIM DEED),0.36,True,AR
16-05455-000,5/10/2018,240000.0,WD(WARRANTY DEED),0.36,True,AR
16-05455-000,1/12/2017,210000.0,WD(WARRANTY DEED),0.36,True,AR
16-05455-000,10/29/2004,1000.0,WD(WARRANTY DEED),0.36,True,AR
16-05455-000,10/29/2004,0.0,QCD(QUITCLAIM DEED),0.36,True,AR
16-05455-000,10/29/2004,0.0,QCD(QUITCLAIM DEED),0.36,True,AR
16-05455-000,5/1/1998,1000.0,QCD(QUITCLAIM DEED),0.36,True,AR
16-05455-000,5/13/1996,1000.0,QCD(QUITCLAIM DEED),0.36,True,AR
16-05455-000,12/28/1994,0.0,QCD(QUITCLAIM DEED),0.36,True,AR
16-05455-000,1/23/1987,0.0,DC(DEATH CERTIFICATE),0.36,True,AR
16-05455-000,6/10/1983,8000.0,WD(WARRANTY DEED),0.36,True,AR
16-05456-000,3/6/2025,0.0,AFF(AFFIDAVIT),0.34,True,AR
16-05456-000,2/21/2025,0.0,QCD(QUITCLAIM DEED),0.34,True,AR
16-05456-000,10/24/2024,365000.0,WD(WARRANTY DEED),0.34,True,AR
16-05456-000,2/9/2023,21500.0,WD(WARRANTY DEED),0.34,True,AR
16-05456-000,4/23/2018,0.0,QCD(QUITCLAIM DEED),0.34,True,AR
16-05456-000,4/12/2018,2000.0,QCD(QUITCLAIM DEED),0.34,True,AR
16-05456-000,4/17/2017,2000.0,COMMD(COMMISSIONERS DEED),0.34,True,AR
16-05456-000,6/1/2016,0.0,RD(REDEMPTION DEED),0.34,True,AR
16-05456-000,10/4/2012,0.0,RD(REDEMPTION DEED),0.34,True,AR
16-05456-000,6/28/2007,15000.0,WD(WARRANTY DEED),0.34,True,AR
16-05456-000,1/13/2005,8000.0,WD(WARRANTY DEED),0.34,True,AR
16-05456-000,1/13/2005,0.0,QCD(QUITCLAIM DEED),0.34,True,AR
16-05456-000,12/29/1995,2000.0,WD(WARRANTY DEED),0.34,True,AR
16-05456-000,9/28/1990,14000.0,WD(WARRANTY DEED),0.34,True,AR
16-05456-000,5/13/1987,0.0,TRAG(TRUST AGREEMENT),0.34,True,AR
16-05456-000,1/22/1982,8000.0,WD(WARRANTY DEED),0.34,True,AR
16-05457-000,3/6/2025,0.0,AFF(AFFIDAVIT),0.32,False,AR
16-05457-000,2/21/2025,30000.0,WD(WARRANTY DEED),0.32,False,AR
16-05457-000,2/21/2025,0.0,QCD(QUITCLAIM DEED),0.32,False,AR
16-05457-000,2/9/2023,21500.0,WD(WARRANTY DEED),0.32,False,AR
16-05457-000,1/25/2023,0.0,QCD(QUITCLAIM DEED),0.32,False,AR
16-05457-000,6/1/2018,3000.0,WD(WARRANTY DEED),0.32,False,AR
16-05457-000,3/20/2017,0.0,LWD(LIMITED WARRANTY DEED),0.32,False,AR
16-05457-000,10/5/2011,0.0,QCD(QUITCLAIM DEED),0.32,False,AR
16-05457-000,10/5/2011,1693333.0,CORRQC(CORRECTED QUIT CLAIM DEED),0.32,False,AR
16-05457-000,11/24/2008,0.0,WD(WARRANTY DEED),0.32,False,AR
16-05457-000,1/13/2005,8000.0,WD(WARRANTY DEED),0.32,False,AR
16-05457-000,6/15/2002,0.0,DC(DEATH CERTIFICATE),0.32,False,AR
16-05457-000,12/29/1995,5000.0,WD(WARRANTY DEED),0.32,False,AR
16-05457-000,7/11/1993,1000.0,WD(WARRANTY DEED),0.32,False,AR
16-05457-000,4/23/1993,1000.0,WD(WARRANTY DEED),0.32,False,AR
16-05457-000,9/5/1991,0.0,RD(REDEMPTION DEED),0.32,False,AR
16-05457-000,3/27/1987,8000.0,WD(WARRANTY DEED),0.32,False,AR
16-05458-000,3/21/2005,197000.0,WD(WARRANTY DEED),0.35,True,AR
16-05458-000,11/18/1991,123000.0,WD(WARRANTY DEED),0.35,True,AR
16-05458-000,12/12/1985,125000.0,WD(WARRANTY DEED),0.35,True,AR
16-05458-000,9/20/1985,115000.0,WD(WARRANTY DEED),0.35,True,AR
16-05458-000,5/14/1984,5000.0,WD(WARRANTY DEED),0.35,True,AR
16-05459-000,"3,550",710.0,710,31.97,False,AR
16-05459-000,0,0.0,0,31.97,False,AR
16-05459-000,"3,550",710.0,710,31.97,False,AR
16-05459-000,,710.0,710,31.97,False,AR
16-05459-000,,0.06193,0.06193,31.97,False,AR
16-05459-000,,6.39,6.39,31.97,False,AR
16-05459-001,0,0.0,0,12.47,False,AR
16-05459-001,0,0.0,0,12.47,False,AR
16-05459-001,0,0.0,0,12.47,False,AR
16-05459-001,,0.0,0,12.47,False,AR
16-05459-001,,0.06193,0.06193,12.47,False,AR
16-08006-000,8/18/2014,0.0,CERT(CERTIFICATE),0.3,True,AR
16-08006-000,3/5/2013,270000.0,WD(WARRANTY DEED),0.3,True,AR
16-08006-000,10/13/2003,1000.0,TRD(TRUSTEES DEED),0.3,True,AR
16-08006-000,5/5/2000,0.0,AFF(AFFIDAVIT),0.3,True,AR
16-08006-000,5/5/2000,0.0,DC(DEATH CERTIFICATE),0.3,True,AR
16-08006-000,12/10/1976,8000.0,WD(WARRANTY DEED),0.3,True,AR
16-08006-000,1/1/1800,0.0,WD(WARRANTY DEED),0.3,True,AR
16-08007-000,5/15/2024,0.0,BD(BENEFICIARY DEED),0.33,True,AR
16-08007-000,12/31/2007,249000.0,WD(WARRANTY DEED),0.33,True,AR
16-08007-000,12/1/2005,5000.0,WD(WARRANTY DEED),0.33,True,AR
16-08007-000,1/9/2003,0.0,DC(DEATH CERTIFICATE),0.33,True,AR
16-08007-000,2/1/1978,0.0,WD(WARRANTY DEED),0.33,True,AR
16-08008-000,5/15/2024,0.0,BD(BENEFICIARY DEED),0.32,False,AR
16-08008-000,4/30/2010,5000.0,WD(WARRANTY DEED),0.32,False,AR
16-08008-000,8/28/2009,1451000.0,QCD(QUITCLAIM DEED),0.32,False,AR
16-08008-000,8/21/2009,402000.0,DEED(GRANT DEED),0.32,False,AR
16-08008-000,9/15/2008,0.0,DEED(GRANT DEED),0.32,False,AR
16-08008-000,3/6/2006,500000.0,WD(WARRANTY DEED),0.32,False,AR
16-08008-000,9/26/2005,5000.0,WD(WARRANTY DEED),0.32,False,AR
16-08008-000,12/12/2002,16000.0,WD(WARRANTY DEED),0.32,False,AR
16-08008-000,3/15/1989,0.0,CONT(CONTRACT),0.32,False,AR
16-08008-000,9/26/1988,0.0,CONT(CONTRACT),0.32,False,AR
16-08008-000,8/14/1986,0.0,CONT(CONTRACT),0.32,False,AR
16-08008-000,8/1/1986,7000.0,WD(WARRANTY DEED),0.32,False,AR
16-08008-000,10/7/1980,7000.0,WD(WARRANTY DEED),0.32,False,AR
16-08009-000,6/12/2013,94000.0,WD(WARRANTY DEED),0.4,True,AR
16-08009-000,5/7/2008,85000.0,WD(WARRANTY DEED),0.4,True,AR
16-08009-000,2/13/2008,0.0,MTG-D(MORTGAGEE'S DEED),0.4,True,AR
16-08009-000,7/11/2005,118000.0,WD(WARRANTY DEED),0.4,True,AR
16-08009-000,9/25/1990,0.0,DC(DEATH CERTIFICATE),0.4,True,AR
16-08009-000,9/25/1990,0.0,DC(DEATH CERTIFICATE),0.4,True,AR
16-08009-000,2/17/1984,0.0,WD(WARRANTY DEED),0.4,True,AR
16-08010-000,8/4/2023,260000.0,WD(WARRANTY DEED),0.28,True,AR
16-08010-000,3/21/2002,86000.0,WD(WARRANTY DEED),0.28,True,AR
16-08010-000,1/12/1995,0.0,TRAG(TRUST AGREEMENT),0.28,True,AR
16-08010-000,11/18/1992,0.0,QCD(QUITCLAIM DEED),0.28,True,AR
16-08010-000,5/19/1987,0.0,WD(WARRANTY DEED),0.28,True,AR
16-08010-000,8/5/1985,16000.0,WD(WARRANTY DEED),0.28,True,AR
16-08010-000,9/11/1984,0.0,QCD(QUITCLAIM DEED),0.28,True,AR
16-08011-000,5/21/2017,173000.0,WD(WARRANTY DEED),0.29,True,AR
16-08011-000,6/23/2016,0.0,SWD(SPECIAL WARRANTY DEED),0.29,True,AR
16-08011-000,1/28/2016,0.0,MTG-D(MORTGAGEE'S DEED),0.29,True,AR
16-08011-000,1/13/2006,137000.0,WD(WARRANTY DEED),0.29,True,AR
16-08011-000,1/13/2006,0.0,DC(DEATH CERTIFICATE),0.29,True,AR
16-08011-000,5/15/1995,123000.0,CORRWD(CORRECTED WARRANTY DEED),0.29,True,AR
16-08011-000,3/16/1995,123000.0,WD(WARRANTY DEED),0.29,True,AR
16-08011-000,11/2/1994,115000.0,WD(WARRANTY DEED),0.29,True,AR
16-08011-000,4/15/1991,0.0,WD(WARRANTY DEED),0.29,True,AR
16-08011-000,4/15/1991,0.0,CERT(CERTIFICATE),0.29,True,AR
16-08011-000,8/23/1985,92500.0,WD(WARRANTY DEED),0.29,True,AR
16-08011-000,3/4/1985,12500.0,WD(WARRANTY DEED),0.29,True,AR
16-08011-000,8/31/1984,0.0,WD(WARRANTY DEED),0.29,True,AR
16-08012-000,5/8/2015,0.0,WD(WARRANTY DEED),0.29,True,AR
16-08012-000,11/19/2014,92000.0,SWD(SPECIAL WARRANTY DEED),0.29,True,AR
16-08012-000,4/29/2014,0.0,WD(WARRANTY DEED),0.29,True,AR
16-08012-000,7/6/2007,0.0,OTHER(OTHER DOCUMENT),0.29,True,AR
16-08012-000,4/17/2007,160000.0,WD(WARRANTY DEED),0.29,True,AR
16-08012-000,8/4/1999,0.0,COMMD(COMMISSIONERS DEED),0.29,True,AR
16-08012-000,3/3/1998,106000.0,WD(WARRANTY DEED),0.29,True,AR
16-08012-000,7/8/1987,99000.0,WD(WARRANTY DEED),0.29,True,AR
16-08012-000,10/28/1976,8000.0,WD(WARRANTY DEED),0.29,True,AR
16-08012-000,10/22/1976,10000.0,WD(WARRANTY DEED),0.29,True,AR
16-08013-000,6/23/2016,80000.0,WD(WARRANTY DEED),0.32,True,AR
16-08013-000,5/9/2013,0.0,CERT(CERTIFICATE),0.32,True,AR
16-08013-000,5/9/2013,0.0,WD(WARRANTY DEED),0.32,True,AR
16-08013-000,4/17/2010,0.0,DC(DEATH CERTIFICATE),0.32,True,AR
16-08013-000,11/3/1997,0.0,ML(MARRIAGE LICENSE),0.32,True,AR
16-08013-000,8/5/1991,70000.0,TRD(TRUSTEES DEED),0.32,True,AR
16-08013-000,10/9/1990,0.0,DC(DEATH CERTIFICATE),0.32,True,AR
16-08013-000,10/25/1985,0.0,WD(WARRANTY DEED),0.32,True,AR
16-08013-000,10/2/1985,0.0,TRAG(TRUST AGREEMENT),0.32,True,AR
16-08013-000,12/2/1976,8000.0,WD(WARRANTY DEED),0.32,True,AR
16-08014-000,4/26/2022,8200.0,WD(WARRANTY DEED),0.28,False,AR
16-08014-000,10/13/2017,0.0,RD(REDEMPTION DEED),0.28,False,AR
16-08014-000,8/28/2009,1451000.0,QCD(QUITCLAIM DEED),0.28,False,AR
16-08014-000,8/21/2009,402000.0,DEED(GRANT DEED),0.28,False,AR
16-08014-000,9/15/2008,0.0,DEED(GRANT DEED),0.28,False,AR
16-08014-000,8/19/2005,5000.0,WD(WARRANTY DEED),0.28,False,AR
16-08014-000,10/2/2003,4667.0,WD(WARRANTY DEED),0.28,False,AR
16-08014-000,10/16/1988,0.0,CONT(CONTRACT),0.28,False,AR
16-08015-000,6/6/2024,0.0,AFF(AFFIDAVIT),0.3,False,AR
16-08015-000,5/15/2024,8000.0,WD(WARRANTY DEED),0.3,False,AR
16-08015-000,8/2/2023,0.0,QCD(QUITCLAIM DEED),0.3,False,AR
16-08015-000,7/25/2023,5000.0,WD(WARRANTY DEED),0.3,False,AR
16-08015-000,4/21/2022,3000.0,QCD(QUITCLAIM DEED),0.3,False,AR
16-08015-000,12/13/1992,0.0,DC(DEATH CERTIFICATE),0.3,False,AR
16-08015-000,4/21/1987,9950.0,WD(WARRANTY DEED),0.3,False,AR
16-08015-000,11/11/1983,7000.0,WD(WARRANTY DEED),0.3,False,AR
16-08016-000,9/3/2019,125000.0,WD(WARRANTY DEED),0.29,True,AR
16-08016-000,6/15/2015,0.0,RD(REDEMPTION DEED),0.29,True,AR
16-08016-000,7/27/2004,0.0,TRD(TRUSTEES DEED),0.29,True,AR
16-08016-000,6/9/2004,0.0,DC(DEATH CERTIFICATE),0.29,True,AR
16-08016-000,8/21/2001,0.0,CERT(CERTIFICATE),0.29,True,AR
16-08016-000,5/29/2001,0.0,DC(DEATH CERTIFICATE),0.29,True,AR
16-08016-000,12/19/1997,0.0,WD(WARRANTY DEED),0.29,True,AR
16-08016-000,1/21/1997,0.0,CERT(CERTIFICATE),0.29,True,AR
16-08016-000,3/5/1974,36000.0,WD(WARRANTY DEED),0.29,True,AR
16-08017-000,3/20/2014,168000.0,WD(WARRANTY DEED),0.3,True,AR
16-08017-000,3/7/2011,0.0,TRAG(TRUST AGREEMENT),0.3,True,AR
16-08017-000,2/21/2011,0.0,DC(DEATH CERTIFICATE),0.3,True,AR
16-08017-000,1/4/1995,0.0,QCD(QUITCLAIM DEED),0.3,True,AR
16-08017-000,1/4/1995,0.0,TRAG(TRUST AGREEMENT),0.3,True,AR
16-08017-000,7/30/1986,127000.0,WD(WARRANTY DEED),0.3,True,AR
16-08017-000,12/10/1984,5500.0,WD(WARRANTY DEED),0.3,True,AR
16-08018-000,9/20/1988,6000.0,WD(WARRANTY DEED),0.33,False,OK
16-08018-000,12/31/1986,0.0,WD(WARRANTY DEED),0.33,False,OK
16-08019-000,1/28/2022,0.0,RD(REDEMPTION DEED),0.3,False,KS
16-08019-000,7/3/2019,0.0,RD(REDEMPTION DEED),0.3,False,KS
16-08019-000,5/11/2017,0.0,WD(WARRANTY DEED),0.3,False,KS
16-08019-000,7/31/2008,0.0,RD(REDEMPTION DEED),0.3,False,KS
16-08019-000,9/10/1999,0.0,RD(REDEMPTION DEED),0.3,False,KS
16-08019-000,7/9/1993,0.0,DC(DEATH CERTIFICATE),0.3,False,KS
16-08019-000,1/9/1984,0.0,WD(WARRANTY DEED),0.3,False,KS
16-08020-000,8/7/2009,0.0,RD(REDEMPTION DEED),0.31,False,MO
16-08020-000,6/22/1984,7000.0,WD(WARRANTY DEED),0.31,False,MO
16-08021-000,6/26/2012,0.0,QCD(QUITCLAIM DEED),0.29,False,TX
16-08021-000,9/19/2009,0.0,RD(REDEMPTION DEED),0.29,False,TX
16-08021-000,1/11/2000,0.0,OTHER(OTHER DOCUMENT),0.29,False,TX
16-08021-000,1/11/2000,0.0,OTHER(OTHER DOCUMENT),0.29,False,TX
16-08021-000,11/26/1999,0.0,OTHER(OTHER DOCUMENT),0.29,False,TX
16-08021-000,11/26/1999,0.0,AFF(AFFIDAVIT),0.29,False,TX
16-08021-000,10/4/1995,0.0,DC(DEATH CERTIFICATE),0.29,False,TX
16-08021-000,6/11/1987,0.0,WD(WARRANTY DEED),0.29,False,TX
16-08021-000,5/9/1983,7000.0,WD(WARRANTY DEED),0.29,False,TX
16-08022-000,7/25/2024,16000.0,TRWD(TRUSTEES WARRANTY DEED),0.31,False,AR
16-08022-000,7/25/2024,0.0,CERT(CERTIFICATE),0.31,False,AR
16-08022-000,7/31/2020,0.0,DC(DEATH CERTIFICATE),0.31,False,AR
16-08022-000,2/20/2008,0.0,DOT(DEED OF TRUST),0.31,False,AR
16-08022-000,8/3/1978,8000.0,WD(WARRANTY DEED),0.31,False,AR
16-08022-000,12/29/1972,8000.0,WD(WARRANTY DEED),0.31,False,AR
16-08023-000,1/31/2025,290000.0,WD(WARRANTY DEED),0.33,True,AR
16-08023-000,1/5/2017,143000.0,WD(WARRANTY DEED),0.33,True,AR
16-08023-000,5/15/2015,131000.0,WD(WARRANTY DEED),0.33,True,AR
16-08023-000,1/8/2015,0.0,QCD(QUITCLAIM DEED),0.33,True,AR
16-08023-000,1/8/2015,0.0,SWD(SPECIAL WARRANTY DEED),0.33,True,AR
16-08023-000,2/18/2014,0.0,TRD(TRUSTEES DEED),0.33,True,AR
16-08023-000,2/17/2014,0.0,SWD(SPECIAL WARRANTY DEED),0.33,True,AR
16-08023-000,4/24/2012,0.0,DC(DEATH CERTIFICATE),0.33,True,AR
16-08023-000,9/9/2002,91000.0,WD(WARRANTY DEED),0.33,True,AR
16-08023-000,7/12/1996,0.0,DC(DEATH CERTIFICATE),0.33,True,AR
16-08023-000,4/19/1996,82000.0,WD(WARRANTY DEED),0.33,True,AR
16-08023-000,4/19/1996,0.0,QCD(QUITCLAIM DEED),0.33,True,AR
16-08023-000,7/7/1994,83000.0,WD(WARRANTY DEED),0.33,True,AR
16-08023-000,11/7/1986,69000.0,WD(WARRANTY DEED),0.33,True,AR
16-08023-000,4/20/1983,0.0,QCD(QUITCLAIM DEED),0.33,True,AR
16-08023-000,5/24/1976,8000.0,WD(WARRANTY DEED),0.33,True,AR
16-08024-000,8/20/2020,181000.0,WD(WARRANTY DEED),0.34,True,AR
16-08024-000,4/28/2016,120000.0,WD(WARRANTY DEED),0.34,True,AR
16-08024-000,8/9/2013,56667.0,WD(WARRANTY DEED),0.34,True,AR
16-08024-000,2/4/2005,0.0,ML(MARRIAGE LICENSE),0.34,True,AR
16-08024-000,9/4/2001,61000.0,WD(WARRANTY DEED),0.34,True,AR
16-08024-000,3/27/1997,0.0,DC(DEATH CERTIFICATE),0.34,True,AR
16-08024-000,10/20/1992,57000.0,WD(WARRANTY DEED),0.34,True,AR
16-08024-000,10/1/1973,27000.0,WD(WARRANTY DEED),0.34,True,AR
16-08025-000,9/24/2021,5000.0,QCD(QUITCLAIM DEED),0.29,False,AR
16-08025-000,4/7/2014,0.0,WD(WARRANTY DEED),0.29,False,AR
16-08025-000,5/9/1983,0.0,WD(WARRANTY DEED),0.29,False,AR
16-08026-000,8/14/2023,345000.0,WD(WARRANTY DEED),0.32,True,AR
16-08026-000,11/5/2021,16000.0,LWD(LIMITED WARRANTY DEED),0.32,True,AR
16-08026-000,3/15/2021,0.0,LWD(LIMITED WARRANTY DEED),0.32,True,AR
16-08026-000,8/28/2009,1451000.0,QCD(QUITCLAIM DEED),0.32,True,AR
16-08026-000,8/21/2009,402000.0,DEED(GRANT DEED),0.32,True,AR
16-08026-000,9/15/2008,0.0,DEED(GRANT DEED),0.32,True,AR
16-08026-000,8/23/2005,5000.0,WD(WARRANTY DEED),0.32,True,AR
16-08026-000,11/21/2001,0.0,QCD(QUITCLAIM DEED),0.32,True,AR
16-08026-000,3/2/2001,0.0,QCD(QUITCLAIM DEED),0.32,True,AR
16-08026-000,3/27/1998,1000.0,WD(WARRANTY DEED),0.32,True,AR
16-08026-000,7/12/1983,7000.0,WD(WARRANTY DEED),0.32,True,AR
16-08027-000,6/6/2023,0.0,WD(WARRANTY DEED),0.31,False,AR
16-08027-000,6/6/2023,0.0,CERT(CERTIFICATE),0.31,False,AR
16-08027-000,11/30/2020,2000.0,WD(WARRANTY DEED),0.31,False,AR
16-08027-000,9/19/2001,0.0,WD(WARRANTY DEED),0.31,False,AR
16-08027-000,8/16/1999,0.0,OTHER(OTHER DOCUMENT),0.31,False,AR
16-08027-000,8/5/1999,0.0,DC(DEATH CERTIFICATE),0.31,False,AR
16-08027-000,10/13/1989,0.0,WD(WARRANTY DEED),0.31,False,AR
16-08027-000,12/1/1978,7000.0,WD(WARRANTY DEED),0.31,False,AR
16-08027-000,1/1/1800,0.0,HIST(HISTORICAL),0.31,False,AR
16-08028-000,10/20/2020,0.0,QCD(QUITCLAIM DEED),0.35,False,AR
16-08028-000,7/23/2020,2000.0,COMMD(COMMISSIONERS DEED),0.35,False,AR
16-08028-000,9/25/2000,0.0,WD(WARRANTY DEED),0.35,False,AR
16-08028-000,3/11/1998,8000.0,CWD(CORPORATION WARRANTY DEED),0.35,False,AR
16-08028-000,12/26/1996,3000.0,WD(WARRANTY DEED),0.35,False,AR
16-08028-000,9/28/1989,5000.0,WD(WARRANTY DEED),0.35,False,AR
16-08028-000,5/3/1983,7000.0,WD(WARRANTY DEED),0.35,False,AR
16-08029-000,5/22/2024,13000.0,TRWD(TRUSTEES WARRANTY DEED),0.41,False,MI
16-08029-000,5/22/2024,0.0,CERT(CERTIFICATE),0.41,False,MI
16-08029-000,2/1/2019,0.0,WD(WARRANTY DEED),0.41,False,MI
16-08029-000,6/26/2017,0.0,WD(WARRANTY DEED),0.41,False,MI
16-08029-000,3/8/2012,9000.0,WD(WARRANTY DEED),0.41,False,MI
16-08029-000,5/2/2011,0.0,WD(WARRANTY DEED),0.41,False,MI
16-08029-000,1/2/2011,0.0,WD(WARRANTY DEED),0.41,False,MI
16-08029-000,9/7/2005,6000.0,WD(WARRANTY DEED),0.41,False,MI
16-08029-000,6/22/1999,1000.0,QCD(QUITCLAIM DEED),0.41,False,MI
16-08029-000,11/10/1984,0.0,DC(DEATH CERTIFICATE),0.41,False,MI
16-08029-000,11/4/1982,0.0,WD(WARRANTY DEED),0.41,False,MI
16-08030-000,6/10/2003,1000.0,QCD(QUITCLAIM DEED),0.31,False,KS
16-08030-000,11/6/1998,0.0,DC(DEATH CERTIFICATE),0.31,False,KS
16-08030-000,9/2/1997,0.0,QCD(QUITCLAIM DEED),0.31,False,KS
16-08031-000,4/27/2023,96000.0,SWD(SPECIAL WARRANTY DEED),0.28,False,VT
16-08031-000,4/10/2023,9600.0,WD(WARRANTY DEED),0.28,False,VT
16-08031-000,10/13/2017,0.0,RD(REDEMPTION DEED),0.28,False,VT
16-08031-000,8/28/2009,1451000.0,QCD(QUITCLAIM DEED),0.28,False,VT
16-08031-000,8/21/2009,402000.0,DEED(GRANT DEED),0.28,False,VT
16-08031-000,9/15/2008,0.0,DEED(GRANT DEED),0.28,False,VT
16-08031-000,5/6/2005,2000.0,WD(WARRANTY DEED),0.28,False,VT
16-08031-000,5/6/2005,0.0,TRAG(TRUST AGREEMENT),0.28,False,VT
16-08031-000,4/1/1999,0.0,WD(WARRANTY DEED),0.28,False,VT
16-08031-000,11/30/1997,0.0,DC(DEATH CERTIFICATE),0.28,False,VT
16-08031-000,9/8/1983,0.0,WD(WARRANTY DEED),0.28,False,VT
16-08032-000,5/15/2025,0.0,BD(BENEFICIARY DEED),0.3,True,AR
16-08032-000,2/13/2025,0.0,QCD(QUITCLAIM DEED),0.3,True,AR
16-08032-000,1/30/2025,0.0,DEC(DECREE),0.3,True,AR
16-08032-000,5/30/2017,181000.0,WD(WARRANTY DEED),0.3,True,AR
16-08032-000,3/19/2004,129000.0,WD(WARRANTY DEED),0.3,True,AR
16-08032-000,4/17/2001,98000.0,WD(WARRANTY DEED),0.3,True,AR
16-08032-000,4/21/1999,0.0,WD(WARRANTY DEED),0.3,True,AR
16-08032-000,4/14/1999,0.0,TRAG(TRUST AGREEMENT),0.3,True,AR
16-08032-000,2/1/1982,0.0,WD(WARRANTY DEED),0.3,True,AR
16-08033-000,6/17/2002,1000.0,WD(WARRANTY DEED),0.28,False,AR
16-08033-000,6/2/1983,7000.0,WD(WARRANTY DEED),0.28,False,AR
16-08034-000,5/20/2025,0.0,QCD(QUITCLAIM DEED),0.34,False,AR
16-08034-000,5/9/2025,0.0,BD(BENEFICIARY DEED),0.34,False,AR
16-08034-000,11/7/2016,0.0,DC(DEATH CERTIFICATE),0.34,False,AR
16-08034-000,3/10/2003,0.0,QCD(QUITCLAIM DEED),0.34,False,AR
16-08034-000,9/30/1996,1000.0,CWD(CORPORATION WARRANTY DEED),0.34,False,AR
16-08034-000,9/23/1996,1000.0,WD(WARRANTY DEED),0.34,False,AR
16-08034-000,9/19/1996,1000.0,WD(WARRANTY DEED),0.34,False,AR
16-08034-000,6/2/1983,7000.0,WD(WARRANTY DEED),0.34,False,AR
16-08035-000,12/20/2022,0.0,WD(WARRANTY DEED),0.31,True,AR
16-08035-000,7/24/2019,0.0,QCD(QUITCLAIM DEED),0.31,True,AR
16-08035-000,4/17/2015,112000.0,SWD(SPECIAL WARRANTY DEED),0.31,True,AR
16-08035-000,1/21/2015,0.0,SWD(SPECIAL WARRANTY DEED),0.31,True,AR
16-08035-000,1/5/2015,0.0,COMMD(COMMISSIONERS DEED),0.31,True,AR
16-08035-000,5/11/2006,0.0,WD(WARRANTY DEED),0.31,True,AR
16-08035-000,6/12/1997,0.0,CORRWD(CORRECTED WARRANTY DEED),0.31,True,AR
16-08035-000,4/14/1997,1000.0,WD(WARRANTY DEED),0.31,True,AR
16-08035-000,3/31/1997,1000.0,WD(WARRANTY DEED),0.31,True,AR
16-08035-000,7/18/1989,8000.0,WD(WARRANTY DEED),0.31,True,AR
16-08035-000,8/17/1981,6000.0,WD(WARRANTY DEED),0.31,True,AR
16-08035-000,8/16/1981,8000.0,WD(WARRANTY DEED),0.31,True,AR
16-08036-000,11/7/2023,156000.0,SWD(SPECIAL WARRANTY DEED),0.41,False,NC
16-08036-000,10/31/2023,30000.0,WD(WARRANTY DEED),0.41,False,NC
16-08036-000,2/17/2017,0.0,RD(REDEMPTION DEED),0.41,False,NC
16-08036-000,8/28/2009,1451000.0,QCD(QUITCLAIM DEED),0.41,False,NC
16-08036-000,8/21/2009,402000.0,DEED(GRANT DEED),0.41,False,NC
16-08036-000,9/15/2008,0.0,DEED(GRANT DEED),0.41,False,NC
16-08036-000,3/2/2005,1000.0,WD(WARRANTY DEED),0.41,False,NC
16-08036-000,4/15/1999,1000.0,WD(WARRANTY DEED),0.41,False,NC
16-08036-000,8/28/1981,550.0,WD(WARRANTY DEED),0.41,False,NC
16-08037-000,6/16/2004,65000.0,WD(WARRANTY DEED),0.35,True,AR
16-08037-000,5/24/2002,63000.0,EXD(EXECUTOR-EXECUTRIX DEED),0.35,True,AR
16-08037-000,11/6/1985,0.0,DC(DEATH CERTIFICATE),0.35,True,AR
16-08037-000,5/16/1975,6000.0,WD(WARRANTY DEED),0.35,True,AR
16-08038-000,1/31/2025,13500.0,WD(WARRANTY DEED),0.32,False,AR
16-08038-000,7/27/2023,7000.0,WD(WARRANTY DEED),0.32,False,AR
16-08038-000,7/27/2023,0.0,BD(BENEFICIARY DEED),0.32,False,AR
16-08038-000,2/4/2021,0.0,DC(DEATH CERTIFICATE),0.32,False,AR
16-08038-000,1/28/2011,0.0,BD(BENEFICIARY DEED),0.32,False,AR
16-08038-000,9/6/1987,0.0,CONT(CONTRACT),0.32,False,AR
16-08038-000,8/1/1983,0.0,WD(WARRANTY DEED),0.32,False,AR
16-08039-000,10/18/2019,0.0,RD(REDEMPTION DEED),0.36,False,AR
16-08039-000,10/4/2019,3000.0,WD(WARRANTY DEED),0.36,False,AR
16-08039-000,5/11/2006,6000.0,WD(WARRANTY DEED),0.36,False,AR
16-08039-000,12/5/1979,0.0,QCD(QUITCLAIM DEED),0.36,False,AR
16-08039-000,6/5/1978,0.0,QCD(QUITCLAIM DEED),0.36,False,AR
16-08040-000,9/9/2024,0.0,WD(WARRANTY DEED),0.31,False,AR
16-08040-000,10/26/2020,2950.0,WD(WARRANTY DEED),0.31,False,AR
16-08040-000,1/19/2012,0.0,DISTRIB(DEED OF DISTRIBUTION & DISTRIBUTEE'S DEED),0.31,False,AR
16-08040-000,7/27/2011,0.0,AFF(AFFIDAVIT),0.31,False,AR
16-08040-000,7/7/2011,1000.0,WD(WARRANTY DEED),0.31,False,AR
16-08040-000,10/9/2001,0.0,RD(REDEMPTION DEED),0.31,False,AR
16-08040-000,8/30/2001,1000.0,WD(WARRANTY DEED),0.31,False,AR
16-08040-000,10/13/1988,0.0,CONT(CONTRACT),0.31,False,AR
16-08040-000,6/27/1978,7000.0,WD(WARRANTY DEED),0.31,False,AR
16-08041-000,12/6/2024,0.0,WD(WARRANTY DEED),0.28,False,AR
16-08041-000,5/2/2013,115000.0,FD(FIDUCIARY DEED),0.28,False,AR
16-08041-000,11/28/2012,0.0,DC(DEATH CERTIFICATE),0.28,False,AR
16-08041-000,5/10/2012,0.0,DC(DEATH CERTIFICATE),0.28,False,AR
16-08041-000,8/2/2004,3000.0,FD(FIDUCIARY DEED),0.28,False,AR
16-08041-000,8/14/2003,0.0,OBIT(OBITUARY),0.28,False,AR
16-08041-000,2/14/2003,0.0,DC(DEATH CERTIFICATE),0.28,False,AR
16-08041-000,11/5/1991,0.0,WD(WARRANTY DEED),0.28,False,AR
16-08041-000,7/30/1982,5000.0,WD(WARRANTY DEED),0.28,False,AR
16-08042-000,12/6/2024,0.0,WD(WARRANTY DEED),0.3,True,AR
16-08042-000,5/2/2013,115000.0,FD(FIDUCIARY DEED),0.3,True,AR
16-08042-000,11/28/2012,0.0,DC(DEATH CERTIFICATE),0.3,True,AR
16-08042-000,5/10/2012,0.0,DC(DEATH CERTIFICATE),0.3,True,AR
16-08042-000,10/30/1992,79000.0,WD(WARRANTY DEED),0.3,True,AR
16-08042-000,8/6/1990,0.0,WD(WARRANTY DEED),0.3,True,AR
16-08042-000,6/22/1981,7000.0,WD(WARRANTY DEED),0.3,True,AR
16-08043-000,7/25/2024,358000.0,WD(WARRANTY DEED),0.3,True,AR
16-08043-000,11/27/2023,255000.0,WD(WARRANTY DEED),0.3,True,AR
16-08043-000,8/17/2023,0.0,DC(DEATH CERTIFICATE),0.3,True,AR
16-08043-000,6/23/2015,0.0,BD(BENEFICIARY DEED),0.3,True,AR
16-08043-000,6/12/2015,0.0,DC(DEATH CERTIFICATE),0.3,True,AR
16-08043-000,6/26/2012,0.0,WD(WARRANTY DEED),0.3,True,AR
16-08043-000,9/25/2006,0.0,WD(WARRANTY DEED),0.3,True,AR
16-08043-000,5/8/1998,70000.0,WD(WARRANTY DEED),0.3,True,AR
16-08043-000,7/4/1996,0.0,DC(DEATH CERTIFICATE),0.3,True,AR
16-08043-000,5/2/1994,112000.0,WD(WARRANTY DEED),0.3,True,AR
16-08043-000,9/6/1988,108000.0,WD(WARRANTY DEED),0.3,True,AR
16-08043-000,3/26/1984,9000.0,WD(WARRANTY DEED),0.3,True,AR
16-08044-000,9/5/2024,280000.0,WD(WARRANTY DEED),0.26,True,AR
16-08044-000,3/20/2024,0.0,BD(BENEFICIARY DEED),0.26,True,AR
16-08044-000,4/28/2019,50000.0,QCD(QUITCLAIM DEED),0.26,True,AR
16-08044-000,11/13/2007,0.0,FD(FIDUCIARY DEED),0.26,True,AR
16-08044-000,3/18/2003,87000.0,FD(FIDUCIARY DEED),0.26,True,AR
16-08044-000,2/11/2000,0.0,DC(DEATH CERTIFICATE),0.26,True,AR
16-08044-000,11/20/1992,0.0,AFF(AFFIDAVIT),0.26,True,AR
16-08044-000,11/20/1992,0.0,AFF(AFFIDAVIT),0.26,True,AR
16-08044-000,5/2/1984,87000.0,WD(WARRANTY DEED),0.26,True,AR
16-08044-000,5/2/1984,87000.0,WD(WARRANTY DEED),0.26,True,AR
16-08044-000,8/15/1983,79000.0,CWD(CORPORATION WARRANTY DEED),0.26,True,AR
16-08045-000,8/17/2012,135000.0,WD(WARRANTY DEED),0.31,True,AR
16-08045-000,8/2/2007,110000.0,TRD(TRUSTEES DEED),0.31,True,AR
16-08045-000,11/8/2006,0.0,DC(DEATH CERTIFICATE),0.31,True,AR
16-08045-000,8/16/1988,0.0,WD(WARRANTY DEED),0.31,True,AR
16-08045-000,3/22/1988,0.0,DC(DEATH CERTIFICATE),0.31,True,AR
16-08045-000,8/11/1982,10000.0,WD(WARRANTY DEED),0.31,True,AR
16-08046-000,5/30/2000,75000.0,WD(WARRANTY DEED),0.29,True,AR
16-08046-000,5/2/1991,0.0,WD(WARRANTY DEED),0.29,True,AR
16-08046-000,5/2/1991,0.0,TRAG(TRUST AGREEMENT),0.29,True,AR
16-08046-000,6/5/1986,60000.0,WD(WARRANTY DEED),0.29,True,AR
16-08046-000,8/15/1978,64000.0,WD(WARRANTY DEED),0.29,True,AR
16-08047-000,3/31/2022,175000.0,WD(WARRANTY DEED),0.29,True,AR
16-08047-000,10/12/2011,0.0,SWD(SPECIAL WARRANTY DEED),0.29,True,AR
16-08047-000,7/11/2011,0.0,SWD(SPECIAL WARRANTY DEED),0.29,True,AR
16-08047-000,6/24/2011,0.0,WD(WARRANTY DEED),0.29,True,AR
16-08047-000,6/24/2011,0.0,AFF(AFFIDAVIT),0.29,True,AR
16-08047-000,6/23/2011,0.0,WD(WARRANTY DEED),0.29,True,AR
16-08047-000,6/23/2011,0.0,AFF(AFFIDAVIT),0.29,True,AR
16-08047-000,12/4/2006,103000.0,WD(WARRANTY DEED),0.29,True,AR
16-08047-000,4/16/1998,59000.0,WD(WARRANTY DEED),0.29,True,AR
16-08047-000,11/21/1986,13400.0,WD(WARRANTY DEED),0.29,True,AR
16-08047-000,1/29/1986,0.0,WD(WARRANTY DEED),0.29,True,AR
16-08047-000,1/15/1982,0.0,WD(WARRANTY DEED),0.29,True,AR
16-08048-000,12/30/2021,253000.0,WD(WARRANTY DEED),0.3,True,AR
16-08048-000,12/5/2017,157000.0,CWD(CORPORATION WARRANTY DEED),0.3,True,AR
16-08048-000,12/21/2016,1.0,WD(WARRANTY DEED),0.3,True,AR
16-08048-000,4/18/2006,111000.0,WD(WARRANTY DEED),0.3,True,AR
16-08048-000,3/12/2004,97000.0,WD(WARRANTY DEED),0.3,True,AR
16-08048-000,6/24/2002,0.0,AMEND(AMENDMENT),0.3,True,AR
16-08048-000,6/24/2002,69000.0,WD(WARRANTY DEED),0.3,True,AR
16-08048-000,12/8/2000,0.0,WD(WARRANTY DEED),0.3,True,AR
16-08048-000,12/8/2000,0.0,CERT(CERTIFICATE),0.3,True,AR
16-08048-000,5/2/1997,75000.0,WD(WARRANTY DEED),0.3,True,AR
16-08048-000,3/4/1983,0.0,WD(WARRANTY DEED),0.3,True,AR
16-08049-000,8/22/2016,93000.0,WD(WARRANTY DEED),0.27,True,AR
16-08049-000,8/6/2012,40000.0,WD(WARRANTY DEED),0.27,True,AR
16-08049-000,10/13/2011,0.0,FD(FIDUCIARY DEED),0.27,True,AR
16-08049-000,12/6/2010,0.0,DC(DEATH CERTIFICATE),0.27,True,AR
16-08049-000,2/10/2001,0.0,DC(DEATH CERTIFICATE),0.27,True,AR
16-08049-000,12/15/1986,55000.0,WD(WARRANTY DEED),0.27,True,AR
16-08049-000,6/27/1983,47000.0,WD(WARRANTY DEED),0.27,True,AR
16-08050-000,10/28/2024,363000.0,WD(WARRANTY DEED),0.27,True,AR
16-08050-000,10/28/2024,0.0,WD(WARRANTY DEED),0.27,True,AR
16-08050-000,8/8/2022,0.0,ADHL(AR DEPT OF HEALTH LIST),0.27,True,AR
16-08050-000,12/2/2011,0.0,WD(WARRANTY DEED),0.27,True,AR
16-08050-000,10/29/2009,110000.0,WD(WARRANTY DEED),0.27,True,AR
16-08050-000,3/25/2009,0.0,DC(DEATH CERTIFICATE),0.27,True,AR
16-08050-000,3/6/2005,0.0,DC(DEATH CERTIFICATE),0.27,True,AR
16-08050-000,10/15/1997,0.0,WD(WARRANTY DEED),0.27,True,AR
16-08050-000,10/15/1997,0.0,CERT(CERTIFICATE),0.27,True,AR
16-08050-000,12/10/1982,0.0,WD(WARRANTY DEED),0.27,True,AR
16-08051-000,1/9/2025,0.0,BD(BENEFICIARY DEED),0.3,True,AR
16-08051-000,11/21/2024,0.0,BD(BENEFICIARY DEED),0.3,True,AR
16-08051-000,7/17/2018,160000.0,WD(WARRANTY DEED),0.3,True,AR
16-08051-000,6/7/2018,0.0,QCD(QUITCLAIM DEED),0.3,True,AR
16-08051-000,11/18/2016,158000.0,WD(WARRANTY DEED),0.3,True,AR
16-08051-000,10/12/2012,126000.0,TRWD(TRUSTEES WARRANTY DEED),0.3,True,AR
16-08051-000,12/4/1990,0.0,TRAG(TRUST AGREEMENT),0.3,True,AR
16-08051-000,12/4/1990,0.0,TRAG(TRUST AGREEMENT),0.3,True,AR
16-08051-000,12/4/1990,0.0,WD(WARRANTY DEED),0.3,True,AR
16-08051-000,9/10/1980,85000.0,WD(WARRANTY DEED),0.3,True,AR
16-08051-000,7/26/1979,9000.0,WD(WARRANTY DEED),0.3,True,AR
16-08052-000,11/5/2019,0.0,BD(BENEFICIARY DEED),0.31,True,AR
16-08052-000,1/3/2005,126000.0,WD(WARRANTY DEED),0.31,True,AR
16-08052-000,5/17/2000,80000.0,WD(WARRANTY DEED),0.31,True,AR
16-08052-000,4/30/1991,0.0,WD(WARRANTY DEED),0.31,True,AR
16-08052-000,4/30/1991,0.0,TRAG(TRUST AGREEMENT),0.31,True,AR
16-08052-000,11/1/1990,0.0,DC(DEATH CERTIFICATE),0.31,True,AR
16-08052-000,12/1/1978,7000.0,WD(WARRANTY DEED),0.31,True,AR
16-08053-000,12/10/2021,182000.0,TRWD(TRUSTEES WARRANTY DEED),0.29,True,AR
16-08053-000,10/5/2021,0.0,CERT(CERTIFICATE),0.29,True,AR
16-08053-000,9/19/2021,0.0,DC(DEATH CERTIFICATE),0.29,True,AR
16-08053-000,7/11/2016,0.0,DC(DEATH CERTIFICATE),0.29,True,AR
16-08053-000,7/20/1990,0.0,WD(WARRANTY DEED),0.29,True,AR
16-08053-000,7/19/1990,0.0,TRAG(TRUST AGREEMENT),0.29,True,AR
16-08053-000,6/19/1990,5000.0,WD(WARRANTY DEED),0.29,True,AR
16-08054-000,8/21/2020,217000.0,WD(WARRANTY DEED),0.28,True,AR
16-08054-000,10/9/2019,130000.0,SWD(SPECIAL WARRANTY DEED),0.28,True,AR
16-08054-000,7/11/2019,0.0,MTG-D(MORTGAGEE'S DEED),0.28,True,AR
16-08054-000,4/4/2006,0.0,WD(WARRANTY DEED),0.28,True,AR
16-08054-000,3/14/2005,135000.0,WD(WARRANTY DEED),0.28,True,AR
16-08054-000,6/2/1995,116000.0,WD(WARRANTY DEED),0.28,True,AR
16-08054-000,5/25/1989,0.0,WD(WARRANTY DEED),0.28,True,AR
16-08054-000,7/16/1985,0.0,WD(WARRANTY DEED),0.28,True,AR
16-08054-000,3/12/1985,0.0,DC(DEATH CERTIFICATE),0.28,True,AR
16-08054-000,11/8/1983,9000.0,WD(WARRANTY DEED),0.28,True,AR
16-08055-000,5/2/2011,0.0,WD(WARRANTY DEED),0.31,True,AR
16-08055-000,2/18/2010,0.0,OTHER(OTHER DOCUMENT),0.31,True,AR
16-08055-000,10/1/2003,75000.0,WD(WARRANTY DEED),0.31,True,AR
16-08055-000,10/30/2000,0.0,QCD(QUITCLAIM DEED),0.31,True,AR
16-08055-000,10/3/2000,55000.0,WD(WARRANTY DEED),0.31,True,AR
16-08055-000,9/11/1998,0.0,MEMO(MEMORANDUM),0.31,True,AR
16-08055-000,3/15/1991,60000.0,WD(WARRANTY DEED),0.31,True,AR
16-08055-000,6/25/1976,0.0,WD(WARRANTY DEED),0.31,True,AR
16-08056-000,8/30/2024,0.0,QCD(QUITCLAIM DEED),0.31,True,AR
16-08056-000,8/31/2020,0.0,QCD(QUITCLAIM DEED),0.31,True,AR
16-08056-000,12/22/2016,127000.0,WD(WARRANTY DEED),0.31,True,AR
16-08056-000,4/20/2016,46000.0,SWD(SPECIAL WARRANTY DEED),0.31,True,AR
16-08056-000,12/24/2014,0.0,TRD(TRUSTEES DEED),0.31,True,AR
16-08056-000,4/25/2014,0.0,DC(DEATH CERTIFICATE),0.31,True,AR
16-08056-000,8/17/2010,0.0,BD(BENEFICIARY DEED),0.31,True,AR
16-08056-000,8/11/1998,78000.0,WD(WARRANTY DEED),0.31,True,AR
16-08056-000,5/7/1990,78000.0,WD(WARRANTY DEED),0.31,True,AR
16-08056-000,4/4/1989,2000.0,WD(WARRANTY DEED),0.31,True,AR
16-08056-000,2/22/1989,3000.0,WD(WARRANTY DEED),0.31,True,AR
16-08057-000,8/31/2006,114000.0,WD(WARRANTY DEED),0.28,True,AR
16-08057-000,6/23/1998,62000.0,WD(WARRANTY DEED),0.28,True,AR
16-08057-000,6/23/1998,0.0,MEMO(MEMORANDUM),0.28,True,AR
16-08057-000,6/23/1998,0.0,MEMO(MEMORANDUM),0.28,True,AR
16-08057-000,3/8/1994,0.0,WD(WARRANTY DEED),0.28,True,AR
16-08057-000,8/2/1993,62000.0,WD(WARRANTY DEED),0.28,True,AR
16-08057-000,8/4/1992,50000.0,WD(WARRANTY DEED),0.28,True,AR
16-08057-000,8/3/1987,54000.0,WD(WARRANTY DEED),0.28,True,AR
16-08057-000,6/10/1975,0.0,WD(WARRANTY DEED),0.28,True,AR
16-08058-000,3/5/2024,605000.0,WD(WARRANTY DEED),0.3,True,AR
16-08058-000,7/24/2020,479000.0,WD(WARRANTY DEED),0.3,True,AR
16-08058-000,3/27/2015,0.0,TRD(TRUSTEES DEED),0.3,True,AR
16-08058-000,3/27/2015,0.0,CERT(CERTIFICATE),0.3,True,AR
16-08058-000,11/10/2004,0.0,QCD(QUITCLAIM DEED),0.3,True,AR
16-08058-000,11/10/2004,0.0,MEMO(MEMORANDUM),0.3,True,AR
16-08058-000,7/31/2002,300000.0,WD(WARRANTY DEED),0.3,True,AR
16-08058-000,6/25/2001,0.0,QCD(QUITCLAIM DEED),0.3,True,AR
16-08058-000,3/9/2001,0.0,DC(DEATH CERTIFICATE),0.3,True,AR
16-08058-000,5/1/1990,0.0,WD(WARRANTY DEED),0.3,True,AR
16-08058-000,1/15/1979,0.0,WD(WARRANTY DEED),0.3,True,AR
16-08059-000,3/5/2024,605000.0,WD(WARRANTY DEED),0.3,False,AR
16-08059-000,7/24/2020,479000.0,WD(WARRANTY DEED),0.3,False,AR
16-08059-000,3/27/2015,0.0,TRD(TRUSTEES DEED),0.3,False,AR
16-08059-000,3/27/2015,0.0,CERT(CERTIFICATE),0.3,False,AR
16-08059-000,11/10/2004,0.0,QCD(QUITCLAIM DEED),0.3,False,AR
16-08059-000,11/10/2004,0.0,MEMO(MEMORANDUM),0.3,False,AR
16-08059-000,11/27/2002,0.0,WD(WARRANTY DEED),0.3,False,AR
16-08059-000,8/1/2002,0.0,TRAG(TRUST AGREEMENT),0.3,False,AR
16-08059-000,6/25/2001,0.0,QCD(QUITCLAIM DEED),0.3,False,AR
16-08059-000,3/9/2001,0.0,DC(DEATH CERTIFICATE),0.3,False,AR
16-08059-000,5/16/1979,11000.0,WD(WARRANTY DEED),0.3,False,AR
16-08060-000,1/13/2015,175000.0,WD(WARRANTY DEED),0.3,True,AR
16-08060-000,7/2/2014,0.0,TRAG(TRUST AGREEMENT),0.3,True,AR
16-08060-000,7/30/2003,0.0,WD(WARRANTY DEED),0.3,True,AR
16-08060-000,12/12/1973,8000.0,WD(WARRANTY DEED),0.3,True,AR
16-08061-000,6/9/1997,85000.0,WD(WARRANTY DEED),0.35,True,AR
16-08061-000,6/24/1992,80000.0,WD(WARRANTY DEED),0.35,True,AR
16-08061-000,7/6/1979,75000.0,WD(WARRANTY DEED),0.35,True,AR
16-08062-000,7/9/2001,0.0,QCD(QUITCLAIM DEED),0.35,False,LA
16-08062-000,8/12/1993,3000.0,WD(WARRANTY DEED),0.35,False,LA
16-08062-000,5/1/1991,2000.0,QCD(QUITCLAIM DEED),0.35,False,LA
16-08062-000,1/26/1989,6000.0,QCD(QUITCLAIM DEED),0.35,False,LA
16-08062-000,2/6/1985,8000.0,WD(WARRANTY DEED),0.35,False,LA
16-08063-000,12/19/2018,136000.0,WD(WARRANTY DEED),0.27,True,AR
16-08063-000,7/25/2008,0.0,CORRWD(CORRECTED WARRANTY DEED),0.27,True,AR
16-08063-000,7/25/2008,88000.0,WD(WARRANTY DEED),0.27,True,AR
16-08063-000,6/12/2003,87000.0,WD(WARRANTY DEED),0.27,True,AR
16-08063-000,4/3/1998,68000.0,WD(WARRANTY DEED),0.27,True,AR
16-08063-000,8/4/1989,55000.0,WD(WARRANTY DEED),0.27,True,AR
16-08063-000,9/30/1988,55000.0,WD(WARRANTY DEED),0.27,True,AR
16-08063-000,4/23/1987,55000.0,WD(WARRANTY DEED),0.27,True,AR
16-08063-000,8/23/1979,8000.0,WD(WARRANTY DEED),0.27,True,AR
16-08064-000,8/8/2024,32000.0,WD(WARRANTY DEED),0.34,False,CA
16-08064-000,7/11/2024,28000.0,WD(WARRANTY DEED),0.34,False,CA
16-08064-000,10/13/2017,0.0,RD(REDEMPTION DEED),0.34,False,CA
16-08064-000,8/28/2009,1451000.0,QCD(QUITCLAIM DEED),0.34,False,CA
16-08064-000,8/21/2009,402000.0,DEED(GRANT DEED),0.34,False,CA
16-08064-000,9/15/2008,0.0,DEED(GRANT DEED),0.34,False,CA
16-08064-000,9/18/2006,320000.0,WD(WARRANTY DEED),0.34,False,CA
16-08064-000,12/9/2003,0.0,COMMD(COMMISSIONERS DEED),0.34,False,CA
16-08064-000,1/21/1985,9600.0,WD(WARRANTY DEED),0.34,False,CA
16-08065-000,9/28/2020,145000.0,WD(WARRANTY DEED),0.28,False,AR
16-08065-000,3/9/2016,0.0,QCD(QUITCLAIM DEED),0.28,False,AR
16-08065-000,3/9/2016,0.0,FD(FIDUCIARY DEED),0.28,False,AR
16-08065-000,7/30/2002,99000.0,WD(WARRANTY DEED),0.28,False,AR
16-08065-000,8/3/2001,0.0,TRAG(TRUST AGREEMENT),0.28,False,AR
16-08065-000,8/3/2001,0.0,TRAG(TRUST AGREEMENT),0.28,False,AR
16-08065-000,3/24/1999,2000.0,WD(WARRANTY DEED),0.28,False,AR
16-08065-000,12/30/1998,0.0,QCD(QUITCLAIM DEED),0.28,False,AR
16-08065-000,7/7/1998,6000.0,WD(WARRANTY DEED),0.28,False,AR
16-08065-000,10/27/1986,10000.0,WD(WARRANTY DEED),0.28,False,AR
16-08065-000,6/28/1982,9000.0,WD(WARRANTY DEED),0.28,False,AR
16-08066-000,9/28/2020,145000.0,WD(WARRANTY DEED),0.36,True,AR
16-08066-000,3/9/2016,0.0,QCD(QUITCLAIM DEED),0.36,True,AR
16-08066-000,3/9/2016,0.0,FD(FIDUCIARY DEED),0.36,True,AR
16-08066-000,7/30/2002,99000.0,WD(WARRANTY DEED),0.36,True,AR
16-08066-000,8/3/2001,0.0,TRAG(TRUST AGREEMENT),0.36,True,AR
16-08066-000,8/3/2001,0.0,TRAG(TRUST AGREEMENT),0.36,True,AR
16-08066-000,3/22/1999,0.0,AFF(AFFIDAVIT),0.36,True,AR
16-08066-000,3/22/1999,0.0,AFF(AFFIDAVIT),0.36,True,AR
16-08066-000,9/8/1986,0.0,WD(WARRANTY DEED),0.36,True,AR
16-08066-000,4/28/1983,0.0,WD(WARRANTY DEED),0.36,True,AR
16-08066-000,3/9/1979,74000.0,WD(WARRANTY DEED),0.36,True,AR
16-08067-000,11/30/2022,247000.0,WD(WARRANTY DEED),0.36,True,AR
16-08067-000,1/12/2005,0.0,QCD(QUITCLAIM DEED),0.36,True,AR
16-08067-000,3/29/2002,90000.0,WD(WARRANTY DEED),0.36,True,AR
16-08067-000,3/17/1999,0.0,DC(DEATH CERTIFICATE),0.36,True,AR
16-08067-000,9/4/1992,73000.0,WD(WARRANTY DEED),0.36,True,AR
16-08067-000,1/18/1985,80000.0,WD(WARRANTY DEED),0.36,True,AR
16-08067-000,12/5/1984,0.0,DC(DEATH CERTIFICATE),0.36,True,AR
16-08068-000,1/16/2018,164000.0,WD(WARRANTY DEED),0.33,True,AR
16-08068-000,6/20/2005,130000.0,WD(WARRANTY DEED),0.33,True,AR
16-08068-000,10/14/1986,80000.0,WD(WARRANTY DEED),0.33,True,AR
16-08068-000,7/15/1981,0.0,WD(WARRANTY DEED),0.33,True,AR
16-08069-000,6/12/2023,0.0,CERT(CERTIFICATE),0.29,True,AR
16-08069-000,6/7/2023,372000.0,TRWD(TRUSTEES WARRANTY DEED),0.29,True,AR
16-08069-000,11/23/2022,0.0,DC(DEATH CERTIFICATE),0.29,True,AR
16-08069-000,8/23/2018,0.0,WD(WARRANTY DEED),0.29,True,AR
16-08069-000,9/14/2016,168000.0,WD(WARRANTY DEED),0.29,True,AR
16-08069-000,2/27/2015,160000.0,WD(WARRANTY DEED),0.29,True,AR
16-08069-000,5/9/2012,0.0,WD(WARRANTY DEED),0.29,True,AR
16-08069-000,5/9/2012,0.0,CERT(CERTIFICATE),0.29,True,AR
16-08069-000,6/18/2007,182000.0,WD(WARRANTY DEED),0.29,True,AR
16-08069-000,5/25/2005,6000.0,WD(WARRANTY DEED),0.29,True,AR
16-08069-000,5/12/2005,0.0,MEMO(MEMORANDUM),0.29,True,AR
16-08069-000,9/21/1989,0.0,DC(DEATH CERTIFICATE),0.29,True,AR
16-08069-000,2/9/1989,0.0,WD(WARRANTY DEED),0.29,True,AR
16-08069-000,8/29/1977,0.0,WD(WARRANTY DEED),0.29,True,AR
16-08070-000,1/14/2025,0.0,AFF(AFFIDAVIT),0.26,True,AR
16-08070-000,12/2/2024,560000.0,WD(WARRANTY DEED),0.26,True,AR
16-08070-000,5/25/2023,0.0,WD(WARRANTY DEED),0.26,True,AR
16-08070-000,5/25/2023,0.0,CERT(CERTIFICATE),0.26,True,AR
16-08070-000,3/8/2023,0.0,QCD(QUITCLAIM DEED),0.26,True,AR
16-08070-000,12/15/2022,455000.0,WD(WARRANTY DEED),0.26,True,AR
16-08070-000,12/20/2021,0.0,WD(WARRANTY DEED),0.26,True,AR
16-08070-000,11/20/2020,220000.0,WD(WARRANTY DEED),0.26,True,AR
16-08070-000,5/2/2019,0.0,DC(DEATH CERTIFICATE),0.26,True,AR
16-08070-000,10/31/2001,165000.0,WD(WARRANTY DEED),0.26,True,AR
16-08070-000,10/30/2001,0.0,MEMO(MEMORANDUM),0.26,True,AR
16-08070-000,9/29/1998,0.0,QCD(QUITCLAIM DEED),0.26,True,AR
16-08070-000,5/27/1998,143000.0,WD(WARRANTY DEED),0.26,True,AR
16-08070-000,4/1/1998,0.0,DC(DEATH CERTIFICATE),0.26,True,AR
16-08070-000,8/6/1979,9000.0,WD(WARRANTY DEED),0.26,True,AR
16-08070-000,5/26/1978,8000.0,WD(WARRANTY DEED),0.26,True,AR
16-08071-000,2/1/2022,0.0,WD(WARRANTY DEED),0.28,True,AR
16-08071-000,2/1/2022,0.0,CERT(CERTIFICATE),0.28,True,AR
16-08071-000,8/19/2019,258000.0,WD(WARRANTY DEED),0.28,True,AR
16-08071-000,8/27/2014,195000.0,WD(WARRANTY DEED),0.28,True,AR
16-08071-000,11/17/1999,173000.0,WD(WARRANTY DEED),0.28,True,AR
16-08071-000,1/11/1999,0.0,TRD(TRUSTEES DEED),0.28,True,AR
16-08071-000,10/22/1997,0.0,DC(DEATH CERTIFICATE),0.28,True,AR
16-08071-000,8/1/1991,0.0,WD(WARRANTY DEED),0.28,True,AR
16-08071-000,8/1/1991,0.0,WD(WARRANTY DEED),0.28,True,AR
16-08071-000,7/31/1991,0.0,TRAG(TRUST AGREEMENT),0.28,True,AR
16-08071-000,8/25/1975,0.0,WD(WARRANTY DEED),0.28,True,AR
16-08072-000,9/13/2021,318000.0,WD(WARRANTY DEED),0.33,True,AR
16-08072-000,8/1/2018,230000.0,WD(WARRANTY DEED),0.33,True,AR
16-08072-000,11/30/2017,135000.0,WD(WARRANTY DEED),0.33,True,AR
16-08072-000,6/2/2016,0.0,BD(BENEFICIARY DEED),0.33,True,AR
16-08072-000,7/28/2014,0.0,WD(WARRANTY DEED),0.33,True,AR
16-08072-000,4/24/2014,0.0,DC(DEATH CERTIFICATE),0.33,True,AR
16-08072-000,4/24/2014,0.0,DC(DEATH CERTIFICATE),0.33,True,AR
16-08072-000,9/16/2004,0.0,WD(WARRANTY DEED),0.33,True,AR
16-08072-000,6/24/2004,153000.0,WD(WARRANTY DEED),0.33,True,AR
16-08072-000,6/14/2000,118000.0,WD(WARRANTY DEED),0.33,True,AR
16-08072-000,11/30/1998,100000.0,WD(WARRANTY DEED),0.33,True,AR
16-08072-000,10/15/1990,0.0,WD(WARRANTY DEED),0.33,True,AR
16-08072-000,6/28/1985,136000.0,WD(WARRANTY DEED),0.33,True,AR
16-08072-000,6/3/1983,8000.0,WD(WARRANTY DEED),0.33,True,AR
16-08072-000,5/9/1980,133000.0,WD(WARRANTY DEED),0.33,True,AR
16-08073-000,4/16/2015,106000.0,EXD(EXECUTOR-EXECUTRIX DEED),0.38,True,AR
16-08073-000,9/15/2014,0.0,DC(DEATH CERTIFICATE),0.38,True,AR
16-08073-000,5/13/2012,0.0,DC(DEATH CERTIFICATE),0.38,True,AR
16-08073-000,4/15/1994,118000.0,WD(WARRANTY DEED),0.38,True,AR
16-08073-000,8/2/1982,110000.0,WD(WARRANTY DEED),0.38,True,AR
16-08074-000,9/9/2022,362000.0,WD(WARRANTY DEED),0.3,True,AR
16-08074-000,11/18/2016,174000.0,WD(WARRANTY DEED),0.3,True,AR
16-08074-000,7/11/2005,170000.0,WD(WARRANTY DEED),0.3,True,AR
16-08074-000,9/11/1998,122000.0,WD(WARRANTY DEED),0.3,True,AR
16-08074-000,8/5/1994,119000.0,WD(WARRANTY DEED),0.3,True,AR
16-08074-000,9/16/1991,0.0,WD(WARRANTY DEED),0.3,True,AR
16-08074-000,9/16/1991,0.0,TRAG(TRUST AGREEMENT),0.3,True,AR
16-08074-000,1/28/1977,9000.0,WD(WARRANTY DEED),0.3,True,AR
16-08075-000,3/19/2021,178000.0,WD(WARRANTY DEED),0.3,True,AR
16-08075-000,11/4/2020,0.0,QCD(QUITCLAIM DEED),0.3,True,AR
16-08075-000,8/4/2017,133000.0,TRWD(TRUSTEES WARRANTY DEED),0.3,True,AR
16-08075-000,8/28/2014,0.0,CERT(CERTIFICATE),0.3,True,AR
16-08075-000,8/7/2002,0.0,WD(WARRANTY DEED),0.3,True,AR
16-08075-000,6/7/2002,0.0,CERT(CERTIFICATE),0.3,True,AR
16-08075-000,4/26/2001,86000.0,WD(WARRANTY DEED),0.3,True,AR
16-08075-000,6/21/1976,40000.0,WD(WARRANTY DEED),0.3,True,AR
16-08076-000,11/7/2012,0.0,SWD(SPECIAL WARRANTY DEED),0.4,True,AR
16-08076-000,8/24/2012,0.0,WD(WARRANTY DEED),0.4,True,AR
16-08076-000,5/25/2012,0.0,TRD(TRUSTEES DEED),0.4,True,AR
16-08076-000,11/21/2011,0.0,OTHER(OTHER DOCUMENT),0.4,True,AR
16-08076-000,5/30/2008,120000.0,WD(WARRANTY DEED),0.4,True,AR
16-08076-000,10/7/1991,60000.0,WD(WARRANTY DEED),0.4,True,AR
16-08076-000,9/16/1991,0.0,WD(WARRANTY DEED),0.4,True,AR
16-08076-000,9/16/1991,70000.0,WD(WARRANTY DEED),0.4,True,AR
16-08076-000,1/1/1800,37000.0,HIST(HISTORICAL),0.4,True,AR
16-08077-000,10/18/2023,450000.0,TRWD(TRUSTEES WARRANTY DEED),0.57,True,AR
16-08077-000,2/23/2017,0.0,QCD(QUITCLAIM DEED),0.57,True,AR
16-08077-000,4/12/2016,200000.0,WD(WARRANTY DEED),0.57,True,AR
16-08077-000,7/17/2015,0.0,EXD(EXECUTOR-EXECUTRIX DEED),0.57,True,AR
16-08077-000,6/22/2015,0.0,OR(ORDER),0.57,True,AR
16-08077-000,5/26/2014,0.0,OTHER(OTHER DOCUMENT),0.57,True,AR
16-08077-000,11/3/2003,168000.0,CORRWD(CORRECTED WARRANTY DEED),0.57,True,AR
16-08077-000,10/20/2003,168000.0,WD(WARRANTY DEED),0.57,True,AR
16-08077-000,11/15/2001,0.0,WD(WARRANTY DEED),0.57,True,AR
16-08077-000,12/6/1999,138000.0,CWD(CORPORATION WARRANTY DEED),0.57,True,AR
16-08077-000,4/25/1999,0.0,TRD(TRUSTEES DEED),0.57,True,AR
16-08077-000,4/13/1998,155000.0,WD(WARRANTY DEED),0.57,True,AR
16-08077-000,4/3/1989,0.0,RD(REDEMPTION DEED),0.57,True,AR
16-08078-000,8/16/2017,200000.0,TRWD(TRUSTEES WARRANTY DEED),0.52,True,AR
16-08078-000,8/15/2017,0.0,CERT(CERTIFICATE),0.52,True,AR
16-08078-000,6/20/2017,0.0,CERT(CERTIFICATE),0.52,True,AR
16-08078-000,2/24/2005,0.0,WD(WARRANTY DEED),0.52,True,AR
16-08078-000,5/23/1998,0.0,DC(DEATH CERTIFICATE),0.52,True,AR
16-08078-000,4/5/1995,0.0,WD(WARRANTY DEED),0.52,True,AR
16-08078-000,4/3/1995,0.0,CERT(CERTIFICATE),0.52,True,AR
16-08078-000,9/11/1987,126000.0,WD(WARRANTY DEED),0.52,True,AR
16-08078-000,6/25/1986,0.0,WD(WARRANTY DEED),0.52,True,AR
16-08078-000,10/23/1984,12000.0,WD(WARRANTY DEED),0.52,True,AR
16-08079-000,9/24/2019,170000.0,WD(WARRANTY DEED),0.64,True,AR
16-08079-000,10/30/2013,130000.0,WD(WARRANTY DEED),0.64,True,AR
16-08079-000,10/31/1994,118000.0,WD(WARRANTY DEED),0.64,True,AR
16-08079-000,5/6/1991,0.0,WD(WARRANTY DEED),0.64,True,AR
16-08079-000,5/2/1991,0.0,CERT(CERTIFICATE),0.64,True,AR
16-08079-000,2/13/1975,81000.0,WD(WARRANTY DEED),0.64,True,AR
16-08080-000,1/16/2018,0.0,CERT(CERTIFICATE),0.58,True,AR
16-08080-000,8/6/2008,0.0,DC(DEATH CERTIFICATE),0.58,True,AR
16-08080-000,4/8/2004,158000.0,TRD(TRUSTEES DEED),0.58,True,AR
16-08080-000,4/15/1988,0.0,WD(WARRANTY DEED),0.58,True,AR
16-08080-000,9/23/1978,0.0,WD(WARRANTY DEED),0.58,True,AR
16-08081-000,7/14/2023,0.0,BD(BENEFICIARY DEED),0.7,True,CA
16-08081-000,5/31/2023,0.0,DC(DEATH CERTIFICATE),0.7,True,CA
16-08081-000,7/7/2020,0.0,BD(BENEFICIARY DEED),0.7,True,CA
16-08081-000,7/7/2020,0.0,TRWD(TRUSTEES WARRANTY DEED),0.7,True,CA
16-08081-000,7/7/2020,0.0,CERT(CERTIFICATE),0.7,True,CA
16-08081-000,5/3/1994,0.0,WD(WARRANTY DEED),0.7,True,CA
16-08081-000,4/29/1994,0.0,TRAG(TRUST AGREEMENT),0.7,True,CA
16-08081-000,10/6/1993,155000.0,WD(WARRANTY DEED),0.7,True,CA
16-08081-000,8/12/1992,0.0,WD(WARRANTY DEED),0.7,True,CA
16-08081-000,8/12/1992,0.0,CERT(CERTIFICATE),0.7,True,CA
16-08081-000,12/4/1974,0.0,WD(WARRANTY DEED),0.7,True,CA
16-08083-000,1/29/2019,0.0,RD(REDEMPTION DEED),0.37,True,AR
16-08083-000,1/18/2019,144000.0,WD(WARRANTY DEED),0.37,True,AR
16-08083-000,1/19/2010,0.0,QCD(QUITCLAIM DEED),0.37,True,AR
16-08083-000,3/5/2009,135000.0,WD(WARRANTY DEED),0.37,True,AR
16-08083-000,3/6/2000,150000.0,WD(WARRANTY DEED),0.37,True,AR
16-08083-000,6/5/1990,111000.0,WD(WARRANTY DEED),0.37,True,AR
16-08083-000,1/30/1987,94000.0,WD(WARRANTY DEED),0.37,True,AR
16-08083-000,3/13/1981,100000.0,WD(WARRANTY DEED),0.37,True,AR
16-08084-000,9/18/2014,0.0,WD(WARRANTY DEED),0.25,True,AR
16-08084-000,9/18/2014,0.0,CERT(CERTIFICATE),0.25,True,AR
16-08084-000,2/11/2004,82000.0,FD(FIDUCIARY DEED),0.25,True,AR
16-08084-000,6/23/2003,0.0,CORRWD(CORRECTED WARRANTY DEED),0.25,True,AR
16-08084-000,6/13/2003,37000.0,SWD(SPECIAL WARRANTY DEED),0.25,True,AR
16-08084-000,5/21/2003,0.0,TRD(TRUSTEES DEED),0.25,True,AR
16-08084-000,4/9/2003,0.0,WD(WARRANTY DEED),0.25,True,AR
16-08084-000,3/10/2003,0.0,TRD(TRUSTEES DEED),0.25,True,AR
16-08084-000,10/31/2000,0.0,DC(DEATH CERTIFICATE),0.25,True,AR
16-08084-000,2/24/1999,0.0,WD(WARRANTY DEED),0.25,True,AR
16-08084-000,2/19/1999,78000.0,WD(WARRANTY DEED),0.25,True,AR
16-08084-000,8/29/1997,73000.0,WD(WARRANTY DEED),0.25,True,AR
16-08084-000,5/25/1994,70000.0,WD(WARRANTY DEED),0.25,True,AR
16-08084-000,9/9/1988,80000.0,WD(WARRANTY DEED),0.25,True,AR
16-08084-000,11/1/1984,82000.0,WD(WARRANTY DEED),0.25,True,AR
16-08085-000,10/14/2020,123000.0,WD(WARRANTY DEED),0.21,True,AR
16-08085-000,9/11/2020,0.0,QCD(QUITCLAIM DEED),0.21,True,AR
16-08085-000,11/25/2019,0.0,EXD(EXECUTOR-EXECUTRIX DEED),0.21,True,AR
16-08085-000,8/25/2019,0.0,DC(DEATH CERTIFICATE),0.21,True,AR
16-08085-000,4/12/2013,0.0,QCD(QUITCLAIM DEED),0.21,True,AR
16-08085-000,3/19/2009,75000.0,WD(WARRANTY DEED),0.21,True,AR
16-08085-000,12/19/2003,74000.0,WD(WARRANTY DEED),0.21,True,AR
16-08085-000,5/8/2002,63000.0,WD(WARRANTY DEED),0.21,True,AR
16-08085-000,3/22/2002,0.0,DC(DEATH CERTIFICATE),0.21,True,AR
16-08085-000,8/22/1995,0.0,TRAG(TRUST AGREEMENT),0.21,True,AR
16-08085-000,8/22/1995,0.0,WD(WARRANTY DEED),0.21,True,AR
16-08085-000,4/26/1995,67000.0,WD(WARRANTY DEED),0.21,True,AR
16-08085-000,12/8/1992,0.0,QCD(QUITCLAIM DEED),0.21,True,AR
16-08085-000,3/18/1991,48000.0,WD(WARRANTY DEED),0.21,True,AR
16-08085-000,10/26/1976,56000.0,WD(WARRANTY DEED),0.21,True,AR
16-08086-000,4/23/2015,190000.0,WD(WARRANTY DEED),0.33,True,AR
16-08086-000,10/6/2014,0.0,CERT(CERTIFICATE),0.33,True,AR
16-08086-000,8/17/2014,0.0,DC(DEATH CERTIFICATE),0.33,True,AR
16-08086-000,9/10/2012,0.0,QCD(QUITCLAIM DEED),0.33,True,AR
16-08086-000,9/10/2012,0.0,QCD(QUITCLAIM DEED),0.33,True,AR
16-08086-000,10/5/2005,0.0,WD(WARRANTY DEED),0.33,True,AR
16-08086-000,10/4/2005,0.0,AB(ABSTRACT OF TRUST),0.33,True,AR
16-08086-000,8/23/2005,0.0,DC(DEATH CERTIFICATE),0.33,True,AR
16-08086-000,10/3/1996,106000.0,WD(WARRANTY DEED),0.33,True,AR
16-08086-000,4/30/1996,106000.0,WD(WARRANTY DEED),0.33,True,AR
16-08086-000,7/13/1995,0.0,POA(POWER OF ATTORNEY),0.33,True,AR
16-08086-000,10/9/1986,122000.0,WD(WARRANTY DEED),0.33,True,AR
16-08086-000,12/1/1983,0.0,HIST(HISTORICAL),0.33,True,AR
16-08086-000,12/16/1976,62000.0,WD(WARRANTY DEED),0.33,True,AR
16-08087-000,2/29/2024,0.0,GD(GUARDIANS DEED),0.27,True,AR
16-08087-000,3/12/2020,141000.0,WD(WARRANTY DEED),0.27,True,AR
16-08087-000,12/7/2017,0.0,OR(ORDER),0.27,True,AR
16-08087-000,6/23/2017,0.0,MEMO(MEMORANDUM),0.27,True,AR
16-08087-000,10/13/2016,0.0,CERT(CERTIFICATE),0.27,True,AR
16-08087-000,2/19/2014,90000.0,WD(WARRANTY DEED),0.27,True,AR
16-08087-000,4/6/1999,0.0,QCD(QUITCLAIM DEED),0.27,True,AR
16-08087-000,9/8/1994,85000.0,WD(WARRANTY DEED),0.27,True,AR
16-08087-000,7/27/1989,0.0,WD(WARRANTY DEED),0.27,True,AR
16-08087-000,3/30/1982,80000.0,WD(WARRANTY DEED),0.27,True,AR
16-08088-000,10/21/2022,370000.0,WD(WARRANTY DEED),0.3,True,MI
16-08088-000,4/28/1997,73000.0,WD(WARRANTY DEED),0.3,True,MI
16-08088-000,1/31/1992,0.0,WD(WARRANTY DEED),0.3,True,MI
16-08088-000,10/27/1976,0.0,WD(WARRANTY DEED),0.3,True,MI
16-08089-000,11/1/2005,114000.0,WD(WARRANTY DEED),0.29,True,AR
16-08089-000,10/18/1978,0.0,WD(WARRANTY DEED),0.29,True,AR
16-08090-000,8/15/2016,132000.0,WD(WARRANTY DEED),0.29,True,AR
16-08090-000,12/17/2012,0.0,WD(WARRANTY DEED),0.29,True,AR
16-08090-000,10/28/2003,103000.0,WD(WARRANTY DEED),0.29,True,AR
16-08090-000,5/22/2002,82000.0,CORRWD(CORRECTED WARRANTY DEED),0.29,True,AR
16-08090-000,1/7/2002,0.0,DC(DEATH CERTIFICATE),0.29,True,AR
16-08090-000,6/29/1990,0.0,WD(WARRANTY DEED),0.29,True,AR
16-08090-000,6/21/1990,0.0,TRAG(TRUST AGREEMENT),0.29,True,AR
16-08090-000,10/27/1976,57000.0,WD(WARRANTY DEED),0.29,True,AR
16-08091-000,7/30/2020,165000.0,WD(WARRANTY DEED),0.38,True,AR
16-08091-000,7/31/2015,108000.0,WD(WARRANTY DEED),0.38,True,AR
16-08091-000,10/10/2013,0.0,WD(WARRANTY DEED),0.38,True,AR
16-08091-000,10/10/2013,0.0,CERT(CERTIFICATE),0.38,True,AR
16-08091-000,5/29/2008,0.0,QCD(QUITCLAIM DEED),0.38,True,AR
16-08091-000,11/20/2006,85000.0,WD(WARRANTY DEED),0.38,True,AR
16-08091-000,10/27/1997,0.0,POA(POWER OF ATTORNEY),0.38,True,AR
16-08091-000,4/8/1995,0.0,DC(DEATH CERTIFICATE),0.38,True,AR
16-08091-000,10/26/1976,57000.0,WD(WARRANTY DEED),0.38,True,AR
16-08092-000,1/30/2023,175000.0,TRWD(TRUSTEES WARRANTY DEED),0.3,True,MO
16-08092-000,9/11/2014,0.0,QCD(QUITCLAIM DEED),0.3,True,MO
16-08092-000,4/3/2013,62000.0,WD(WARRANTY DEED),0.3,True,MO
16-08092-000,1/31/2013,0.0,QCD(QUITCLAIM DEED),0.3,True,MO
16-08092-000,10/11/2006,0.0,QCD(QUITCLAIM DEED),0.3,True,MO
16-08092-000,9/6/2006,0.0,QCD(QUITCLAIM DEED),0.3,True,MO
16-08092-000,8/25/2006,0.0,QCD(QUITCLAIM DEED),0.3,True,MO
16-08092-000,1/23/2006,85000.0,WD(WARRANTY DEED),0.3,True,MO
16-08092-000,1/23/2006,0.0,WD(WARRANTY DEED),0.3,True,MO
16-08092-000,7/26/2005,77000.0,WD(WARRANTY DEED),0.3,True,MO
16-08092-000,3/25/1994,65000.0,WD(WARRANTY DEED),0.3,True,MO
16-08092-000,3/17/1994,52000.0,WD(WARRANTY DEED),0.3,True,MO
16-08092-000,9/25/1989,0.0,WD(WARRANTY DEED),0.3,True,MO
16-08092-000,10/22/1985,0.0,WD(WARRANTY DEED),0.3,True,MO
16-08092-000,5/31/1984,0.0,TRAG(TRUST AGREEMENT),0.3,True,MO
16-08092-000,5/31/1984,0.0,WD(WARRANTY DEED),0.3,True,MO
16-08093-000,12/23/2009,0.0,DEED(GRANT DEED),0.28,True,IL
16-08093-000,12/13/2002,0.0,DC(DEATH CERTIFICATE),0.28,True,IL
16-08093-000,11/25/1986,38000.0,WD(WARRANTY DEED),0.28,True,IL
16-08093-000,11/2/1976,56000.0,WD(WARRANTY DEED),0.28,True,IL
16-08094-005,3/22/2022,0.0,CORRQC(CORRECTED QUIT CLAIM DEED),4.35,True,AR
16-08094-005,12/16/2021,0.0,QCD(QUITCLAIM DEED),4.35,True,AR
16-08094-005,6/27/1986,0.0,WD(WARRANTY DEED),4.35,True,AR
16-08094-005,1/14/1981,0.0,WD(WARRANTY DEED),4.35,True,AR
16-08094-005,9/13/1976,0.0,WD(WARRANTY DEED),4.35,True,AR
16-08095-000,"1,630",326.0,326,14.37,False,AR
16-08095-000,0,0.0,0,14.37,False,AR
16-08095-000,"1,630",326.0,326,14.37,False,AR
16-08095-000,,326.0,326,14.37,False,AR
16-08095-000,,0.06193,0.06193,14.37,False,AR
16-08095-000,,2.87,2.87,14.37,False,AR
16-08095-001,0,0.0,0,10.28,False,AR
16-08095-001,0,0.0,0,10.28,False,AR
16-08095-001,0,0.0,0,10.28,False,AR
16-08095-001,,0.0,0,10.28,False,AR
16-08095-001,,0.06193,0.06193,10.28,False,AR
16-17376-000,12/27/2024,0.0,CWD(CORPORATION WARRANTY DEED),0.5,False,AR
16-17376-000,5/10/2024,13000.0,WD(WARRANTY DEED),0.5,False,AR
16-17376-000,5/10/2024,0.0,REVBD(REVOCATION OF BENEFICIARY DEED),0.5,False,AR
16-17376-000,6/29/2023,0.0,BD(BENEFICIARY DEED),0.5,False,AR
16-17376-000,6/29/2023,0.0,QCD(QUITCLAIM DEED),0.5,False,AR
16-17376-000,6/29/2023,0.0,QCD(QUITCLAIM DEED),0.5,False,AR
16-17376-000,6/29/2023,0.0,BD(BENEFICIARY DEED),0.5,False,AR
16-17376-000,6/29/2023,0.0,QCD(QUITCLAIM DEED),0.5,False,AR
16-17376-000,6/29/2023,0.0,QCD(QUITCLAIM DEED),0.5,False,AR
16-17376-000,3/29/2012,0.0,MEMO(MEMORANDUM),0.5,False,AR
16-17376-000,8/2/1999,0.0,MEMO(MEMORANDUM),0.5,False,AR
16-17376-000,8/2/1999,0.0,QCD(QUITCLAIM DEED),0.5,False,AR
16-17376-000,11/17/1997,0.0,QCD(QUITCLAIM DEED),0.5,False,AR
16-17376-000,9/17/1991,4000.0,WD(WARRANTY DEED),0.5,False,AR
16-17376-000,1/15/1982,0.0,WD(WARRANTY DEED),0.5,False,AR
16-17377-000,5/9/2025,400820.0,WD(WARRANTY DEED),0.47,True,AR
16-17377-000,11/4/2017,0.0,QCD(QUITCLAIM DEED),0.47,True,AR
16-17377-000,10/25/2017,162000.0,WD(WARRANTY DEED),0.47,True,AR
16-17377-000,5/20/2016,225000.0,WD(WARRANTY DEED),0.47,True,AR
16-17377-000,8/1/2007,180000.0,WD(WARRANTY DEED),0.47,True,AR
16-17377-000,8/23/1994,158000.0,WD(WARRANTY DEED),0.47,True,AR
16-17377-000,12/10/1992,3000.0,WD(WARRANTY DEED),0.47,True,AR
16-17377-000,3/5/1992,0.0,WD(WARRANTY DEED),0.47,True,AR
16-17377-000,3/5/1992,0.0,TRAG(TRUST AGREEMENT),0.47,True,AR
16-17377-000,1/16/1992,0.0,DC(DEATH CERTIFICATE),0.47,True,AR
16-17377-000,2/20/1985,0.0,QCD(QUITCLAIM DEED),0.47,True,AR
16-17377-000,11/19/1984,0.0,WD(WARRANTY DEED),0.47,True,AR
16-17378-000,10/31/2022,12000.0,WD(WARRANTY DEED),0.36,False,AR
16-17378-000,9/2/2021,0.0,RD(REDEMPTION DEED),0.36,False,AR
16-17378-000,9/25/2008,0.0,WD(WARRANTY DEED),0.36,False,AR
16-17378-000,8/22/2007,17000.0,WD(WARRANTY DEED),0.36,False,AR
16-17378-000,11/9/2005,6000.0,WD(WARRANTY DEED),0.36,False,AR
16-17378-000,1/26/1995,4000.0,WD(WARRANTY DEED),0.36,False,AR
16-17378-000,7/6/1993,0.0,QCD(QUITCLAIM DEED),0.36,False,AR
16-17378-000,12/10/1992,3000.0,WD(WARRANTY DEED),0.36,False,AR
16-17378-000,3/4/1992,0.0,WD(WARRANTY DEED),0.36,False,AR
16-17378-000,3/4/1992,0.0,TRAG(TRUST AGREEMENT),0.36,False,AR
16-17378-000,1/16/1992,0.0,DC(DEATH CERTIFICATE),0.36,False,AR
16-17378-000,9/5/1989,0.0,QCD(QUITCLAIM DEED),0.36,False,AR
16-17378-000,2/20/1985,0.0,QCD(QUITCLAIM DEED),0.36,False,AR
16-17378-000,11/19/1984,0.0,WD(WARRANTY DEED),0.36,False,AR
16-17379-000,6/17/2021,13000.0,WD(WARRANTY DEED),0.45,False,AR
16-17379-000,1/8/1990,0.0,QCD(QUITCLAIM DEED),0.45,False,AR
16-17379-000,5/15/1975,6000.0,WD(WARRANTY DEED),0.45,False,AR
16-17380-000,6/1/2021,25000.0,WD(WARRANTY DEED),0.43,False,AR
16-17380-000,6/13/2007,25000.0,WD(WARRANTY DEED),0.43,False,AR
16-17380-000,7/27/2005,2000.0,WD(WARRANTY DEED),0.43,False,AR
16-17380-000,9/8/1995,0.0,CORRWD(CORRECTED WARRANTY DEED),0.43,False,AR
16-17380-000,6/13/1995,1000.0,WD(WARRANTY DEED),0.43,False,AR
16-17380-000,10/11/1990,0.0,HIST(HISTORICAL),0.43,False,AR
16-17380-000,9/8/1990,0.0,CONT(CONTRACT),0.43,False,AR
16-17380-000,8/28/1990,7000.0,WD(WARRANTY DEED),0.43,False,AR
16-17380-000,6/11/1990,0.0,CONT(CONTRACT),0.43,False,AR
16-17380-000,1/22/1985,0.0,CONT(CONTRACT),0.43,False,AR
16-17380-000,7/29/1984,0.0,CONT(CONTRACT),0.43,False,AR
16-17381-000,6/1/2021,25000.0,WD(WARRANTY DEED),0.38,False,AR
16-17381-000,11/29/2016,1000.0,SWD(SPECIAL WARRANTY DEED),0.38,False,AR
16-17381-000,6/18/2014,0.0,COMMD(COMMISSIONERS DEED),0.38,False,AR
16-17381-000,1/3/2006,0.0,WD(WARRANTY DEED),0.38,False,AR
16-17381-000,4/28/2005,4000.0,WD(WARRANTY DEED),0.38,False,AR
16-17381-000,12/29/1999,1000.0,WD(WARRANTY DEED),0.38,False,AR
16-17381-000,6/10/1991,2000.0,WD(WARRANTY DEED),0.38,False,AR
16-17381-000,7/16/1982,5000.0,WD(WARRANTY DEED),0.38,False,AR
16-17382-000,4/22/2025,22500.0,WD(WARRANTY DEED),0.3,False,AR
16-17382-000,4/22/2025,0.0,QCD(QUITCLAIM DEED),0.3,False,AR
16-17382-000,4/8/2021,0.0,LWD(LIMITED WARRANTY DEED),0.3,False,AR
16-17382-000,8/28/2009,1451000.0,QCD(QUITCLAIM DEED),0.3,False,AR
16-17382-000,8/21/2009,402000.0,DEED(GRANT DEED),0.3,False,AR
16-17382-000,9/15/2008,0.0,DEED(GRANT DEED),0.3,False,AR
16-17382-000,10/10/2005,8000.0,WD(WARRANTY DEED),0.3,False,AR
16-17382-000,12/29/1982,4000.0,WD(WARRANTY DEED),0.3,False,AR
16-17383-000,1/19/2009,0.0,WD(WARRANTY DEED),0.33,False,KS
16-17383-000,9/7/2003,0.0,DC(DEATH CERTIFICATE),0.33,False,KS
16-17383-000,9/7/2003,0.0,DC(DEATH CERTIFICATE),0.33,False,KS
16-17383-000,1/24/1990,5000.0,WD(WARRANTY DEED),0.33,False,KS
16-17383-000,5/7/1979,0.0,HIST(HISTORICAL),0.33,False,KS
16-17384-000,11/2/2017,0.0,BD(BENEFICIARY DEED),0.37,True,AR
16-17384-000,10/16/2017,0.0,QCD(QUITCLAIM DEED),0.37,True,AR
16-17384-000,1/4/1988,0.0,WD(WARRANTY DEED),0.37,True,AR
16-17384-000,6/1/1987,0.0,WD(WARRANTY DEED),0.37,True,AR
16-17384-000,1/2/1986,0.0,DC(DEATH CERTIFICATE),0.37,True,AR
16-17384-000,5/23/1978,58000.0,WD(WARRANTY DEED),0.37,True,AR
16-17385-000,11/14/2016,129000.0,WD(WARRANTY DEED),0.38,True,AR
16-17385-000,11/14/2016,0.0,CERT(CERTIFICATE),0.38,True,AR
16-17385-000,7/14/2005,0.0,QCD(QUITCLAIM DEED),0.38,True,AR
16-17385-000,4/13/2005,0.0,DC(DEATH CERTIFICATE),0.38,True,AR
16-17385-000,3/25/2003,0.0,WD(WARRANTY DEED),0.38,True,AR
16-17385-000,3/25/2003,0.0,WD(WARRANTY DEED),0.38,True,AR
16-17385-000,1/12/2000,0.0,QCD(QUITCLAIM DEED),0.38,True,AR
16-17385-000,12/10/1993,70000.0,WD(WARRANTY DEED),0.38,True,AR
16-17385-000,1/19/1993,0.0,DC(DEATH CERTIFICATE),0.38,True,AR
16-17385-000,5/10/1978,65000.0,WD(WARRANTY DEED),0.38,True,AR
16-17386-000,9/20/2022,0.0,BD(BENEFICIARY DEED),0.29,True,AR
16-17386-000,10/4/2021,0.0,BD(BENEFICIARY DEED),0.29,True,AR
16-17386-000,9/20/2019,0.0,DC(DEATH CERTIFICATE),0.29,True,AR
16-17386-000,6/29/2018,0.0,QCD(QUITCLAIM DEED),0.29,True,AR
16-17386-000,8/21/1996,120000.0,WD(WARRANTY DEED),0.29,True,AR
16-17386-000,10/16/1987,3000.0,WD(WARRANTY DEED),0.29,True,AR
16-17386-000,10/15/1986,6000.0,WD(WARRANTY DEED),0.29,True,AR
16-17387-000,10/21/2021,295000.0,WD(WARRANTY DEED),0.32,True,AR
16-17387-000,6/2/2020,195000.0,WD(WARRANTY DEED),0.32,True,AR
16-17387-000,12/23/2013,0.0,QCD(QUITCLAIM DEED),0.32,True,AR
16-17387-000,3/14/2013,0.0,WD(WARRANTY DEED),0.32,True,AR
16-17387-000,6/29/2010,135000.0,WD(WARRANTY DEED),0.32,True,AR
16-17387-000,2/1/2010,0.0,CERT(CERTIFICATE),0.32,True,AR
16-17387-000,1/16/2010,0.0,OTHER(OTHER DOCUMENT),0.32,True,AR
16-17387-000,9/28/2005,0.0,WD(WARRANTY DEED),0.32,True,AR
16-17387-000,9/28/2005,0.0,CERT(CERTIFICATE),0.32,True,AR
16-17387-000,12/17/2004,155000.0,WD(WARRANTY DEED),0.32,True,AR
16-17387-000,7/26/1999,130000.0,WD(WARRANTY DEED),0.32,True,AR
16-17387-000,5/16/1996,115000.0,WD(WARRANTY DEED),0.32,True,AR
16-17387-000,5/16/1996,0.0,POA(POWER OF ATTORNEY),0.32,True,AR
16-17387-000,10/6/1992,95000.0,WD(WARRANTY DEED),0.32,True,AR
16-17387-000,10/2/1992,0.0,CORRWD(CORRECTED WARRANTY DEED),0.32,True,AR
16-17387-000,9/28/1992,0.0,POA(POWER OF ATTORNEY),0.32,True,AR
16-17387-000,12/21/1990,91000.0,WD(WARRANTY DEED),0.32,True,AR
16-17387-000,12/18/1990,0.0,POA(POWER OF ATTORNEY),0.32,True,AR
16-17387-000,3/27/1990,4000.0,WD(WARRANTY DEED),0.32,True,AR
16-17387-000,11/13/1989,0.0,RD(REDEMPTION DEED),0.32,True,AR
16-17387-000,10/12/1981,5000.0,WD(WARRANTY DEED),0.32,True,AR
16-17388-000,7/11/2023,0.0,BD(BENEFICIARY DEED),0.34,True,AR
16-17388-000,7/11/2023,0.0,SWD(SPECIAL WARRANTY DEED),0.34,True,AR
16-17388-000,8/14/2015,0.0,SWD(SPECIAL WARRANTY DEED),0.34,True,AR
16-17388-000,8/14/2015,0.0,CERT(CERTIFICATE),0.34,True,AR
16-17388-000,12/13/2004,216000.0,WD(WARRANTY DEED),0.34,True,AR
16-17388-000,4/19/2001,165000.0,WD(WARRANTY DEED),0.34,True,AR
16-17388-000,3/10/2000,4000.0,WD(WARRANTY DEED),0.34,True,AR
16-17388-000,8/3/1983,6000.0,WD(WARRANTY DEED),0.34,True,AR
16-17389-000,11/9/2022,0.0,DC(DEATH CERTIFICATE),0.31,True,AR
16-17389-000,11/12/2020,0.0,BD(BENEFICIARY DEED),0.31,True,AR
16-17389-000,11/12/2020,0.0,BD(BENEFICIARY DEED),0.31,True,AR
16-17389-000,11/24/2015,0.0,BD(BENEFICIARY DEED),0.31,True,AR
16-17389-000,8/28/2015,0.0,QCD(QUITCLAIM DEED),0.31,True,AR
16-17389-000,6/29/2009,134000.0,WD(WARRANTY DEED),0.31,True,AR
16-17389-000,7/15/2008,0.0,DC(DEATH CERTIFICATE),0.31,True,AR
16-17389-000,1/25/2008,0.0,DC(DEATH CERTIFICATE),0.31,True,AR
16-17389-000,10/3/2003,126000.0,WD(WARRANTY DEED),0.31,True,AR
16-17389-000,3/11/2003,2000.0,WD(WARRANTY DEED),0.31,True,AR
16-17389-000,12/21/2001,0.0,DC(DEATH CERTIFICATE),0.31,True,AR
16-17389-000,3/25/1993,0.0,WD(WARRANTY DEED),0.31,True,AR
16-17389-000,2/20/1993,0.0,QCD(QUITCLAIM DEED),0.31,True,AR
16-17389-000,2/20/1993,0.0,QCD(QUITCLAIM DEED),0.31,True,AR
16-17389-000,2/20/1993,0.0,QCD(QUITCLAIM DEED),0.31,True,AR
16-17389-000,5/18/1986,0.0,DC(DEATH CERTIFICATE),0.31,True,AR
16-17389-000,12/12/1980,0.0,CONT(CONTRACT),0.31,True,AR
16-17389-000,1/17/1977,5000.0,WD(WARRANTY DEED),0.31,True,AR
16-17390-000,11/12/2020,0.0,SWD(SPECIAL WARRANTY DEED),0.3,False,AR
16-17390-000,8/14/2020,330.0,SWD(SPECIAL WARRANTY DEED),0.3,False,AR
16-17390-000,12/31/2019,0.0,WD(WARRANTY DEED),0.3,False,AR
16-17390-000,11/19/2018,330.0,WD(WARRANTY DEED),0.3,False,AR
16-17390-000,10/10/2018,0.0,WD(WARRANTY DEED),0.3,False,AR
16-17390-000,3/9/2006,8000.0,WD(WARRANTY DEED),0.3,False,AR
16-17390-000,8/20/1981,5000.0,WD(WARRANTY DEED),0.3,False,AR
16-17391-000,7/9/2014,0.0,QCD(QUITCLAIM DEED),0.31,True,AR
16-17391-000,4/4/2005,78000.0,WD(WARRANTY DEED),0.31,True,AR
16-17391-000,2/26/2003,0.0,WD(WARRANTY DEED),0.31,True,AR
16-17391-000,6/25/1999,69000.0,WD(WARRANTY DEED),0.31,True,AR
16-17391-000,1/17/1997,70000.0,WD(WARRANTY DEED),0.31,True,AR
16-17391-000,1/17/1997,0.0,POA(POWER OF ATTORNEY),0.31,True,AR
16-17391-000,11/22/1993,70000.0,WD(WARRANTY DEED),0.31,True,AR
16-17391-000,10/6/1989,58000.0,WD(WARRANTY DEED),0.31,True,AR
16-17391-000,10/1/1985,57000.0,WD(WARRANTY DEED),0.31,True,AR
16-17391-000,9/22/1981,67000.0,WD(WARRANTY DEED),0.31,True,AR
16-17392-000,5/12/2021,273000.0,WD(WARRANTY DEED),0.37,True,AR
16-17392-000,8/1/2019,195000.0,TRWD(TRUSTEES WARRANTY DEED),0.37,True,AR
16-17392-000,8/1/2019,0.0,CERT(CERTIFICATE),0.37,True,AR
16-17392-000,7/4/2014,0.0,MEMO(MEMORANDUM),0.37,True,AR
16-17392-000,5/11/2014,0.0,DC(DEATH CERTIFICATE),0.37,True,AR
16-17392-000,1/9/2009,0.0,CERT(CERTIFICATE),0.37,True,AR
16-17392-000,11/24/2007,0.0,DC(DEATH CERTIFICATE),0.37,True,AR
16-17392-000,5/4/1998,0.0,CERT(CERTIFICATE),0.37,True,AR
16-17392-000,5/4/1998,0.0,WD(WARRANTY DEED),0.37,True,AR
16-17392-000,7/27/1995,185000.0,WD(WARRANTY DEED),0.37,True,AR
16-17392-000,10/21/1994,0.0,DC(DEATH CERTIFICATE),0.37,True,AR
16-17392-000,8/31/1993,6000.0,WD(WARRANTY DEED),0.37,True,AR
16-17392-000,6/17/1988,7000.0,WD(WARRANTY DEED),0.37,True,AR
16-17392-000,10/28/1987,8000.0,WD(WARRANTY DEED),0.37,True,AR
16-17393-000,10/18/2024,320000.0,WD(WARRANTY DEED),0.34,True,AR
16-17393-000,5/18/2022,315000.0,WD(WARRANTY DEED),0.34,True,AR
16-17393-000,8/10/2021,220000.0,WD(WARRANTY DEED),0.34,True,AR
16-17393-000,10/29/2018,0.0,BD(BENEFICIARY DEED),0.34,True,AR
16-17393-000,10/20/2018,0.0,POA(POWER OF ATTORNEY),0.34,True,AR
16-17393-000,10/20/2018,0.0,POA(POWER OF ATTORNEY),0.34,True,AR
16-17393-000,10/27/1982,4000.0,WD(WARRANTY DEED),0.34,True,AR
16-17394-000,9/24/2013,0.0,OTHER(OTHER DOCUMENT),0.33,True,AR
16-17394-000,8/28/2013,0.0,WD(WARRANTY DEED),0.33,True,AR
16-17394-000,8/28/2013,135000.0,EXD(EXECUTOR-EXECUTRIX DEED),0.33,True,AR
16-17394-000,11/12/2012,0.0,DC(DEATH CERTIFICATE),0.33,True,AR
16-17394-000,12/15/2010,0.0,TRD(TRUSTEES DEED),0.33,True,AR
16-17394-000,10/22/2010,0.0,ADMN(ADMINISTRATORS DEED),0.33,True,AR
16-17394-000,2/8/2010,0.0,OTHER(OTHER DOCUMENT),0.33,True,AR
16-17394-000,4/28/2008,160000.0,WD(WARRANTY DEED),0.33,True,AR
16-17394-000,3/21/2005,149000.0,WD(WARRANTY DEED),0.33,True,AR
16-17394-000,8/20/2004,4000.0,WD(WARRANTY DEED),0.33,True,AR
16-17394-000,4/28/2004,0.0,DC(DEATH CERTIFICATE),0.33,True,AR
16-17394-000,10/5/2000,0.0,QCD(QUITCLAIM DEED),0.33,True,AR
16-17394-000,3/17/2000,1000.0,WD(WARRANTY DEED),0.33,True,AR
16-17394-000,11/20/1995,0.0,WD(WARRANTY DEED),0.33,True,AR
16-17394-000,8/16/1995,0.0,EXD(EXECUTOR-EXECUTRIX DEED),0.33,True,AR
16-17394-000,4/23/1993,1000.0,WD(WARRANTY DEED),0.33,True,AR
16-17394-000,6/1/1992,0.0,TRAG(TRUST AGREEMENT),0.33,True,AR
16-17394-000,5/23/1990,0.0,DC(DEATH CERTIFICATE),0.33,True,AR
16-17394-000,8/16/1978,3000.0,WD(WARRANTY DEED),0.33,True,AR
16-17395-000,9/16/2022,199000.0,WD(WARRANTY DEED),0.35,True,UT
16-17395-000,3/31/2021,147000.0,WD(WARRANTY DEED),0.35,True,UT
16-17395-000,11/7/2013,0.0,SWD(SPECIAL WARRANTY DEED),0.35,True,UT
16-17395-000,4/24/2013,0.0,MTG-D(MORTGAGEE'S DEED),0.35,True,UT
16-17395-000,6/16/2006,100000.0,WD(WARRANTY DEED),0.35,True,UT
16-17395-000,1/3/2006,0.0,DC(DEATH CERTIFICATE),0.35,True,UT
16-17395-000,3/31/1995,68000.0,WD(WARRANTY DEED),0.35,True,UT
16-17395-000,3/31/1995,0.0,QCD(QUITCLAIM DEED),0.35,True,UT
16-17395-000,10/10/1981,74000.0,WD(WARRANTY DEED),0.35,True,UT
16-17396-000,12/23/2024,250000.0,WD(WARRANTY DEED),0.34,True,AR
16-17396-000,4/30/2019,157000.0,WD(WARRANTY DEED),0.34,True,AR
16-17396-000,4/27/2016,118000.0,WD(WARRANTY DEED),0.34,True,AR
16-17396-000,7/5/2007,124000.0,WD(WARRANTY DEED),0.34,True,AR
16-17396-000,1/18/2005,89000.0,WD(WARRANTY DEED),0.34,True,AR
16-17396-000,8/2/2004,0.0,MTG-D(MORTGAGEE'S DEED),0.34,True,AR
16-17396-000,10/3/2003,95000.0,EXD(EXECUTOR-EXECUTRIX DEED),0.34,True,AR
16-17396-000,5/4/2003,0.0,DC(DEATH CERTIFICATE),0.34,True,AR
16-17396-000,3/24/1997,0.0,DC(DEATH CERTIFICATE),0.34,True,AR
16-17396-000,12/19/1995,75000.0,WD(WARRANTY DEED),0.34,True,AR
16-17396-000,12/15/1993,0.0,WD(WARRANTY DEED),0.34,True,AR
16-17396-000,12/15/1993,0.0,TRAG(TRUST AGREEMENT),0.34,True,AR
16-17396-000,7/23/1979,70000.0,WD(WARRANTY DEED),0.34,True,AR
16-17397-000,1/26/2017,0.0,QCD(QUITCLAIM DEED),0.33,True,KS
16-17397-000,6/14/2012,0.0,WD(WARRANTY DEED),0.33,True,KS
16-17397-000,1/22/2002,0.0,TRAG(TRUST AGREEMENT),0.33,True,KS
16-17397-000,1/22/2002,0.0,TRAG(TRUST AGREEMENT),0.33,True,KS
16-17397-000,1/2/1998,0.0,QCD(QUITCLAIM DEED),0.33,True,KS
16-17397-000,8/18/1993,16500.0,WD(WARRANTY DEED),0.33,True,KS
16-17397-000,12/22/1992,0.0,RD(REDEMPTION DEED),0.33,True,KS
16-17397-000,12/14/1992,3000.0,WD(WARRANTY DEED),0.33,True,KS
16-17397-000,10/14/1992,0.0,RD(REDEMPTION DEED),0.33,True,KS
16-17397-000,6/7/1984,6000.0,WD(WARRANTY DEED),0.33,True,KS
16-17398-000,5/19/2023,270000.0,WD(WARRANTY DEED),0.36,True,AR
16-17398-000,2/10/2023,160000.0,WD(WARRANTY DEED),0.36,True,AR
16-17398-000,5/2/2007,110000.0,WD(WARRANTY DEED),0.36,True,AR
16-17398-000,4/25/2007,0.0,WD(WARRANTY DEED),0.36,True,AR
16-17398-000,9/22/1994,0.0,WD(WARRANTY DEED),0.36,True,AR
16-17398-000,9/21/1994,0.0,CERT(CERTIFICATE),0.36,True,AR
16-17398-000,8/30/1994,0.0,DC(DEATH CERTIFICATE),0.36,True,AR
16-17398-000,3/24/1989,2000.0,WD(WARRANTY DEED),0.36,True,AR
16-17399-000,8/17/2019,155000.0,WD(WARRANTY DEED),0.4,True,AR
16-17399-000,8/5/2015,123000.0,WD(WARRANTY DEED),0.4,True,AR
16-17399-000,7/8/2014,0.0,BD(BENEFICIARY DEED),0.4,True,AR
16-17399-000,6/12/2014,0.0,DC(DEATH CERTIFICATE),0.4,True,AR
16-17399-000,11/5/2013,0.0,WD(WARRANTY DEED),0.4,True,AR
16-17399-000,4/9/2013,0.0,WD(WARRANTY DEED),0.4,True,AR
16-17399-000,8/23/2004,130000.0,WD(WARRANTY DEED),0.4,True,AR
16-17399-000,1/29/2004,0.0,WD(WARRANTY DEED),0.4,True,AR
16-17399-000,2/19/2003,3000.0,WD(WARRANTY DEED),0.4,True,AR
16-17399-000,4/11/1992,0.0,QCD(QUITCLAIM DEED),0.4,True,AR
16-17399-000,8/25/1981,0.0,CONT(CONTRACT),0.4,True,AR
16-17399-000,8/10/1981,5000.0,WD(WARRANTY DEED),0.4,True,AR
16-17400-000,1/5/2023,389000.0,WD(WARRANTY DEED),0.42,True,AR
16-17400-000,1/7/2022,0.0,QCD(QUITCLAIM DEED),0.42,True,AR
16-17400-000,2/12/2021,22000.0,WD(WARRANTY DEED),0.42,True,AR
16-17400-000,10/2/2020,13500.0,WD(WARRANTY DEED),0.42,True,AR
16-17400-000,4/27/2020,4800.0,WD(WARRANTY DEED),0.42,True,AR
16-17400-000,10/12/2018,48000.0,WD(WARRANTY DEED),0.42,True,AR
16-17400-000,3/18/2004,5000.0,WD(WARRANTY DEED),0.42,True,AR
16-17400-000,11/8/1996,0.0,RD(REDEMPTION DEED),0.42,True,AR
16-17400-000,9/28/1990,6500.0,WD(WARRANTY DEED),0.42,True,AR
16-17400-000,8/13/1986,0.0,CONT(CONTRACT),0.42,True,AR
16-17400-000,7/10/1983,0.0,DC(DEATH CERTIFICATE),0.42,True,AR
16-17400-000,12/17/1981,5000.0,WD(WARRANTY DEED),0.42,True,AR
16-17401-000,3/1/2024,316000.0,WD(WARRANTY DEED),0.32,True,AR
16-17401-000,9/29/2017,158000.0,WD(WARRANTY DEED),0.32,True,AR
16-17401-000,12/7/2015,137150.0,WD(WARRANTY DEED),0.32,True,AR
16-17401-000,12/7/2015,0.0,FD(FIDUCIARY DEED),0.32,True,AR
16-17401-000,9/24/1998,0.0,QCD(QUITCLAIM DEED),0.32,True,AR
16-17401-000,9/22/1998,119000.0,WD(WARRANTY DEED),0.32,True,AR
16-17401-000,11/15/1996,0.0,DC(DEATH CERTIFICATE),0.32,True,AR
16-17401-000,11/1/1994,0.0,AMEND(AMENDMENT),0.32,True,AR
16-17401-000,12/4/1991,115000.0,WD(WARRANTY DEED),0.32,True,AR
16-17401-000,8/12/1991,0.0,TRAG(TRUST AGREEMENT),0.32,True,AR
16-17401-000,5/14/1991,4000.0,WD(WARRANTY DEED),0.32,True,AR
16-17401-000,9/22/1989,6500.0,WD(WARRANTY DEED),0.32,True,AR
16-17402-000,7/30/2021,8000.0,WD(WARRANTY DEED),0.31,True,AR
16-17402-000,2/25/2021,0.0,BD(BENEFICIARY DEED),0.31,True,AR
16-17402-000,1/9/2019,6000.0,TRWD(TRUSTEES WARRANTY DEED),0.31,True,AR
16-17402-000,6/14/2011,0.0,RD(REDEMPTION DEED),0.31,True,AR
16-17402-000,8/22/1992,0.0,WD(WARRANTY DEED),0.31,True,AR
16-17402-000,8/20/1992,0.0,WD(WARRANTY DEED),0.31,True,AR
16-17402-000,8/10/1992,0.0,CERT(CERTIFICATE),0.31,True,AR
16-17402-000,12/1/1982,0.0,WD(WARRANTY DEED),0.31,True,AR
16-17403-000,4/18/2025,40000.0,WD(WARRANTY DEED),0.31,False,AR
16-17403-000,5/6/2024,248000.0,WD(WARRANTY DEED),0.31,False,AR
16-17403-000,3/8/2024,10000.0,WD(WARRANTY DEED),0.31,False,AR
16-17403-000,5/28/2014,18000.0,WD(WARRANTY DEED),0.31,False,AR
16-17403-000,10/5/2011,0.0,QCD(QUITCLAIM DEED),0.31,False,AR
16-17403-000,10/5/2011,1693333.0,CORRQC(CORRECTED QUIT CLAIM DEED),0.31,False,AR
16-17403-000,11/24/2008,0.0,WD(WARRANTY DEED),0.31,False,AR
16-17403-000,12/7/2005,6000.0,WD(WARRANTY DEED),0.31,False,AR
16-17403-000,7/1/1989,0.0,CONT(CONTRACT),0.31,False,AR
16-17403-000,6/12/1989,3000.0,WD(WARRANTY DEED),0.31,False,AR
16-17403-000,5/4/1989,0.0,CONT(CONTRACT),0.31,False,AR
16-17403-000,4/29/1988,0.0,CONT(CONTRACT),0.31,False,AR
16-17403-000,8/19/1987,0.0,CONT(CONTRACT),0.31,False,AR
16-17403-000,7/6/1983,0.0,CONT(CONTRACT),0.31,False,AR
16-17403-000,12/3/1982,0.0,WD(WARRANTY DEED),0.31,False,AR
16-17404-000,5/21/2010,130000.0,WD(WARRANTY DEED),0.45,True,AR
16-17404-000,11/17/1994,116000.0,WD(WARRANTY DEED),0.45,True,AR
16-17404-000,6/16/1993,5000.0,WD(WARRANTY DEED),0.45,True,AR
16-17404-000,12/7/1990,7500.0,WD(WARRANTY DEED),0.45,True,AR
16-17405-000,8/8/2024,460000.0,TRWD(TRUSTEES WARRANTY DEED),0.49,True,AR
16-17405-000,6/10/2014,0.0,SWD(SPECIAL WARRANTY DEED),0.49,True,AR
16-17405-000,6/10/2014,0.0,CERT(CERTIFICATE),0.49,True,AR
16-17405-000,2/19/2003,177000.0,WD(WARRANTY DEED),0.49,True,AR
16-17405-000,8/21/1998,175000.0,WD(WARRANTY DEED),0.49,True,AR
16-17405-000,8/21/1998,0.0,AFF(AFFIDAVIT),0.49,True,AR
16-17405-000,8/27/1992,0.0,DC(DEATH CERTIFICATE),0.49,True,AR
16-17405-000,4/13/1992,0.0,CORRWD(CORRECTED WARRANTY DEED),0.49,True,AR
16-17405-000,5/9/1991,0.0,WD(WARRANTY DEED),0.49,True,AR
16-17405-000,4/23/1991,0.0,CERT(CERTIFICATE),0.49,True,AR
16-17405-000,11/27/1984,8500.0,WD(WARRANTY DEED),0.49,True,AR
16-17406-000,6/23/2004,190000.0,WD(WARRANTY DEED),0.5,True,AR
16-17406-000,5/22/1984,7000.0,WD(WARRANTY DEED),0.5,True,AR
16-17406-000,3/12/1984,0.0,DC(DEATH CERTIFICATE),0.5,True,AR
16-17407-000,3/19/2012,10000.0,WD(WARRANTY DEED),0.35,False,ID
16-17407-000,5/2/2011,0.0,WD(WARRANTY DEED),0.35,False,ID
16-17407-000,1/2/2011,0.0,WD(WARRANTY DEED),0.35,False,ID
16-17407-000,9/28/2005,5000.0,WD(WARRANTY DEED),0.35,False,ID
16-17407-000,6/21/1995,0.0,QCD(QUITCLAIM DEED),0.35,False,ID
16-17407-000,9/22/1981,6000.0,WD(WARRANTY DEED),0.35,False,ID
16-17408-000,8/30/2018,0.0,WD(WARRANTY DEED),0.29,True,AR
16-17408-000,9/4/2015,0.0,QCD(QUITCLAIM DEED),0.29,True,AR
16-17408-000,4/18/2014,56000.0,SWD(SPECIAL WARRANTY DEED),0.29,True,AR
16-17408-000,1/28/2014,0.0,COMMD(COMMISSIONERS DEED),0.29,True,AR
16-17408-000,9/23/2009,80000.0,WD(WARRANTY DEED),0.29,True,AR
16-17408-000,8/17/2009,0.0,AFF(AFFIDAVIT),0.29,True,AR
16-17408-000,7/18/2003,68000.0,WD(WARRANTY DEED),0.29,True,AR
16-17408-000,9/27/1999,55000.0,WD(WARRANTY DEED),0.29,True,AR
16-17408-000,9/27/1999,0.0,AMEND(AMENDMENT),0.29,True,AR
16-17408-000,2/18/1999,0.0,DC(DEATH CERTIFICATE),0.29,True,AR
16-17408-000,8/21/1998,70000.0,WD(WARRANTY DEED),0.29,True,AR
16-17408-000,11/20/1997,0.0,RD(REDEMPTION DEED),0.29,True,AR
16-17408-000,5/12/1993,56000.0,WD(WARRANTY DEED),0.29,True,AR
16-17408-000,8/1/1989,50000.0,WD(WARRANTY DEED),0.29,True,AR
16-17408-000,6/30/1978,52000.0,WD(WARRANTY DEED),0.29,True,AR
16-17409-000,3/30/2006,10000.0,WD(WARRANTY DEED),0.33,False,AR
16-17409-000,2/26/1997,7000.0,WD(WARRANTY DEED),0.33,False,AR
16-17409-000,3/15/1983,0.0,CONT(CONTRACT),0.33,False,AR
16-17410-000,10/26/2018,7000.0,WD(WARRANTY DEED),0.3,False,AR
16-17410-000,10/12/2018,48000.0,WD(WARRANTY DEED),0.3,False,AR
16-17410-000,4/14/2004,3000.0,WD(WARRANTY DEED),0.3,False,AR
16-17410-000,8/19/1995,0.0,DC(DEATH CERTIFICATE),0.3,False,AR
16-17410-000,6/24/1993,0.0,WD(WARRANTY DEED),0.3,False,AR
16-17410-000,3/9/1982,5000.0,WD(WARRANTY DEED),0.3,False,AR
16-17411-000,4/28/2017,165000.0,WD(WARRANTY DEED),0.31,True,AR
16-17411-000,12/7/2009,0.0,QCD(QUITCLAIM DEED),0.31,True,AR
16-17411-000,3/28/2008,153000.0,WD(WARRANTY DEED),0.31,True,AR
16-17411-000,11/14/2007,0.0,DC(DEATH CERTIFICATE),0.31,True,AR
16-17411-000,6/23/2006,0.0,DC(DEATH CERTIFICATE),0.31,True,AR
16-17411-000,6/10/2002,143000.0,WD(WARRANTY DEED),0.31,True,AR
16-17411-000,6/22/2001,3000.0,WD(WARRANTY DEED),0.31,True,AR
16-17411-000,10/6/2000,0.0,MEMO(MEMORANDUM),0.31,True,AR
16-17411-000,10/6/2000,0.0,WD(WARRANTY DEED),0.31,True,AR
16-17411-000,7/8/1997,3000.0,WD(WARRANTY DEED),0.31,True,AR
16-17411-000,6/28/1995,0.0,QCD(QUITCLAIM DEED),0.31,True,AR
16-17411-000,8/31/1994,0.0,RD(REDEMPTION DEED),0.31,True,AR
16-17411-000,11/30/1987,0.0,RD(REDEMPTION DEED),0.31,True,AR
16-17411-000,12/23/1982,5000.0,WD(WARRANTY DEED),0.31,True,AR
16-17412-000,10/24/2023,7000.0,COMMD(COMMISSIONERS DEED),0.28,False,AR
16-17412-000,11/22/2005,0.0,RD(REDEMPTION DEED),0.28,False,AR
16-17412-000,11/8/2000,0.0,RD(REDEMPTION DEED),0.28,False,AR
16-17412-000,6/15/1983,5000.0,WD(WARRANTY DEED),0.28,False,AR
16-17413-000,6/30/2020,216000.0,WD(WARRANTY DEED),0.3,True,AR
16-17413-000,10/25/2017,161500.0,CORRWD(CORRECTED WARRANTY DEED),0.3,True,AR
16-17413-000,10/25/2017,162000.0,WD(WARRANTY DEED),0.3,True,AR
16-17413-000,9/1/2006,166000.0,WD(WARRANTY DEED),0.3,True,AR
16-17413-000,11/30/2004,152000.0,WD(WARRANTY DEED),0.3,True,AR
16-17413-000,10/30/2001,0.0,WD(WARRANTY DEED),0.3,True,AR
16-17413-000,5/11/2001,130000.0,WD(WARRANTY DEED),0.3,True,AR
16-17413-000,4/25/2000,2000.0,WD(WARRANTY DEED),0.3,True,AR
16-17413-000,6/4/1999,0.0,QCD(QUITCLAIM DEED),0.3,True,AR
16-17413-000,6/9/1983,6000.0,WD(WARRANTY DEED),0.3,True,AR
16-17414-000,10/23/2020,168000.0,WD(WARRANTY DEED),0.32,True,AR
16-17414-000,10/23/2020,0.0,MEMO(MEMORANDUM),0.32,True,AR
16-17414-000,5/2/2007,12000.0,WD(WARRANTY DEED),0.32,True,AR
16-17414-000,3/23/2005,119000.0,WD(WARRANTY DEED),0.32,True,AR
16-17414-000,4/1/2004,115000.0,WD(WARRANTY DEED),0.32,True,AR
16-17414-000,12/26/2002,110000.0,WD(WARRANTY DEED),0.32,True,AR
16-17414-000,7/14/1995,84000.0,WD(WARRANTY DEED),0.32,True,AR
16-17414-000,2/27/1992,0.0,AFF(AFFIDAVIT),0.32,True,AR
16-17414-000,2/27/1992,0.0,QCD(QUITCLAIM DEED),0.32,True,AR
16-17414-000,2/27/1992,91000.0,WD(WARRANTY DEED),0.32,True,AR
16-17414-000,2/26/1992,70000.0,WD(WARRANTY DEED),0.32,True,AR
16-17414-000,7/17/1991,6000.0,WD(WARRANTY DEED),0.32,True,AR
16-17414-000,10/22/1984,0.0,WD(WARRANTY DEED),0.32,True,AR
16-17414-000,12/30/1981,5000.0,WD(WARRANTY DEED),0.32,True,AR
16-17415-000,11/4/2016,163000.0,WD(WARRANTY DEED),0.32,True,AR
16-17415-000,6/11/2012,141000.0,WD(WARRANTY DEED),0.32,True,AR
16-17415-000,6/9/2005,162000.0,WD(WARRANTY DEED),0.32,True,AR
16-17415-000,11/1/2004,4000.0,WD(WARRANTY DEED),0.32,True,AR
16-17415-000,6/16/1999,4000.0,EXD(EXECUTOR-EXECUTRIX DEED),0.32,True,AR
16-17415-000,3/3/1998,0.0,CONT(CONTRACT),0.32,True,AR
16-17415-000,8/1/1987,0.0,CONT(CONTRACT),0.32,True,AR
16-17415-000,6/3/1982,7000.0,WD(WARRANTY DEED),0.32,True,AR
16-17416-000,7/14/2020,247000.0,WD(WARRANTY DEED),0.32,True,AR
16-17416-000,7/11/2019,210000.0,WD(WARRANTY DEED),0.32,True,AR
16-17416-000,7/20/2004,152000.0,WD(WARRANTY DEED),0.32,True,AR
16-17416-000,8/23/1988,95000.0,WD(WARRANTY DEED),0.32,True,AR
16-17416-000,10/10/1984,0.0,WD(WARRANTY DEED),0.32,True,AR
16-17417-000,4/26/2024,0.0,QCD(QUITCLAIM DEED),0.37,True,AR
16-17417-000,5/27/2014,131000.0,WD(WARRANTY DEED),0.37,True,AR
16-17417-000,10/20/2006,155000.0,WD(WARRANTY DEED),0.37,True,AR
16-17417-000,10/25/2004,0.0,WD(WARRANTY DEED),0.37,True,AR
16-17417-000,10/8/2004,0.0,TRAG(TRUST AGREEMENT),0.37,True,AR
16-17417-000,8/8/1980,0.0,QCD(QUITCLAIM DEED),0.37,True,AR
16-17417-000,8/5/1980,5000.0,WD(WARRANTY DEED),0.37,True,AR
16-17418-000,5/30/2023,4500.0,TRWD(TRUSTEES WARRANTY DEED),0.37,False,OK
16-17418-000,5/23/2008,0.0,CERT(CERTIFICATE),0.37,False,OK
16-17418-000,5/23/2008,0.0,QCD(QUITCLAIM DEED),0.37,False,OK
16-17418-000,7/28/1999,1000.0,WD(WARRANTY DEED),0.37,False,OK
16-17418-000,8/28/1981,5000.0,WD(WARRANTY DEED),0.37,False,OK
16-17419-000,1/22/2014,100000.0,WD(WARRANTY DEED),0.35,True,AR
16-17419-000,11/2/2005,114000.0,WD(WARRANTY DEED),0.35,True,AR
16-17419-000,4/22/1997,0.0,QCD(QUITCLAIM DEED),0.35,True,AR
16-17419-000,4/21/1997,0.0,TRAG(TRUST AGREEMENT),0.35,True,AR
16-17419-000,11/7/1996,0.0,DC(DEATH CERTIFICATE),0.35,True,AR
16-17419-000,11/23/1982,0.0,WD(WARRANTY DEED),0.35,True,AR
16-17420-000,2/7/2022,0.0,QCD(QUITCLAIM DEED),0.4,True,AR
16-17420-000,5/7/2014,123000.0,WD(WARRANTY DEED),0.4,True,AR
16-17420-000,5/2/2014,0.0,POA(POWER OF ATTORNEY),0.4,True,AR
16-17420-000,5/2/2014,0.0,POA(POWER OF ATTORNEY),0.4,True,AR
16-17420-000,10/20/1994,5000.0,WD(WARRANTY DEED),0.4,True,AR
16-17420-000,2/3/1984,0.0,WD(WARRANTY DEED),0.4,True,AR
16-17421-000,10/14/1999,0.0,RD(REDEMPTION DEED),0.39,False,OK
16-17421-000,9/6/1983,5000.0,WD(WARRANTY DEED),0.39,False,OK
16-17422-000,6/9/2020,0.0,WD(WARRANTY DEED),0.41,True,AR
16-17422-000,5/29/2020,0.0,WD(WARRANTY DEED),0.41,True,AR
16-17422-000,4/26/2018,127000.0,TRD(TRUSTEES DEED),0.41,True,AR
16-17422-000,10/3/2016,154000.0,WD(WARRANTY DEED),0.41,True,AR
16-17422-000,10/25/2012,0.0,BD(BENEFICIARY DEED),0.41,True,AR
16-17422-000,10/4/2012,0.0,DC(DEATH CERTIFICATE),0.41,True,AR
16-17422-000,7/3/1997,125000.0,WD(WARRANTY DEED),0.41,True,AR
16-17422-000,11/6/1989,0.0,WD(WARRANTY DEED),0.41,True,AR
16-17422-000,7/31/1985,0.0,WD(WARRANTY DEED),0.41,True,AR
16-17422-000,7/8/1985,6000.0,WD(WARRANTY DEED),0.41,True,AR
16-17422-000,2/24/1984,0.0,CONT(CONTRACT),0.41,True,AR
16-17422-000,1/1/1983,0.0,CONT(CONTRACT),0.41,True,AR
16-17423-000,3/17/2021,0.0,MEMO(MEMORANDUM),0.34,True,AR
16-17423-000,5/23/2018,170000.0,WD(WARRANTY DEED),0.34,True,AR
16-17423-000,5/15/2018,0.0,MEMO(MEMORANDUM),0.34,True,AR
16-17423-000,1/19/2011,155000.0,TRD(TRUSTEES DEED),0.34,True,AR
16-17423-000,8/23/2004,0.0,WD(WARRANTY DEED),0.34,True,AR
16-17423-000,5/27/1999,135000.0,WD(WARRANTY DEED),0.34,True,AR
16-17423-000,9/23/1998,5000.0,WD(WARRANTY DEED),0.34,True,AR
16-17423-000,10/8/1973,5000.0,WD(WARRANTY DEED),0.34,True,AR
16-17424-000,7/18/2023,315000.0,WD(WARRANTY DEED),0.36,True,AR
16-17424-000,11/23/2021,260000.0,WD(WARRANTY DEED),0.36,True,AR
16-17424-000,10/13/2014,0.0,DC(DEATH CERTIFICATE),0.36,True,AR
16-17424-000,7/20/2001,131000.0,WD(WARRANTY DEED),0.36,True,AR
16-17424-000,7/8/1996,119000.0,CWD(CORPORATION WARRANTY DEED),0.36,True,AR
16-17424-000,12/9/1993,4000.0,WD(WARRANTY DEED),0.36,True,AR
16-17424-000,12/12/1979,5000.0,WD(WARRANTY DEED),0.36,True,AR
16-17424-000,10/20/1979,0.0,DC(DEATH CERTIFICATE),0.36,True,AR
16-17425-000,8/17/1998,0.0,AFF(AFFIDAVIT),0.38,False,TX
16-17425-000,8/17/1998,0.0,QCD(QUITCLAIM DEED),0.38,False,TX
16-17425-000,3/30/1998,0.0,DC(DEATH CERTIFICATE),0.38,False,TX
16-17425-000,6/11/1990,0.0,DC(DEATH CERTIFICATE),0.38,False,TX
16-17425-000,11/5/1979,8000.0,WD(WARRANTY DEED),0.38,False,TX
16-17426-000,5/22/2024,0.0,ADHL(AR DEPT OF HEALTH LIST),0.38,True,AR
16-17426-000,11/1/2012,0.0,CERT(CERTIFICATE),0.38,True,AR
16-17426-000,11/1/2012,0.0,BD(BENEFICIARY DEED),0.38,True,AR
16-17426-000,10/5/2000,6000.0,WD(WARRANTY DEED),0.38,True,AR
16-17426-000,2/20/1992,6000.0,WD(WARRANTY DEED),0.38,True,AR
16-17426-000,4/6/1987,0.0,CONT(CONTRACT),0.38,True,AR
16-17426-000,9/15/1986,0.0,CONT(CONTRACT),0.38,True,AR
16-17426-000,7/30/1986,0.0,CONT(CONTRACT),0.38,True,AR
16-17426-000,11/22/1982,5000.0,WD(WARRANTY DEED),0.38,True,AR
16-17427-000,3/6/2024,415000.0,WD(WARRANTY DEED),0.39,True,AR
16-17427-000,12/30/2021,9000.0,WD(WARRANTY DEED),0.39,True,AR
16-17427-000,12/28/2021,0.0,QCD(QUITCLAIM DEED),0.39,True,AR
16-17427-000,8/18/2021,0.0,AFF(AFFIDAVIT),0.39,True,AR
16-17427-000,5/27/2020,0.0,DC(DEATH CERTIFICATE),0.39,True,AR
16-17427-000,5/19/2003,0.0,QCD(QUITCLAIM DEED),0.39,True,AR
16-17427-000,12/6/1972,7000.0,WD(WARRANTY DEED),0.39,True,AR
16-17428-000,12/12/2017,168000.0,TRWD(TRUSTEES WARRANTY DEED),0.35,True,AR
16-17428-000,10/23/2008,0.0,WD(WARRANTY DEED),0.35,True,AR
16-17428-000,10/23/2008,0.0,MEMO(MEMORANDUM),0.35,True,AR
16-17428-000,5/7/2004,127000.0,WD(WARRANTY DEED),0.35,True,AR
16-17428-000,3/3/1997,0.0,QCD(QUITCLAIM DEED),0.35,True,AR
16-17428-000,1/10/1991,85000.0,WD(WARRANTY DEED),0.35,True,AR
16-17428-000,6/21/1990,5000.0,WD(WARRANTY DEED),0.35,True,AR
16-17428-000,5/10/1990,0.0,CONT(CONTRACT),0.35,True,AR
16-17428-000,7/5/1988,0.0,CONT(CONTRACT),0.35,True,AR
16-17428-000,5/16/1987,0.0,CONT(CONTRACT),0.35,True,AR
16-17428-000,4/6/1986,0.0,CONT(CONTRACT),0.35,True,AR
16-17428-000,5/22/1985,6000.0,WD(WARRANTY DEED),0.35,True,AR
16-17428-000,8/23/1982,5000.0,WD(WARRANTY DEED),0.35,True,AR
16-17429-000,4/22/2024,355000.0,TRWD(TRUSTEES WARRANTY DEED),0.33,True,
16-17429-000,4/22/2024,0.0,CERT(CERTIFICATE),0.33,True,
16-17429-000,12/15/1998,160000.0,WD(WARRANTY DEED),0.33,True,
16-17429-000,10/18/1994,148000.0,WD(WARRANTY DEED),0.33,True,
16-17429-000,9/7/1993,4000.0,WD(WARRANTY DEED),0.33,True,
16-17429-000,9/10/1991,5000.0,WD(WARRANTY DEED),0.33,True,
16-17429-000,2/21/1989,4000.0,WD(WARRANTY DEED),0.33,True,
16-17429-000,2/1/1989,4550.0,WD(WARRANTY DEED),0.33,True,
16-17429-000,2/1/1989,4550.0,WD(WARRANTY DEED),0.33,True,
16-17429-000,10/28/1988,0.0,CONT(CONTRACT),0.33,True,
16-17429-000,10/24/1986,0.0,CONT(CONTRACT),0.33,True,
16-17429-000,5/14/1982,5000.0,WD(WARRANTY DEED),0.33,True,
16-17429-000,5/1/1981,0.0,HIST(HISTORICAL),0.33,True,
16-17430-000,7/9/2024,233000.0,TRWD(TRUSTEES WARRANTY DEED),0.3,True,AR
16-17430-000,4/14/2009,0.0,WD(WARRANTY DEED),0.3,True,AR
16-17430-000,4/14/2009,0.0,CERT(CERTIFICATE),0.3,True,AR
16-17430-000,6/28/2007,120000.0,WD(WARRANTY DEED),0.3,True,AR
16-17430-000,10/16/1998,61000.0,WD(WARRANTY DEED),0.3,True,AR
16-17430-000,3/15/1996,0.0,BD(BENEFICIARY DEED),0.3,True,AR
16-17430-000,5/2/1990,0.0,WD(WARRANTY DEED),0.3,True,AR
16-17430-000,10/20/1989,0.0,DC(DEATH CERTIFICATE),0.3,True,AR
16-17430-000,9/20/1979,0.0,WD(WARRANTY DEED),0.3,True,AR
16-17431-000,8/17/2020,172000.0,TRWD(TRUSTEES WARRANTY DEED),0.29,True,AR
16-17431-000,8/17/2015,0.0,DC(DEATH CERTIFICATE),0.29,True,AR
16-17431-000,7/8/2010,0.0,WD(WARRANTY DEED),0.29,True,AR
16-17431-000,3/3/2010,0.0,CERT(CERTIFICATE),0.29,True,AR
16-17431-000,3/3/2010,0.0,BD(BENEFICIARY DEED),0.29,True,AR
16-17431-000,3/3/2010,0.0,TRD(TRUSTEES DEED),0.29,True,AR
16-17431-000,12/14/2001,0.0,WD(WARRANTY DEED),0.29,True,AR
16-17431-000,12/14/2001,0.0,CERT(CERTIFICATE),0.29,True,AR
16-17431-000,8/13/1999,105000.0,WD(WARRANTY DEED),0.29,True,AR
16-17431-000,1/6/1993,78000.0,CWD(CORPORATION WARRANTY DEED),0.29,True,AR
16-17431-000,5/19/1992,8000.0,WD(WARRANTY DEED),0.29,True,AR
16-17431-000,5/19/1992,7000.0,WD(WARRANTY DEED),0.29,True,AR
16-17431-000,1/8/1988,0.0,DC(DEATH CERTIFICATE),0.29,True,AR
16-17431-000,5/5/1983,7000.0,WD(WARRANTY DEED),0.29,True,AR
16-17431-000,10/20/1982,0.0,CONT(CONTRACT),0.29,True,AR
16-17432-000,12/14/2009,136000.0,TRD(TRUSTEES DEED),0.33,True,AR
16-17432-000,12/14/2009,0.0,CERT(CERTIFICATE),0.33,True,AR
16-17432-000,10/9/2009,0.0,DC(DEATH CERTIFICATE),0.33,True,AR
16-17432-000,6/11/2002,0.0,WD(WARRANTY DEED),0.33,True,AR
16-17432-000,5/16/2000,125000.0,WD(WARRANTY DEED),0.33,True,AR
16-17432-000,6/13/1996,130000.0,CWD(CORPORATION WARRANTY DEED),0.33,True,AR
16-17432-000,8/1/1995,6000.0,WD(WARRANTY DEED),0.33,True,AR
16-17432-000,5/28/1992,1000.0,WD(WARRANTY DEED),0.33,True,AR
16-17432-000,3/22/1983,5000.0,WD(WARRANTY DEED),0.33,True,AR
16-17433-000,5/29/2024,0.0,QCD(QUITCLAIM DEED),0.34,False,CA
16-17433-000,5/29/2024,0.0,WD(WARRANTY DEED),0.34,False,CA
16-17433-000,11/22/2023,0.0,DC(DEATH CERTIFICATE),0.34,False,CA
16-17433-000,8/27/2019,0.0,WD(WARRANTY DEED),0.34,False,CA
16-17433-000,8/27/2019,0.0,CERT(CERTIFICATE),0.34,False,CA
16-17433-000,8/13/2014,0.0,WD(WARRANTY DEED),0.34,False,CA
16-17433-000,2/16/2010,0.0,QCD(QUITCLAIM DEED),0.34,False,CA
16-17433-000,11/6/2009,0.0,DC(DEATH CERTIFICATE),0.34,False,CA
16-17433-000,8/25/1981,2000.0,WD(WARRANTY DEED),0.34,False,CA
16-17433-000,3/15/1977,5000.0,WD(WARRANTY DEED),0.34,False,CA
16-17434-000,5/29/2024,0.0,QCD(QUITCLAIM DEED),0.37,True,CA
16-17434-000,5/29/2024,0.0,WD(WARRANTY DEED),0.37,True,CA
16-17434-000,11/22/2023,0.0,DC(DEATH CERTIFICATE),0.37,True,CA
16-17434-000,8/28/2019,0.0,WD(WARRANTY DEED),0.37,True,CA
16-17434-000,8/27/2019,0.0,CERT(CERTIFICATE),0.37,True,CA
16-17434-000,8/29/2015,0.0,DC(DEATH CERTIFICATE),0.37,True,CA
16-17434-000,2/22/2005,0.0,WD(WARRANTY DEED),0.37,True,CA
16-17434-000,7/1/2004,138000.0,WD(WARRANTY DEED),0.37,True,CA
16-17434-000,6/12/2002,140000.0,WD(WARRANTY DEED),0.37,True,CA
16-17434-000,12/11/2000,124000.0,WD(WARRANTY DEED),0.37,True,CA
16-17434-000,6/14/1995,1000.0,CWD(CORPORATION WARRANTY DEED),0.37,True,CA
16-17434-000,5/10/1994,5000.0,WD(WARRANTY DEED),0.37,True,CA
16-17434-000,12/2/1969,12273.0,WD(WARRANTY DEED),0.37,True,CA
16-17435-000,5/4/2016,0.0,WD(WARRANTY DEED),0.39,True,AR
16-17435-000,5/4/2016,0.0,CERT(CERTIFICATE),0.39,True,AR
16-17435-000,4/24/2009,165000.0,WD(WARRANTY DEED),0.39,True,AR
16-17435-000,8/4/2003,183000.0,WD(WARRANTY DEED),0.39,True,AR
16-17435-000,6/6/1996,5000.0,CWD(CORPORATION WARRANTY DEED),0.39,True,AR
16-17435-000,10/23/1995,0.0,WD(WARRANTY DEED),0.39,True,AR
16-17435-000,8/17/1995,4000.0,WD(WARRANTY DEED),0.39,True,AR
16-17435-000,12/4/1990,2000.0,WD(WARRANTY DEED),0.39,True,AR
16-17435-000,11/17/1982,1000.0,WD(WARRANTY DEED),0.39,True,AR
16-17436-000,6/20/2024,6000.0,TRWD(TRUSTEES WARRANTY DEED),0.34,False,AR
16-17436-000,12/28/2023,0.0,CERT(CERTIFICATE),0.34,False,AR
16-17436-000,12/14/2018,0.0,AFF(AFFIDAVIT),0.34,False,AR
16-17436-000,7/8/2015,0.0,WD(WARRANTY DEED),0.34,False,AR
16-17436-000,7/8/2015,0.0,CERT(CERTIFICATE),0.34,False,AR
16-17436-000,3/23/2004,3000.0,WD(WARRANTY DEED),0.34,False,AR
16-17436-000,2/19/1998,0.0,WD(WARRANTY DEED),0.34,False,AR
16-17436-000,12/4/1981,3000.0,WD(WARRANTY DEED),0.34,False,AR
16-17437-000,7/30/2020,1000.0,QCD(QUITCLAIM DEED),0.36,False,AR
16-17437-000,7/20/2020,0.0,LWD(LIMITED WARRANTY DEED),0.36,False,AR
16-17437-000,3/13/2013,30000.0,WD(WARRANTY DEED),0.36,False,AR
16-17437-000,10/5/2011,0.0,QCD(QUITCLAIM DEED),0.36,False,AR
16-17437-000,10/5/2011,1693333.0,CORRQC(CORRECTED QUIT CLAIM DEED),0.36,False,AR
16-17437-000,11/24/2008,0.0,WD(WARRANTY DEED),0.36,False,AR
16-17437-000,7/12/2005,2000.0,WD(WARRANTY DEED),0.36,False,AR
16-17437-000,12/26/1980,0.0,WD(WARRANTY DEED),0.36,False,AR
16-17438-000,9/12/2023,9000.0,WD(WARRANTY DEED),0.29,False,AR
16-17438-000,9/28/1982,4000.0,WD(WARRANTY DEED),0.29,False,AR
16-17439-000,4/11/2022,0.0,WD(WARRANTY DEED),0.41,True,AR
16-17439-000,4/11/2022,0.0,CERT(CERTIFICATE),0.41,True,AR
16-17439-000,9/3/1996,157000.0,WD(WARRANTY DEED),0.41,True,AR
16-17439-000,5/5/1995,4000.0,WD(WARRANTY DEED),0.41,True,AR
16-17439-000,5/5/1995,0.0,POA(POWER OF ATTORNEY),0.41,True,AR
16-17439-000,5/5/1995,0.0,DC(DEATH CERTIFICATE),0.41,True,AR
16-17439-000,8/3/1982,0.0,WD(WARRANTY DEED),0.41,True,AR
16-17440-000,12/18/2024,335000.0,FD(FIDUCIARY DEED),0.42,True,AR
16-17440-000,10/14/2024,0.0,OR(ORDER),0.42,True,AR
16-17440-000,8/25/2024,0.0,ADHL(AR DEPT OF HEALTH LIST),0.42,True,AR
16-17440-000,3/18/2013,0.0,DC(DEATH CERTIFICATE),0.42,True,AR
16-17440-000,3/1/2002,189000.0,WD(WARRANTY DEED),0.42,True,AR
16-17440-000,7/2/1991,0.0,WD(WARRANTY DEED),0.42,True,AR
16-17440-000,6/19/1991,0.0,TRAG(TRUST AGREEMENT),0.42,True,AR
16-17440-000,6/14/1991,0.0,TRAG(TRUST AGREEMENT),0.42,True,AR
16-17440-000,1/20/1989,10000.0,WD(WARRANTY DEED),0.42,True,AR
16-17440-000,1/7/1975,1000.0,PP(PARENT PARCEL (FOR SPLIT)),0.42,True,AR
16-17440-001,1/7/1975,1000.0,WD(WARRANTY DEED),0.11,False,AR
16-17441-000,1/9/2024,0.0,CERT(CERTIFICATE),0.49,True,AR
16-17441-000,1/9/2024,0.0,WD(WARRANTY DEED),0.49,True,AR
16-17441-000,1/9/2024,0.0,REVBD(REVOCATION OF BENEFICIARY DEED),0.49,True,AR
16-17441-000,10/26/2022,0.0,BD(BENEFICIARY DEED),0.49,True,AR
16-17441-000,6/15/2006,210000.0,WD(WARRANTY DEED),0.49,True,AR
16-17441-000,11/10/1993,0.0,WD(WARRANTY DEED),0.49,True,AR
16-17441-000,10/8/1993,0.0,WD(WARRANTY DEED),0.49,True,AR
16-17441-000,12/4/1990,0.0,WD(WARRANTY DEED),0.49,True,AR
16-17441-000,12/4/1990,0.0,TRAG(TRUST AGREEMENT),0.49,True,AR
16-17441-000,3/27/1985,8000.0,WD(WARRANTY DEED),0.49,True,AR
16-17441-000,3/8/1973,0.0,WD(WARRANTY DEED),0.49,True,AR
16-17442-000,4/16/2018,185000.0,TRWD(TRUSTEES WARRANTY DEED),0.37,False,AR
16-17442-000,4/16/2018,0.0,CERT(CERTIFICATE),0.37,False,AR
16-17442-000,2/9/2018,0.0,DC(DEATH CERTIFICATE),0.37,False,AR
16-17442-000,10/9/2009,0.0,DC(DEATH CERTIFICATE),0.37,False,AR
16-17442-000,7/14/2005,0.0,WD(WARRANTY DEED),0.37,False,AR
16-17442-000,6/29/2005,0.0,CERT(CERTIFICATE),0.37,False,AR
16-17442-000,1/5/1995,18000.0,WD(WARRANTY DEED),0.37,False,AR
16-17442-000,4/14/1989,7000.0,WD(WARRANTY DEED),0.37,False,AR
16-17442-000,11/9/1987,0.0,DC(DEATH CERTIFICATE),0.37,False,AR
16-17442-000,11/4/1981,6000.0,WD(WARRANTY DEED),0.37,False,AR
16-17443-000,4/16/2018,185000.0,TRWD(TRUSTEES WARRANTY DEED),0.37,True,AR
16-17443-000,4/16/2018,0.0,CERT(CERTIFICATE),0.37,True,AR
16-17443-000,2/9/2018,0.0,DC(DEATH CERTIFICATE),0.37,True,AR
16-17443-000,10/9/2009,0.0,DC(DEATH CERTIFICATE),0.37,True,AR
16-17443-000,7/14/2005,0.0,WD(WARRANTY DEED),0.37,True,AR
16-17443-000,6/29/2005,0.0,CERT(CERTIFICATE),0.37,True,AR
16-17443-000,4/5/1993,135000.0,WD(WARRANTY DEED),0.37,True,AR
16-17443-000,12/16/1991,6000.0,WD(WARRANTY DEED),0.37,True,AR
16-17443-000,9/14/1982,0.0,WD(WARRANTY DEED),0.37,True,AR
16-17443-000,9/1/1982,6000.0,WD(WARRANTY DEED),0.37,True,AR
16-17444-000,5/22/2020,175000.0,TRWD(TRUSTEES WARRANTY DEED),0.3,True,AR
16-17444-000,11/5/2013,0.0,WD(WARRANTY DEED),0.3,True,AR
16-17444-000,11/5/2013,0.0,CERT(CERTIFICATE),0.3,True,AR
16-17444-000,11/13/2003,108000.0,WD(WARRANTY DEED),0.3,True,AR
16-17444-000,6/21/2001,0.0,WD(WARRANTY DEED),0.3,True,AR
16-17444-000,6/12/2001,0.0,CERT(CERTIFICATE),0.3,True,AR
16-17444-000,4/20/1998,96000.0,WD(WARRANTY DEED),0.3,True,AR
16-17444-000,10/29/1997,107000.0,WD(WARRANTY DEED),0.3,True,AR
16-17444-000,12/1/1994,86000.0,WD(WARRANTY DEED),0.3,True,AR
16-17444-000,8/6/1992,0.0,WD(WARRANTY DEED),0.3,True,AR
16-17444-000,10/13/1987,4000.0,WD(WARRANTY DEED),0.3,True,AR
16-17445-000,2/7/2022,248000.0,TRWD(TRUSTEES WARRANTY DEED),0.31,True,AR
16-17445-000,11/4/2019,161000.0,WD(WARRANTY DEED),0.31,True,AR
16-17445-000,2/1/2018,0.0,QCD(QUITCLAIM DEED),0.31,True,AR
16-17445-000,12/22/2017,0.0,QCD(QUITCLAIM DEED),0.31,True,AR
16-17445-000,9/27/2012,125000.0,WD(WARRANTY DEED),0.31,True,AR
16-17445-000,1/5/2012,0.0,DC(DEATH CERTIFICATE),0.31,True,AR
16-17445-000,7/16/2010,0.0,CERT(CERTIFICATE),0.31,True,AR
16-17445-000,6/4/2010,0.0,DC(DEATH CERTIFICATE),0.31,True,AR
16-17445-000,10/1/1999,0.0,WD(WARRANTY DEED),0.31,True,AR
16-17445-000,10/1/1999,0.0,CERT(CERTIFICATE),0.31,True,AR
16-17445-000,4/21/1994,6000.0,WD(WARRANTY DEED),0.31,True,AR
16-17445-000,9/10/1993,5000.0,WD(WARRANTY DEED),0.31,True,AR
16-17445-000,11/11/1982,0.0,WD(WARRANTY DEED),0.31,True,AR
16-17446-000,2/26/2024,0.0,QCD(QUITCLAIM DEED),0.34,True,AR
16-17446-000,4/4/2016,0.0,TRAG(TRUST AGREEMENT),0.34,True,AR
16-17446-000,8/29/2012,0.0,FD(FIDUCIARY DEED),0.34,True,AR
16-17446-000,3/12/2011,0.0,DC(DEATH CERTIFICATE),0.34,True,AR
16-17446-000,1/11/2010,0.0,CERT(CERTIFICATE),0.34,True,AR
16-17446-000,4/30/2004,110000.0,WD(WARRANTY DEED),0.34,True,AR
16-17446-000,8/19/1993,2000.0,WD(WARRANTY DEED),0.34,True,AR
16-17446-000,12/1/1976,5000.0,WD(WARRANTY DEED),0.34,True,AR
16-17447-000,4/23/2019,0.0,TRAG(TRUST AGREEMENT),0.31,True,AR
16-17447-000,7/29/2014,0.0,SWD(SPECIAL WARRANTY DEED),0.31,True,AR
16-17447-000,11/21/2013,0.0,MTG-D(MORTGAGEE'S DEED),0.31,True,AR
16-17447-000,4/28/2006,123000.0,WD(WARRANTY DEED),0.31,True,AR
16-17447-000,4/5/2005,106000.0,WD(WARRANTY DEED),0.31,True,AR
16-17447-000,11/1/2001,0.0,WD(WARRANTY DEED),0.31,True,AR
16-17447-000,11/1/2001,0.0,QCD(QUITCLAIM DEED),0.31,True,AR
16-17447-000,11/1/2001,92000.0,QCD(QUITCLAIM DEED),0.31,True,AR
16-17447-000,9/9/1998,0.0,WD(WARRANTY DEED),0.31,True,AR
16-17447-000,6/4/1998,78000.0,WD(WARRANTY DEED),0.31,True,AR
16-17447-000,6/4/1998,0.0,POA(POWER OF ATTORNEY),0.31,True,AR
16-17447-000,6/4/1998,0.0,POA(POWER OF ATTORNEY),0.31,True,AR
16-17447-000,6/1/1998,78000.0,CORRWD(CORRECTED WARRANTY DEED),0.31,True,AR
16-17447-000,11/3/1993,79000.0,WD(WARRANTY DEED),0.31,True,AR
16-17447-000,5/22/1992,2000.0,WD(WARRANTY DEED),0.31,True,AR
16-17447-000,5/8/1992,0.0,WD(WARRANTY DEED),0.31,True,AR
16-17447-000,7/29/1975,7000.0,WD(WARRANTY DEED),0.31,True,AR
16-17448-000,12/19/2023,255000.0,WD(WARRANTY DEED),0.34,True,AR
16-17448-000,11/20/2023,205000.0,WD(WARRANTY DEED),0.34,True,AR
16-17448-000,12/30/2011,0.0,SWD(SPECIAL WARRANTY DEED),0.34,True,AR
16-17448-000,6/27/2011,0.0,SWD(SPECIAL WARRANTY DEED),0.34,True,AR
16-17448-000,6/24/2011,0.0,MTG-D(MORTGAGEE'S DEED),0.34,True,AR
16-17448-000,8/1/2006,118000.0,WD(WARRANTY DEED),0.34,True,AR
16-17448-000,12/27/2004,92000.0,WD(WARRANTY DEED),0.34,True,AR
16-17448-000,9/18/2000,67000.0,WD(WARRANTY DEED),0.34,True,AR
16-17448-000,3/12/1997,1000.0,QCD(QUITCLAIM DEED),0.34,True,AR
16-17448-000,7/18/1996,66000.0,CORRWD(CORRECTED WARRANTY DEED),0.34,True,AR
16-17448-000,7/18/1996,66000.0,WD(WARRANTY DEED),0.34,True,AR
16-17448-000,9/17/1991,45000.0,WD(WARRANTY DEED),0.34,True,AR
16-17448-000,9/23/1986,0.0,DC(DEATH CERTIFICATE),0.34,True,AR
16-17448-000,3/6/1979,61000.0,WD(WARRANTY DEED),0.34,True,AR
16-17449-000,9/22/2003,93000.0,WD(WARRANTY DEED),0.45,True,AR
16-17449-000,5/27/2003,0.0,DC(DEATH CERTIFICATE),0.45,True,AR
16-17449-000,4/15/2003,0.0,WD(WARRANTY DEED),0.45,True,AR
16-17449-000,4/10/2003,0.0,DC(DEATH CERTIFICATE),0.45,True,AR
16-17449-000,6/17/1991,81000.0,WD(WARRANTY DEED),0.45,True,AR
16-17449-000,1/8/1988,60000.0,WD(WARRANTY DEED),0.45,True,AR
16-17449-000,2/14/1977,5000.0,WD(WARRANTY DEED),0.45,True,AR
16-17450-000,8/1/2024,275000.0,WD(WARRANTY DEED),0.35,True,AR
16-17450-000,7/22/2024,0.0,OR(ORDER),0.35,True,AR
16-17450-000,5/21/2014,0.0,QCD(QUITCLAIM DEED),0.35,True,AR
16-17450-000,4/16/2013,145000.0,WD(WARRANTY DEED),0.35,True,AR
16-17450-000,6/15/2004,130000.0,WD(WARRANTY DEED),0.35,True,AR
16-17450-000,1/29/2001,0.0,DC(DEATH CERTIFICATE),0.35,True,AR
16-17450-000,10/1/1996,96000.0,WD(WARRANTY DEED),0.35,True,AR
16-17450-000,4/18/1995,8000.0,WD(WARRANTY DEED),0.35,True,AR
16-17450-000,9/21/1994,0.0,WD(WARRANTY DEED),0.35,True,AR
16-17450-000,6/3/1987,0.0,DC(DEATH CERTIFICATE),0.35,True,AR
16-17450-000,2/26/1980,8000.0,WD(WARRANTY DEED),0.35,True,AR
16-17451-000,11/1/2023,268000.0,WD(WARRANTY DEED),0.32,True,AR
16-17451-000,5/12/2021,195000.0,TRD(TRUSTEES DEED),0.32,True,AR
16-17451-000,3/2/2016,0.0,DC(DEATH CERTIFICATE),0.32,True,AR
16-17451-000,1/5/2010,0.0,WD(WARRANTY DEED),0.32,True,AR
16-17451-000,1/5/2010,0.0,CERT(CERTIFICATE),0.32,True,AR
16-17451-000,11/16/2000,81000.0,WD(WARRANTY DEED),0.32,True,AR
16-17451-000,6/9/1998,80000.0,WD(WARRANTY DEED),0.32,True,AR
16-17451-000,5/15/1995,0.0,WD(WARRANTY DEED),0.32,True,AR
16-17451-000,4/5/1995,0.0,CERT(CERTIFICATE),0.32,True,AR
16-17451-000,9/20/1990,0.0,DC(DEATH CERTIFICATE),0.32,True,AR
16-17451-000,1/30/1984,0.0,QCD(QUITCLAIM DEED),0.32,True,AR
16-17452-000,10/15/1997,72000.0,WD(WARRANTY DEED),0.32,True,AR
16-17452-000,10/15/1997,0.0,DC(DEATH CERTIFICATE),0.32,True,AR
16-17452-000,10/15/1997,72000.0,WD(WARRANTY DEED),0.32,True,AR
16-17452-000,2/3/1994,85000.0,WD(WARRANTY DEED),0.32,True,AR
16-17452-000,10/4/1988,0.0,DC(DEATH CERTIFICATE),0.32,True,AR
16-17452-000,9/30/1987,0.0,WD(WARRANTY DEED),0.32,True,AR
16-17452-000,1/29/1983,0.0,WD(WARRANTY DEED),0.32,True,AR
16-17453-000,3/9/2018,161000.0,WD(WARRANTY DEED),0.37,True,HI
16-17453-000,12/2/2013,0.0,MEMO(MEMORANDUM),0.37,True,HI
16-17453-000,12/2/2013,0.0,WD(WARRANTY DEED),0.37,True,HI
16-17453-000,3/22/2012,0.0,POA(POWER OF ATTORNEY),0.37,True,HI
16-17453-000,1/5/2012,0.0,DC(DEATH CERTIFICATE),0.37,True,HI
16-17453-000,8/6/1991,5000.0,WD(WARRANTY DEED),0.37,True,HI
16-17453-000,12/28/1989,3000.0,WD(WARRANTY DEED),0.37,True,HI
16-17453-000,8/11/1982,0.0,WD(WARRANTY DEED),0.37,True,HI
16-17454-000,11/2/2023,275000.0,TRWD(TRUSTEES WARRANTY DEED),0.37,True,CA
16-17454-000,11/2/2023,0.0,CERT(CERTIFICATE),0.37,True,CA
16-17454-000,3/9/2017,0.0,WD(WARRANTY DEED),0.37,True,CA
16-17454-000,7/27/1992,86000.0,WD(WARRANTY DEED),0.37,True,CA
16-17454-000,2/25/1987,80000.0,WD(WARRANTY DEED),0.37,True,CA
16-17454-000,9/13/1986,4000.0,WD(WARRANTY DEED),0.37,True,CA
16-17454-000,9/18/1981,5000.0,WD(WARRANTY DEED),0.37,True,CA
16-17455-000,10/23/2023,0.0,SWD(SPECIAL WARRANTY DEED),0.34,True,AR
16-17455-000,10/23/2023,0.0,CERT(CERTIFICATE),0.34,True,AR
16-17455-000,5/23/2022,0.0,CERT(CERTIFICATE),0.34,True,AR
16-17455-000,7/15/2021,225000.0,TRWD(TRUSTEES WARRANTY DEED),0.34,True,AR
16-17455-000,1/25/2018,0.0,CERT(CERTIFICATE),0.34,True,AR
16-17455-000,4/23/2003,0.0,DC(DEATH CERTIFICATE),0.34,True,AR
16-17455-000,3/26/2003,0.0,WD(WARRANTY DEED),0.34,True,AR
16-17455-000,5/20/1996,90000.0,WD(WARRANTY DEED),0.34,True,AR
16-17455-000,3/26/1985,94000.0,WD(WARRANTY DEED),0.34,True,AR
16-17455-000,9/4/1984,5000.0,WD(WARRANTY DEED),0.34,True,AR
16-17455-000,7/12/1984,5000.0,WD(WARRANTY DEED),0.34,True,AR
16-17455-000,8/25/1981,5000.0,WD(WARRANTY DEED),0.34,True,AR
16-17456-000,3/14/2025,333000.0,WD(WARRANTY DEED),0.33,True,AR
16-17456-000,11/22/2024,235000.0,WD(WARRANTY DEED),0.33,True,AR
16-17456-000,3/6/2024,0.0,DC(DEATH CERTIFICATE),0.33,True,AR
16-17456-000,10/10/2007,0.0,BD(BENEFICIARY DEED),0.33,True,AR
16-17456-000,9/5/2007,140000.0,WD(WARRANTY DEED),0.33,True,AR
16-17456-000,10/4/1999,105000.0,WD(WARRANTY DEED),0.33,True,AR
16-17456-000,7/2/1991,5000.0,WD(WARRANTY DEED),0.33,True,AR
16-17456-000,9/10/1985,0.0,WD(WARRANTY DEED),0.33,True,AR
16-17457-000,10/21/2024,331000.0,WD(WARRANTY DEED),0.34,True,OK
16-17457-000,9/23/2021,254000.0,WD(WARRANTY DEED),0.34,True,OK
16-17457-000,4/13/2014,99000.0,WD(WARRANTY DEED),0.34,True,OK
16-17457-000,11/28/2012,0.0,BD(BENEFICIARY DEED),0.34,True,OK
16-17457-000,11/16/2011,0.0,DC(DEATH CERTIFICATE),0.34,True,OK
16-17457-000,7/9/1990,94000.0,WD(WARRANTY DEED),0.34,True,OK
16-17457-000,9/26/1989,4000.0,WD(WARRANTY DEED),0.34,True,OK
16-17457-000,11/22/1977,0.0,QCD(QUITCLAIM DEED),0.34,True,OK
16-17457-000,5/19/1975,0.0,DC(DEATH CERTIFICATE),0.34,True,OK
16-17458-000,3/11/2023,0.0,WD(WARRANTY DEED),0.32,True,AR
16-17458-000,3/11/2023,0.0,CERT(CERTIFICATE),0.32,True,AR
16-17458-000,10/9/2020,230000.0,WD(WARRANTY DEED),0.32,True,AR
16-17458-000,1/8/2020,0.0,DC(DEATH CERTIFICATE),0.32,True,AR
16-17458-000,7/27/2018,199000.0,WD(WARRANTY DEED),0.32,True,AR
16-17458-000,1/13/2015,0.0,DC(DEATH CERTIFICATE),0.32,True,AR
16-17458-000,8/10/2012,134000.0,WD(WARRANTY DEED),0.32,True,AR
16-17458-000,12/19/1997,7000.0,WD(WARRANTY DEED),0.32,True,AR
16-17458-000,11/19/1981,5000.0,WD(WARRANTY DEED),0.32,True,AR
16-17459-000,10/6/2022,285000.0,WD(WARRANTY DEED),0.33,True,AR
16-17459-000,10/6/2022,0.0,BD(BENEFICIARY DEED),0.33,True,AR
16-17459-000,10/16/2006,0.0,BD(BENEFICIARY DEED),0.33,True,AR
16-17459-000,6/16/1998,0.0,DC(DEATH CERTIFICATE),0.33,True,AR
16-17459-000,6/16/1998,0.0,DC(DEATH CERTIFICATE),0.33,True,AR
16-17459-000,6/7/1989,6000.0,WD(WARRANTY DEED),0.33,True,AR
16-17460-000,3/11/2025,360000.0,WD(WARRANTY DEED),0.36,True,AR
16-17460-000,4/15/2022,310000.0,WD(WARRANTY DEED),0.36,True,AR
16-17460-000,2/20/2008,155000.0,WD(WARRANTY DEED),0.36,True,AR
16-17460-000,3/15/2006,145000.0,WD(WARRANTY DEED),0.36,True,AR
16-17460-000,3/15/2006,0.0,QCD(QUITCLAIM DEED),0.36,True,AR
16-17460-000,2/14/2002,0.0,QCD(QUITCLAIM DEED),0.36,True,AR
16-17460-000,11/20/2001,130000.0,WD(WARRANTY DEED),0.36,True,AR
16-17460-000,11/17/2001,0.0,TRAG(TRUST AGREEMENT),0.36,True,AR
16-17460-000,11/17/2001,0.0,TRAG(TRUST AGREEMENT),0.36,True,AR
16-17460-000,12/8/1995,0.0,WD(WARRANTY DEED),0.36,True,AR
16-17460-000,10/2/1995,110000.0,WD(WARRANTY DEED),0.36,True,AR
16-17460-000,6/1/1993,99000.0,CWD(CORPORATION WARRANTY DEED),0.36,True,AR
16-17460-000,12/28/1992,3000.0,WD(WARRANTY DEED),0.36,True,AR
16-17460-000,5/10/1976,6000.0,WD(WARRANTY DEED),0.36,True,AR
16-17461-000,10/23/2020,206000.0,TRWD(TRUSTEES WARRANTY DEED),0.32,True,AR
16-17461-000,10/23/2020,0.0,TRAG(TRUST AGREEMENT),0.32,True,AR
16-17461-000,9/21/2012,170000.0,WD(WARRANTY DEED),0.32,True,AR
16-17461-000,6/17/1999,5000.0,WD(WARRANTY DEED),0.32,True,AR
16-17461-000,1/16/1995,14000.0,WD(WARRANTY DEED),0.32,True,AR
16-17461-000,6/2/1987,0.0,CONT(CONTRACT),0.32,True,AR
16-17461-000,11/10/1977,5000.0,WD(WARRANTY DEED),0.32,True,AR
16-17462-000,2/2/2021,169000.0,SWD(SPECIAL WARRANTY DEED),0.31,True,AR
16-17462-000,4/2/2020,0.0,DEED(GRANT DEED),0.31,True,AR
16-17462-000,5/16/2019,0.0,FD(FIDUCIARY DEED),0.31,True,AR
16-17462-000,4/13/2019,0.0,DC(DEATH CERTIFICATE),0.31,True,AR
16-17462-000,12/19/2018,0.0,WD(WARRANTY DEED),0.31,True,AR
16-17462-000,12/19/2018,0.0,CERT(CERTIFICATE),0.31,True,AR
16-17462-000,2/14/2005,145000.0,WD(WARRANTY DEED),0.31,True,AR
16-17462-000,7/21/1998,0.0,CORRWD(CORRECTED WARRANTY DEED),0.31,True,AR
16-17462-000,7/16/1998,125000.0,WD(WARRANTY DEED),0.31,True,AR
16-17462-000,4/21/1997,122000.0,WD(WARRANTY DEED),0.31,True,AR
16-17462-000,1/23/1996,122000.0,WD(WARRANTY DEED),0.31,True,AR
16-17462-000,6/9/1995,6000.0,WD(WARRANTY DEED),0.31,True,AR
16-17462-000,12/8/1981,5000.0,WD(WARRANTY DEED),0.31,True,AR
16-17462-000,10/15/1981,0.0,CONT(CONTRACT),0.31,True,AR
16-17462-000,9/13/1981,6000.0,WD(WARRANTY DEED),0.31,True,AR
16-17463-000,5/27/2024,0.0,CERT(CERTIFICATE),0.32,True,AR
16-17463-000,8/22/2023,0.0,CERT(CERTIFICATE),0.32,True,AR
16-17463-000,9/12/2016,0.0,CERT(CERTIFICATE),0.32,True,AR
16-17463-000,5/12/2004,5000.0,WD(WARRANTY DEED),0.32,True,AR
16-17463-000,4/14/2004,4667.0,WD(WARRANTY DEED),0.32,True,AR
16-17463-000,10/15/1988,0.0,CONT(CONTRACT),0.32,True,AR
16-17463-000,6/27/1988,0.0,CONT(CONTRACT),0.32,True,AR
16-17463-000,4/6/1987,0.0,CONT(CONTRACT),0.32,True,AR
16-17463-000,10/8/1986,0.0,CONT(CONTRACT),0.32,True,AR
16-17463-000,3/23/1986,0.0,CONT(CONTRACT),0.32,True,AR
16-17463-000,1/11/1984,0.0,DC(DEATH CERTIFICATE),0.32,True,AR
16-17463-000,6/6/1980,0.0,WD(WARRANTY DEED),0.32,True,AR
16-17464-000,11/4/2021,0.0,BD(BENEFICIARY DEED),0.31,True,AR
16-17464-000,10/1/2019,0.0,QCD(QUITCLAIM DEED),0.31,True,AR
16-17464-000,10/17/2018,0.0,QCD(QUITCLAIM DEED),0.31,True,AR
16-17464-000,2/5/2013,96000.0,WD(WARRANTY DEED),0.31,True,AR
16-17464-000,5/27/2012,0.0,DC(DEATH CERTIFICATE),0.31,True,AR
16-17464-000,9/15/2006,0.0,DC(DEATH CERTIFICATE),0.31,True,AR
16-17464-000,11/9/2005,0.0,WD(WARRANTY DEED),0.31,True,AR
16-17464-000,11/7/2005,0.0,CERT(CERTIFICATE),0.31,True,AR
16-17464-000,7/20/1988,80000.0,WD(WARRANTY DEED),0.31,True,AR
16-17464-000,3/15/1988,5000.0,WD(WARRANTY DEED),0.31,True,AR
16-17464-000,1/4/1984,7000.0,WD(WARRANTY DEED),0.31,True,AR
16-17465-000,12/29/2017,252000.0,WD(WARRANTY DEED),0.43,True,AR
16-17465-000,6/18/2010,215000.0,WD(WARRANTY DEED),0.43,True,AR
16-17465-000,6/1/2004,6000.0,WD(WARRANTY DEED),0.43,True,AR
16-17465-000,6/1/2004,0.0,DC(DEATH CERTIFICATE),0.43,True,AR
16-17465-000,3/20/1984,6000.0,WD(WARRANTY DEED),0.43,True,AR
16-17466-000,6/18/2015,119000.0,WD(WARRANTY DEED),0.4,True,AR
16-17466-000,3/20/2014,0.0,FD(FIDUCIARY DEED),0.4,True,AR
16-17466-000,6/25/2013,0.0,DC(DEATH CERTIFICATE),0.4,True,AR
16-17466-000,7/16/2012,0.0,CERT(CERTIFICATE),0.4,True,AR
16-17466-000,11/4/2011,0.0,DC(DEATH CERTIFICATE),0.4,True,AR
16-17466-000,4/8/1999,119000.0,WD(WARRANTY DEED),0.4,True,AR
16-17466-000,9/13/1994,0.0,QCD(QUITCLAIM DEED),0.4,True,AR
16-17466-000,8/25/1994,0.0,QCD(QUITCLAIM DEED),0.4,True,AR
16-17466-000,3/11/1994,0.0,WD(WARRANTY DEED),0.4,True,AR
16-17466-000,3/11/1994,5000.0,WD(WARRANTY DEED),0.4,True,AR
16-17466-000,3/11/1994,4000.0,WD(WARRANTY DEED),0.4,True,AR
16-17466-000,2/7/1989,0.0,CONT(CONTRACT),0.4,True,AR
16-17466-000,8/26/1985,0.0,WD(WARRANTY DEED),0.4,True,AR
16-17466-000,12/8/1980,5800.0,MEMO(MEMORANDUM),0.4,True,AR
16-17466-000,11/14/1975,6000.0,WD(WARRANTY DEED),0.4,True,AR
16-17467-000,4/11/1975,0.0,WD(WARRANTY DEED),20.81,False,AR
16-17467-001,0,0.0,0,5.8,False,AR
16-17467-001,0,0.0,0,5.8,False,AR
16-17467-001,0,0.0,0,5.8,False,AR
16-17467-001,,0.0,0,5.8,False,AR
16-17467-001,,0.06193,0.06193,5.8,False,AR
16-31791-000,7/9/2007,0.0,QCD(QUITCLAIM DEED),0.3,True,AR
16-31791-000,8/1/2005,113000.0,WD(WARRANTY DEED),0.3,True,AR
16-31791-000,4/27/2005,0.0,WD(WARRANTY DEED),0.3,True,AR
16-31791-000,4/25/2005,0.0,CERT(CERTIFICATE),0.3,True,AR
16-31791-000,12/6/2000,89000.0,EXD(EXECUTOR-EXECUTRIX DEED),0.3,True,AR
16-31791-000,1/29/1997,0.0,DC(DEATH CERTIFICATE),0.3,True,AR
16-31791-000,1/3/1992,88000.0,WD(WARRANTY DEED),0.3,True,AR
16-31791-000,10/30/1990,8000.0,WD(WARRANTY DEED),0.3,True,AR
16-31791-000,7/4/1984,11000.0,WD(WARRANTY DEED),0.3,True,AR
16-31792-000,4/30/2010,106000.0,TRD(TRUSTEES DEED),0.3,True,AR
16-31792-000,4/30/2010,0.0,CERT(CERTIFICATE),0.3,True,AR
16-31792-000,12/11/1995,0.0,MEMO(MEMORANDUM),0.3,True,AR
16-31792-000,3/28/1988,0.0,WD(WARRANTY DEED),0.3,True,AR
16-31792-000,7/21/1987,0.0,WD(WARRANTY DEED),0.3,True,AR
16-31792-000,6/11/1987,0.0,QCD(QUITCLAIM DEED),0.3,True,AR
16-31792-000,8/1/1986,0.0,WD(WARRANTY DEED),0.3,True,AR
16-31792-000,6/11/1984,0.0,WD(WARRANTY DEED),0.3,True,AR
16-31793-000,5/28/2015,84000.0,WD(WARRANTY DEED),0.28,True,AR
16-31793-000,9/20/2004,88000.0,WD(WARRANTY DEED),0.28,True,AR
16-31793-000,4/21/2003,0.0,QCD(QUITCLAIM DEED),0.28,True,AR
16-31793-000,4/3/1999,0.0,ML(MARRIAGE LICENSE),0.28,True,AR
16-31793-000,11/30/1993,0.0,WD(WARRANTY DEED),0.28,True,AR
16-31793-000,8/11/1993,75000.0,WD(WARRANTY DEED),0.28,True,AR
16-31793-000,9/5/1991,60000.0,WD(WARRANTY DEED),0.28,True,AR
16-31793-000,3/12/1990,0.0,WD(WARRANTY DEED),0.28,True,AR
16-31793-000,8/30/1979,59000.0,WD(WARRANTY DEED),0.28,True,AR
16-31794-000,4/25/2020,0.0,DC(DEATH CERTIFICATE),0.25,True,IA
16-31794-000,10/7/1991,0.0,WD(WARRANTY DEED),0.25,True,IA
16-31794-000,9/28/1984,0.0,EXD(EXECUTOR-EXECUTRIX DEED),0.25,True,IA
16-31794-000,9/14/1984,0.0,QCD(QUITCLAIM DEED),0.25,True,IA
16-31795-000,8/10/2023,18000.0,WD(WARRANTY DEED),0.27,False,AR
16-31795-000,5/1/2020,3000.0,QCD(QUITCLAIM DEED),0.27,False,AR
16-31795-000,9/5/2019,0.0,LWD(LIMITED WARRANTY DEED),0.27,False,AR
16-31795-000,11/9/2012,0.0,LWD(LIMITED WARRANTY DEED),0.27,False,AR
16-31795-000,10/10/2006,5000.0,WD(WARRANTY DEED),0.27,False,AR
16-31795-000,8/7/2006,0.0,WD(WARRANTY DEED),0.27,False,AR
16-31795-000,6/14/2005,5000.0,WD(WARRANTY DEED),0.27,False,AR
16-31795-000,11/30/2000,2000.0,WD(WARRANTY DEED),0.27,False,AR
16-31795-000,11/30/2000,0.0,QCD(QUITCLAIM DEED),0.27,False,AR
16-31796-000,4/30/2024,304000.0,WD(WARRANTY DEED),0.32,True,AR
16-31796-000,5/11/2009,139000.0,SWD(SPECIAL WARRANTY DEED),0.32,True,AR
16-31796-000,3/18/2009,0.0,MTG-D(MORTGAGEE'S DEED),0.32,True,AR
16-31796-000,9/26/2006,172000.0,WD(WARRANTY DEED),0.32,True,AR
16-31796-000,8/7/2006,0.0,WD(WARRANTY DEED),0.32,True,AR
16-31796-000,6/14/2005,5000.0,WD(WARRANTY DEED),0.32,True,AR
16-31796-000,8/11/1997,1000.0,WD(WARRANTY DEED),0.32,True,AR
16-31796-000,12/5/1994,0.0,CONT(CONTRACT),0.32,True,AR
16-31796-000,3/28/1986,0.0,CONT(CONTRACT),0.32,True,AR
16-31796-000,7/9/1982,6000.0,WD(WARRANTY DEED),0.32,True,AR
16-31797-000,12/12/2013,1000.0,WD(WARRANTY DEED),0.31,False,UT
16-31797-000,7/31/2012,80000.0,CWD(CORPORATION WARRANTY DEED),0.31,False,UT
16-31797-000,1/5/2006,7000.0,WD(WARRANTY DEED),0.31,False,UT
16-31797-000,11/7/1989,6600.0,WD(WARRANTY DEED),0.31,False,UT
16-31798-000,10/9/2020,10.0,QCD(QUITCLAIM DEED),0.37,True,AR
16-31798-000,10/9/2020,10.0,QCD(QUITCLAIM DEED),0.37,True,AR
16-31798-000,7/1/2019,0.0,QCD(QUITCLAIM DEED),0.37,True,AR
16-31798-000,7/1/2019,0.0,QCD(QUITCLAIM DEED),0.37,True,AR
16-31798-000,10/27/2017,0.0,QCD(QUITCLAIM DEED),0.37,True,AR
16-31798-000,10/27/2017,0.0,QCD(QUITCLAIM DEED),0.37,True,AR
16-31798-000,1/18/2017,0.0,QCD(QUITCLAIM DEED),0.37,True,AR
16-31798-000,1/18/2017,0.0,QCD(QUITCLAIM DEED),0.37,True,AR
16-31798-000,1/18/2017,0.0,AFF(AFFIDAVIT),0.37,True,AR
16-31798-000,8/7/2014,0.0,DC(DEATH CERTIFICATE),0.37,True,AR
16-31798-000,11/27/2006,0.0,WD(WARRANTY DEED),0.37,True,AR
16-31798-000,11/27/2006,0.0,TRD(TRUSTEES DEED),0.37,True,AR
16-31798-000,3/23/2006,0.0,WD(WARRANTY DEED),0.37,True,AR
16-31798-000,3/20/2006,0.0,CERT(CERTIFICATE),0.37,True,AR
16-31798-000,9/3/2004,0.0,TRD(TRUSTEES DEED),0.37,True,AR
16-31798-000,1/29/2001,0.0,QCD(QUITCLAIM DEED),0.37,True,AR
16-31798-000,10/4/1996,0.0,DC(DEATH CERTIFICATE),0.37,True,AR
16-31798-000,7/26/1991,80000.0,WD(WARRANTY DEED),0.37,True,AR
16-31798-000,4/12/1991,2000.0,WD(WARRANTY DEED),0.37,True,AR
16-31798-000,5/2/1983,0.0,DC(DEATH CERTIFICATE),0.37,True,AR
16-31799-000,8/25/2016,130000.0,WD(WARRANTY DEED),0.33,True,AR
16-31799-000,5/30/2001,102000.0,WD(WARRANTY DEED),0.33,True,AR
16-31799-000,4/24/1996,93000.0,WD(WARRANTY DEED),0.33,True,AR
16-31799-000,6/1/1994,83000.0,WD(WARRANTY DEED),0.33,True,AR
16-31799-000,8/28/1991,0.0,WD(WARRANTY DEED),0.33,True,AR
16-31799-000,8/28/1991,0.0,MEMO(MEMORANDUM),0.33,True,AR
16-31799-000,9/9/1987,9000.0,WD(WARRANTY DEED),0.33,True,AR
16-31799-000,5/19/1982,6000.0,WD(WARRANTY DEED),0.33,True,AR
16-31800-000,3/31/2021,0.0,BD(BENEFICIARY DEED),0.31,True,AR
16-31800-000,11/29/2016,250000.0,WD(WARRANTY DEED),0.31,True,AR
16-31800-000,4/22/2011,200000.0,WD(WARRANTY DEED),0.31,True,AR
16-31800-000,3/28/2003,0.0,QCD(QUITCLAIM DEED),0.31,True,AR
16-31800-000,4/30/2001,202000.0,WD(WARRANTY DEED),0.31,True,AR
16-31800-000,6/13/1994,0.0,WD(WARRANTY DEED),0.31,True,AR
16-31800-000,6/13/1994,0.0,CERT(CERTIFICATE),0.31,True,AR
16-31800-000,10/5/1989,13000.0,WD(WARRANTY DEED),0.31,True,AR
16-31800-000,9/1/1982,7000.0,WD(WARRANTY DEED),0.31,True,AR
16-31801-000,3/31/2021,0.0,BD(BENEFICIARY DEED),0.3,False,AR
16-31801-000,11/29/2016,250000.0,WD(WARRANTY DEED),0.3,False,AR
16-31801-000,4/22/2011,0.0,WD(WARRANTY DEED),0.3,False,AR
16-31801-000,5/17/2002,3000.0,WD(WARRANTY DEED),0.3,False,AR
16-31801-000,7/29/1996,0.0,DC(DEATH CERTIFICATE),0.3,False,AR
16-31801-000,7/29/1996,8000.0,WD(WARRANTY DEED),0.3,False,AR
16-31801-000,1/17/1986,6000.0,WD(WARRANTY DEED),0.3,False,AR
16-31801-000,4/5/1985,0.0,CONT(CONTRACT),0.3,False,AR
16-31802-000,12/6/2018,132000.0,WD(WARRANTY DEED),0.33,True,AR
16-31802-000,8/19/2015,100000.0,SWD(SPECIAL WARRANTY DEED),0.33,True,AR
16-31802-000,11/24/2014,21000.0,QCD(QUITCLAIM DEED),0.33,True,AR
16-31802-000,9/16/2014,0.0,COMMD(COMMISSIONERS DEED),0.33,True,AR
16-31802-000,8/15/2003,0.0,WD(WARRANTY DEED),0.33,True,AR
16-31802-000,7/2/2003,101000.0,WD(WARRANTY DEED),0.33,True,AR
16-31802-000,11/13/1997,72000.0,WD(WARRANTY DEED),0.33,True,AR
16-31802-000,11/14/1996,0.0,DC(DEATH CERTIFICATE),0.33,True,AR
16-31802-000,8/11/1993,0.0,WD(WARRANTY DEED),0.33,True,AR
16-31802-000,3/28/1988,0.0,DC(DEATH CERTIFICATE),0.33,True,AR
16-31802-000,9/22/1987,73000.0,WD(WARRANTY DEED),0.33,True,AR
16-31802-000,1/17/1983,0.0,WD(WARRANTY DEED),0.33,True,AR
16-31803-000,7/23/2020,325000.0,WD(WARRANTY DEED),0.42,True,AR
16-31803-000,7/20/2017,280000.0,WD(WARRANTY DEED),0.42,True,AR
16-31803-000,9/5/2007,264000.0,WD(WARRANTY DEED),0.42,True,AR
16-31803-000,4/26/2006,10000.0,WD(WARRANTY DEED),0.42,True,AR
16-31803-000,4/4/1994,3000.0,WD(WARRANTY DEED),0.42,True,AR
16-31803-000,7/8/1983,10000.0,WD(WARRANTY DEED),0.42,True,AR
16-31804-000,7/23/2020,325000.0,WD(WARRANTY DEED),0.54,False,AR
16-31804-000,7/20/2017,280000.0,WD(WARRANTY DEED),0.54,False,AR
16-31804-000,3/19/2014,3000.0,LWD(LIMITED WARRANTY DEED),0.54,False,AR
16-31804-000,11/29/2010,6000.0,WD(WARRANTY DEED),0.54,False,AR
16-31804-000,8/1/2006,0.0,CORRWD(CORRECTED WARRANTY DEED),0.54,False,AR
16-31804-000,2/16/2006,6000.0,WD(WARRANTY DEED),0.54,False,AR
16-31804-000,2/15/2006,731000.0,CWD(CORPORATION WARRANTY DEED),0.54,False,AR
16-31804-000,11/22/1999,0.0,RD(REDEMPTION DEED),0.54,False,AR
16-31804-000,10/19/1994,0.0,RD(REDEMPTION DEED),0.54,False,AR
16-31804-000,11/23/1982,5000.0,WD(WARRANTY DEED),0.54,False,AR
16-31805-000,8/26/2002,0.0,WD(WARRANTY DEED),0.55,False,OK
16-31805-000,7/14/1994,0.0,WD(WARRANTY DEED),0.55,False,OK
16-31805-000,5/10/1993,0.0,WD(WARRANTY DEED),0.55,False,OK
16-31805-000,2/9/1983,8000.0,WD(WARRANTY DEED),0.55,False,OK
16-31806-000,3/19/2021,100000.0,WD(WARRANTY DEED),0.35,True,AR
16-31806-000,3/22/2007,0.0,AFF(AFFIDAVIT),0.35,True,AR
16-31806-000,1/23/2003,71000.0,WD(WARRANTY DEED),0.35,True,AR
16-31806-000,2/3/1997,59000.0,WD(WARRANTY DEED),0.35,True,AR
16-31806-000,7/28/1995,55000.0,WD(WARRANTY DEED),0.35,True,AR
16-31806-000,6/8/1994,0.0,WD(WARRANTY DEED),0.35,True,AR
16-31806-000,12/27/1993,0.0,CERT(CERTIFICATE),0.35,True,AR
16-31806-000,12/9/1993,0.0,DC(DEATH CERTIFICATE),0.35,True,AR
16-31806-000,6/26/1984,0.0,WD(WARRANTY DEED),0.35,True,AR
16-31807-000,2/27/2019,0.0,AFF(AFFIDAVIT),0.4,True,AR
16-31807-000,2/21/2019,188000.0,WD(WARRANTY DEED),0.4,True,AR
16-31807-000,9/12/2013,0.0,QCD(QUITCLAIM DEED),0.4,True,AR
16-31807-000,12/31/2008,150000.0,WD(WARRANTY DEED),0.4,True,AR
16-31807-000,12/22/2008,0.0,AFF(AFFIDAVIT),0.4,True,AR
16-31807-000,8/27/1997,0.0,WD(WARRANTY DEED),0.4,True,AR
16-31807-000,8/27/1997,0.0,CERT(CERTIFICATE),0.4,True,AR
16-31807-000,7/7/1997,0.0,QCD(QUITCLAIM DEED),0.4,True,AR
16-31807-000,4/15/1997,0.0,FD(FIDUCIARY DEED),0.4,True,AR
16-31807-000,3/23/1997,0.0,DC(DEATH CERTIFICATE),0.4,True,AR
16-31807-000,12/13/1996,0.0,WD(WARRANTY DEED),0.4,True,AR
16-31807-000,12/11/1996,0.0,CERT(CERTIFICATE),0.4,True,AR
16-31807-000,12/7/1996,0.0,DC(DEATH CERTIFICATE),0.4,True,AR
16-31807-000,12/7/1996,0.0,DC(DEATH CERTIFICATE),0.4,True,AR
16-31807-000,10/28/1991,0.0,WD(WARRANTY DEED),0.4,True,AR
16-31807-000,8/16/1991,0.0,WD(WARRANTY DEED),0.4,True,AR
16-31808-000,9/6/2023,0.0,BD(BENEFICIARY DEED),0.36,True,AR
16-31808-000,8/30/2023,295000.0,TRWD(TRUSTEES WARRANTY DEED),0.36,True,AR
16-31808-000,3/4/2020,196000.0,TRWD(TRUSTEES WARRANTY DEED),0.36,True,AR
16-31808-000,3/4/2020,0.0,TRAG(TRUST AGREEMENT),0.36,True,AR
16-31808-000,5/10/2019,0.0,QCD(QUITCLAIM DEED),0.36,True,AR
16-31808-000,6/14/2006,164000.0,WD(WARRANTY DEED),0.36,True,AR
16-31808-000,9/20/2001,120000.0,WD(WARRANTY DEED),0.36,True,AR
16-31808-000,7/12/2001,0.0,DC(DEATH CERTIFICATE),0.36,True,AR
16-31808-000,6/24/1996,92000.0,WD(WARRANTY DEED),0.36,True,AR
16-31808-000,3/27/1992,0.0,WD(WARRANTY DEED),0.36,True,AR
16-31808-000,11/19/1981,5000.0,WD(WARRANTY DEED),0.36,True,AR
16-31808-000,10/11/1971,0.0,DC(DEATH CERTIFICATE),0.36,True,AR
16-31809-000,4/28/2017,195000.0,WD(WARRANTY DEED),0.34,True,AR
16-31809-000,7/29/2011,128000.0,TRD(TRUSTEES DEED),0.34,True,AR
16-31809-000,12/20/1989,0.0,WD(WARRANTY DEED),0.34,True,AR
16-31809-000,3/24/1987,125000.0,WD(WARRANTY DEED),0.34,True,AR
16-31809-000,2/18/1981,0.0,WD(WARRANTY DEED),0.34,True,AR
16-31810-000,1/13/2011,91000.0,TRD(TRUSTEES DEED),0.28,True,AR
16-31810-000,10/21/2010,0.0,DC(DEATH CERTIFICATE),0.28,True,AR
16-31810-000,8/8/2008,0.0,MEMO(MEMORANDUM),0.28,True,AR
16-31810-000,9/19/2003,0.0,QCD(QUITCLAIM DEED),0.28,True,AR
16-31810-000,9/19/2003,0.0,QCD(QUITCLAIM DEED),0.28,True,AR
16-31810-000,6/27/2003,0.0,DC(DEATH CERTIFICATE),0.28,True,AR
16-31810-000,7/15/1988,77000.0,WD(WARRANTY DEED),0.28,True,AR
16-31810-000,5/18/1987,0.0,COMMD(COMMISSIONERS DEED),0.28,True,AR
16-31810-000,10/22/1984,75000.0,WD(WARRANTY DEED),0.28,True,AR
16-31810-000,5/12/1984,6000.0,WD(WARRANTY DEED),0.28,True,AR
16-31811-000,10/11/2006,0.0,TRD(TRUSTEES DEED),0.37,True,AR
16-31811-000,5/16/2006,0.0,CORRWD(CORRECTED WARRANTY DEED),0.37,True,AR
16-31811-000,5/1/2006,0.0,WD(WARRANTY DEED),0.37,True,AR
16-31811-000,1/20/2006,179000.0,WD(WARRANTY DEED),0.37,True,AR
16-31811-000,1/17/2006,179000.0,WD(WARRANTY DEED),0.37,True,AR
16-31811-000,6/20/2005,0.0,TRAG(TRUST AGREEMENT),0.37,True,AR
16-31811-000,12/22/1994,0.0,WD(WARRANTY DEED),0.37,True,AR
16-31812-000,4/11/2006,6000.0,WD(WARRANTY DEED),0.26,True,AR
16-31812-000,4/8/2002,2000.0,WD(WARRANTY DEED),0.26,True,AR
16-31812-000,4/1/2002,0.0,WD(WARRANTY DEED),0.26,True,AR
16-31812-000,5/8/1987,0.0,QCD(QUITCLAIM DEED),0.26,True,AR
16-31812-000,5/2/1984,0.0,DC(DEATH CERTIFICATE),0.26,True,AR
16-31813-000,10/7/2019,1000.0,QCD(QUITCLAIM DEED),0.27,False,AR
16-31813-000,11/20/2017,2000.0,COMMD(COMMISSIONERS DEED),0.27,False,AR
16-31813-000,9/26/2017,0.0,RD(REDEMPTION DEED),0.27,False,AR
16-31813-000,12/20/2013,0.0,LWD(LIMITED WARRANTY DEED),0.27,False,AR
16-31813-000,5/14/2004,0.0,WD(WARRANTY DEED),0.27,False,AR
16-31813-000,6/30/1982,8000.0,WD(WARRANTY DEED),0.27,False,AR
16-31814-000,3/29/2024,0.0,CORRQC(CORRECTED QUIT CLAIM DEED),0.23,False,NJ
16-31814-000,9/20/2023,0.0,QCD(QUITCLAIM DEED),0.23,False,NJ
16-31814-000,12/15/2014,10.0,WD(WARRANTY DEED),0.23,False,NJ
16-31814-000,4/11/2014,0.0,RD(REDEMPTION DEED),0.23,False,NJ
16-31814-000,4/2/2014,71000.0,WD(WARRANTY DEED),0.23,False,NJ
16-31814-000,8/20/2009,0.0,QCD(QUITCLAIM DEED),0.23,False,NJ
16-31814-000,11/24/2008,0.0,WD(WARRANTY DEED),0.23,False,NJ
16-31814-000,10/27/2005,0.0,CWD(CORPORATION WARRANTY DEED),0.23,False,NJ
16-31814-000,12/16/2004,0.0,QCD(QUITCLAIM DEED),0.23,False,NJ
16-31814-000,12/10/2004,14000.0,WD(WARRANTY DEED),0.23,False,NJ
16-31814-000,6/14/2004,2000.0,WD(WARRANTY DEED),0.23,False,NJ
16-31814-000,6/14/2004,0.0,QCD(QUITCLAIM DEED),0.23,False,NJ
16-31814-000,5/28/2004,0.0,MEMO(MEMORANDUM),0.23,False,NJ
16-31814-000,9/11/2003,0.0,DC(DEATH CERTIFICATE),0.23,False,NJ
16-31814-000,6/10/1993,0.0,QCD(QUITCLAIM DEED),0.23,False,NJ
16-31814-000,5/6/1977,6000.0,WD(WARRANTY DEED),0.23,False,NJ
16-31815-000,11/20/2017,138000.0,WD(WARRANTY DEED),0.27,True,AR
16-31815-000,11/17/2015,101000.0,WD(WARRANTY DEED),0.27,True,AR
16-31815-000,4/20/2011,0.0,QCD(QUITCLAIM DEED),0.27,True,AR
16-31815-000,11/19/2008,100000.0,WD(WARRANTY DEED),0.27,True,AR
16-31815-000,8/2/2006,103000.0,WD(WARRANTY DEED),0.27,True,AR
16-31815-000,4/9/1999,0.0,LTR(LETTER),0.27,True,AR
16-31815-000,4/26/1998,68000.0,WD(WARRANTY DEED),0.27,True,AR
16-31815-000,11/4/1996,0.0,DC(DEATH CERTIFICATE),0.27,True,AR
16-31815-000,4/15/1996,75000.0,WD(WARRANTY DEED),0.27,True,AR
16-31815-000,4/6/1995,68000.0,WD(WARRANTY DEED),0.27,True,AR
16-31815-000,8/15/1978,9000.0,WD(WARRANTY DEED),0.27,True,AR
16-31816-000,7/13/2015,0.0,QCD(QUITCLAIM DEED),0.31,True,AR
16-31816-000,4/6/2015,0.0,FD(FIDUCIARY DEED),0.31,True,AR
16-31816-000,1/13/2015,0.0,DC(DEATH CERTIFICATE),0.31,True,AR
16-31816-000,10/5/2014,0.0,DC(DEATH CERTIFICATE),0.31,True,AR
16-31816-000,9/4/2014,0.0,CERT(CERTIFICATE),0.31,True,AR
16-31816-000,3/20/1991,0.0,WD(WARRANTY DEED),0.31,True,AR
16-31816-000,3/20/1991,0.0,TRAG(TRUST AGREEMENT),0.31,True,AR
16-31816-000,1/24/1985,92000.0,WD(WARRANTY DEED),0.31,True,AR
16-31816-000,1/31/1984,10000.0,WD(WARRANTY DEED),0.31,True,AR
16-31817-000,2/8/2024,0.0,ADHL(AR DEPT OF HEALTH LIST),0.27,True,AR
16-31817-000,10/31/2014,0.0,CERT(CERTIFICATE),0.27,True,AR
16-31817-000,2/26/1998,0.0,MEMO(MEMORANDUM),0.27,True,AR
16-31817-000,2/26/1998,0.0,WD(WARRANTY DEED),0.27,True,AR
16-31817-000,2/28/1991,0.0,DC(DEATH CERTIFICATE),0.27,True,AR
16-31817-000,7/1/1983,112000.0,WD(WARRANTY DEED),0.27,True,AR
16-31818-000,5/9/2024,1.0,QCD(QUITCLAIM DEED),0.31,True,AR
16-31818-000,9/16/2015,0.0,DC(DEATH CERTIFICATE),0.31,True,AR
16-31818-000,10/10/2001,0.0,RD(REDEMPTION DEED),0.31,True,AR
16-31818-000,10/20/1981,133000.0,WD(WARRANTY DEED),0.31,True,AR
16-31819-000,11/16/2023,0.0,QCD(QUITCLAIM DEED),0.28,True,AR
16-31819-000,4/17/2017,0.0,MEMO(MEMORANDUM),0.28,True,AR
16-31819-000,1/17/2014,138000.0,WD(WARRANTY DEED),0.28,True,AR
16-31819-000,3/27/2002,142000.0,WD(WARRANTY DEED),0.28,True,AR
16-31819-000,9/27/2001,0.0,DC(DEATH CERTIFICATE),0.28,True,AR
16-31819-000,12/19/1997,134000.0,WD(WARRANTY DEED),0.28,True,AR
16-31819-000,2/9/1996,107000.0,CWD(CORPORATION WARRANTY DEED),0.28,True,AR
16-31819-000,2/16/1994,5000.0,WD(WARRANTY DEED),0.28,True,AR
16-31819-000,8/20/1991,0.0,WD(WARRANTY DEED),0.28,True,AR
16-31819-000,11/13/1989,0.0,RD(REDEMPTION DEED),0.28,True,AR
16-31819-000,9/11/1989,0.0,CONT(CONTRACT),0.28,True,AR
16-31819-000,1/29/1988,0.0,WD(WARRANTY DEED),0.28,True,AR
16-31819-000,8/28/1987,0.0,CONT(CONTRACT),0.28,True,AR
16-31819-000,7/17/1984,0.0,CONT(CONTRACT),0.28,True,AR
16-31819-000,2/3/1984,9000.0,WD(WARRANTY DEED),0.28,True,AR
16-31819-000,8/4/1977,7000.0,WD(WARRANTY DEED),0.28,True,AR
16-31820-000,9/5/2019,151000.0,TRWD(TRUSTEES WARRANTY DEED),0.31,True,AR
16-31820-000,8/23/2019,0.0,CERT(CERTIFICATE),0.31,True,AR
16-31820-000,3/28/2019,0.0,DC(DEATH CERTIFICATE),0.31,True,AR
16-31820-000,3/11/2019,0.0,DC(DEATH CERTIFICATE),0.31,True,AR
16-31820-000,10/9/2018,0.0,WD(WARRANTY DEED),0.31,True,AR
16-31820-000,10/9/2018,0.0,CERT(CERTIFICATE),0.31,True,AR
16-31820-000,8/1/1984,0.0,WD(WARRANTY DEED),0.31,True,AR
16-31821-000,1/25/2025,0.0,ADHL(AR DEPT OF HEALTH LIST),0.3,True,AR
16-31821-000,3/7/2019,0.0,CERT(CERTIFICATE),0.3,True,AR
16-31821-000,3/7/2019,0.0,CERT(CERTIFICATE),0.3,True,AR
16-31821-000,11/7/2014,0.0,QCD(QUITCLAIM DEED),0.3,True,AR
16-31821-000,8/28/2014,107000.0,WD(WARRANTY DEED),0.3,True,AR
16-31821-000,10/29/2002,0.0,WD(WARRANTY DEED),0.3,True,AR
16-31821-000,10/29/2002,0.0,CERT(CERTIFICATE),0.3,True,AR
16-31821-000,10/30/2000,89000.0,WD(WARRANTY DEED),0.3,True,AR
16-31821-000,6/8/1983,15000.0,WD(WARRANTY DEED),0.3,True,AR
16-31822-000,1/29/1999,71000.0,WD(WARRANTY DEED),0.27,True,AR
16-31822-000,9/7/1993,0.0,WD(WARRANTY DEED),0.27,True,AR
16-31822-000,2/23/1993,0.0,DC(DEATH CERTIFICATE),0.27,True,AR
16-31822-000,11/24/1992,0.0,DC(DEATH CERTIFICATE),0.27,True,AR
16-31822-000,1/28/1988,0.0,DC(DEATH CERTIFICATE),0.27,True,AR
16-31822-000,6/30/1987,0.0,QCD(QUITCLAIM DEED),0.27,True,AR
16-31822-000,9/6/1983,6000.0,WD(WARRANTY DEED),0.27,True,AR
16-31823-000,1/14/2025,0.0,BD(BENEFICIARY DEED),0.28,True,AR
16-31823-000,11/21/2006,145000.0,WD(WARRANTY DEED),0.28,True,AR
16-31823-000,7/23/1984,0.0,WD(WARRANTY DEED),0.28,True,AR
16-31823-000,6/22/1984,0.0,DC(DEATH CERTIFICATE),0.28,True,AR
16-31824-000,3/1/2023,0.0,AFF(AFFIDAVIT),0.34,True,AR
16-31824-000,12/15/2022,0.0,WD(WARRANTY DEED),0.34,True,AR
16-31824-000,12/9/2022,0.0,WD(WARRANTY DEED),0.34,True,AR
16-31824-000,12/9/2022,0.0,CERT(CERTIFICATE),0.34,True,AR
16-31824-000,11/24/2008,0.0,OR(ORDER),0.34,True,AR
16-31824-000,10/16/2008,132000.0,WD(WARRANTY DEED),0.34,True,AR
16-31824-000,8/14/2008,0.0,WD(WARRANTY DEED),0.34,True,AR
16-31824-000,5/30/2008,0.0,DC(DEATH CERTIFICATE),0.34,True,AR
16-31824-000,3/22/1996,0.0,MEMO(MEMORANDUM),0.34,True,AR
16-31824-000,1/31/1990,0.0,WD(WARRANTY DEED),0.34,True,AR
16-31824-000,10/6/1988,0.0,QCD(QUITCLAIM DEED),0.34,True,AR
16-31824-000,9/6/1988,0.0,WD(WARRANTY DEED),0.34,True,AR
16-31824-000,3/22/1988,9000.0,WD(WARRANTY DEED),0.34,True,AR
16-31824-000,5/21/1975,5000.0,WD(WARRANTY DEED),0.34,True,AR
16-31825-000,12/16/2019,0.0,QCD(QUITCLAIM DEED),0.34,True,AR
16-31825-000,11/27/2013,0.0,WD(WARRANTY DEED),0.34,True,AR
16-31825-000,3/7/2013,0.0,SWD(SPECIAL WARRANTY DEED),0.34,True,AR
16-31825-000,1/3/2013,0.0,WD(WARRANTY DEED),0.34,True,AR
16-31825-000,2/26/2011,0.0,DC(DEATH CERTIFICATE),0.34,True,AR
16-31825-000,2/26/2003,0.0,DC(DEATH CERTIFICATE),0.34,True,AR
16-31825-000,2/26/2003,0.0,DC(DEATH CERTIFICATE),0.34,True,AR
16-31825-000,12/16/1992,110000.0,WD(WARRANTY DEED),0.34,True,AR
16-31825-000,3/2/1992,77000.0,WD(WARRANTY DEED),0.34,True,AR
16-31825-000,10/17/1990,0.0,HIST(HISTORICAL),0.34,True,AR
16-31825-000,9/18/1990,0.0,WD(WARRANTY DEED),0.34,True,AR
16-31825-000,9/18/1990,0.0,TRAG(TRUST AGREEMENT),0.34,True,AR
16-31825-000,10/17/1989,82000.0,WD(WARRANTY DEED),0.34,True,AR
16-31825-000,5/19/1977,53000.0,WD(WARRANTY DEED),0.34,True,AR
16-31826-000,1/24/2022,0.0,QCD(QUITCLAIM DEED),0.3,True,AR
16-31826-000,6/12/2019,160000.0,TRD(TRUSTEES DEED),0.3,True,AR
16-31826-000,6/9/2017,0.0,TRWD(TRUSTEES WARRANTY DEED),0.3,True,AR
16-31826-000,4/28/2017,0.0,DC(DEATH CERTIFICATE),0.3,True,AR
16-31826-000,8/10/1994,0.0,WD(WARRANTY DEED),0.3,True,AR
16-31826-000,7/27/1994,0.0,TRAG(TRUST AGREEMENT),0.3,True,AR
16-31826-000,7/27/1994,0.0,TRAG(TRUST AGREEMENT),0.3,True,AR
16-31826-000,7/19/1978,38000.0,WD(WARRANTY DEED),0.3,True,AR
16-31827-000,7/8/2020,203000.0,WD(WARRANTY DEED),0.31,True,AR
16-31827-000,1/28/2020,0.0,WD(WARRANTY DEED),0.31,True,AR
16-31827-000,10/31/2017,143000.0,WD(WARRANTY DEED),0.31,True,AR
16-31827-000,9/19/2001,95000.0,WD(WARRANTY DEED),0.31,True,AR
16-31827-000,1/30/2001,0.0,AFF(AFFIDAVIT),0.31,True,AR
16-31827-000,8/20/1999,0.0,WD(WARRANTY DEED),0.31,True,AR
16-31827-000,3/8/1983,3000.0,WD(WARRANTY DEED),0.31,True,AR
16-31828-000,5/9/2023,8800.0,CWD(CORPORATION WARRANTY DEED),0.3,False,AR
16-31828-000,12/31/2018,7744.0,WD(WARRANTY DEED),0.3,False,AR
16-31828-000,7/31/2012,80000.0,CWD(CORPORATION WARRANTY DEED),0.3,False,AR
16-31828-000,8/5/2005,0.0,WD(WARRANTY DEED),0.3,False,AR
16-31828-000,8/5/2005,0.0,QCD(QUITCLAIM DEED),0.3,False,AR
16-31828-000,8/5/2005,0.0,CORRWD(CORRECTED WARRANTY DEED),0.3,False,AR
16-31828-000,12/10/2004,14000.0,WD(WARRANTY DEED),0.3,False,AR
16-31828-000,6/14/2004,1000.0,WD(WARRANTY DEED),0.3,False,AR
16-31828-000,6/14/2004,0.0,QCD(QUITCLAIM DEED),0.3,False,AR
16-31828-000,11/15/1985,0.0,DC(DEATH CERTIFICATE),0.3,False,AR
16-31828-000,10/27/1981,15000.0,WD(WARRANTY DEED),0.3,False,AR
16-31829-000,6/10/2008,23000.0,WD(WARRANTY DEED),0.3,False,NJ
16-31829-000,3/15/2006,450000.0,WD(WARRANTY DEED),0.3,False,NJ
16-31829-000,11/7/2005,6000.0,WD(WARRANTY DEED),0.3,False,NJ
16-31829-000,2/1/2001,0.0,AFF(AFFIDAVIT),0.3,False,NJ
16-31829-000,7/25/1991,0.0,WD(WARRANTY DEED),0.3,False,NJ
16-31829-000,9/1/1987,0.0,CONT(CONTRACT),0.3,False,NJ
16-31829-000,4/23/1986,0.0,CONT(CONTRACT),0.3,False,NJ
16-31829-000,4/23/1984,0.0,WD(WARRANTY DEED),0.3,False,NJ
16-31830-000,2/6/2025,0.0,CERT(CERTIFICATE),0.28,False,AR
16-31830-000,4/3/2013,0.0,QCD(QUITCLAIM DEED),0.28,False,AR
16-31830-000,4/3/2013,0.0,CERT(CERTIFICATE),0.28,False,AR
16-31830-000,5/28/2003,0.0,QCD(QUITCLAIM DEED),0.28,False,AR
16-31830-000,5/28/2003,0.0,QCD(QUITCLAIM DEED),0.28,False,AR
16-31830-000,8/23/1993,4000.0,WD(WARRANTY DEED),0.28,False,AR
16-31830-000,8/28/1990,0.0,WD(WARRANTY DEED),0.28,False,AR
16-31830-000,10/28/1988,0.0,WD(WARRANTY DEED),0.28,False,AR
16-31830-000,3/1/1983,0.0,WD(WARRANTY DEED),0.28,False,AR
16-31831-000,8/10/2018,196000.0,WD(WARRANTY DEED),0.28,True,AR
16-31831-000,6/15/2018,0.0,POA(POWER OF ATTORNEY),0.28,True,AR
16-31831-000,12/16/2011,139000.0,TRD(TRUSTEES DEED),0.28,True,AR
16-31831-000,12/16/2011,0.0,CERT(CERTIFICATE),0.28,True,AR
16-31831-000,3/16/1994,0.0,WD(WARRANTY DEED),0.28,True,AR
16-31831-000,3/15/1994,0.0,MEMO(MEMORANDUM),0.28,True,AR
16-31831-000,4/20/1993,0.0,WD(WARRANTY DEED),0.28,True,AR
16-31831-000,4/20/1993,123000.0,WD(WARRANTY DEED),0.28,True,AR
16-31831-000,12/26/1990,6000.0,WD(WARRANTY DEED),0.28,True,AR
16-31831-000,1/11/1980,5000.0,WD(WARRANTY DEED),0.28,True,AR
16-31832-000,3/4/2020,196000.0,TRWD(TRUSTEES WARRANTY DEED),0.25,False,AR
16-31832-000,3/4/2020,0.0,TRAG(TRUST AGREEMENT),0.25,False,AR
16-31832-000,5/10/2019,0.0,QCD(QUITCLAIM DEED),0.25,False,AR
16-31832-000,6/14/2006,25000.0,WD(WARRANTY DEED),0.25,False,AR
16-31832-000,11/7/2001,3000.0,WD(WARRANTY DEED),0.25,False,AR
16-31832-000,1/19/2000,1000.0,QCD(QUITCLAIM DEED),0.25,False,AR
16-31832-000,5/28/1997,0.0,DC(DEATH CERTIFICATE),0.25,False,AR
16-31832-000,5/25/1977,9000.0,WD(WARRANTY DEED),0.25,False,AR
16-31833-000,3/4/2020,196000.0,TRWD(TRUSTEES WARRANTY DEED),0.23,False,AR
16-31833-000,3/4/2020,0.0,TRAG(TRUST AGREEMENT),0.23,False,AR
16-31833-000,5/10/2019,0.0,QCD(QUITCLAIM DEED),0.23,False,AR
16-31833-000,6/14/2006,25000.0,WD(WARRANTY DEED),0.23,False,AR
16-31833-000,10/15/2001,3000.0,WD(WARRANTY DEED),0.23,False,AR
16-31833-000,12/30/1999,5000.0,WD(WARRANTY DEED),0.23,False,AR
16-31833-000,6/19/1985,4800.0,WD(WARRANTY DEED),0.23,False,AR
16-31833-000,8/15/1984,0.0,QCD(QUITCLAIM DEED),0.23,False,AR
16-31833-000,2/1/1984,2000.0,COMMD(COMMISSIONERS DEED),0.23,False,AR
16-31834-000,3/26/2024,338000.0,WD(WARRANTY DEED),0.27,True,
16-31834-000,8/9/2021,280000.0,WD(WARRANTY DEED),0.27,True,
16-31834-000,7/12/2017,169000.0,WD(WARRANTY DEED),0.27,True,
16-31834-000,6/1/2016,0.0,BD(BENEFICIARY DEED),0.27,True,
16-31834-000,5/14/2001,131000.0,WD(WARRANTY DEED),0.27,True,
16-31834-000,5/21/1999,118000.0,WD(WARRANTY DEED),0.27,True,
16-31834-000,1/8/1998,0.0,DC(DEATH CERTIFICATE),0.27,True,
16-31834-000,10/8/1997,0.0,WD(WARRANTY DEED),0.27,True,
16-31834-000,10/8/1997,0.0,TRAG(TRUST AGREEMENT),0.27,True,
16-31834-000,6/18/1985,3000.0,WD(WARRANTY DEED),0.27,True,
16-31834-000,6/17/1985,1000.0,WD(WARRANTY DEED),0.27,True,
16-31834-000,4/23/1985,3000.0,COMMD(COMMISSIONERS DEED),0.27,True,
16-31835-000,9/13/2013,213000.0,WD(WARRANTY DEED),0.71,True,AR
16-31835-000,5/27/2010,219000.0,WD(WARRANTY DEED),0.71,True,AR
16-31835-000,6/4/2007,0.0,CERT(CERTIFICATE),0.71,True,AR
16-31835-000,11/15/1991,0.0,WD(WARRANTY DEED),0.71,True,AR
16-31835-000,10/22/1982,5000.0,WD(WARRANTY DEED),0.71,True,AR
16-31835-000,10/15/1982,7000.0,WD(WARRANTY DEED),0.71,True,AR
16-31836-000,1/3/2018,174000.0,TRWD(TRUSTEES WARRANTY DEED),0.34,True,AR
16-31836-000,1/3/2018,0.0,CERT(CERTIFICATE),0.34,True,AR
16-31836-000,10/17/2017,0.0,DC(DEATH CERTIFICATE),0.34,True,AR
16-31836-000,1/25/2013,125000.0,WD(WARRANTY DEED),0.34,True,AR
16-31836-000,1/25/2013,0.0,CERT(CERTIFICATE),0.34,True,AR
16-31836-000,10/13/2005,125000.0,WD(WARRANTY DEED),0.34,True,AR
16-31836-000,9/23/2003,0.0,WD(WARRANTY DEED),0.34,True,AR
16-31836-000,2/29/1988,10000.0,WD(WARRANTY DEED),0.34,True,AR
16-31836-000,10/22/1983,6000.0,WD(WARRANTY DEED),0.34,True,AR
16-31837-000,3/27/2017,0.0,QCD(QUITCLAIM DEED),0.29,True,AR
16-31837-000,1/19/2016,0.0,DC(DEATH CERTIFICATE),0.29,True,AR
16-31837-000,8/14/2001,0.0,WD(WARRANTY DEED),0.29,True,AR
16-31837-000,5/16/2000,115000.0,WD(WARRANTY DEED),0.29,True,AR
16-31837-000,2/27/1998,0.0,DC(DEATH CERTIFICATE),0.29,True,AR
16-31837-000,9/17/1985,88000.0,WD(WARRANTY DEED),0.29,True,AR
16-31837-000,11/28/1977,5000.0,WD(WARRANTY DEED),0.29,True,AR
16-31838-000,8/28/2015,129000.0,WD(WARRANTY DEED),0.32,True,AR
16-31838-000,3/28/2013,0.0,QCD(QUITCLAIM DEED),0.32,True,AR
16-31838-000,10/7/2011,118000.0,WD(WARRANTY DEED),0.32,True,AR
16-31838-000,9/30/1993,0.0,QCD(QUITCLAIM DEED),0.32,True,AR
16-31838-000,5/18/1992,110000.0,WD(WARRANTY DEED),0.32,True,AR
16-31838-000,8/8/1991,0.0,WD(WARRANTY DEED),0.32,True,AR
16-31838-000,8/8/1991,0.0,TRAG(TRUST AGREEMENT),0.32,True,AR
16-31838-000,9/3/1988,0.0,DC(DEATH CERTIFICATE),0.32,True,AR
16-31838-000,4/28/1982,8000.0,WD(WARRANTY DEED),0.32,True,AR
16-31839-000,12/8/2017,0.0,QCD(QUITCLAIM DEED),0.3,True,AR
16-31839-000,3/2/2007,0.0,CORRQC(CORRECTED QUIT CLAIM DEED),0.3,True,AR
16-31839-000,2/27/2007,0.0,QCD(QUITCLAIM DEED),0.3,True,AR
16-31839-000,5/19/2003,165000.0,WD(WARRANTY DEED),0.3,True,AR
16-31839-000,10/22/1990,0.0,WD(WARRANTY DEED),0.3,True,AR
16-31839-000,10/22/1990,0.0,TRAG(TRUST AGREEMENT),0.3,True,AR
16-31839-000,9/30/1982,0.0,WD(WARRANTY DEED),0.3,True,AR
16-31840-000,8/24/2022,0.0,QCD(QUITCLAIM DEED),0.27,True,AR
16-31840-000,8/28/2017,0.0,QCD(QUITCLAIM DEED),0.27,True,AR
16-31840-000,1/15/2016,95000.0,WD(WARRANTY DEED),0.27,True,AR
16-31840-000,1/15/2016,0.0,WD(WARRANTY DEED),0.27,True,AR
16-31840-000,8/24/2015,0.0,DC(DEATH CERTIFICATE),0.27,True,AR
16-31840-000,5/21/2015,0.0,CERT(CERTIFICATE),0.27,True,AR
16-31840-000,7/17/2013,0.0,CERT(CERTIFICATE),0.27,True,AR
16-31840-000,11/3/1992,0.0,TRAG(TRUST AGREEMENT),0.27,True,AR
16-31840-000,1/28/1992,0.0,WD(WARRANTY DEED),0.27,True,AR
16-31840-000,10/10/1990,93000.0,WD(WARRANTY DEED),0.27,True,AR
16-31840-000,5/1/1975,7000.0,WD(WARRANTY DEED),0.27,True,AR
16-31841-000,6/15/2021,265000.0,WD(WARRANTY DEED),0.29,True,AR
16-31841-000,6/15/2012,118000.0,WD(WARRANTY DEED),0.29,True,AR
16-31841-000,4/15/2003,93000.0,TRD(TRUSTEES DEED),0.29,True,AR
16-31841-000,1/25/1996,0.0,WD(WARRANTY DEED),0.29,True,AR
16-31841-000,1/25/1996,0.0,CERT(CERTIFICATE),0.29,True,AR
16-31841-000,4/27/1992,0.0,WD(WARRANTY DEED),0.29,True,AR
16-31841-000,4/27/1992,0.0,WD(WARRANTY DEED),0.29,True,AR
16-31841-000,9/20/1982,0.0,WD(WARRANTY DEED),0.29,True,AR
16-31842-000,7/1/2020,129000.0,WD(WARRANTY DEED),0.36,True,AR
16-31842-000,4/13/2007,95000.0,WD(WARRANTY DEED),0.36,True,AR
16-31842-000,4/13/2007,0.0,QCD(QUITCLAIM DEED),0.36,True,AR
16-31842-000,8/2/2006,92000.0,WD(WARRANTY DEED),0.36,True,AR
16-31842-000,12/2/2002,66000.0,WD(WARRANTY DEED),0.36,True,AR
16-31842-000,8/19/1997,64000.0,WD(WARRANTY DEED),0.36,True,AR
16-31842-000,11/28/1972,26000.0,WD(WARRANTY DEED),0.36,True,AR
16-31843-000,12/9/2020,313000.0,WD(WARRANTY DEED),0.4,True,AR
16-31843-000,5/6/2015,180000.0,WD(WARRANTY DEED),0.4,True,AR
16-31843-000,7/31/2013,0.0,AFF(AFFIDAVIT),0.4,True,AR
16-31843-000,7/18/2013,0.0,QCD(QUITCLAIM DEED),0.4,True,AR
16-31843-000,11/1/1995,150000.0,WD(WARRANTY DEED),0.4,True,AR
16-31843-000,4/23/1990,0.0,WD(WARRANTY DEED),0.4,True,AR
16-31843-000,12/1/1982,0.0,WD(WARRANTY DEED),0.4,True,AR
16-31844-000,6/21/2017,260000.0,WD(WARRANTY DEED),0.32,True,AR
16-31844-000,6/10/2011,209000.0,WD(WARRANTY DEED),0.32,True,AR
16-31844-000,4/30/2002,165000.0,WD(WARRANTY DEED),0.32,True,AR
16-31844-000,10/16/2000,155000.0,WD(WARRANTY DEED),0.32,True,AR
16-31844-000,1/30/1991,0.0,DC(DEATH CERTIFICATE),0.32,True,AR
16-31844-000,12/14/1989,0.0,WD(WARRANTY DEED),0.32,True,AR
16-31844-000,9/5/1979,12000.0,WD(WARRANTY DEED),0.32,True,AR
16-31845-000,12/26/2024,580000.0,WD(WARRANTY DEED),0.34,True,AR
16-31845-000,11/6/2020,0.0,QCD(QUITCLAIM DEED),0.34,True,AR
16-31845-000,8/2/2018,225000.0,WD(WARRANTY DEED),0.34,True,AR
16-31845-000,10/15/2014,206000.0,WD(WARRANTY DEED),0.34,True,AR
16-31845-000,7/30/2010,200000.0,WD(WARRANTY DEED),0.34,True,AR
16-31845-000,3/23/2006,217000.0,WD(WARRANTY DEED),0.34,True,AR
16-31845-000,7/25/2005,0.0,CERT(CERTIFICATE),0.34,True,AR
16-31845-000,8/23/1996,0.0,QCD(QUITCLAIM DEED),0.34,True,AR
16-31845-000,6/3/1996,165000.0,WD(WARRANTY DEED),0.34,True,AR
16-31845-000,9/4/1995,0.0,DC(DEATH CERTIFICATE),0.34,True,AR
16-31845-000,12/3/1990,0.0,WD(WARRANTY DEED),0.34,True,AR
16-31845-000,6/21/1988,145000.0,WD(WARRANTY DEED),0.34,True,AR
16-31845-000,4/22/1982,9000.0,CWD(CORPORATION WARRANTY DEED),0.34,True,AR
16-31846-000,10/18/2017,0.0,WD(WARRANTY DEED),0.32,True,AR
16-31846-000,1/2/2015,240000.0,WD(WARRANTY DEED),0.32,True,AR
16-31846-000,4/27/2007,0.0,CERT(CERTIFICATE),0.32,True,AR
16-31846-000,7/2/2001,0.0,TRAG(TRUST AGREEMENT),0.32,True,AR
16-31846-000,7/2/2001,219000.0,WD(WARRANTY DEED),0.32,True,AR
16-31846-000,4/6/1995,0.0,TRAG(TRUST AGREEMENT),0.32,True,AR
16-31846-000,10/1/1991,0.0,WD(WARRANTY DEED),0.32,True,AR
16-31846-000,10/1/1991,0.0,TRAG(TRUST AGREEMENT),0.32,True,AR
16-31846-000,10/1/1991,0.0,TRAG(TRUST AGREEMENT),0.32,True,AR
16-31846-000,9/26/1988,30000.0,WD(WARRANTY DEED),0.32,True,AR
16-31846-000,2/4/1982,25000.0,WD(WARRANTY DEED),0.32,True,AR
16-31847-000,10/10/2024,0.0,BD(BENEFICIARY DEED),0.35,True,AR
16-31847-000,9/5/2024,0.0,BD(BENEFICIARY DEED),0.35,True,AR
16-31847-000,8/17/2016,265000.0,TRWD(TRUSTEES WARRANTY DEED),0.35,True,AR
16-31847-000,8/12/2016,0.0,CERT(CERTIFICATE),0.35,True,AR
16-31847-000,10/19/2004,0.0,WD(WARRANTY DEED),0.35,True,AR
16-31847-000,5/27/2003,204000.0,WD(WARRANTY DEED),0.35,True,AR
16-31847-000,4/30/1997,0.0,WD(WARRANTY DEED),0.35,True,AR
16-31847-000,4/30/1997,0.0,CERT(CERTIFICATE),0.35,True,AR
16-31847-000,4/30/1997,0.0,CERT(CERTIFICATE),0.35,True,AR
16-31847-000,4/13/1976,10000.0,WD(WARRANTY DEED),0.35,True,AR
16-31848-000,2/26/2015,117000.0,WD(WARRANTY DEED),0.31,True,OK
16-31848-000,5/21/2010,0.0,DC(DEATH CERTIFICATE),0.31,True,OK
16-31848-000,2/3/2005,0.0,CERT(CERTIFICATE),0.31,True,OK
16-31848-000,2/16/1995,130000.0,WD(WARRANTY DEED),0.31,True,OK
16-31848-000,11/16/1981,86000.0,WD(WARRANTY DEED),0.31,True,OK
16-31849-000,4/28/2017,180000.0,WD(WARRANTY DEED),0.28,True,AR
16-31849-000,12/14/2010,0.0,WD(WARRANTY DEED),0.28,True,AR
16-31849-000,3/2/2000,129000.0,WD(WARRANTY DEED),0.28,True,AR
16-31849-000,2/11/1997,0.0,TRAG(TRUST AGREEMENT),0.28,True,AR
16-31849-000,1/19/1997,0.0,DC(DEATH CERTIFICATE),0.28,True,AR
16-31849-000,12/10/1990,0.0,WD(WARRANTY DEED),0.28,True,AR
16-31849-000,12/10/1990,0.0,TRAG(TRUST AGREEMENT),0.28,True,AR
16-31849-000,7/14/1983,18000.0,WD(WARRANTY DEED),0.28,True,AR
16-31850-000,6/23/2022,420000.0,WD(WARRANTY DEED),0.36,True,ID
16-31850-000,6/22/2022,0.0,QCD(QUITCLAIM DEED),0.36,True,ID
16-31850-000,11/4/2005,150000.0,WD(WARRANTY DEED),0.36,True,ID
16-31850-000,7/21/1991,0.0,DC(DEATH CERTIFICATE),0.36,True,ID
16-31850-000,12/4/1989,0.0,WD(WARRANTY DEED),0.36,True,ID
16-31850-000,1/5/1985,157000.0,WD(WARRANTY DEED),0.36,True,ID
16-31851-000,10/22/2020,254000.0,TRWD(TRUSTEES WARRANTY DEED),0.52,True,AR
16-31851-000,10/22/2020,0.0,CERT(CERTIFICATE),0.52,True,AR
16-31851-000,6/30/2012,0.0,DC(DEATH CERTIFICATE),0.52,True,AR
16-31851-000,10/14/2011,187500.0,WD(WARRANTY DEED),0.52,True,AR
16-31851-000,8/31/2004,0.0,WD(WARRANTY DEED),0.52,True,AR
16-31851-000,8/31/2004,0.0,WD(WARRANTY DEED),0.52,True,AR
16-31851-000,6/30/1999,0.0,CERT(CERTIFICATE),0.52,True,AR
16-31851-000,6/30/1999,0.0,WD(WARRANTY DEED),0.52,True,AR
16-31851-000,2/23/1994,157000.0,WD(WARRANTY DEED),0.52,True,AR
16-31851-000,10/26/1993,0.0,DC(DEATH CERTIFICATE),0.52,True,AR
16-31851-000,6/14/1991,0.0,WD(WARRANTY DEED),0.52,True,AR
16-31851-000,6/14/1991,0.0,CERT(CERTIFICATE),0.52,True,AR
16-31851-000,1/7/1982,24000.0,WD(WARRANTY DEED),0.52,True,AR
16-31852-000,10/3/2011,146250.0,WD(WARRANTY DEED),0.5,True,OK
16-31852-000,8/4/2010,0.0,AFF(AFFIDAVIT),0.5,True,OK
16-31852-000,3/29/2010,0.0,TRD(TRUSTEES DEED),0.5,True,OK
16-31852-000,3/29/2010,0.0,TRD(TRUSTEES DEED),0.5,True,OK
16-31852-000,1/24/2007,0.0,DC(DEATH CERTIFICATE),0.5,True,OK
16-31852-000,8/14/2002,0.0,AMEND(AMENDMENT),0.5,True,OK
16-31852-000,2/17/1998,0.0,TRAG(TRUST AGREEMENT),0.5,True,OK
16-31852-000,9/2/1987,110000.0,WD(WARRANTY DEED),0.5,True,OK
16-31852-000,1/3/1983,120000.0,WD(WARRANTY DEED),0.5,True,OK
16-31853-000,3/29/2018,160000.0,WD(WARRANTY DEED),0.3,True,AR
16-31853-000,9/14/2001,0.0,QCD(QUITCLAIM DEED),0.3,True,AR
16-31853-000,7/10/2001,119000.0,WD(WARRANTY DEED),0.3,True,AR
16-31853-000,7/10/2001,0.0,LTR(LETTER),0.3,True,AR
16-31853-000,7/11/1997,0.0,AB(ABSTRACT OF TRUST),0.3,True,AR
16-31853-000,7/11/1997,0.0,AB(ABSTRACT OF TRUST),0.3,True,AR
16-31853-000,6/20/1997,0.0,TRD(TRUSTEES DEED),0.3,True,AR
16-31853-000,12/23/1996,0.0,AB(ABSTRACT OF TRUST),0.3,True,AR
16-31853-000,12/23/1996,0.0,AB(ABSTRACT OF TRUST),0.3,True,AR
16-31853-000,12/23/1996,0.0,TRD(TRUSTEES DEED),0.3,True,AR
16-31853-000,10/4/1993,0.0,WD(WARRANTY DEED),0.3,True,AR
16-31853-000,10/4/1993,0.0,AB(ABSTRACT OF TRUST),0.3,True,AR
16-31853-000,8/4/1992,128000.0,WD(WARRANTY DEED),0.3,True,AR
16-31853-000,4/29/1983,90000.0,WD(WARRANTY DEED),0.3,True,AR
16-31854-000,7/3/2012,0.0,WD(WARRANTY DEED),0.4,True,AR
16-31854-000,6/1/2005,175000.0,WD(WARRANTY DEED),0.4,True,AR
16-31854-000,2/19/2002,168000.0,WD(WARRANTY DEED),0.4,True,AR
16-31854-000,7/3/2001,167000.0,WD(WARRANTY DEED),0.4,True,AR
16-31854-000,6/2/1994,163000.0,WD(WARRANTY DEED),0.4,True,AR
16-31854-000,2/1/1991,18000.0,WD(WARRANTY DEED),0.4,True,AR
16-31854-000,7/12/1990,15000.0,WD(WARRANTY DEED),0.4,True,AR
16-31854-000,7/5/1989,13000.0,WD(WARRANTY DEED),0.4,True,AR
16-31855-000,4/2/2015,0.0,WD(WARRANTY DEED),0.43,True,AR
16-31855-000,3/17/2014,155000.0,WD(WARRANTY DEED),0.43,True,AR
16-31855-000,9/29/2005,209000.0,WD(WARRANTY DEED),0.43,True,AR
16-31855-000,12/18/2000,0.0,WD(WARRANTY DEED),0.43,True,AR
16-31855-000,12/18/2000,0.0,CERT(CERTIFICATE),0.43,True,AR
16-31855-000,7/25/1989,18000.0,WD(WARRANTY DEED),0.43,True,AR
16-31856-000,6/30/2008,0.0,TRD(TRUSTEES DEED),0.29,True,AR
16-31856-000,6/30/2008,162000.0,TRD(TRUSTEES DEED),0.29,True,AR
16-31856-000,5/12/2008,0.0,TRNOT(TRUSTEES NOTICE),0.29,True,AR
16-31856-000,10/30/1992,0.0,WD(WARRANTY DEED),0.29,True,AR
16-31856-000,10/30/1992,0.0,CERT(CERTIFICATE),0.29,True,AR
16-31856-000,8/31/1981,0.0,HIST(HISTORICAL),0.29,True,AR
16-31857-000,2/16/2017,0.0,RD(REDEMPTION DEED),0.28,False,FL
16-31857-000,8/28/2009,1451000.0,QCD(QUITCLAIM DEED),0.28,False,FL
16-31857-000,8/21/2009,402000.0,DEED(GRANT DEED),0.28,False,FL
16-31857-000,9/15/2008,0.0,DEED(GRANT DEED),0.28,False,FL
16-31857-000,4/7/2006,562000.0,WD(WARRANTY DEED),0.28,False,FL
16-31857-000,8/8/2005,0.0,RD(REDEMPTION DEED),0.28,False,FL
16-31857-000,7/20/2005,1000.0,WD(WARRANTY DEED),0.28,False,FL
16-31857-000,8/16/1982,0.0,WD(WARRANTY DEED),0.28,False,FL
16-31858-000,8/9/2018,0.0,WD(WARRANTY DEED),0.35,False,TX
16-31858-000,5/8/2018,0.0,CORRWD(CORRECTED WARRANTY DEED),0.35,False,TX
16-31858-000,4/4/2018,0.0,WD(WARRANTY DEED),0.35,False,TX
16-31858-000,5/1/2017,0.0,RD(REDEMPTION DEED),0.35,False,TX
16-31858-000,1/9/2017,0.0,WD(WARRANTY DEED),0.35,False,TX
16-31858-000,10/24/2016,0.0,WD(WARRANTY DEED),0.35,False,TX
16-31858-000,6/27/2016,0.0,WD(WARRANTY DEED),0.35,False,TX
16-31858-000,7/3/2014,0.0,LWD(LIMITED WARRANTY DEED),0.35,False,TX
16-31858-000,12/28/1999,1000.0,WD(WARRANTY DEED),0.35,False,TX
16-31858-000,10/27/1998,3000.0,WD(WARRANTY DEED),0.35,False,TX
16-31858-000,11/29/1994,10000.0,WD(WARRANTY DEED),0.35,False,TX
16-31858-000,9/14/1981,7000.0,WD(WARRANTY DEED),0.35,False,TX
16-31858-000,11/8/1977,0.0,HIST(HISTORICAL),0.35,False,TX
16-31859-000,10/25/2024,0.0,QCD(QUITCLAIM DEED),0.34,True,UT
16-31859-000,12/27/2010,0.0,SWD(SPECIAL WARRANTY DEED),0.34,True,UT
16-31859-000,3/8/2010,0.0,MTG-D(MORTGAGEE'S DEED),0.34,True,UT
16-31859-000,8/13/2001,93000.0,WD(WARRANTY DEED),0.34,True,UT
16-31859-000,12/19/1997,0.0,QCD(QUITCLAIM DEED),0.34,True,UT
16-31859-000,12/18/1997,0.0,TRAG(TRUST AGREEMENT),0.34,True,UT
16-31859-000,10/17/1995,87000.0,WD(WARRANTY DEED),0.34,True,UT
16-31859-000,8/22/1975,50000.0,WD(WARRANTY DEED),0.34,True,UT
16-31860-000,11/3/2009,86000.0,WD(WARRANTY DEED),0.35,True,AR
16-31860-000,8/28/2006,115000.0,WD(WARRANTY DEED),0.35,True,AR
16-31860-000,3/15/2004,94000.0,WD(WARRANTY DEED),0.35,True,AR
16-31860-000,12/11/2001,0.0,RD(REDEMPTION DEED),0.35,True,AR
16-31860-000,3/20/1999,0.0,ML(MARRIAGE LICENSE),0.35,True,AR
16-31860-000,7/2/1998,76000.0,WD(WARRANTY DEED),0.35,True,AR
16-31860-000,10/6/1988,0.0,TRAG(TRUST AGREEMENT),0.35,True,AR
16-31860-000,8/7/1982,0.0,WD(WARRANTY DEED),0.35,True,AR
16-31861-000,4/28/2025,0.0,ADHL(AR DEPT OF HEALTH LIST),0.28,True,AR
16-31861-000,7/22/2015,98000.0,WD(WARRANTY DEED),0.28,True,AR
16-31861-000,7/22/2015,0.0,WD(WARRANTY DEED),0.28,True,AR
16-31861-000,1/7/2014,0.0,CERT(CERTIFICATE),0.28,True,AR
16-31861-000,8/10/2011,0.0,CERT(CERTIFICATE),0.28,True,AR
16-31861-000,7/27/2007,128000.0,WD(WARRANTY DEED),0.28,True,AR
16-31861-000,4/1/1999,79000.0,WD(WARRANTY DEED),0.28,True,AR
16-31861-000,3/19/1997,0.0,CERT(CERTIFICATE),0.28,True,AR
16-31861-000,2/17/1989,0.0,WD(WARRANTY DEED),0.28,True,AR
16-31861-000,9/2/1976,46000.0,WD(WARRANTY DEED),0.28,True,AR
16-31862-000,2/29/2024,475000.0,WD(WARRANTY DEED),0.28,True,AR
16-31862-000,10/31/2018,270000.0,WD(WARRANTY DEED),0.28,True,AR
16-31862-000,8/20/2014,0.0,WD(WARRANTY DEED),0.28,True,AR
16-31862-000,8/20/2014,160000.0,WD(WARRANTY DEED),0.28,True,AR
16-31862-000,8/20/2007,0.0,BD(BENEFICIARY DEED),0.28,True,AR
16-31862-000,10/22/2006,0.0,DC(DEATH CERTIFICATE),0.28,True,AR
16-31862-000,10/15/1996,0.0,TRAG(TRUST AGREEMENT),0.28,True,AR
16-31862-000,10/14/1996,125000.0,WD(WARRANTY DEED),0.28,True,AR
16-31862-000,1/27/1993,0.0,QCD(QUITCLAIM DEED),0.28,True,AR
16-31862-000,3/12/1992,0.0,DC(DEATH CERTIFICATE),0.28,True,AR
16-31862-000,3/31/1979,129000.0,WD(WARRANTY DEED),0.28,True,AR
16-31863-000,12/5/2023,380000.0,WD(WARRANTY DEED),0.34,True,AR
16-31863-000,11/1/2021,0.0,WD(WARRANTY DEED),0.34,True,AR
16-31863-000,9/30/2020,2000.0,QCD(QUITCLAIM DEED),0.34,True,AR
16-31863-000,2/5/2020,0.0,EXD(EXECUTOR-EXECUTRIX DEED),0.34,True,AR
16-31863-000,11/26/2018,0.0,DC(DEATH CERTIFICATE),0.34,True,AR
16-31863-000,1/2/2009,0.0,DC(DEATH CERTIFICATE),0.34,True,AR
16-31863-000,2/2/2004,0.0,DC(DEATH CERTIFICATE),0.34,True,AR
16-31863-000,10/22/1982,6000.0,WD(WARRANTY DEED),0.34,True,AR
16-31864-000,5/8/2025,21000.0,TRWD(TRUSTEES WARRANTY DEED),0.37,False,AR
16-31864-000,12/18/2021,0.0,MEMO(MEMORANDUM),0.37,False,AR
16-31864-000,11/3/2021,0.0,OTHER(OTHER DOCUMENT),0.37,False,AR
16-31864-000,9/9/2021,0.0,OTHER(OTHER DOCUMENT),0.37,False,AR
16-31864-000,5/8/2001,0.0,QCD(QUITCLAIM DEED),0.37,False,AR
16-31864-000,5/8/2001,0.0,QCD(QUITCLAIM DEED),0.37,False,AR
16-31864-000,5/8/2001,0.0,QCD(QUITCLAIM DEED),0.37,False,AR
16-31864-000,5/8/2001,0.0,QCD(QUITCLAIM DEED),0.37,False,AR
16-31864-000,5/8/2001,0.0,QCD(QUITCLAIM DEED),0.37,False,AR
16-31864-000,5/7/2001,0.0,DC(DEATH CERTIFICATE),0.37,False,AR
16-31864-000,4/9/2001,0.0,AFF(AFFIDAVIT),0.37,False,AR
16-31865-000,2/4/2025,0.0,SWD(SPECIAL WARRANTY DEED),0.34,False,MO
16-31865-000,2/4/2025,0.0,CERT(CERTIFICATE),0.34,False,MO
16-31865-000,9/7/2000,1000.0,QCD(QUITCLAIM DEED),0.34,False,MO
16-31865-000,10/15/1996,0.0,TRAG(TRUST AGREEMENT),0.34,False,MO
16-31865-000,1/27/1993,0.0,QCD(QUITCLAIM DEED),0.34,False,MO
16-31865-000,3/12/1992,0.0,DC(DEATH CERTIFICATE),0.34,False,MO
16-31865-000,11/25/1980,7000.0,WD(WARRANTY DEED),0.34,False,MO
16-31866-000,1/7/2021,0.0,QCD(QUITCLAIM DEED),0.41,False,MO
16-31866-000,10/6/2020,18000.0,WD(WARRANTY DEED),0.41,False,MO
16-31866-000,9/19/2019,7000.0,QCD(QUITCLAIM DEED),0.41,False,MO
16-31866-000,7/6/2019,0.0,CONT(CONTRACT),0.41,False,MO
16-31866-000,6/16/1998,0.0,WD(WARRANTY DEED),0.41,False,MO
16-31866-000,7/31/1996,0.0,WD(WARRANTY DEED),0.41,False,MO
16-31866-000,1/28/1983,0.0,WD(WARRANTY DEED),0.41,False,MO
16-31867-000,1/7/2021,0.0,QCD(QUITCLAIM DEED),0.39,False,MO
16-31867-000,10/6/2020,18000.0,WD(WARRANTY DEED),0.39,False,MO
16-31867-000,9/19/2019,7000.0,QCD(QUITCLAIM DEED),0.39,False,MO
16-31867-000,7/6/2019,0.0,CONT(CONTRACT),0.39,False,MO
16-31867-000,7/19/2018,1000.0,SWD(SPECIAL WARRANTY DEED),0.39,False,MO
16-31867-000,4/10/2015,0.0,COMMD(COMMISSIONERS DEED),0.39,False,MO
16-31867-000,12/3/1993,0.0,WD(WARRANTY DEED),0.39,False,MO
16-31867-000,12/3/1993,0.0,WD(WARRANTY DEED),0.39,False,MO
16-31867-000,12/3/1992,0.0,QCD(QUITCLAIM DEED),0.39,False,MO
16-31867-000,5/2/1983,0.0,WD(WARRANTY DEED),0.39,False,MO
16-31868-000,6/30/2022,237000.0,WD(WARRANTY DEED),0.38,True,
16-31868-000,2/15/2013,0.0,WD(WARRANTY DEED),0.38,True,
16-31868-000,11/22/2002,81000.0,WD(WARRANTY DEED),0.38,True,
16-31868-000,7/30/1999,75000.0,WD(WARRANTY DEED),0.38,True,
16-31869-000,8/28/2023,17500.0,WD(WARRANTY DEED),0.35,False,AR
16-31869-000,10/30/2021,11000.0,WD(WARRANTY DEED),0.35,False,AR
16-31869-000,3/5/2021,0.0,LWD(LIMITED WARRANTY DEED),0.35,False,AR
16-31869-000,8/28/2009,1451000.0,QCD(QUITCLAIM DEED),0.35,False,AR
16-31869-000,8/21/2009,402000.0,DEED(GRANT DEED),0.35,False,AR
16-31869-000,9/15/2008,0.0,DEED(GRANT DEED),0.35,False,AR
16-31869-000,4/7/2006,562000.0,WD(WARRANTY DEED),0.35,False,AR
16-31869-000,8/26/2005,3000.0,WD(WARRANTY DEED),0.35,False,AR
16-31869-000,3/15/2002,0.0,WD(WARRANTY DEED),0.35,False,AR
16-31869-000,10/18/2001,0.0,WD(WARRANTY DEED),0.35,False,AR
16-31869-000,7/9/1982,6000.0,WD(WARRANTY DEED),0.35,False,AR
16-31870-000,8/18/2020,275000.0,WD(WARRANTY DEED),0.36,True,AR
16-31870-000,2/28/1995,95000.0,WD(WARRANTY DEED),0.36,True,AR
16-31870-000,4/20/1994,0.0,WD(WARRANTY DEED),0.36,True,AR
16-31870-000,1/20/1994,4000.0,WD(WARRANTY DEED),0.36,True,AR
16-31870-000,9/29/1988,0.0,WD(WARRANTY DEED),0.36,True,AR
16-31871-000,12/23/2017,0.0,QCD(QUITCLAIM DEED),0.33,False,MO
16-31871-000,1/27/2010,0.0,RD(REDEMPTION DEED),0.33,False,MO
16-31871-000,10/28/1998,0.0,QCD(QUITCLAIM DEED),0.33,False,MO
16-31871-000,6/13/1990,0.0,QCD(QUITCLAIM DEED),0.33,False,MO
16-31871-000,7/23/1982,0.0,WD(WARRANTY DEED),0.33,False,MO
16-31872-000,11/5/2021,350000.0,WD(WARRANTY DEED),0.35,True,AR
16-31872-000,12/19/2019,190000.0,WD(WARRANTY DEED),0.35,True,AR
16-31872-000,12/19/2019,0.0,CERT(CERTIFICATE),0.35,True,AR
16-31872-000,10/12/2018,0.0,DC(DEATH CERTIFICATE),0.35,True,AR
16-31872-000,4/3/2003,0.0,WD(WARRANTY DEED),0.35,True,AR
16-31872-000,11/29/2002,0.0,DC(DEATH CERTIFICATE),0.35,True,AR
16-31872-000,9/23/1991,103000.0,WD(WARRANTY DEED),0.35,True,AR
16-31872-000,10/17/1989,0.0,WD(WARRANTY DEED),0.35,True,AR
16-31872-000,9/29/1989,0.0,TRAG(TRUST AGREEMENT),0.35,True,AR
16-31872-000,12/5/1973,7000.0,WD(WARRANTY DEED),0.35,True,AR
16-31873-000,3/5/2021,280000.0,WD(WARRANTY DEED),0.34,True,AR
16-31873-000,6/19/2018,165000.0,WD(WARRANTY DEED),0.34,True,AR
16-31873-000,3/30/2015,158000.0,WD(WARRANTY DEED),0.34,True,AR
16-31873-000,5/2/2007,175000.0,WD(WARRANTY DEED),0.34,True,AR
16-31873-000,10/15/2002,1000.0,WD(WARRANTY DEED),0.34,True,AR
16-31873-000,8/23/1981,0.0,WD(WARRANTY DEED),0.34,True,AR
16-31874-000,8/2/2005,0.0,QCD(QUITCLAIM DEED),0.33,True,AR
16-31874-000,6/24/2002,0.0,QCD(QUITCLAIM DEED),0.33,True,AR
16-31874-000,5/28/2002,0.0,QCD(QUITCLAIM DEED),0.33,True,AR
16-31874-000,5/19/2001,0.0,DC(DEATH CERTIFICATE),0.33,True,AR
16-31874-000,10/31/1987,4000.0,QCD(QUITCLAIM DEED),0.33,True,AR
16-31874-000,9/15/1983,7000.0,WD(WARRANTY DEED),0.33,True,AR
16-31875-000,8/2/2005,0.0,QCD(QUITCLAIM DEED),0.29,True,AR
16-31875-000,9/29/1998,76000.0,WD(WARRANTY DEED),0.29,True,AR
16-31875-000,9/16/1992,72000.0,WD(WARRANTY DEED),0.29,True,AR
16-31875-000,8/29/1975,0.0,CWD(CORPORATION WARRANTY DEED),0.29,True,AR
16-31876-000,9/29/2005,0.0,QCD(QUITCLAIM DEED),0.36,True,AR
16-31876-000,12/30/2002,130000.0,WD(WARRANTY DEED),0.36,True,AR
16-31876-000,12/30/2002,130000.0,WD(WARRANTY DEED),0.36,True,AR
16-31876-000,8/27/2001,124000.0,WD(WARRANTY DEED),0.36,True,AR
16-31876-000,11/1/1995,0.0,CERT(CERTIFICATE),0.36,True,AR
16-31876-000,5/26/1992,0.0,WD(WARRANTY DEED),0.36,True,AR
16-31876-000,5/26/1992,0.0,DC(DEATH CERTIFICATE),0.36,True,AR
16-31876-000,5/1/1985,125000.0,WD(WARRANTY DEED),0.36,True,AR
16-31876-000,10/1/1984,4000.0,WD(WARRANTY DEED),0.36,True,AR
16-31876-000,6/12/1984,0.0,RD(REDEMPTION DEED),0.36,True,AR
16-31877-000,6/23/2023,405000.0,WD(WARRANTY DEED),0.34,True,AR
16-31877-000,1/11/2016,174000.0,WD(WARRANTY DEED),0.34,True,AR
16-31877-000,6/15/2009,67667.0,WD(WARRANTY DEED),0.34,True,AR
16-31877-000,2/13/2009,0.0,MTG-D(MORTGAGEE'S DEED),0.34,True,AR
16-31877-000,8/4/2005,184000.0,WD(WARRANTY DEED),0.34,True,AR
16-31877-000,2/4/2002,0.0,WD(WARRANTY DEED),0.34,True,AR
16-31877-000,8/25/1992,0.0,WD(WARRANTY DEED),0.34,True,AR
16-31877-000,11/5/1990,0.0,WD(WARRANTY DEED),0.34,True,AR
16-31877-000,10/14/1986,107000.0,WD(WARRANTY DEED),0.34,True,AR
16-31877-000,9/30/1985,0.0,WD(WARRANTY DEED),0.34,True,AR
16-31877-000,8/30/1985,5000.0,WD(WARRANTY DEED),0.34,True,AR
16-31878-000,3/27/2024,12500.0,WD(WARRANTY DEED),0.35,False,AR
16-31878-000,2/8/2024,8500.0,WD(WARRANTY DEED),0.35,False,AR
16-31878-000,1/11/2016,174000.0,WD(WARRANTY DEED),0.35,False,AR
16-31878-000,6/15/2009,67667.0,WD(WARRANTY DEED),0.35,False,AR
16-31878-000,2/13/2009,0.0,MTG-D(MORTGAGEE'S DEED),0.35,False,AR
16-31878-000,8/4/2005,184000.0,WD(WARRANTY DEED),0.35,False,AR
16-31878-000,11/5/1990,0.0,WD(WARRANTY DEED),0.35,False,AR
16-31878-000,9/14/1987,7000.0,WD(WARRANTY DEED),0.35,False,AR
16-31878-000,11/16/1984,0.0,QCD(QUITCLAIM DEED),0.35,False,AR
16-31879-000,2/24/2020,0.0,WD(WARRANTY DEED),0.27,True,
16-31879-000,9/12/2017,0.0,TRD(TRUSTEES DEED),0.27,True,
16-31879-000,9/12/2017,0.0,CERT(CERTIFICATE),0.27,True,
16-31879-000,10/6/2011,0.0,WD(WARRANTY DEED),0.27,True,
16-31879-000,10/6/2011,0.0,CERT(CERTIFICATE),0.27,True,
16-31879-000,9/16/2004,153000.0,WD(WARRANTY DEED),0.27,True,
16-31879-000,4/26/2004,0.0,WD(WARRANTY DEED),0.27,True,
16-31879-000,8/18/2003,3000.0,WD(WARRANTY DEED),0.27,True,
16-31879-000,12/5/1995,1000.0,WD(WARRANTY DEED),0.27,True,
16-31879-000,12/7/1989,9500.0,WD(WARRANTY DEED),0.27,True,
16-31879-000,11/12/1988,0.0,CONT(CONTRACT),0.27,True,
16-31879-000,1/5/1988,0.0,WD(WARRANTY DEED),0.27,True,
16-31879-000,4/28/1983,0.0,CONT(CONTRACT),0.27,True,
16-31880-000,7/15/2019,192000.0,WD(WARRANTY DEED),0.26,True,AR
16-31880-000,7/30/2013,128000.0,WD(WARRANTY DEED),0.26,True,AR
16-31880-000,2/17/2013,0.0,DC(DEATH CERTIFICATE),0.26,True,AR
16-31880-000,1/22/2013,0.0,CERT(CERTIFICATE),0.26,True,AR
16-31880-000,4/30/2012,0.0,CERT(CERTIFICATE),0.26,True,AR
16-31880-000,4/30/2012,0.0,WD(WARRANTY DEED),0.26,True,AR
16-31880-000,2/7/2012,0.0,DC(DEATH CERTIFICATE),0.26,True,AR
16-31880-000,1/26/2005,142000.0,WD(WARRANTY DEED),0.26,True,AR
16-31880-000,12/22/1997,110000.0,WD(WARRANTY DEED),0.26,True,AR
16-31880-000,9/30/1994,92000.0,CWD(CORPORATION WARRANTY DEED),0.26,True,AR
16-31880-000,7/15/1993,4000.0,WD(WARRANTY DEED),0.26,True,AR
16-31880-000,9/4/1981,5000.0,WD(WARRANTY DEED),0.26,True,AR
16-31881-000,6/5/2015,0.0,DC(DEATH CERTIFICATE),0.31,True,AR
16-31881-000,6/23/2005,184000.0,WD(WARRANTY DEED),0.31,True,AR
16-31881-000,7/17/2000,136000.0,WD(WARRANTY DEED),0.31,True,AR
16-31881-000,11/17/1998,0.0,RD(REDEMPTION DEED),0.31,True,AR
16-31881-000,11/12/1998,79000.0,WD(WARRANTY DEED),0.31,True,AR
16-31881-000,1/27/1998,0.0,COMMD(COMMISSIONERS DEED),0.31,True,AR
16-31881-000,3/9/1995,0.0,QCD(QUITCLAIM DEED),0.31,True,AR
16-31881-000,8/30/1993,99000.0,WD(WARRANTY DEED),0.31,True,AR
16-31881-000,7/14/1983,5000.0,WD(WARRANTY DEED),0.31,True,AR
16-31882-000,1/23/2024,8000.0,WD(WARRANTY DEED),0.27,False,AR
16-31882-000,8/7/2023,2500.0,WD(WARRANTY DEED),0.27,False,AR
16-31882-000,7/1/2015,1150.0,QCD(QUITCLAIM DEED),0.27,False,AR
16-31882-000,4/2/1998,1000.0,WD(WARRANTY DEED),0.27,False,AR
16-31882-000,9/20/1995,1000.0,CWD(CORPORATION WARRANTY DEED),0.27,False,AR
16-31882-000,6/6/1995,0.0,COMMD(COMMISSIONERS DEED),0.27,False,AR
16-31883-000,6/19/2019,255000.0,WD(WARRANTY DEED),0.26,True,AR
16-31883-000,5/18/2011,0.0,SWD(SPECIAL WARRANTY DEED),0.26,True,AR
16-31883-000,3/11/2011,0.0,MTG-D(MORTGAGEE'S DEED),0.26,True,AR
16-31883-000,3/10/2011,0.0,SWD(SPECIAL WARRANTY DEED),0.26,True,AR
16-31883-000,6/27/2002,151000.0,WD(WARRANTY DEED),0.26,True,AR
16-31883-000,12/3/1998,131000.0,WD(WARRANTY DEED),0.26,True,AR
16-31883-000,7/1/1996,0.0,DC(DEATH CERTIFICATE),0.26,True,AR
16-31883-000,8/18/1993,0.0,WD(WARRANTY DEED),0.26,True,AR
16-31883-000,8/4/1993,0.0,WD(WARRANTY DEED),0.26,True,AR
16-31883-000,9/28/1992,0.0,WD(WARRANTY DEED),0.26,True,AR
16-31883-000,9/27/1992,0.0,TRAG(TRUST AGREEMENT),0.26,True,AR
16-31883-000,9/27/1992,0.0,TRAG(TRUST AGREEMENT),0.26,True,AR
16-31883-000,1/14/1983,5000.0,WD(WARRANTY DEED),0.26,True,AR
16-31884-000,6/15/2020,0.0,QCD(QUITCLAIM DEED),0.3,False,TX
16-31884-000,5/18/2017,0.0,LWD(LIMITED WARRANTY DEED),0.3,False,TX
16-31884-000,8/8/2002,2000.0,WD(WARRANTY DEED),0.3,False,TX
16-31884-000,8/3/1994,0.0,WD(WARRANTY DEED),0.3,False,TX
16-31884-000,2/18/1994,0.0,DC(DEATH CERTIFICATE),0.3,False,TX
16-31884-000,11/19/1982,5000.0,WD(WARRANTY DEED),0.3,False,TX
16-31885-000,7/24/2017,0.0,QCD(QUITCLAIM DEED),0.29,True,AR
16-31885-000,4/7/2014,0.0,QCD(QUITCLAIM DEED),0.29,True,AR
16-31885-000,12/7/2005,225000.0,WD(WARRANTY DEED),0.29,True,AR
16-31885-000,8/20/2004,2000.0,WD(WARRANTY DEED),0.29,True,AR
16-31885-000,7/16/1996,0.0,WD(WARRANTY DEED),0.29,True,AR
16-31885-000,9/16/1982,5000.0,WD(WARRANTY DEED),0.29,True,AR
16-31886-000,10/21/2022,10000.0,WD(WARRANTY DEED),0.29,False,AR
16-31886-000,5/7/2021,4000.0,WD(WARRANTY DEED),0.29,False,AR
16-31886-000,2/2/2004,0.0,WD(WARRANTY DEED),0.29,False,AR
16-31886-000,2/7/2000,0.0,WD(WARRANTY DEED),0.29,False,AR
16-31886-000,5/18/1987,3000.0,WD(WARRANTY DEED),0.29,False,AR
16-31886-000,7/22/1986,0.0,WD(WARRANTY DEED),0.29,False,AR
16-31886-000,6/25/1986,0.0,WD(WARRANTY DEED),0.29,False,AR
16-31886-000,11/23/1982,5000.0,WD(WARRANTY DEED),0.29,False,AR
16-31887-000,7/6/2021,0.0,BD(BENEFICIARY DEED),0.24,False,AR
16-31887-000,6/24/2016,0.0,LWD(LIMITED WARRANTY DEED),0.24,False,AR
16-31887-000,7/11/2011,0.0,QCD(QUITCLAIM DEED),0.24,False,AR
16-31887-000,6/21/2011,0.0,TRAG(TRUST AGREEMENT),0.24,False,AR
16-31887-000,6/6/2011,0.0,DC(DEATH CERTIFICATE),0.24,False,AR
16-31887-000,6/25/1998,0.0,QCD(QUITCLAIM DEED),0.24,False,AR
16-31887-000,11/14/1997,0.0,QCD(QUITCLAIM DEED),0.24,False,AR
16-31887-000,10/3/1997,8000.0,WD(WARRANTY DEED),0.24,False,AR
16-31887-000,12/5/1983,6000.0,WD(WARRANTY DEED),0.24,False,AR
16-31887-000,8/21/1982,8000.0,WD(WARRANTY DEED),0.24,False,AR
16-31887-000,1/1/1800,0.0,CONT(CONTRACT),0.24,False,AR
16-31888-000,7/6/2021,0.0,BD(BENEFICIARY DEED),0.31,True,AR
16-31888-000,10/12/2011,141000.0,WD(WARRANTY DEED),0.31,True,AR
16-31888-000,8/11/2009,0.0,WD(WARRANTY DEED),0.31,True,AR
16-31888-000,5/16/2005,0.0,DC(DEATH CERTIFICATE),0.31,True,AR
16-31888-000,11/13/1984,7200.0,WD(WARRANTY DEED),0.31,True,AR
16-31889-000,7/22/2011,171000.0,WD(WARRANTY DEED),0.3,True,AR
16-31889-000,12/4/2006,216000.0,WD(WARRANTY DEED),0.3,True,AR
16-31889-000,12/1/2005,9000.0,WD(WARRANTY DEED),0.3,True,AR
16-31889-000,3/10/1982,7000.0,WD(WARRANTY DEED),0.3,True,AR
16-31890-000,5/9/2016,0.0,CERT(CERTIFICATE),0.32,True,AR
16-31890-000,12/8/2011,0.0,CERT(CERTIFICATE),0.32,True,AR
16-31890-000,6/10/1994,0.0,MEMO(MEMORANDUM),0.32,True,AR
16-31890-000,6/10/1994,0.0,MEMO(MEMORANDUM),0.32,True,AR
16-31890-000,8/18/1986,150000.0,WD(WARRANTY DEED),0.32,True,AR
16-31890-000,2/19/1976,0.0,HIST(HISTORICAL),0.32,True,AR
16-31890-000,6/9/1975,6000.0,WD(WARRANTY DEED),0.32,True,AR
16-31891-000,6/24/2019,150000.0,WD(WARRANTY DEED),0.29,True,AR
16-31891-000,12/31/2007,100000.0,WD(WARRANTY DEED),0.29,True,AR
16-31891-000,3/3/2007,0.0,DC(DEATH CERTIFICATE),0.29,True,AR
16-31891-000,12/28/2000,0.0,WD(WARRANTY DEED),0.29,True,AR
16-31891-000,12/28/2000,0.0,CERT(CERTIFICATE),0.29,True,AR
16-31891-000,7/30/2000,0.0,DC(DEATH CERTIFICATE),0.29,True,AR
16-31891-000,9/5/1980,65000.0,WD(WARRANTY DEED),0.29,True,AR
16-31892-000,6/26/2017,159000.0,WD(WARRANTY DEED),0.27,True,AR
16-31892-000,4/7/2016,0.0,DC(DEATH CERTIFICATE),0.27,True,AR
16-31892-000,3/27/1986,0.0,WD(WARRANTY DEED),0.27,True,AR
16-31892-000,1/30/1985,7700.0,WD(WARRANTY DEED),0.27,True,AR
16-31892-000,2/17/1984,0.0,WD(WARRANTY DEED),0.27,True,AR
16-31893-000,12/24/2009,115000.0,WD(WARRANTY DEED),0.3,True,AR
16-31893-000,7/25/2005,0.0,CERT(CERTIFICATE),0.3,True,AR
16-31893-000,8/19/2004,98000.0,WD(WARRANTY DEED),0.3,True,AR
16-31893-000,8/12/2002,93000.0,WD(WARRANTY DEED),0.3,True,AR
16-31893-000,11/20/2000,0.0,QCD(QUITCLAIM DEED),0.3,True,AR
16-31893-000,7/14/1999,84000.0,WD(WARRANTY DEED),0.3,True,AR
16-31893-000,2/4/1999,0.0,WD(WARRANTY DEED),0.3,True,AR
16-31893-000,9/21/1998,5000.0,TRD(TRUSTEES DEED),0.3,True,AR
16-31893-000,11/17/1997,0.0,WD(WARRANTY DEED),0.3,True,AR
16-31893-000,6/25/1997,0.0,TRAG(TRUST AGREEMENT),0.3,True,AR
16-31893-000,3/4/1990,0.0,DC(DEATH CERTIFICATE),0.3,True,AR
16-31893-000,7/2/1985,6000.0,WD(WARRANTY DEED),0.3,True,AR
16-31894-000,4/19/2024,132000.0,TRWD(TRUSTEES WARRANTY DEED),0.35,True,AR
16-31894-000,4/18/2024,0.0,CERT(CERTIFICATE),0.35,True,AR
16-31894-000,3/26/2020,125000.0,WD(WARRANTY DEED),0.35,True,AR
16-31894-000,6/15/2007,0.0,WD(WARRANTY DEED),0.35,True,AR
16-31894-000,5/24/2007,0.0,WD(WARRANTY DEED),0.35,True,AR
16-31894-000,5/24/2007,109000.0,WD(WARRANTY DEED),0.35,True,AR
16-31894-000,5/23/2007,0.0,WD(WARRANTY DEED),0.35,True,AR
16-31894-000,3/30/2007,98000.0,WD(WARRANTY DEED),0.35,True,AR
16-31894-000,7/25/2002,52000.0,WD(WARRANTY DEED),0.35,True,AR
16-31894-000,7/25/2002,0.0,QCD(QUITCLAIM DEED),0.35,True,AR
16-31894-000,7/25/2002,0.0,QCD(QUITCLAIM DEED),0.35,True,AR
16-31894-000,7/25/2002,0.0,QCD(QUITCLAIM DEED),0.35,True,AR
16-31894-000,4/13/2002,0.0,AFF(AFFIDAVIT),0.35,True,AR
16-31894-000,9/20/1996,0.0,QCD(QUITCLAIM DEED),0.35,True,AR
16-31894-000,12/19/1995,0.0,QCD(QUITCLAIM DEED),0.35,True,AR
16-31894-000,12/8/1995,0.0,TRAG(TRUST AGREEMENT),0.35,True,AR
16-31894-000,6/8/1995,0.0,DC(DEATH CERTIFICATE),0.35,True,AR
16-31894-000,10/29/1990,0.0,WD(WARRANTY DEED),0.35,True,AR
16-31894-000,9/4/1973,8000.0,WD(WARRANTY DEED),0.35,True,AR
16-31895-000,10/27/2021,257000.0,WD(WARRANTY DEED),0.37,True,AR
16-31895-000,2/27/2019,144000.0,WD(WARRANTY DEED),0.37,True,AR
16-31895-000,3/1/2012,86500.0,TRD(TRUSTEES DEED),0.37,True,AR
16-31895-000,8/17/2007,0.0,DC(DEATH CERTIFICATE),0.37,True,AR
16-31895-000,10/4/2004,0.0,TRD(TRUSTEES DEED),0.37,True,AR
16-31895-000,10/4/2004,0.0,TRAG(TRUST AGREEMENT),0.37,True,AR
16-31895-000,3/15/2004,0.0,DC(DEATH CERTIFICATE),0.37,True,AR
16-31895-000,9/22/1998,0.0,TRAG(TRUST AGREEMENT),0.37,True,AR
16-31895-000,6/9/1993,0.0,WD(WARRANTY DEED),0.37,True,AR
16-31895-000,9/19/1983,85000.0,WD(WARRANTY DEED),0.37,True,AR
16-31896-000,2/14/2018,152000.0,WD(WARRANTY DEED),0.32,True,AR
16-31896-000,7/24/2015,135000.0,WD(WARRANTY DEED),0.32,True,AR
16-31896-000,7/21/2003,127000.0,WD(WARRANTY DEED),0.32,True,AR
16-31896-000,12/27/2001,0.0,WD(WARRANTY DEED),0.32,True,AR
16-31896-000,7/14/1998,97000.0,WD(WARRANTY DEED),0.32,True,AR
16-31896-000,7/14/1998,0.0,AFF(AFFIDAVIT),0.32,True,AR
16-31896-000,10/29/1982,8000.0,WD(WARRANTY DEED),0.32,True,AR
16-31897-000,12/13/2005,140000.0,WD(WARRANTY DEED),0.33,True,CA
16-31897-000,1/14/2005,125000.0,WD(WARRANTY DEED),0.33,True,CA
16-31897-000,7/12/2004,0.0,WD(WARRANTY DEED),0.33,True,CA
16-31897-000,2/5/2003,0.0,WD(WARRANTY DEED),0.33,True,CA
16-31897-000,11/4/2002,1000.0,COMMD(COMMISSIONERS DEED),0.33,True,CA
16-31897-000,6/7/1988,6000.0,WD(WARRANTY DEED),0.33,True,CA
16-31897-000,9/19/1985,8000.0,WD(WARRANTY DEED),0.33,True,CA
16-31898-000,9/19/2011,50000.0,SWD(SPECIAL WARRANTY DEED),0.31,True,AR
16-31898-000,3/28/2011,0.0,MTG-D(MORTGAGEE'S DEED),0.31,True,AR
16-31898-000,3/2/2007,0.0,QCD(QUITCLAIM DEED),0.31,True,AR
16-31898-000,9/1/2004,90000.0,WD(WARRANTY DEED),0.31,True,AR
16-31898-000,1/2/1997,0.0,WD(WARRANTY DEED),0.31,True,AR
16-31898-000,12/11/1996,0.0,AFF(AFFIDAVIT),0.31,True,AR
16-31898-000,8/26/1996,0.0,WD(WARRANTY DEED),0.31,True,AR
16-31898-000,10/16/1989,65000.0,WD(WARRANTY DEED),0.31,True,AR
16-31898-000,11/13/1983,0.0,DC(DEATH CERTIFICATE),0.31,True,AR
16-31898-000,10/4/1979,78000.0,WD(WARRANTY DEED),0.31,True,AR
16-31899-000,1/29/2021,155000.0,WD(WARRANTY DEED),0.35,True,AR
16-31899-000,5/8/2009,0.0,QCD(QUITCLAIM DEED),0.35,True,AR
16-31899-000,8/11/2006,132000.0,WD(WARRANTY DEED),0.35,True,AR
16-31899-000,10/9/1988,0.0,DC(DEATH CERTIFICATE),0.35,True,AR
16-31899-000,6/5/1985,112000.0,WD(WARRANTY DEED),0.35,True,AR
16-31899-000,8/15/1984,0.0,WD(WARRANTY DEED),0.35,True,AR
16-31899-000,7/3/1984,5000.0,WD(WARRANTY DEED),0.35,True,AR
16-31900-000,6/24/2016,0.0,LWD(LIMITED WARRANTY DEED),0.28,False,AR
16-31900-000,11/19/1987,0.0,WD(WARRANTY DEED),0.28,False,AR
16-31900-000,9/21/1982,0.0,WD(WARRANTY DEED),0.28,False,AR
16-31901-000,4/9/2021,275000.0,EXD(EXECUTOR-EXECUTRIX DEED),0.3,True,AR
16-31901-000,3/22/2021,0.0,OR(ORDER),0.3,True,AR
16-31901-000,1/20/2021,0.0,OTHER(OTHER DOCUMENT),0.3,True,AR
16-31901-000,11/1/2017,0.0,DC(DEATH CERTIFICATE),0.3,True,AR
16-31901-000,12/15/1988,84000.0,WD(WARRANTY DEED),0.3,True,AR
16-31901-000,12/14/1987,0.0,WD(WARRANTY DEED),0.3,True,AR
16-31901-000,8/27/1987,0.0,QCD(QUITCLAIM DEED),0.3,True,AR
16-31901-000,12/1/1983,86000.0,WD(WARRANTY DEED),0.3,True,AR
16-31902-000,5/8/2025,0.0,QCD(QUITCLAIM DEED),0.34,False,AR
16-31902-000,12/21/2024,18000.0,WD(WARRANTY DEED),0.34,False,AR
16-31902-000,8/22/2019,0.0,CERT(CERTIFICATE),0.34,False,AR
16-31902-000,7/30/2014,0.0,WD(WARRANTY DEED),0.34,False,AR
16-31902-000,5/10/2005,0.0,DC(DEATH CERTIFICATE),0.34,False,AR
16-31902-000,7/23/1999,0.0,COMMD(COMMISSIONERS DEED),0.34,False,AR
16-31902-000,12/30/1982,6000.0,WD(WARRANTY DEED),0.34,False,AR
16-31903-000,10/29/2024,543000.0,WD(WARRANTY DEED),0.46,True,AR
16-31903-000,2/19/2022,0.0,QCD(QUITCLAIM DEED),0.46,True,AR
16-31903-000,8/19/2021,290000.0,TRWD(TRUSTEES WARRANTY DEED),0.46,True,AR
16-31903-000,8/19/2021,0.0,CERT(CERTIFICATE),0.46,True,AR
16-31903-000,5/9/2020,0.0,DC(DEATH CERTIFICATE),0.46,True,AR
16-31903-000,1/4/2012,0.0,DC(DEATH CERTIFICATE),0.46,True,AR
16-31903-000,11/22/2011,0.0,WD(WARRANTY DEED),0.46,True,AR
16-31903-000,11/22/2011,0.0,CERT(CERTIFICATE),0.46,True,AR
16-31903-000,8/30/1996,152000.0,WD(WARRANTY DEED),0.46,True,AR
16-31903-000,10/9/1993,124000.0,WD(WARRANTY DEED),0.46,True,AR
16-31903-000,11/12/1991,102000.0,WD(WARRANTY DEED),0.46,True,AR
16-31903-000,11/12/1991,0.0,AFF(AFFIDAVIT),0.46,True,AR
16-31903-000,7/28/1988,98000.0,WD(WARRANTY DEED),0.46,True,AR
16-31903-000,6/6/1986,0.0,WD(WARRANTY DEED),0.46,True,AR
16-31903-000,10/5/1985,7000.0,WD(WARRANTY DEED),0.46,True,AR
16-31903-000,3/19/1982,0.0,WD(WARRANTY DEED),0.46,True,AR
16-31904-000,4/28/2014,0.0,DC(DEATH CERTIFICATE),0.56,True,AR
16-31904-000,3/8/2005,178000.0,WD(WARRANTY DEED),0.56,True,AR
16-31904-000,3/18/2003,0.0,DC(DEATH CERTIFICATE),0.56,True,AR
16-31904-000,4/1/1983,6000.0,WD(WARRANTY DEED),0.56,True,AR
16-31905-000,3/1/2017,131000.0,TRD(TRUSTEES DEED),0.51,True,AR
16-31905-000,2/28/2017,0.0,MEMO(MEMORANDUM),0.51,True,AR
16-31905-000,5/22/2001,0.0,AMEND(AMENDMENT),0.51,True,AR
16-31905-000,8/8/1994,0.0,WD(WARRANTY DEED),0.51,True,AR
16-31905-000,8/2/1994,0.0,QCD(QUITCLAIM DEED),0.51,True,AR
16-31905-000,8/2/1994,0.0,MEMO(MEMORANDUM),0.51,True,AR
16-31905-000,8/2/1994,0.0,QCD(QUITCLAIM DEED),0.51,True,AR
16-31905-000,10/24/1991,5000.0,WD(WARRANTY DEED),0.51,True,AR
16-31905-000,7/26/1990,0.0,DC(DEATH CERTIFICATE),0.51,True,AR
16-31905-000,9/1/1982,6000.0,WD(WARRANTY DEED),0.51,True,AR
16-31906-000,12/21/2023,0.0,WD(WARRANTY DEED),0.4,False,AR
16-31906-000,3/25/2010,0.0,TRD(TRUSTEES DEED),0.4,False,AR
16-31906-000,12/17/2008,0.0,DC(DEATH CERTIFICATE),0.4,False,AR
16-31906-000,10/5/2005,0.0,TRAG(TRUST AGREEMENT),0.4,False,AR
16-31906-000,3/20/2004,0.0,DC(DEATH CERTIFICATE),0.4,False,AR
16-31906-000,11/7/1997,0.0,QCD(QUITCLAIM DEED),0.4,False,AR
16-31906-000,10/23/1997,0.0,TRAG(TRUST AGREEMENT),0.4,False,AR
16-31906-000,7/24/1995,0.0,WD(WARRANTY DEED),0.4,False,AR
16-31906-000,6/1/1992,0.0,WD(WARRANTY DEED),0.4,False,AR
16-31906-000,10/12/1989,0.0,WD(WARRANTY DEED),0.4,False,AR
16-31906-000,6/24/1988,1000.0,WD(WARRANTY DEED),0.4,False,AR
16-31906-000,6/26/1987,0.0,WD(WARRANTY DEED),0.4,False,AR
16-31906-000,4/1/1983,6000.0,WD(WARRANTY DEED),0.4,False,AR
16-31907-000,12/21/2023,0.0,WD(WARRANTY DEED),0.32,True,AR
16-31907-000,3/25/2010,132000.0,TRD(TRUSTEES DEED),0.32,True,AR
16-31907-000,12/17/2008,0.0,DC(DEATH CERTIFICATE),0.32,True,AR
16-31907-000,10/5/2005,0.0,TRAG(TRUST AGREEMENT),0.32,True,AR
16-31907-000,10/5/2005,0.0,TRAG(TRUST AGREEMENT),0.32,True,AR
16-31907-000,3/20/2004,0.0,DC(DEATH CERTIFICATE),0.32,True,AR
16-31907-000,11/12/1997,0.0,QCD(QUITCLAIM DEED),0.32,True,AR
16-31907-000,10/23/1997,0.0,TRAG(TRUST AGREEMENT),0.32,True,AR
16-31907-000,9/1/1995,0.0,WD(WARRANTY DEED),0.32,True,AR
16-31907-000,10/12/1989,0.0,WD(WARRANTY DEED),0.32,True,AR
16-31907-000,6/24/1988,133000.0,WD(WARRANTY DEED),0.32,True,AR
16-31907-000,6/25/1987,0.0,WD(WARRANTY DEED),0.32,True,AR
16-31907-000,6/23/1983,0.0,QCD(QUITCLAIM DEED),0.32,True,AR
16-31908-000,11/22/2023,258000.0,TRWD(TRUSTEES WARRANTY DEED),0.31,True,AR
16-31908-000,11/17/2023,0.0,CERT(CERTIFICATE),0.31,True,AR
16-31908-000,12/19/2017,0.0,DC(DEATH CERTIFICATE),0.31,True,AR
16-31908-000,5/9/2016,0.0,AFF(AFFIDAVIT),0.31,True,AR
16-31908-000,8/6/2015,0.0,CERT(CERTIFICATE),0.31,True,AR
16-31908-000,8/6/2015,0.0,WD(WARRANTY DEED),0.31,True,AR
16-31908-000,5/2/1981,95000.0,WD(WARRANTY DEED),0.31,True,AR
16-31909-000,5/1/2025,0.0,DC(DEATH CERTIFICATE),0.43,False,AR
16-31909-000,12/19/2017,0.0,DC(DEATH CERTIFICATE),0.43,False,AR
16-31909-000,6/29/1995,6000.0,WD(WARRANTY DEED),0.43,False,AR
16-31909-000,4/18/1980,8000.0,WD(WARRANTY DEED),0.43,False,AR
16-31909-000,3/27/1980,6000.0,WD(WARRANTY DEED),0.43,False,AR
16-31910-000,4/2/2021,190000.0,WD(WARRANTY DEED),0.35,True,AR
16-31910-000,1/13/2021,145000.0,MTG-D(MORTGAGEE'S DEED),0.35,True,AR
16-31910-000,4/10/2020,0.0,OTHER(OTHER DOCUMENT),0.35,True,AR
16-31910-000,7/13/2018,159000.0,LWD(LIMITED WARRANTY DEED),0.35,True,AR
16-31910-000,4/27/2017,3000.0,WD(WARRANTY DEED),0.35,True,AR
16-31910-000,4/20/1999,0.0,QCD(QUITCLAIM DEED),0.35,True,AR
16-31910-000,1/5/1979,6000.0,WD(WARRANTY DEED),0.35,True,AR
16-31911-000,3/7/2023,0.0,BD(BENEFICIARY DEED),0.37,False,AR
16-31911-000,6/7/2021,13000.0,WD(WARRANTY DEED),0.37,False,AR
16-31911-000,6/2/2012,0.0,DC(DEATH CERTIFICATE),0.37,False,AR
16-31911-000,11/15/1983,5000.0,WD(WARRANTY DEED),0.37,False,AR
16-31912-000,5/23/2025,0.0,BD(BENEFICIARY DEED),0.28,True,AR
16-31912-000,10/18/2018,144000.0,WD(WARRANTY DEED),0.28,True,AR
16-31912-000,6/20/2016,113000.0,WD(WARRANTY DEED),0.28,True,AR
16-31912-000,11/11/1982,0.0,WD(WARRANTY DEED),0.28,True,AR
16-31913-000,2/23/2018,147000.0,WD(WARRANTY DEED),0.39,True,AR
16-31913-000,8/15/2017,0.0,DC(DEATH CERTIFICATE),0.39,True,AR
16-31913-000,10/17/2011,0.0,SWD(SPECIAL WARRANTY DEED),0.39,True,AR
16-31913-000,7/12/2011,0.0,MTG-D(MORTGAGEE'S DEED),0.39,True,AR
16-31913-000,6/30/2008,0.0,AFF(AFFIDAVIT),0.39,True,AR
16-31913-000,6/27/2008,135000.0,WD(WARRANTY DEED),0.39,True,AR
16-31913-000,8/14/2007,0.0,OTHER(OTHER DOCUMENT),0.39,True,AR
16-31913-000,9/6/1988,77000.0,WD(WARRANTY DEED),0.39,True,AR
16-31913-000,1/26/1983,0.0,WD(WARRANTY DEED),0.39,True,AR
16-31914-000,11/17/2014,0.0,QCD(QUITCLAIM DEED),0.37,False,AR
16-31914-000,8/25/1997,0.0,QCD(QUITCLAIM DEED),0.37,False,AR
16-31914-000,10/21/1996,0.0,DC(DEATH CERTIFICATE),0.37,False,AR
16-31914-000,5/31/1989,2000.0,WD(WARRANTY DEED),0.37,False,AR
16-31914-000,3/6/1987,6000.0,WD(WARRANTY DEED),0.37,False,AR
16-31915-000,11/3/2023,0.0,QCD(QUITCLAIM DEED),0.35,True,IA
16-31915-000,5/11/2023,316000.0,WD(WARRANTY DEED),0.35,True,IA
16-31915-000,12/18/2021,227000.0,TRWD(TRUSTEES WARRANTY DEED),0.35,True,IA
16-31915-000,12/18/2021,0.0,MEMO(MEMORANDUM),0.35,True,IA
16-31915-000,11/3/2021,0.0,OTHER(OTHER DOCUMENT),0.35,True,IA
16-31915-000,9/9/2021,0.0,OTHER(OTHER DOCUMENT),0.35,True,IA
16-31915-000,1/22/2007,0.0,WD(WARRANTY DEED),0.35,True,IA
16-31915-000,10/4/1976,5000.0,WD(WARRANTY DEED),0.35,True,IA
16-31916-000,12/29/2004,1000.0,QCD(QUITCLAIM DEED),0.34,False,AR
16-31916-000,8/2/1983,0.0,WD(WARRANTY DEED),0.34,False,AR
16-31917-000,3/11/2008,0.0,WD(WARRANTY DEED),0.37,True,AR
16-31917-000,11/18/2004,132000.0,WD(WARRANTY DEED),0.37,True,AR
16-31917-000,11/3/2003,2000.0,WD(WARRANTY DEED),0.37,True,AR
16-31917-000,11/9/1995,0.0,WD(WARRANTY DEED),0.37,True,AR
16-31917-000,11/9/1995,0.0,CERT(CERTIFICATE),0.37,True,AR
16-31917-000,6/2/1981,0.0,WD(WARRANTY DEED),0.37,True,AR
16-31918-000,12/2/2011,0.0,CERT(CERTIFICATE),0.34,False,AR
16-31918-000,10/17/2008,0.0,QCD(QUITCLAIM DEED),0.34,False,AR
16-31918-000,5/1/2008,149000.0,WD(WARRANTY DEED),0.34,False,AR
16-31918-000,12/12/2006,0.0,WD(WARRANTY DEED),0.34,False,AR
16-31918-000,12/12/2006,0.0,MEMO(MEMORANDUM),0.34,False,AR
16-31918-000,12/20/1999,2000.0,WD(WARRANTY DEED),0.34,False,AR
16-31918-000,4/20/1998,0.0,WD(WARRANTY DEED),0.34,False,AR
16-31918-000,7/5/1994,2000.0,CWD(CORPORATION WARRANTY DEED),0.34,False,AR
16-31918-000,6/28/1994,1000.0,WD(WARRANTY DEED),0.34,False,AR
16-31918-000,5/22/1992,6000.0,WD(WARRANTY DEED),0.34,False,AR
16-31918-000,1/31/1992,6000.0,WD(WARRANTY DEED),0.34,False,AR
16-31918-000,10/31/1989,10000.0,WD(WARRANTY DEED),0.34,False,AR
16-31918-000,10/24/1986,0.0,WD(WARRANTY DEED),0.34,False,AR
16-31919-000,12/2/2011,0.0,CERT(CERTIFICATE),0.5,True,AR
16-31919-000,10/17/2008,0.0,QCD(QUITCLAIM DEED),0.5,True,AR
16-31919-000,5/1/2008,149000.0,WD(WARRANTY DEED),0.5,True,AR
16-31919-000,12/7/1999,2000.0,WD(WARRANTY DEED),0.5,True,AR
16-31919-000,12/7/1999,0.0,AFF(AFFIDAVIT),0.5,True,AR
16-31919-000,12/13/1977,6000.0,WD(WARRANTY DEED),0.5,True,AR
16-31920-000,3/25/2012,0.0,CERT(CERTIFICATE),0.46,False,AR
16-31920-000,3/23/2012,3000.0,TRD(TRUSTEES DEED),0.46,False,AR
16-31920-000,10/20/1993,0.0,MEMO(MEMORANDUM),0.46,False,AR
16-31920-000,10/20/1993,0.0,WD(WARRANTY DEED),0.46,False,AR
16-31920-000,9/8/1993,0.0,QCD(QUITCLAIM DEED),0.46,False,AR
16-31920-000,6/1/1980,0.0,WD(WARRANTY DEED),0.46,False,AR
16-31921-000,7/24/2013,2000.0,WD(WARRANTY DEED),0.34,False,AR
16-31921-000,4/19/2013,0.0,DC(DEATH CERTIFICATE),0.34,False,AR
16-31921-000,7/16/2012,8000.0,WD(WARRANTY DEED),0.34,False,AR
16-31921-000,4/2/2012,0.0,SWD(SPECIAL WARRANTY DEED),0.34,False,AR
16-31921-000,6/2/2010,0.0,RD(REDEMPTION DEED),0.34,False,AR
16-31921-000,4/19/2010,0.0,COMMD(COMMISSIONERS DEED),0.34,False,AR
16-31921-000,4/14/2006,0.0,WD(WARRANTY DEED),0.34,False,AR
16-31921-000,4/4/2006,7000.0,WD(WARRANTY DEED),0.34,False,AR
16-31921-000,5/24/2001,1000.0,QCD(QUITCLAIM DEED),0.34,False,AR
16-31921-000,7/8/1993,0.0,QCD(QUITCLAIM DEED),0.34,False,AR
16-31921-000,9/25/1989,9000.0,WD(WARRANTY DEED),0.34,False,AR
16-31921-000,5/31/1989,0.0,CONT(CONTRACT),0.34,False,AR
16-31921-000,11/8/1983,5000.0,WD(WARRANTY DEED),0.34,False,AR
16-31922-000,3/5/2021,0.0,LWD(LIMITED WARRANTY DEED),0.34,False,AR
16-31922-000,8/28/2009,1451000.0,QCD(QUITCLAIM DEED),0.34,False,AR
16-31922-000,8/21/2009,402000.0,DEED(GRANT DEED),0.34,False,AR
16-31922-000,9/15/2008,0.0,DEED(GRANT DEED),0.34,False,AR
16-31922-000,2/9/2006,10000.0,WD(WARRANTY DEED),0.34,False,AR
16-31922-000,7/17/2003,1000.0,CORRWD(CORRECTED WARRANTY DEED),0.34,False,AR
16-31922-000,2/28/2003,1000.0,WD(WARRANTY DEED),0.34,False,AR
16-31922-000,10/1/2002,1000.0,WD(WARRANTY DEED),0.34,False,AR
16-31922-000,5/16/1997,1000.0,FD(FIDUCIARY DEED),0.34,False,AR
16-31922-000,2/9/1993,0.0,DC(DEATH CERTIFICATE),0.34,False,AR
16-31922-000,2/16/1983,5000.0,WD(WARRANTY DEED),0.34,False,AR
16-31923-000,9/30/2021,13000.0,WD(WARRANTY DEED),0.39,False,MO
16-31923-000,8/24/2017,0.0,WD(WARRANTY DEED),0.39,False,MO
16-31923-000,1/28/2013,1000.0,WD(WARRANTY DEED),0.39,False,MO
16-31923-000,4/2/2012,0.0,SWD(SPECIAL WARRANTY DEED),0.39,False,MO
16-31923-000,6/2/2010,0.0,RD(REDEMPTION DEED),0.39,False,MO
16-31923-000,4/19/2010,0.0,COMMD(COMMISSIONERS DEED),0.39,False,MO
16-31923-000,4/14/2006,0.0,WD(WARRANTY DEED),0.39,False,MO
16-31923-000,4/14/2006,6000.0,WD(WARRANTY DEED),0.39,False,MO
16-31923-000,7/9/1988,0.0,DC(DEATH CERTIFICATE),0.39,False,MO
16-31923-000,6/30/1982,10000.0,WD(WARRANTY DEED),0.39,False,MO
16-31924-000,9/22/1989,8450.0,WD(WARRANTY DEED),0.34,False,WI
16-31925-000,12/30/2020,6800.0,WD(WARRANTY DEED),0.39,False,AR
16-31925-000,10/18/2017,0.0,LWD(LIMITED WARRANTY DEED),0.39,False,AR
16-31925-000,10/19/1992,0.0,WD(WARRANTY DEED),0.39,False,AR
16-31925-000,12/23/1982,5000.0,WD(WARRANTY DEED),0.39,False,AR
16-31926-000,12/30/2020,6800.0,WD(WARRANTY DEED),0.41,False,AR
16-31926-000,9/22/2017,0.0,LWD(LIMITED WARRANTY DEED),0.41,False,AR
16-31926-000,6/7/2012,12000.0,WD(WARRANTY DEED),0.41,False,AR
16-31926-000,5/31/2012,4000.0,SWD(SPECIAL WARRANTY DEED),0.41,False,AR
16-31926-000,9/20/2011,0.0,QCD(QUITCLAIM DEED),0.41,False,AR
16-31926-000,12/12/2007,0.0,RD(REDEMPTION DEED),0.41,False,AR
16-31926-000,7/16/2003,1000.0,QCD(QUITCLAIM DEED),0.41,False,AR
16-31926-000,12/11/2002,0.0,WD(WARRANTY DEED),0.41,False,AR
16-31926-000,1/14/1980,5000.0,WD(WARRANTY DEED),0.41,False,AR
16-31927-000,12/30/2020,6800.0,WD(WARRANTY DEED),0.32,False,AR
16-31927-000,8/29/2017,0.0,RD(REDEMPTION DEED),0.32,False,AR
16-31927-000,8/15/2017,5000.0,WD(WARRANTY DEED),0.32,False,AR
16-31927-000,12/24/2010,0.0,QCD(QUITCLAIM DEED),0.32,False,AR
16-31927-000,11/24/2008,0.0,WD(WARRANTY DEED),0.32,False,AR
16-31927-000,4/13/2005,1000.0,WD(WARRANTY DEED),0.32,False,AR
16-31927-000,9/1/1982,5000.0,WD(WARRANTY DEED),0.32,False,AR
16-31928-000,1/11/1989,0.0,DC(DEATH CERTIFICATE),0.32,False,OK
16-31928-000,8/3/1982,0.0,WD(WARRANTY DEED),0.32,False,OK
16-31929-000,1/9/2024,30000.0,WD(WARRANTY DEED),0.35,False,GA
16-31929-000,8/19/2021,4000.0,WD(WARRANTY DEED),0.35,False,GA
16-31929-000,5/5/2005,3000.0,WD(WARRANTY DEED),0.35,False,GA
16-31929-000,10/15/1994,0.0,DC(DEATH CERTIFICATE),0.35,False,GA
16-31929-000,5/23/1983,6000.0,WD(WARRANTY DEED),0.35,False,GA
16-31929-000,10/12/1982,8000.0,WD(WARRANTY DEED),0.35,False,GA
16-31929-000,10/1/1982,0.0,CONT(CONTRACT),0.35,False,GA
16-31930-000,4/20/2022,0.0,QCD(QUITCLAIM DEED),0.37,True,AR
16-31930-000,10/12/2017,119000.0,WD(WARRANTY DEED),0.37,True,AR
16-31930-000,11/26/2015,0.0,DC(DEATH CERTIFICATE),0.37,True,AR
16-31930-000,11/3/2010,53000.0,SWD(SPECIAL WARRANTY DEED),0.37,True,AR
16-31930-000,8/31/2009,0.0,TRD(TRUSTEES DEED),0.37,True,AR
16-31930-000,9/15/1998,73000.0,WD(WARRANTY DEED),0.37,True,AR
16-31930-000,5/25/1984,0.0,WD(WARRANTY DEED),0.37,True,AR
16-31931-000,3/5/2025,341000.0,WD(WARRANTY DEED),0.34,True,AR
16-31931-000,4/3/2020,123000.0,WD(WARRANTY DEED),0.34,True,AR
16-31931-000,1/23/2020,100000.0,WD(WARRANTY DEED),0.34,True,AR
16-31931-000,2/8/2014,0.0,DC(DEATH CERTIFICATE),0.34,True,AR
16-31931-000,1/7/2014,0.0,QCD(QUITCLAIM DEED),0.34,True,AR
16-31931-000,8/23/2013,0.0,BD(BENEFICIARY DEED),0.34,True,AR
16-31931-000,8/23/2013,0.0,QCD(QUITCLAIM DEED),0.34,True,AR
16-31931-000,6/24/1997,0.0,WD(WARRANTY DEED),0.34,True,AR
16-31931-000,11/29/1996,0.0,DC(DEATH CERTIFICATE),0.34,True,AR
16-31932-000,11/20/1997,0.0,CWD(CORPORATION WARRANTY DEED),38.52,False,AR
16-31932-001,0,0.0,0,13.39,False,AR
16-31932-001,0,0.0,0,13.39,False,AR
16-31932-001,0,0.0,0,13.39,False,AR
16-31932-001,,0.0,0,13.39,False,AR
16-31932-001,,0.06193,0.06193,13.39,False,AR
16-34086-000,10/10/2017,0.0,RD(REDEMPTION DEED),0.38,False,AR
16-34086-000,5/7/1987,0.0,WD(WARRANTY DEED),0.38,False,AR
16-34087-000,11/3/2021,0.0,QCD(QUITCLAIM DEED),0.07,True,AR
16-34087-000,9/2/1999,0.0,CORRQC(CORRECTED QUIT CLAIM DEED),0.07,True,AR
16-34087-000,4/2/1998,0.0,QCD(QUITCLAIM DEED),0.07,True,AR
16-34087-000,3/17/1998,0.0,QCD(QUITCLAIM DEED),0.07,True,AR
16-34087-000,4/30/1987,0.0,SWD(SPECIAL WARRANTY DEED),0.07,True,AR
16-34088-000,11/3/2021,0.0,QCD(QUITCLAIM DEED),0.07,True,AR
16-34088-000,9/2/1999,0.0,CORRQC(CORRECTED QUIT CLAIM DEED),0.07,True,AR
16-34088-000,4/2/1998,0.0,QCD(QUITCLAIM DEED),0.07,True,AR
16-34088-000,3/17/1998,0.0,QCD(QUITCLAIM DEED),0.07,True,AR
16-34088-000,4/30/1987,0.0,SWD(SPECIAL WARRANTY DEED),0.07,True,AR
16-34089-000,11/3/2021,0.0,QCD(QUITCLAIM DEED),0.07,True,AR
16-34089-000,9/2/1999,0.0,CORRQC(CORRECTED QUIT CLAIM DEED),0.07,True,AR
16-34089-000,4/2/1998,0.0,QCD(QUITCLAIM DEED),0.07,True,AR
16-34089-000,3/17/1998,0.0,QCD(QUITCLAIM DEED),0.07,True,AR
16-34089-000,4/30/1987,0.0,SWD(SPECIAL WARRANTY DEED),0.07,True,AR
16-34090-000,11/3/2021,0.0,QCD(QUITCLAIM DEED),0.07,True,AR
16-34090-000,9/2/1999,0.0,CORRQC(CORRECTED QUIT CLAIM DEED),0.07,True,AR
16-34090-000,4/2/1998,0.0,QCD(QUITCLAIM DEED),0.07,True,AR
16-34090-000,3/17/1998,0.0,QCD(QUITCLAIM DEED),0.07,True,AR
16-34090-000,4/30/1987,0.0,SWD(SPECIAL WARRANTY DEED),0.07,True,AR
16-34091-000,11/3/2021,0.0,QCD(QUITCLAIM DEED),0.07,True,AR
16-34091-000,9/2/1999,0.0,CORRQC(CORRECTED QUIT CLAIM DEED),0.07,True,AR
16-34091-000,4/2/1998,0.0,QCD(QUITCLAIM DEED),0.07,True,AR
16-34091-000,3/17/1998,0.0,QCD(QUITCLAIM DEED),0.07,True,AR
16-34091-000,4/30/1987,0.0,SWD(SPECIAL WARRANTY DEED),0.07,True,AR
16-34092-000,11/3/2021,0.0,QCD(QUITCLAIM DEED),0.07,True,AR
16-34092-000,9/2/1999,0.0,CORRQC(CORRECTED QUIT CLAIM DEED),0.07,True,AR
16-34092-000,4/2/1998,0.0,QCD(QUITCLAIM DEED),0.07,True,AR
16-34092-000,3/17/1998,0.0,QCD(QUITCLAIM DEED),0.07,True,AR
16-34092-000,4/30/1987,0.0,SWD(SPECIAL WARRANTY DEED),0.07,True,AR
16-34093-000,11/3/2021,0.0,QCD(QUITCLAIM DEED),0.07,True,AR
16-34093-000,9/2/1999,0.0,CORRQC(CORRECTED QUIT CLAIM DEED),0.07,True,AR
16-34093-000,4/2/1998,0.0,QCD(QUITCLAIM DEED),0.07,True,AR
16-34093-000,3/17/1998,0.0,QCD(QUITCLAIM DEED),0.07,True,AR
16-34093-000,4/30/1987,0.0,SWD(SPECIAL WARRANTY DEED),0.07,True,AR
16-34094-000,11/3/2021,0.0,QCD(QUITCLAIM DEED),0.07,True,AR
16-34094-000,9/2/1999,0.0,CORRQC(CORRECTED QUIT CLAIM DEED),0.07,True,AR
16-34094-000,4/2/1998,0.0,QCD(QUITCLAIM DEED),0.07,True,AR
16-34094-000,3/17/1998,0.0,QCD(QUITCLAIM DEED),0.07,True,AR
16-34094-000,4/30/1987,0.0,SWD(SPECIAL WARRANTY DEED),0.07,True,AR
16-34095-000,11/3/2021,0.0,QCD(QUITCLAIM DEED),0.07,True,AR
16-34095-000,9/2/1999,0.0,CORRQC(CORRECTED QUIT CLAIM DEED),0.07,True,AR
16-34095-000,4/2/1998,0.0,QCD(QUITCLAIM DEED),0.07,True,AR
16-34095-000,3/17/1998,0.0,QCD(QUITCLAIM DEED),0.07,True,AR
16-34095-000,4/30/1987,0.0,SWD(SPECIAL WARRANTY DEED),0.07,True,AR
16-34096-000,11/3/2021,0.0,QCD(QUITCLAIM DEED),0.07,True,AR
16-34096-000,9/2/1999,0.0,CORRQC(CORRECTED QUIT CLAIM DEED),0.07,True,AR
16-34096-000,4/2/1998,0.0,QCD(QUITCLAIM DEED),0.07,True,AR
16-34096-000,3/17/1998,0.0,QCD(QUITCLAIM DEED),0.07,True,AR
16-34096-000,4/30/1987,0.0,SWD(SPECIAL WARRANTY DEED),0.07,True,AR
16-34097-000,11/3/2021,0.0,QCD(QUITCLAIM DEED),0.07,True,AR
16-34097-000,9/2/1999,0.0,CORRQC(CORRECTED QUIT CLAIM DEED),0.07,True,AR
16-34097-000,4/2/1998,0.0,QCD(QUITCLAIM DEED),0.07,True,AR
16-34097-000,3/17/1998,0.0,QCD(QUITCLAIM DEED),0.07,True,AR
16-34097-000,4/30/1987,0.0,SWD(SPECIAL WARRANTY DEED),0.07,True,AR
16-34098-000,11/3/2021,0.0,QCD(QUITCLAIM DEED),0.07,True,AR
16-34098-000,9/2/1999,0.0,CORRQC(CORRECTED QUIT CLAIM DEED),0.07,True,AR
16-34098-000,4/2/1998,0.0,QCD(QUITCLAIM DEED),0.07,True,AR
16-34098-000,3/17/1998,0.0,QCD(QUITCLAIM DEED),0.07,True,AR
16-34098-000,4/30/1987,0.0,SWD(SPECIAL WARRANTY DEED),0.07,True,AR
16-34099-000,11/3/2021,0.0,QCD(QUITCLAIM DEED),0.07,True,AR
16-34099-000,9/2/1999,0.0,CORRQC(CORRECTED QUIT CLAIM DEED),0.07,True,AR
16-34099-000,4/2/1998,0.0,QCD(QUITCLAIM DEED),0.07,True,AR
16-34099-000,3/17/1998,0.0,QCD(QUITCLAIM DEED),0.07,True,AR
16-34099-000,4/30/1987,0.0,SWD(SPECIAL WARRANTY DEED),0.07,True,AR
16-34100-000,11/3/2021,0.0,QCD(QUITCLAIM DEED),0.07,True,AR
16-34100-000,9/2/1999,0.0,CORRQC(CORRECTED QUIT CLAIM DEED),0.07,True,AR
16-34100-000,4/2/1998,0.0,QCD(QUITCLAIM DEED),0.07,True,AR
16-34100-000,3/17/1998,0.0,QCD(QUITCLAIM DEED),0.07,True,AR
16-34100-000,4/30/1987,0.0,SWD(SPECIAL WARRANTY DEED),0.07,True,AR
16-34101-000,11/3/2021,0.0,QCD(QUITCLAIM DEED),0.07,True,AR
16-34101-000,9/2/1999,0.0,CORRQC(CORRECTED QUIT CLAIM DEED),0.07,True,AR
16-34101-000,4/2/1998,0.0,QCD(QUITCLAIM DEED),0.07,True,AR
16-34101-000,3/17/1998,0.0,QCD(QUITCLAIM DEED),0.07,True,AR
16-34101-000,4/30/1987,0.0,SWD(SPECIAL WARRANTY DEED),0.07,True,AR
16-34102-000,10/10/2017,0.0,RD(REDEMPTION DEED),1.73,False,AR
16-34102-000,5/7/1987,0.0,WD(WARRANTY DEED),1.73,False,AR
16-34103-000,11/3/2021,0.0,QCD(QUITCLAIM DEED),0.07,True,AR
16-34103-000,12/29/2004,0.0,TRD(TRUSTEES DEED),0.07,True,AR
16-34103-000,12/29/2004,0.0,TRD(TRUSTEES DEED),0.07,True,AR
16-34103-000,9/22/2004,2000.0,WD(WARRANTY DEED),0.07,True,AR
16-34103-000,9/2/1999,0.0,CORRQC(CORRECTED QUIT CLAIM DEED),0.07,True,AR
16-34103-000,4/2/1998,0.0,QCD(QUITCLAIM DEED),0.07,True,AR
16-34103-000,4/30/1987,0.0,SWD(SPECIAL WARRANTY DEED),0.07,True,AR
16-34104-000,11/3/2021,0.0,QCD(QUITCLAIM DEED),0.07,True,AR
16-34104-000,9/2/1999,0.0,CORRQC(CORRECTED QUIT CLAIM DEED),0.07,True,AR
16-34104-000,4/2/1998,0.0,QCD(QUITCLAIM DEED),0.07,True,AR
16-34104-000,3/17/1998,0.0,QCD(QUITCLAIM DEED),0.07,True,AR
16-34104-000,4/30/1987,0.0,SWD(SPECIAL WARRANTY DEED),0.07,True,AR
16-34105-000,11/3/2021,0.0,QCD(QUITCLAIM DEED),0.07,True,AR
16-34105-000,9/2/1999,0.0,CORRQC(CORRECTED QUIT CLAIM DEED),0.07,True,AR
16-34105-000,4/2/1998,0.0,QCD(QUITCLAIM DEED),0.07,True,AR
16-34105-000,3/17/1998,0.0,QCD(QUITCLAIM DEED),0.07,True,AR
16-34105-000,4/30/1987,0.0,SWD(SPECIAL WARRANTY DEED),0.07,True,AR
16-34106-000,11/3/2021,0.0,QCD(QUITCLAIM DEED),0.07,True,AR
16-34106-000,9/2/1999,0.0,CORRQC(CORRECTED QUIT CLAIM DEED),0.07,True,AR
16-34106-000,4/2/1998,0.0,QCD(QUITCLAIM DEED),0.07,True,AR
16-34106-000,3/17/1998,0.0,QCD(QUITCLAIM DEED),0.07,True,AR
16-34106-000,4/30/1987,0.0,SWD(SPECIAL WARRANTY DEED),0.07,True,AR
16-34107-000,11/3/2021,0.0,QCD(QUITCLAIM DEED),0.07,True,AR
16-34107-000,9/2/1999,0.0,CORRQC(CORRECTED QUIT CLAIM DEED),0.07,True,AR
16-34107-000,4/2/1998,0.0,QCD(QUITCLAIM DEED),0.07,True,AR
16-34107-000,3/17/1998,0.0,QCD(QUITCLAIM DEED),0.07,True,AR
16-34107-000,4/30/1987,0.0,SWD(SPECIAL WARRANTY DEED),0.07,True,AR
16-34108-000,11/3/2021,0.0,QCD(QUITCLAIM DEED),0.07,True,AR
16-34108-000,9/2/1999,0.0,CORRQC(CORRECTED QUIT CLAIM DEED),0.07,True,AR
16-34108-000,4/2/1998,0.0,QCD(QUITCLAIM DEED),0.07,True,AR
16-34108-000,3/17/1998,0.0,QCD(QUITCLAIM DEED),0.07,True,AR
16-34108-000,4/30/1987,0.0,SWD(SPECIAL WARRANTY DEED),0.07,True,AR
16-34109-000,11/3/2021,0.0,QCD(QUITCLAIM DEED),0.07,True,AR
16-34109-000,9/2/1999,0.0,CORRQC(CORRECTED QUIT CLAIM DEED),0.07,True,AR
16-34109-000,4/2/1998,0.0,QCD(QUITCLAIM DEED),0.07,True,AR
16-34109-000,3/17/1998,0.0,QCD(QUITCLAIM DEED),0.07,True,AR
16-34109-000,4/30/1987,0.0,SWD(SPECIAL WARRANTY DEED),0.07,True,AR
16-34110-000,11/3/2021,0.0,QCD(QUITCLAIM DEED),0.07,True,AR
16-34110-000,9/2/1999,0.0,CORRQC(CORRECTED QUIT CLAIM DEED),0.07,True,AR
16-34110-000,4/2/1998,0.0,QCD(QUITCLAIM DEED),0.07,True,AR
16-34110-000,3/17/1998,0.0,QCD(QUITCLAIM DEED),0.07,True,AR
16-34110-000,8/27/1996,8000.0,WD(WARRANTY DEED),0.07,True,AR
16-34110-000,4/30/1987,0.0,SWD(SPECIAL WARRANTY DEED),0.07,True,AR
16-34111-000,11/3/2021,0.0,QCD(QUITCLAIM DEED),0.07,True,AR
16-34111-000,9/2/1999,0.0,CORRQC(CORRECTED QUIT CLAIM DEED),0.07,True,AR
16-34111-000,4/2/1998,0.0,QCD(QUITCLAIM DEED),0.07,True,AR
16-34111-000,3/17/1998,0.0,QCD(QUITCLAIM DEED),0.07,True,AR
16-34111-000,4/30/1987,0.0,SWD(SPECIAL WARRANTY DEED),0.07,True,AR
16-34112-000,11/3/2021,0.0,QCD(QUITCLAIM DEED),0.07,True,AR
16-34112-000,9/2/1999,0.0,CORRQC(CORRECTED QUIT CLAIM DEED),0.07,True,AR
16-34112-000,4/2/1998,0.0,QCD(QUITCLAIM DEED),0.07,True,AR
16-34112-000,3/17/1998,0.0,QCD(QUITCLAIM DEED),0.07,True,AR
16-34112-000,4/30/1987,0.0,SWD(SPECIAL WARRANTY DEED),0.07,True,AR
16-34113-000,11/3/2021,0.0,QCD(QUITCLAIM DEED),0.07,True,AR
16-34113-000,9/2/1999,0.0,CORRQC(CORRECTED QUIT CLAIM DEED),0.07,True,AR
16-34113-000,4/2/1998,0.0,QCD(QUITCLAIM DEED),0.07,True,AR
16-34113-000,3/17/1998,0.0,QCD(QUITCLAIM DEED),0.07,True,AR
16-34113-000,4/30/1987,0.0,SWD(SPECIAL WARRANTY DEED),0.07,True,AR
16-34114-000,10/10/2017,0.0,RD(REDEMPTION DEED),1.59,False,AR
16-34114-000,5/7/1987,0.0,WD(WARRANTY DEED),1.59,False,AR
16-34115-000,11/3/2021,0.0,QCD(QUITCLAIM DEED),0.07,True,AR
16-34115-000,9/20/2004,0.0,WD(WARRANTY DEED),0.07,True,AR
16-34115-000,9/2/1999,0.0,CORRQC(CORRECTED QUIT CLAIM DEED),0.07,True,AR
16-34115-000,4/2/1998,0.0,QCD(QUITCLAIM DEED),0.07,True,AR
16-34115-000,3/17/1998,0.0,QCD(QUITCLAIM DEED),0.07,True,AR
16-34115-000,4/30/1987,0.0,SWD(SPECIAL WARRANTY DEED),0.07,True,AR
16-34116-000,11/3/2021,0.0,QCD(QUITCLAIM DEED),0.07,True,AR
16-34116-000,9/2/1999,0.0,CORRQC(CORRECTED QUIT CLAIM DEED),0.07,True,AR
16-34116-000,4/2/1998,0.0,QCD(QUITCLAIM DEED),0.07,True,AR
16-34116-000,3/17/1998,0.0,QCD(QUITCLAIM DEED),0.07,True,AR
16-34116-000,4/30/1987,0.0,SWD(SPECIAL WARRANTY DEED),0.07,True,AR
16-34117-000,11/3/2021,0.0,QCD(QUITCLAIM DEED),0.07,True,AR
16-34117-000,9/2/1999,0.0,CORRQC(CORRECTED QUIT CLAIM DEED),0.07,True,AR
16-34117-000,4/2/1998,0.0,QCD(QUITCLAIM DEED),0.07,True,AR
16-34117-000,3/17/1998,0.0,QCD(QUITCLAIM DEED),0.07,True,AR
16-34117-000,4/30/1987,0.0,SWD(SPECIAL WARRANTY DEED),0.07,True,AR
16-34118-000,11/3/2021,0.0,QCD(QUITCLAIM DEED),0.07,True,AR
16-34118-000,9/2/1999,0.0,CORRQC(CORRECTED QUIT CLAIM DEED),0.07,True,AR
16-34118-000,4/2/1998,0.0,QCD(QUITCLAIM DEED),0.07,True,AR
16-34118-000,3/17/1998,0.0,QCD(QUITCLAIM DEED),0.07,True,AR
16-34118-000,4/30/1987,0.0,SWD(SPECIAL WARRANTY DEED),0.07,True,AR
16-34119-000,10/10/2017,0.0,RD(REDEMPTION DEED),2.07,True,AR
16-34119-000,5/7/1987,0.0,WD(WARRANTY DEED),2.07,True,AR
16-34120-000,11/3/2021,0.0,QCD(QUITCLAIM DEED),0.07,True,AR
16-34120-000,9/2/1999,0.0,CORRQC(CORRECTED QUIT CLAIM DEED),0.07,True,AR
16-34120-000,4/2/1998,0.0,QCD(QUITCLAIM DEED),0.07,True,AR
16-34120-000,3/17/1998,0.0,QCD(QUITCLAIM DEED),0.07,True,AR
16-34120-000,4/30/1987,0.0,SWD(SPECIAL WARRANTY DEED),0.07,True,AR
16-34121-000,11/3/2021,0.0,QCD(QUITCLAIM DEED),0.07,True,AR
16-34121-000,9/2/1999,0.0,CORRQC(CORRECTED QUIT CLAIM DEED),0.07,True,AR
16-34121-000,4/2/1998,0.0,QCD(QUITCLAIM DEED),0.07,True,AR
16-34121-000,3/17/1998,0.0,QCD(QUITCLAIM DEED),0.07,True,AR
16-34121-000,4/30/1987,0.0,SWD(SPECIAL WARRANTY DEED),0.07,True,AR
16-34122-000,10/10/2017,0.0,RD(REDEMPTION DEED),0.41,False,AR
16-34122-000,5/7/1987,0.0,WD(WARRANTY DEED),0.41,False,AR
16-34123-000,11/3/2021,0.0,QCD(QUITCLAIM DEED),0.07,True,AR
16-34123-000,9/2/1999,0.0,CORRQC(CORRECTED QUIT CLAIM DEED),0.07,True,AR
16-34123-000,4/2/1998,0.0,QCD(QUITCLAIM DEED),0.07,True,AR
16-34123-000,3/17/1998,0.0,QCD(QUITCLAIM DEED),0.07,True,AR
16-34123-000,4/30/1987,0.0,SWD(SPECIAL WARRANTY DEED),0.07,True,AR
16-34124-000,11/3/2021,0.0,QCD(QUITCLAIM DEED),0.06,True,AR
16-34124-000,9/2/1999,0.0,CORRQC(CORRECTED QUIT CLAIM DEED),0.06,True,AR
16-34124-000,4/2/1998,0.0,QCD(QUITCLAIM DEED),0.06,True,AR
16-34124-000,3/17/1998,0.0,QCD(QUITCLAIM DEED),0.06,True,AR
16-34124-000,4/30/1987,0.0,SWD(SPECIAL WARRANTY DEED),0.06,True,AR
16-34125-000,11/3/2021,0.0,QCD(QUITCLAIM DEED),0.07,True,AR
16-34125-000,9/2/1999,0.0,CORRQC(CORRECTED QUIT CLAIM DEED),0.07,True,AR
16-34125-000,4/2/1998,0.0,QCD(QUITCLAIM DEED),0.07,True,AR
16-34125-000,3/17/1998,0.0,QCD(QUITCLAIM DEED),0.07,True,AR
16-34125-000,4/30/1987,0.0,SWD(SPECIAL WARRANTY DEED),0.07,True,AR
16-34126-000,11/3/2021,0.0,QCD(QUITCLAIM DEED),0.07,True,AR
16-34126-000,9/2/1999,0.0,CORRQC(CORRECTED QUIT CLAIM DEED),0.07,True,AR
16-34126-000,4/2/1998,0.0,QCD(QUITCLAIM DEED),0.07,True,AR
16-34126-000,3/17/1998,0.0,QCD(QUITCLAIM DEED),0.07,True,AR
16-34126-000,4/30/1987,0.0,SWD(SPECIAL WARRANTY DEED),0.07,True,AR
16-34127-000,11/3/2021,0.0,QCD(QUITCLAIM DEED),0.07,True,AR
16-34127-000,11/8/2004,2000.0,WD(WARRANTY DEED),0.07,True,AR
16-34127-000,9/2/1999,0.0,CORRQC(CORRECTED QUIT CLAIM DEED),0.07,True,AR
16-34127-000,4/2/1998,0.0,QCD(QUITCLAIM DEED),0.07,True,AR
16-34127-000,3/17/1998,0.0,QCD(QUITCLAIM DEED),0.07,True,AR
16-34127-000,4/30/1987,0.0,SWD(SPECIAL WARRANTY DEED),0.07,True,AR
16-34128-000,11/3/2021,0.0,QCD(QUITCLAIM DEED),0.07,True,AR
16-34128-000,9/2/1999,0.0,CORRQC(CORRECTED QUIT CLAIM DEED),0.07,True,AR
16-34128-000,4/2/1998,0.0,QCD(QUITCLAIM DEED),0.07,True,AR
16-34128-000,3/17/1998,0.0,QCD(QUITCLAIM DEED),0.07,True,AR
16-34128-000,4/30/1987,0.0,SWD(SPECIAL WARRANTY DEED),0.07,True,AR
16-34129-000,11/3/2021,0.0,QCD(QUITCLAIM DEED),0.07,True,AR
16-34129-000,9/2/1999,0.0,CORRQC(CORRECTED QUIT CLAIM DEED),0.07,True,AR
16-34129-000,4/2/1998,0.0,QCD(QUITCLAIM DEED),0.07,True,AR
16-34129-000,3/17/1998,0.0,QCD(QUITCLAIM DEED),0.07,True,AR
16-34129-000,4/30/1987,0.0,SWD(SPECIAL WARRANTY DEED),0.07,True,AR
16-34130-000,11/3/2021,0.0,QCD(QUITCLAIM DEED),0.07,True,AR
16-34130-000,9/2/1999,0.0,CORRQC(CORRECTED QUIT CLAIM DEED),0.07,True,AR
16-34130-000,4/2/1998,0.0,QCD(QUITCLAIM DEED),0.07,True,AR
16-34130-000,3/17/1998,0.0,QCD(QUITCLAIM DEED),0.07,True,AR
16-34130-000,4/30/1987,0.0,SWD(SPECIAL WARRANTY DEED),0.07,True,AR
16-34131-000,10/10/2017,0.0,RD(REDEMPTION DEED),1.47,True,AR
16-34131-000,5/7/1987,0.0,WD(WARRANTY DEED),1.47,True,AR
16-34592-000,12/29/1978,0.0,SWD(SPECIAL WARRANTY DEED),2.69,True,AR
16-34592-001,0,0.0,0,1.17,False,AR
16-34592-001,0,0.0,0,1.17,False,AR
16-34592-001,0,0.0,0,1.17,False,AR
16-34592-001,,0.0,0,1.17,False,AR
16-34592-001,,0.06193,0.06193,1.17,False,AR
16-34593-000,6/17/2024,193000.0,WD(WARRANTY DEED),0.04,True,NE
16-34593-000,10/23/2019,111000.0,WD(WARRANTY DEED),0.04,True,NE
16-34593-000,4/20/2018,89000.0,WD(WARRANTY DEED),0.04,True,NE
16-34593-000,12/21/2015,67000.0,WD(WARRANTY DEED),0.04,True,NE
16-34593-000,7/10/2006,0.0,WD(WARRANTY DEED),0.04,True,NE
16-34593-000,7/10/2006,0.0,CERT(CERTIFICATE),0.04,True,NE
16-34593-000,9/24/2003,0.0,QCD(QUITCLAIM DEED),0.04,True,NE
16-34593-000,9/24/2003,0.0,WD(WARRANTY DEED),0.04,True,NE
16-34593-000,7/2/2003,0.0,WD(WARRANTY DEED),0.04,True,NE
16-34593-000,5/12/2003,0.0,HIST(HISTORICAL),0.04,True,NE
16-34593-000,1/27/1995,63000.0,WD(WARRANTY DEED),0.04,True,NE
16-34593-000,11/18/1986,55000.0,WD(WARRANTY DEED),0.04,True,NE
16-34593-000,9/26/1977,0.0,HIST(HISTORICAL),0.04,True,NE
16-34594-000,5/1/2025,239260.0,WD(WARRANTY DEED),0.05,True,AR
16-34594-000,5/3/2019,125000.0,WD(WARRANTY DEED),0.05,True,AR
16-34594-000,7/6/2016,0.0,WD(WARRANTY DEED),0.05,True,AR
16-34594-000,2/18/2016,88000.0,WD(WARRANTY DEED),0.05,True,AR
16-34594-000,2/21/2005,0.0,DC(DEATH CERTIFICATE),0.05,True,AR
16-34594-000,2/21/2005,0.0,DC(DEATH CERTIFICATE),0.05,True,AR
16-34594-000,7/3/2000,80000.0,WD(WARRANTY DEED),0.05,True,AR
16-34594-000,5/28/1993,75000.0,WD(WARRANTY DEED),0.05,True,AR
16-34594-000,2/9/1985,83000.0,WD(WARRANTY DEED),0.05,True,AR
16-34595-000,9/4/2015,0.0,DC(DEATH CERTIFICATE),0.04,True,AR
16-34595-000,1/24/2007,0.0,WD(WARRANTY DEED),0.04,True,AR
16-34595-000,1/10/2007,0.0,WD(WARRANTY DEED),0.04,True,AR
16-34595-000,1/4/2007,0.0,CERT(CERTIFICATE),0.04,True,AR
16-34595-000,1/4/2007,0.0,CERT(CERTIFICATE),0.04,True,AR
16-34595-000,11/5/1997,67000.0,WD(WARRANTY DEED),0.04,True,AR
16-34595-000,4/21/1994,0.0,QCD(QUITCLAIM DEED),0.04,True,AR
16-34595-000,3/1/1994,65000.0,EXD(EXECUTOR-EXECUTRIX DEED),0.04,True,AR
16-34595-000,7/15/1983,73000.0,WD(WARRANTY DEED),0.04,True,AR
16-34596-000,3/31/2016,85000.0,WD(WARRANTY DEED),0.06,True,AR
16-34596-000,3/31/2016,0.0,CORRWD(CORRECTED WARRANTY DEED),0.06,True,AR
16-34596-000,3/15/2011,0.0,WD(WARRANTY DEED),0.06,True,AR
16-34596-000,3/15/2011,0.0,CERT(CERTIFICATE),0.06,True,AR
16-34596-000,7/17/2006,95000.0,WD(WARRANTY DEED),0.06,True,AR
16-34596-000,9/26/1977,64000.0,WD(WARRANTY DEED),0.06,True,AR
16-34597-000,8/7/2023,0.0,ADHL(AR DEPT OF HEALTH LIST),0.04,True,AR
16-34597-000,4/28/2017,0.0,BD(BENEFICIARY DEED),0.04,True,AR
16-34597-000,7/30/2013,56000.0,WD(WARRANTY DEED),0.04,True,AR
16-34597-000,2/7/2000,67000.0,WD(WARRANTY DEED),0.04,True,AR
16-34597-000,4/28/1994,0.0,WD(WARRANTY DEED),0.04,True,AR
16-34597-000,2/4/1991,0.0,WD(WARRANTY DEED),0.04,True,AR
16-34597-000,10/30/1990,0.0,QCD(QUITCLAIM DEED),0.04,True,AR
16-34597-000,10/9/1990,50000.0,WD(WARRANTY DEED),0.04,True,AR
16-34597-000,1/4/1984,76000.0,WD(WARRANTY DEED),0.04,True,AR
16-34597-000,1/4/1984,0.0,MEMO(MEMORANDUM),0.04,True,AR
16-34598-000,1/3/2022,195000.0,WD(WARRANTY DEED),0.04,True,ID
16-34598-000,8/10/2021,102000.0,WD(WARRANTY DEED),0.04,True,ID
16-34598-000,6/1/2004,72000.0,WD(WARRANTY DEED),0.04,True,ID
16-34598-000,6/1/2004,0.0,DC(DEATH CERTIFICATE),0.04,True,ID
16-34598-000,7/3/2000,75000.0,WD(WARRANTY DEED),0.04,True,ID
16-34598-000,2/17/1978,50000.0,WD(WARRANTY DEED),0.04,True,ID
16-34599-000,8/25/2015,110000.0,WD(WARRANTY DEED),0.03,True,AR
16-34599-000,7/30/2008,0.0,QCD(QUITCLAIM DEED),0.03,True,AR
16-34599-000,10/25/2006,0.0,CORRWD(CORRECTED WARRANTY DEED),0.03,True,AR
16-34599-000,7/26/2006,125000.0,WD(WARRANTY DEED),0.03,True,AR
16-34599-000,9/2/2003,99000.0,WD(WARRANTY DEED),0.03,True,AR
16-34599-000,6/16/1993,72000.0,WD(WARRANTY DEED),0.03,True,AR
16-34599-000,9/10/1982,82000.0,WD(WARRANTY DEED),0.03,True,AR
16-34600-000,11/30/2018,82000.0,WD(WARRANTY DEED),0.03,True,AR
16-34600-000,11/22/2004,85000.0,WD(WARRANTY DEED),0.03,True,AR
16-34600-000,11/22/2004,0.0,QCD(QUITCLAIM DEED),0.03,True,AR
16-34600-000,11/22/2004,0.0,QCD(QUITCLAIM DEED),0.03,True,AR
16-34600-000,2/26/2004,0.0,QCD(QUITCLAIM DEED),0.03,True,AR
16-34600-000,2/26/2004,0.0,QCD(QUITCLAIM DEED),0.03,True,AR
16-34600-000,2/24/2004,0.0,WD(WARRANTY DEED),0.03,True,AR
16-34600-000,10/4/2002,0.0,WD(WARRANTY DEED),0.03,True,AR
16-34600-000,1/22/2002,78000.0,WD(WARRANTY DEED),0.03,True,AR
16-34600-000,12/31/1986,83000.0,WD(WARRANTY DEED),0.03,True,AR
16-34601-000,11/5/2015,70000.0,WD(WARRANTY DEED),0.05,True,AR
16-34601-000,7/6/2012,59500.0,WD(WARRANTY DEED),0.05,True,AR
16-34601-000,8/21/1997,0.0,MEMO(MEMORANDUM),0.05,True,AR
16-34601-000,8/21/1997,0.0,WD(WARRANTY DEED),0.05,True,AR
16-34601-000,5/11/1989,0.0,WD(WARRANTY DEED),0.05,True,AR
16-34601-000,1/20/1989,59000.0,WD(WARRANTY DEED),0.05,True,AR
16-34601-000,11/23/1982,0.0,HIST(HISTORICAL),0.05,True,AR
16-34602-000,12/12/2022,230000.0,WD(WARRANTY DEED),0.07,True,AR
16-34602-000,2/28/2017,126000.0,WD(WARRANTY DEED),0.07,True,AR
16-34602-000,8/18/2015,100000.0,WD(WARRANTY DEED),0.07,True,AR
16-34602-000,8/18/2015,0.0,CERT(CERTIFICATE),0.07,True,AR
16-34602-000,10/31/2009,0.0,DC(DEATH CERTIFICATE),0.07,True,AR
16-34602-000,10/31/2009,0.0,DC(DEATH CERTIFICATE),0.07,True,AR
16-34602-000,12/7/2005,0.0,CERT(CERTIFICATE),0.07,True,AR
16-34602-000,12/1/2005,0.0,WD(WARRANTY DEED),0.07,True,AR
16-34602-000,7/1/2002,117000.0,WD(WARRANTY DEED),0.07,True,AR
16-34602-000,12/12/2000,110000.0,WD(WARRANTY DEED),0.07,True,AR
16-34602-000,10/26/1994,0.0,QCD(QUITCLAIM DEED),0.07,True,AR
16-34602-000,11/21/1993,0.0,QCD(QUITCLAIM DEED),0.07,True,AR
16-34602-000,7/17/1991,100000.0,WD(WARRANTY DEED),0.07,True,AR
16-34602-000,5/20/1988,0.0,WD(WARRANTY DEED),0.07,True,AR
16-34602-000,7/10/1986,110000.0,WD(WARRANTY DEED),0.07,True,AR
16-34602-000,5/31/1978,57000.0,WD(WARRANTY DEED),0.07,True,AR
16-34603-000,12/17/2020,0.0,WD(WARRANTY DEED),0.07,True,WI
16-34603-000,3/1/2017,92000.0,WD(WARRANTY DEED),0.07,True,WI
16-34603-000,5/18/2015,69000.0,WD(WARRANTY DEED),0.07,True,WI
16-34603-000,5/26/1995,0.0,WD(WARRANTY DEED),0.07,True,WI
16-34603-000,3/27/1978,0.0,HIST(HISTORICAL),0.07,True,WI
16-34604-000,11/13/2024,0.0,ADHL(AR DEPT OF HEALTH LIST),0.05,True,AR
16-34604-000,11/22/2021,149000.0,TRWD(TRUSTEES WARRANTY DEED),0.05,True,AR
16-34604-000,11/22/2021,0.0,CERT(CERTIFICATE),0.05,True,AR
16-34604-000,10/29/2020,0.0,DC(DEATH CERTIFICATE),0.05,True,AR
16-34604-000,6/6/1995,0.0,QCD(QUITCLAIM DEED),0.05,True,AR
16-34604-000,6/4/1990,0.0,QCD(QUITCLAIM DEED),0.05,True,AR
16-34604-000,8/6/1985,0.0,WD(WARRANTY DEED),0.05,True,AR
16-34604-000,8/6/1985,0.0,WD(WARRANTY DEED),0.05,True,AR
16-34604-000,1/1/1800,0.0,HIST(HISTORICAL),0.05,True,AR
16-34605-000,4/24/2023,0.0,CONT(CONTRACT),0.04,True,AR
16-34605-000,5/2/2022,180000.0,WD(WARRANTY DEED),0.04,True,AR
16-34605-000,6/30/2015,0.0,QCD(QUITCLAIM DEED),0.04,True,AR
16-34605-000,6/30/2015,71000.0,WD(WARRANTY DEED),0.04,True,AR
16-34605-000,6/22/2015,0.0,CERT(CERTIFICATE),0.04,True,AR
16-34605-000,2/5/2014,0.0,FD(FIDUCIARY DEED),0.04,True,AR
16-34605-000,1/13/2014,0.0,OR(ORDER),0.04,True,AR
16-34605-000,11/26/2013,0.0,QCD(QUITCLAIM DEED),0.04,True,AR
16-34605-000,9/13/2012,0.0,DEED(GRANT DEED),0.04,True,AR
16-34605-000,6/10/2003,0.0,DC(DEATH CERTIFICATE),0.04,True,AR
16-34605-000,8/28/1982,1000.0,WD(WARRANTY DEED),0.04,True,AR
16-34606-000,3/2/2022,0.0,BD(BENEFICIARY DEED),0.05,True,AR
16-34606-000,4/3/1998,66000.0,WD(WARRANTY DEED),0.05,True,AR
16-34606-000,4/14/1995,68000.0,WD(WARRANTY DEED),0.05,True,AR
16-34606-000,11/29/1985,55000.0,WD(WARRANTY DEED),0.05,True,AR
16-34606-000,6/11/1982,80000.0,WD(WARRANTY DEED),0.05,True,AR
16-34607-000,10/15/2024,0.0,BD(BENEFICIARY DEED),0.05,True,AR
16-34607-000,7/9/2021,179000.0,WD(WARRANTY DEED),0.05,True,AR
16-34607-000,2/6/2021,0.0,DC(DEATH CERTIFICATE),0.05,True,AR
16-34607-000,9/30/2011,73000.0,WD(WARRANTY DEED),0.05,True,AR
16-34607-000,1/27/2011,0.0,DC(DEATH CERTIFICATE),0.05,True,AR
16-34607-000,12/8/2003,0.0,POA(POWER OF ATTORNEY),0.05,True,AR
16-34607-000,4/18/1978,73000.0,WD(WARRANTY DEED),0.05,True,AR
16-34608-000,2/1/2005,86000.0,WD(WARRANTY DEED),0.05,True,AR
16-34608-000,10/3/2002,0.0,WD(WARRANTY DEED),0.05,True,AR
16-34608-000,7/2/2001,0.0,AFF(AFFIDAVIT),0.05,True,AR
16-34608-000,9/26/1977,77000.0,WD(WARRANTY DEED),0.05,True,AR
16-34609-000,12/2/2021,0.0,BD(BENEFICIARY DEED),0.06,True,AR
16-34609-000,8/2/2007,130000.0,WD(WARRANTY DEED),0.06,True,AR
16-34609-000,4/13/2007,0.0,LTR(LETTER),0.06,True,AR
16-34609-000,4/9/2002,100000.0,WD(WARRANTY DEED),0.06,True,AR
16-34609-000,9/2/1998,144000.0,WD(WARRANTY DEED),0.06,True,AR
16-34609-000,11/29/1989,0.0,WD(WARRANTY DEED),0.06,True,AR
16-34609-000,10/13/1987,65000.0,WD(WARRANTY DEED),0.06,True,AR
16-34609-000,6/26/1978,62000.0,WD(WARRANTY DEED),0.06,True,AR
16-34610-000,8/30/2013,0.0,WD(WARRANTY DEED),0.06,True,AR
16-34610-000,8/30/2013,124000.0,WD(WARRANTY DEED),0.06,True,AR
16-34610-000,4/22/2010,41000.0,WD(WARRANTY DEED),0.06,True,AR
16-34610-000,6/20/2008,0.0,WD(WARRANTY DEED),0.06,True,AR
16-34610-000,5/16/2008,0.0,DC(DEATH CERTIFICATE),0.06,True,AR
16-34610-000,5/1/2006,0.0,DC(DEATH CERTIFICATE),0.06,True,AR
16-34610-000,5/1/2006,0.0,DC(DEATH CERTIFICATE),0.06,True,AR
16-34610-000,3/18/1991,0.0,WD(WARRANTY DEED),0.06,True,AR
16-34610-000,12/13/1990,0.0,TRAG(TRUST AGREEMENT),0.06,True,AR
16-34610-000,3/27/1978,95000.0,WD(WARRANTY DEED),0.06,True,AR
16-34611-000,4/8/2021,0.0,CERT(CERTIFICATE),0.07,True,AR
16-34611-000,6/2/2020,0.0,AFF(AFFIDAVIT),0.07,True,AR
16-34611-000,6/2/2020,0.0,WD(WARRANTY DEED),0.07,True,AR
16-34611-000,6/25/2013,125000.0,WD(WARRANTY DEED),0.07,True,AR
16-34611-000,6/25/2013,0.0,QCD(QUITCLAIM DEED),0.07,True,AR
16-34611-000,6/20/2013,0.0,AFF(AFFIDAVIT),0.07,True,AR
16-34611-000,3/6/2013,0.0,CERT(CERTIFICATE),0.07,True,AR
16-34611-000,10/29/2007,0.0,WD(WARRANTY DEED),0.07,True,AR
16-34611-000,6/12/2007,0.0,CERT(CERTIFICATE),0.07,True,AR
16-34611-000,2/13/2006,0.0,CORRWD(CORRECTED WARRANTY DEED),0.07,True,AR
16-34611-000,10/12/2005,0.0,WD(WARRANTY DEED),0.07,True,AR
16-34611-000,10/5/2005,130000.0,WD(WARRANTY DEED),0.07,True,AR
16-34611-000,1/7/2005,0.0,DC(DEATH CERTIFICATE),0.07,True,AR
16-34611-000,8/16/2000,0.0,WD(WARRANTY DEED),0.07,True,AR
16-34611-000,8/14/2000,0.0,CERT(CERTIFICATE),0.07,True,AR
16-34611-000,9/9/1999,0.0,QCD(QUITCLAIM DEED),0.07,True,AR
16-34611-000,3/18/1999,90000.0,WD(WARRANTY DEED),0.07,True,AR
16-34611-000,11/2/1987,65000.0,WD(WARRANTY DEED),0.07,True,AR
16-34611-000,5/6/1987,0.0,WD(WARRANTY DEED),0.07,True,AR
16-34611-000,3/2/1987,0.0,COMMD(COMMISSIONERS DEED),0.07,True,AR
16-34611-000,6/7/1978,85000.0,WD(WARRANTY DEED),0.07,True,AR
16-34612-000,3/13/2021,175000.0,WD(WARRANTY DEED),0.06,True,AR
16-34612-000,11/6/2020,152000.0,WD(WARRANTY DEED),0.06,True,AR
16-34612-000,6/6/2016,102000.0,WD(WARRANTY DEED),0.06,True,AR
16-34612-000,10/30/2013,0.0,EXD(EXECUTOR-EXECUTRIX DEED),0.06,True,AR
16-34612-000,10/18/2013,89000.0,WD(WARRANTY DEED),0.06,True,AR
16-34612-000,10/3/2012,0.0,BD(BENEFICIARY DEED),0.06,True,AR
16-34612-000,10/3/2012,0.0,CERT(CERTIFICATE),0.06,True,AR
16-34612-000,7/26/2010,0.0,CERT(CERTIFICATE),0.06,True,AR
16-34612-000,7/17/2009,0.0,OTHER(OTHER DOCUMENT),0.06,True,AR
16-34612-000,12/11/2008,77000.0,WD(WARRANTY DEED),0.06,True,AR
16-34612-000,10/3/2008,0.0,OTHER(OTHER DOCUMENT),0.06,True,AR
16-34612-000,2/28/1991,62000.0,WD(WARRANTY DEED),0.06,True,AR
16-34612-000,7/30/1990,0.0,DC(DEATH CERTIFICATE),0.06,True,AR
16-34612-000,5/15/1989,0.0,WD(WARRANTY DEED),0.06,True,AR
16-34612-000,7/1/1982,10000.0,WD(WARRANTY DEED),0.06,True,AR
16-34613-000,3/18/2025,240000.0,WD(WARRANTY DEED),0.06,True,AR
16-34613-000,8/3/2021,177000.0,WD(WARRANTY DEED),0.06,True,AR
16-34613-000,7/30/2009,92000.0,WD(WARRANTY DEED),0.06,True,AR
16-34613-000,12/30/2005,0.0,MEMO(MEMORANDUM),0.06,True,AR
16-34613-000,12/30/2005,99000.0,WD(WARRANTY DEED),0.06,True,AR
16-34613-000,8/1/2005,93000.0,WD(WARRANTY DEED),0.06,True,AR
16-34613-000,7/1/1992,63000.0,WD(WARRANTY DEED),0.06,True,AR
16-34613-000,6/4/1992,0.0,QCD(QUITCLAIM DEED),0.06,True,AR
16-34613-000,7/11/1988,70000.0,WD(WARRANTY DEED),0.06,True,AR
16-34613-000,3/10/1987,65000.0,WD(WARRANTY DEED),0.06,True,AR
16-34613-000,6/7/1984,80000.0,WD(WARRANTY DEED),0.06,True,AR
16-34614-000,6/10/2020,147000.0,WD(WARRANTY DEED),0.04,True,AR
16-34614-000,1/27/2015,0.0,BD(BENEFICIARY DEED),0.04,True,AR
16-34614-000,9/5/2013,120000.0,WD(WARRANTY DEED),0.04,True,AR
16-34614-000,5/7/2013,0.0,BD(BENEFICIARY DEED),0.04,True,AR
16-34614-000,6/19/1995,68000.0,WD(WARRANTY DEED),0.04,True,AR
16-34614-000,5/6/1995,0.0,MEMO(MEMORANDUM),0.04,True,AR
16-34614-000,11/15/1993,0.0,QCD(QUITCLAIM DEED),0.04,True,AR
16-34614-000,6/22/1993,0.0,DC(DEATH CERTIFICATE),0.04,True,AR
16-34614-000,10/25/1977,78000.0,WD(WARRANTY DEED),0.04,True,AR
16-34615-000,6/21/2023,275000.0,WD(WARRANTY DEED),0.03,True,AR
16-34615-000,12/19/2018,132000.0,WD(WARRANTY DEED),0.03,True,AR
16-34615-000,9/4/2007,121667.0,WD(WARRANTY DEED),0.03,True,AR
16-34615-000,12/12/2001,0.0,CERT(CERTIFICATE),0.03,True,AR
16-34615-000,10/18/1996,0.0,QCD(QUITCLAIM DEED),0.03,True,AR
16-34615-000,6/23/1978,15000.0,WD(WARRANTY DEED),0.03,True,AR
16-34616-000,3/15/2019,0.0,TRAG(TRUST AGREEMENT),0.03,True,AR
16-34616-000,6/30/2015,0.0,DC(DEATH CERTIFICATE),0.03,True,AR
16-34616-000,10/30/2012,0.0,OTHER(OTHER DOCUMENT),0.03,True,AR
16-34616-000,5/10/2012,0.0,TRAG(TRUST AGREEMENT),0.03,True,AR
16-34616-000,4/26/2011,125000.0,WD(WARRANTY DEED),0.03,True,AR
16-34616-000,9/16/2010,0.0,CERT(CERTIFICATE),0.03,True,AR
16-34616-000,1/28/2010,115000.0,WD(WARRANTY DEED),0.03,True,AR
16-34616-000,12/20/2002,0.0,QCD(QUITCLAIM DEED),0.03,True,AR
16-34616-000,6/8/1992,0.0,QCD(QUITCLAIM DEED),0.03,True,AR
16-34616-000,6/8/1992,0.0,QCD(QUITCLAIM DEED),0.03,True,AR
16-34616-000,2/12/1988,0.0,WD(WARRANTY DEED),0.03,True,AR
16-34616-000,4/28/1978,75000.0,WD(WARRANTY DEED),0.03,True,AR
16-34617-000,12/29/1978,0.0,SWD(SPECIAL WARRANTY DEED),3.74,True,AR
16-34617-001,0,0.0,0,0.55,False,AR
16-34617-001,0,0.0,0,0.55,False,AR
16-34617-001,0,0.0,0,0.55,False,AR
16-34617-001,,0.0,0,0.55,False,AR
16-34617-001,,0.06193,0.06193,0.55,False,AR
16-34618-000,2/11/2022,193000.0,WD(WARRANTY DEED),0.05,True,TX
16-34618-000,2/12/2021,149000.0,WD(WARRANTY DEED),0.05,True,TX
16-34618-000,5/30/2019,115000.0,TRWD(TRUSTEES WARRANTY DEED),0.05,True,TX
16-34618-000,1/21/2019,0.0,TRWD(TRUSTEES WARRANTY DEED),0.05,True,TX
16-34618-000,9/27/2012,0.0,WD(WARRANTY DEED),0.05,True,TX
16-34618-000,9/27/2012,0.0,CERT(CERTIFICATE),0.05,True,TX
16-34618-000,9/21/2012,74000.0,WD(WARRANTY DEED),0.05,True,TX
16-34618-000,2/12/2007,90000.0,CORRWD(CORRECTED WARRANTY DEED),0.05,True,TX
16-34618-000,2/6/2007,0.0,CORRWD(CORRECTED WARRANTY DEED),0.05,True,TX
16-34618-000,2/6/2007,0.0,WD(WARRANTY DEED),0.05,True,TX
16-34618-000,2/6/2007,0.0,POA(POWER OF ATTORNEY),0.05,True,TX
16-34618-000,10/18/2004,84000.0,WD(WARRANTY DEED),0.05,True,TX
16-34618-000,4/28/1999,60000.0,WD(WARRANTY DEED),0.05,True,TX
16-34618-000,9/30/1994,56000.0,WD(WARRANTY DEED),0.05,True,TX
16-34618-000,6/18/1991,0.0,WD(WARRANTY DEED),0.05,True,TX
16-34618-000,6/13/1991,0.0,TRAG(TRUST AGREEMENT),0.05,True,TX
16-34618-000,3/19/1991,0.0,DC(DEATH CERTIFICATE),0.05,True,TX
16-34618-000,9/1/1980,0.0,WD(WARRANTY DEED),0.05,True,TX
16-34619-000,11/29/2021,192000.0,WD(WARRANTY DEED),0.04,True,AR
16-34619-000,1/29/2020,115000.0,WD(WARRANTY DEED),0.04,True,AR
16-34619-000,11/26/2019,90000.0,WD(WARRANTY DEED),0.04,True,AR
16-34619-000,5/3/1993,69000.0,WD(WARRANTY DEED),0.04,True,AR
16-34619-000,1/24/1993,0.0,DC(DEATH CERTIFICATE),0.04,True,AR
16-34619-000,1/22/1993,0.0,WD(WARRANTY DEED),0.04,True,AR
16-34619-000,11/14/1992,0.0,DC(DEATH CERTIFICATE),0.04,True,AR
16-34619-000,2/23/1978,63000.0,WD(WARRANTY DEED),0.04,True,AR
16-34620-000,5/29/2015,73000.0,WD(WARRANTY DEED),0.05,True,AR
16-34620-000,5/28/2009,72000.0,WD(WARRANTY DEED),0.05,True,AR
16-34620-000,4/23/2003,0.0,DC(DEATH CERTIFICATE),0.05,True,AR
16-34620-000,8/28/2002,0.0,QCD(QUITCLAIM DEED),0.05,True,AR
16-34620-000,7/16/2002,65000.0,WD(WARRANTY DEED),0.05,True,AR
16-34620-000,5/5/1995,55000.0,CORRWD(CORRECTED WARRANTY DEED),0.05,True,AR
16-34620-000,12/31/1986,0.0,HIST(HISTORICAL),0.05,True,AR
16-34620-000,4/21/1986,0.0,DC(DEATH CERTIFICATE),0.05,True,AR
16-34620-000,9/1/1984,60000.0,WD(WARRANTY DEED),0.05,True,AR
16-34621-000,6/4/2025,0.0,QCD(QUITCLAIM DEED),0.06,True,AR
16-34621-000,12/27/2021,0.0,QCD(QUITCLAIM DEED),0.06,True,AR
16-34621-000,1/25/2021,0.0,CWD(CORPORATION WARRANTY DEED),0.06,True,AR
16-34621-000,3/14/2017,82000.0,WD(WARRANTY DEED),0.06,True,AR
16-34621-000,9/23/2016,69000.0,MTG-D(MORTGAGEE'S DEED),0.06,True,AR
16-34621-000,11/26/2015,0.0,DC(DEATH CERTIFICATE),0.06,True,AR
16-34621-000,11/26/2015,0.0,DC(DEATH CERTIFICATE),0.06,True,AR
16-34621-000,12/3/2012,0.0,DC(DEATH CERTIFICATE),0.06,True,AR
16-34621-000,6/4/2004,0.0,WD(WARRANTY DEED),0.06,True,AR
16-34621-000,5/25/2004,90000.0,WD(WARRANTY DEED),0.06,True,AR
16-34621-000,6/10/2002,88000.0,WD(WARRANTY DEED),0.06,True,AR
16-34621-000,6/10/2002,0.0,QCD(QUITCLAIM DEED),0.06,True,AR
16-34621-000,4/13/2000,0.0,QCD(QUITCLAIM DEED),0.06,True,AR
16-34621-000,11/12/1998,0.0,CONT(CONTRACT),0.06,True,AR
16-34621-000,10/28/1996,0.0,TRAG(TRUST AGREEMENT),0.06,True,AR
16-34621-000,10/28/1996,0.0,TRAG(TRUST AGREEMENT),0.06,True,AR
16-34621-000,8/20/1992,72000.0,WD(WARRANTY DEED),0.06,True,AR
16-34621-000,9/15/1989,59000.0,WD(WARRANTY DEED),0.06,True,AR
16-34621-000,3/21/1989,0.0,QCD(QUITCLAIM DEED),0.06,True,AR
16-34621-000,3/21/1989,0.0,QCD(QUITCLAIM DEED),0.06,True,AR
16-34621-000,6/30/1981,0.0,CONT(CONTRACT),0.06,True,AR
16-34622-000,3/5/2025,0.0,WD(WARRANTY DEED),0.04,True,AR
16-34622-000,5/31/2016,78000.0,WD(WARRANTY DEED),0.04,True,AR
16-34622-000,3/14/2016,0.0,WD(WARRANTY DEED),0.04,True,AR
16-34622-000,8/23/2010,60000.0,WD(WARRANTY DEED),0.04,True,AR
16-34622-000,10/29/2007,88000.0,WD(WARRANTY DEED),0.04,True,AR
16-34622-000,11/5/2002,75000.0,WD(WARRANTY DEED),0.04,True,AR
16-34622-000,9/1/2000,63000.0,WD(WARRANTY DEED),0.04,True,AR
16-34622-000,1/20/1994,0.0,WD(WARRANTY DEED),0.04,True,AR
16-34622-000,3/16/1992,54000.0,WD(WARRANTY DEED),0.04,True,AR
16-34622-000,5/14/1987,55000.0,WD(WARRANTY DEED),0.04,True,AR
16-34622-000,11/15/1977,65000.0,WD(WARRANTY DEED),0.04,True,AR
16-34623-000,2/23/2021,0.0,BD(BENEFICIARY DEED),0.06,True,AR
16-34623-000,5/6/2016,76000.0,WD(WARRANTY DEED),0.06,True,AR
16-34623-000,8/1/2014,0.0,DC(DEATH CERTIFICATE),0.06,True,AR
16-34623-000,11/21/2007,0.0,QCD(QUITCLAIM DEED),0.06,True,AR
16-34623-000,9/28/2005,0.0,MEMO(MEMORANDUM),0.06,True,AR
16-34623-000,12/2/1998,62000.0,WD(WARRANTY DEED),0.06,True,AR
16-34623-000,7/10/1987,0.0,DC(DEATH CERTIFICATE),0.06,True,AR
16-34623-000,9/11/1981,90000.0,WD(WARRANTY DEED),0.06,True,AR
16-34624-000,8/12/2020,125000.0,WD(WARRANTY DEED),0.04,True,AR
16-34624-000,5/20/2020,90000.0,FD(FIDUCIARY DEED),0.04,True,AR
16-34624-000,5/20/2020,90000.0,FD(FIDUCIARY DEED),0.04,True,AR
16-34624-000,6/11/2019,0.0,OR(ORDER),0.04,True,AR
16-34624-000,6/27/2018,0.0,DEC(DECREE),0.04,True,AR
16-34624-000,7/3/2017,0.0,LWD(LIMITED WARRANTY DEED),0.04,True,AR
16-34624-000,7/8/2011,73000.0,WD(WARRANTY DEED),0.04,True,AR
16-34624-000,7/1/2011,0.0,POA(POWER OF ATTORNEY),0.04,True,AR
16-34624-000,4/2/2002,47000.0,WD(WARRANTY DEED),0.04,True,AR
16-34624-000,11/27/2001,0.0,QCD(QUITCLAIM DEED),0.04,True,AR
16-34624-000,2/16/2000,0.0,MEMO(MEMORANDUM),0.04,True,AR
16-34624-000,2/16/2000,0.0,WD(WARRANTY DEED),0.04,True,AR
16-34624-000,10/28/1996,0.0,TRAG(TRUST AGREEMENT),0.04,True,AR
16-34624-000,10/28/1996,0.0,TRAG(TRUST AGREEMENT),0.04,True,AR
16-34624-000,5/2/1994,55000.0,WD(WARRANTY DEED),0.04,True,AR
16-34624-000,3/1/1989,52000.0,WD(WARRANTY DEED),0.04,True,AR
16-34625-000,6/2/2019,0.0,DC(DEATH CERTIFICATE),0.03,True,AR
16-34625-000,10/23/2000,62000.0,WD(WARRANTY DEED),0.03,True,AR
16-34625-000,2/10/1994,0.0,WD(WARRANTY DEED),0.03,True,AR
16-34625-000,8/31/1993,0.0,WD(WARRANTY DEED),0.03,True,AR
16-34625-000,8/9/1993,0.0,DC(DEATH CERTIFICATE),0.03,True,AR
16-34625-000,6/14/1993,0.0,HIST(HISTORICAL),0.03,True,AR
16-34625-000,2/28/1989,0.0,WD(WARRANTY DEED),0.03,True,AR
16-34625-000,11/16/1987,68000.0,WD(WARRANTY DEED),0.03,True,AR
16-34625-000,10/3/1978,70000.0,WD(WARRANTY DEED),0.03,True,AR
16-34626-000,6/14/2012,0.0,SWD(SPECIAL WARRANTY DEED),0.03,True,AR
16-34626-000,11/2/2011,0.0,SWD(SPECIAL WARRANTY DEED),0.03,True,AR
16-34626-000,9/21/2011,0.0,TRD(TRUSTEES DEED),0.03,True,AR
16-34626-000,12/15/2009,85000.0,WD(WARRANTY DEED),0.03,True,AR
16-34626-000,8/16/1978,74000.0,WD(WARRANTY DEED),0.03,True,AR
16-34627-000,5/28/2024,195000.0,WD(WARRANTY DEED),0.03,True,AR
16-34627-000,7/16/2023,0.0,DC(DEATH CERTIFICATE),0.03,True,AR
16-34627-000,7/28/2017,80000.0,WD(WARRANTY DEED),0.03,True,AR
16-34627-000,5/25/2012,65400.0,WD(WARRANTY DEED),0.03,True,AR
16-34627-000,7/30/2009,97000.0,WD(WARRANTY DEED),0.03,True,AR
16-34627-000,7/6/2006,0.0,QCD(QUITCLAIM DEED),0.03,True,AR
16-34627-000,5/9/2006,97000.0,WD(WARRANTY DEED),0.03,True,AR
16-34627-000,4/12/2004,66000.0,WD(WARRANTY DEED),0.03,True,AR
16-34627-000,5/15/2003,0.0,TRD(TRUSTEES DEED),0.03,True,AR
16-34627-000,3/28/2003,0.0,RD(REDEMPTION DEED),0.03,True,AR
16-34627-000,6/5/1996,70000.0,WD(WARRANTY DEED),0.03,True,AR
16-34627-000,5/1/1990,52000.0,WD(WARRANTY DEED),0.03,True,AR
16-34627-000,8/1/1978,64000.0,WD(WARRANTY DEED),0.03,True,AR
16-34628-000,5/16/2016,0.0,WD(WARRANTY DEED),0.03,True,KS
16-34628-000,1/18/1994,67000.0,WD(WARRANTY DEED),0.03,True,KS
16-34628-000,1/18/1994,67000.0,WD(WARRANTY DEED),0.03,True,KS
16-34628-000,4/27/1993,0.0,WD(WARRANTY DEED),0.03,True,KS
16-34628-000,9/29/1980,0.0,WD(WARRANTY DEED),0.03,True,KS
16-34629-000,7/25/2024,238000.0,WD(WARRANTY DEED),0.06,True,MO
16-34629-000,5/15/2023,0.0,OR(ORDER),0.06,True,MO
16-34629-000,3/8/2023,0.0,ADHL(AR DEPT OF HEALTH LIST),0.06,True,MO
16-34629-000,4/16/2015,105000.0,WD(WARRANTY DEED),0.06,True,MO
16-34629-000,8/8/2011,95000.0,WD(WARRANTY DEED),0.06,True,MO
16-34629-000,3/15/2002,85000.0,TRD(TRUSTEES DEED),0.06,True,MO
16-34629-000,8/8/1997,0.0,DC(DEATH CERTIFICATE),0.06,True,MO
16-34629-000,7/9/1997,0.0,WD(WARRANTY DEED),0.06,True,MO
16-34629-000,7/3/1997,0.0,CERT(CERTIFICATE),0.06,True,MO
16-34629-000,7/3/1997,0.0,CERT(CERTIFICATE),0.06,True,MO
16-34629-000,12/7/1990,0.0,WD(WARRANTY DEED),0.06,True,MO
16-34629-000,12/6/1990,0.0,TRAG(TRUST AGREEMENT),0.06,True,MO
16-34629-000,8/30/1978,78000.0,WD(WARRANTY DEED),0.06,True,MO
16-34630-000,11/21/2024,250000.0,WD(WARRANTY DEED),0.04,True,AR
16-34630-000,5/22/2023,242000.0,WD(WARRANTY DEED),0.04,True,AR
16-34630-000,12/20/2017,126000.0,WD(WARRANTY DEED),0.04,True,AR
16-34630-000,9/14/2015,80000.0,WD(WARRANTY DEED),0.04,True,AR
16-34630-000,3/4/2015,0.0,WD(WARRANTY DEED),0.04,True,AR
16-34630-000,12/30/2014,0.0,SWD(SPECIAL WARRANTY DEED),0.04,True,AR
16-34630-000,11/20/2012,65000.0,WD(WARRANTY DEED),0.04,True,AR
16-34630-000,10/15/2011,0.0,DC(DEATH CERTIFICATE),0.04,True,AR
16-34630-000,4/27/1988,35000.0,WD(WARRANTY DEED),0.04,True,AR
16-34630-000,5/7/1983,0.0,CONT(CONTRACT),0.04,True,AR
16-34631-000,12/30/2024,0.0,DC(DEATH CERTIFICATE),0.08,True,AR
16-34631-000,5/23/2017,0.0,BD(BENEFICIARY DEED),0.08,True,AR
16-34631-000,6/6/2012,84000.0,TRWD(TRUSTEES WARRANTY DEED),0.08,True,AR
16-34631-000,6/30/2004,0.0,WD(WARRANTY DEED),0.08,True,AR
16-34631-000,6/30/2004,0.0,CERT(CERTIFICATE),0.08,True,AR
16-34631-000,11/24/1999,104000.0,WD(WARRANTY DEED),0.08,True,AR
16-34631-000,11/7/1997,85000.0,WD(WARRANTY DEED),0.08,True,AR
16-34631-000,5/22/1991,0.0,WD(WARRANTY DEED),0.08,True,AR
16-34631-000,4/22/1991,0.0,CERT(CERTIFICATE),0.08,True,AR
16-34631-000,11/15/1977,83000.0,WD(WARRANTY DEED),0.08,True,AR
16-34632-000,1/5/2022,0.0,CERT(CERTIFICATE),0.03,True,AR
16-34632-000,11/10/2021,0.0,CERT(CERTIFICATE),0.03,True,AR
16-34632-000,7/17/2021,0.0,DC(DEATH CERTIFICATE),0.03,True,AR
16-34632-000,3/24/2014,0.0,AFF(AFFIDAVIT),0.03,True,AR
16-34632-000,3/4/2014,0.0,WD(WARRANTY DEED),0.03,True,AR
16-34632-000,3/4/2014,0.0,CERT(CERTIFICATE),0.03,True,AR
16-34632-000,11/9/2012,90000.0,WD(WARRANTY DEED),0.03,True,AR
16-34632-000,4/5/2005,116000.0,WD(WARRANTY DEED),0.03,True,AR
16-34632-000,10/7/1991,0.0,WD(WARRANTY DEED),0.03,True,AR
16-34632-000,10/7/1991,0.0,TRAG(TRUST AGREEMENT),0.03,True,AR
16-34632-000,6/14/1991,70000.0,WD(WARRANTY DEED),0.03,True,AR
16-34632-000,6/2/1981,0.0,HIST(HISTORICAL),0.03,True,AR
16-34633-000,2/15/2023,167000.0,WD(WARRANTY DEED),0.03,True,AR
16-34633-000,1/6/2020,55000.0,WD(WARRANTY DEED),0.03,True,AR
16-34633-000,1/6/2020,69000.0,TRWD(TRUSTEES WARRANTY DEED),0.03,True,AR
16-34633-000,12/29/2014,0.0,WD(WARRANTY DEED),0.03,True,AR
16-34633-000,12/3/2014,0.0,CONT(CONTRACT),0.03,True,AR
16-34633-000,10/30/2014,64000.0,WD(WARRANTY DEED),0.03,True,AR
16-34633-000,7/24/1978,62000.0,WD(WARRANTY DEED),0.03,True,AR
16-34634-000,12/15/2020,120000.0,WD(WARRANTY DEED),0.02,True,AR
16-34634-000,8/1/2016,85000.0,WD(WARRANTY DEED),0.02,True,AR
16-34634-000,8/20/2007,79000.0,WD(WARRANTY DEED),0.02,True,AR
16-34634-000,3/1/2002,57000.0,WD(WARRANTY DEED),0.02,True,AR
16-34634-000,6/1/1993,50000.0,WD(WARRANTY DEED),0.02,True,AR
16-34634-000,7/6/1988,68000.0,WD(WARRANTY DEED),0.02,True,AR
16-34634-000,5/14/1987,25000.0,WD(WARRANTY DEED),0.02,True,AR
16-34634-000,4/27/1983,67000.0,WD(WARRANTY DEED),0.02,True,AR
16-34635-000,6/14/2019,99000.0,WD(WARRANTY DEED),0.02,True,AR
16-34635-000,8/12/2016,76000.0,WD(WARRANTY DEED),0.02,True,AR
16-34635-000,6/28/2005,89000.0,WD(WARRANTY DEED),0.02,True,AR
16-34635-000,10/14/2004,75000.0,WD(WARRANTY DEED),0.02,True,AR
16-34635-000,8/29/2004,0.0,DC(DEATH CERTIFICATE),0.02,True,AR
16-34635-000,11/6/2001,0.0,WD(WARRANTY DEED),0.02,True,AR
16-34635-000,9/28/2001,0.0,CERT(CERTIFICATE),0.02,True,AR
16-34635-000,4/12/1996,66000.0,WD(WARRANTY DEED),0.02,True,AR
16-34635-000,7/13/1995,45000.0,WD(WARRANTY DEED),0.02,True,AR
16-34635-000,6/27/1990,39000.0,WD(WARRANTY DEED),0.02,True,AR
16-34635-000,12/24/1986,63000.0,WD(WARRANTY DEED),0.02,True,AR
16-34635-000,12/1/1981,0.0,CONT(CONTRACT),0.02,True,AR
16-34636-000,1/19/2022,0.0,QCD(QUITCLAIM DEED),0.03,True,TX
16-34636-000,7/29/2019,155000.0,WD(WARRANTY DEED),0.03,True,TX
16-34636-000,9/27/2018,93000.0,SWD(SPECIAL WARRANTY DEED),0.03,True,TX
16-34636-000,6/6/2018,0.0,SWD(SPECIAL WARRANTY DEED),0.03,True,TX
16-34636-000,6/2/2018,0.0,AFF(AFFIDAVIT),0.03,True,TX
16-34636-000,6/2/2018,0.0,WD(WARRANTY DEED),0.03,True,TX
16-34636-000,7/19/2006,102000.0,WD(WARRANTY DEED),0.03,True,TX
16-34636-000,12/21/2004,1000.0,QCD(QUITCLAIM DEED),0.03,True,TX
16-34636-000,4/5/2004,88000.0,WD(WARRANTY DEED),0.03,True,TX
16-34636-000,10/25/1999,61000.0,WD(WARRANTY DEED),0.03,True,TX
16-34636-000,5/1/1997,0.0,CERT(CERTIFICATE),0.03,True,TX
16-34636-000,11/14/1994,0.0,OTHER(OTHER DOCUMENT),0.03,True,TX
16-34636-000,2/22/1991,52000.0,WD(WARRANTY DEED),0.03,True,TX
16-34636-000,9/28/1978,70000.0,WD(WARRANTY DEED),0.03,True,TX
16-34637-000,5/4/2020,119000.0,TRWD(TRUSTEES WARRANTY DEED),0.04,True,AR
16-34637-000,5/4/2020,0.0,CERT(CERTIFICATE),0.04,True,AR
16-34637-000,9/27/2013,86000.0,WD(WARRANTY DEED),0.04,True,AR
16-34637-000,8/13/2007,0.0,DC(DEATH CERTIFICATE),0.04,True,AR
16-34637-000,11/8/2005,115000.0,WD(WARRANTY DEED),0.04,True,AR
16-34637-000,12/10/2003,76000.0,WD(WARRANTY DEED),0.04,True,AR
16-34637-000,2/25/2003,0.0,QCD(QUITCLAIM DEED),0.04,True,AR
16-34637-000,7/27/1992,62000.0,WD(WARRANTY DEED),0.04,True,AR
16-34637-000,10/16/1989,60000.0,WD(WARRANTY DEED),0.04,True,AR
16-34637-000,7/18/1978,0.0,WD(WARRANTY DEED),0.04,True,AR
16-34638-000,1/16/2018,104000.0,TRWD(TRUSTEES WARRANTY DEED),0.04,True,TX
16-34638-000,7/27/2015,0.0,WD(WARRANTY DEED),0.04,True,TX
16-34638-000,7/27/2015,0.0,CERT(CERTIFICATE),0.04,True,TX
16-34638-000,5/8/2015,98000.0,WD(WARRANTY DEED),0.04,True,TX
16-34638-000,5/23/2008,110000.0,WD(WARRANTY DEED),0.04,True,TX
16-34638-000,5/24/2004,86000.0,WD(WARRANTY DEED),0.04,True,TX
16-34638-000,12/20/2002,0.0,WD(WARRANTY DEED),0.04,True,TX
16-34638-000,1/10/2000,67000.0,WD(WARRANTY DEED),0.04,True,TX
16-34638-000,3/9/1992,57000.0,WD(WARRANTY DEED),0.04,True,TX
16-34638-000,10/16/1986,62000.0,WD(WARRANTY DEED),0.04,True,TX
16-34638-000,10/1/1982,68000.0,WD(WARRANTY DEED),0.04,True,TX
16-34639-000,12/10/2020,0.0,QCD(QUITCLAIM DEED),0.04,True,AR
16-34639-000,12/10/2020,0.0,QCD(QUITCLAIM DEED),0.04,True,AR
16-34639-000,3/5/2018,0.0,SWD(SPECIAL WARRANTY DEED),0.04,True,AR
16-34639-000,3/5/2018,0.0,CERT(CERTIFICATE),0.04,True,AR
16-34639-000,3/2/2015,94000.0,WD(WARRANTY DEED),0.04,True,AR
16-34639-000,9/5/2008,0.0,CERT(CERTIFICATE),0.04,True,AR
16-34639-000,8/26/2008,0.0,FD(FIDUCIARY DEED),0.04,True,AR
16-34639-000,8/18/2008,0.0,DC(DEATH CERTIFICATE),0.04,True,AR
16-34639-000,11/20/1997,0.0,WD(WARRANTY DEED),0.04,True,AR
16-34639-000,11/12/1997,98000.0,WD(WARRANTY DEED),0.04,True,AR
16-34639-000,5/16/1995,78000.0,WD(WARRANTY DEED),0.04,True,AR
16-34639-000,8/19/1991,0.0,WD(WARRANTY DEED),0.04,True,AR
16-34639-000,8/19/1991,0.0,CERT(CERTIFICATE),0.04,True,AR
16-34639-000,11/21/1984,62500.0,WD(WARRANTY DEED),0.04,True,AR
16-34640-000,12/23/2020,175000.0,WD(WARRANTY DEED),0.05,True,WI
16-34640-000,6/8/2018,120000.0,WD(WARRANTY DEED),0.05,True,WI
16-34640-000,2/27/2018,84000.0,TRD(TRUSTEES DEED),0.05,True,WI
16-34640-000,11/6/2009,80000.0,WD(WARRANTY DEED),0.05,True,WI
16-34640-000,8/2/2001,61000.0,WD(WARRANTY DEED),0.05,True,WI
16-34640-000,10/16/2000,65000.0,WD(WARRANTY DEED),0.05,True,WI
16-34640-000,11/13/1998,60000.0,WD(WARRANTY DEED),0.05,True,WI
16-34640-000,5/24/1994,66000.0,WD(WARRANTY DEED),0.05,True,WI
16-34640-000,11/15/1977,65000.0,WD(WARRANTY DEED),0.05,True,WI
16-34641-000,6/25/2019,104000.0,TRWD(TRUSTEES WARRANTY DEED),0.06,True,AR
16-34641-000,10/29/2018,0.0,DC(DEATH CERTIFICATE),0.06,True,AR
16-34641-000,4/21/2007,0.0,DC(DEATH CERTIFICATE),0.06,True,AR
16-34641-000,10/31/1995,76000.0,WD(WARRANTY DEED),0.06,True,AR
16-34641-000,10/26/1995,0.0,POA(POWER OF ATTORNEY),0.06,True,AR
16-34641-000,5/2/1995,70000.0,WD(WARRANTY DEED),0.06,True,AR
16-34641-000,5/1/1995,0.0,AFF(AFFIDAVIT),0.06,True,AR
16-34641-000,5/1/1995,0.0,AFF(AFFIDAVIT),0.06,True,AR
16-34641-000,12/17/1992,0.0,QCD(QUITCLAIM DEED),0.06,True,AR
16-34641-000,12/11/1992,62000.0,WD(WARRANTY DEED),0.06,True,AR
16-34641-000,2/1/1991,0.0,WD(WARRANTY DEED),0.06,True,AR
16-34641-000,1/11/1991,0.0,MEMO(MEMORANDUM),0.06,True,AR
16-34641-000,1/11/1981,0.0,DC(DEATH CERTIFICATE),0.06,True,AR
16-34641-000,11/15/1977,8000.0,WD(WARRANTY DEED),0.06,True,AR
16-34642-000,10/17/2024,0.0,BD(BENEFICIARY DEED),0.05,True,AR
16-34642-000,8/29/2023,245000.0,WD(WARRANTY DEED),0.05,True,AR
16-34642-000,11/19/2018,123000.0,WD(WARRANTY DEED),0.05,True,AR
16-34642-000,5/2/2002,66000.0,WD(WARRANTY DEED),0.05,True,AR
16-34642-000,11/8/1999,0.0,WD(WARRANTY DEED),0.05,True,AR
16-34642-000,10/27/1999,0.0,CERT(CERTIFICATE),0.05,True,AR
16-34642-000,9/10/1996,57000.0,WD(WARRANTY DEED),0.05,True,AR
16-34642-000,7/18/1983,73000.0,WD(WARRANTY DEED),0.05,True,AR
16-34643-000,1/12/2017,0.0,QCD(QUITCLAIM DEED),0.03,True,MO
16-34643-000,11/8/2004,0.0,WD(WARRANTY DEED),0.03,True,MO
16-34643-000,12/28/1989,45000.0,WD(WARRANTY DEED),0.03,True,MO
16-34643-000,4/6/1978,0.0,WD(WARRANTY DEED),0.03,True,MO
16-34644-000,10/14/2019,0.0,AFF(AFFIDAVIT),0.02,True,AR
16-34644-000,1/30/2017,65000.0,WD(WARRANTY DEED),0.02,True,AR
16-34644-000,4/20/1995,48000.0,WD(WARRANTY DEED),0.02,True,AR
16-34644-000,6/16/1987,55000.0,WD(WARRANTY DEED),0.02,True,AR
16-34644-000,9/11/1985,63000.0,WD(WARRANTY DEED),0.02,True,AR
16-34644-000,8/23/1982,51000.0,WD(WARRANTY DEED),0.02,True,AR
16-34645-000,8/15/2019,73000.0,WD(WARRANTY DEED),0.03,True,AR
16-34645-000,6/16/1997,0.0,DC(DEATH CERTIFICATE),0.03,True,AR
16-34645-000,9/8/1983,0.0,WD(WARRANTY DEED),0.03,True,AR
16-34791-000,"19,110",3822.0,"3,822",0.98,True,AR
16-34791-000,"22,060",4412.0,"4,412",0.98,True,AR
16-34791-000,"41,170",8234.0,"8,234",0.98,True,AR
16-34791-000,,8234.0,"8,234",0.98,True,AR
16-34791-000,,0.06193,0.06193,0.98,True,AR
16-34792-000,8/29/2018,100000.0,WD(WARRANTY DEED),0.03,True,AR
16-34792-000,3/10/2017,87000.0,WD(WARRANTY DEED),0.03,True,AR
16-34792-000,3/8/2017,0.0,QCD(QUITCLAIM DEED),0.03,True,AR
16-34792-000,12/2/2005,0.0,WD(WARRANTY DEED),0.03,True,AR
16-34792-000,10/6/2005,90000.0,WD(WARRANTY DEED),0.03,True,AR
16-34792-000,10/6/2005,0.0,POA(POWER OF ATTORNEY),0.03,True,AR
16-34792-000,2/14/2005,73000.0,WD(WARRANTY DEED),0.03,True,AR
16-34792-000,1/30/1995,54000.0,WD(WARRANTY DEED),0.03,True,AR
16-34792-000,4/20/1994,55000.0,WD(WARRANTY DEED),0.03,True,AR
16-34792-000,3/13/1992,44000.0,WD(WARRANTY DEED),0.03,True,AR
16-34792-000,8/6/1987,0.0,WD(WARRANTY DEED),0.03,True,AR
16-34792-000,8/6/1987,0.0,QCD(QUITCLAIM DEED),0.03,True,AR
16-34792-000,12/26/1985,0.0,QCD(QUITCLAIM DEED),0.03,True,AR
16-34792-000,5/31/1977,61000.0,WD(WARRANTY DEED),0.03,True,AR
16-34793-000,9/21/2018,97000.0,WD(WARRANTY DEED),0.02,True,AR
16-34793-000,8/9/2013,63000.0,WD(WARRANTY DEED),0.02,True,AR
16-34793-000,8/8/2013,0.0,QCD(QUITCLAIM DEED),0.02,True,AR
16-34793-000,7/15/2009,0.0,RD(REDEMPTION DEED),0.02,True,AR
16-34793-000,11/12/2008,0.0,RD(REDEMPTION DEED),0.02,True,AR
16-34793-000,2/23/2005,73000.0,WD(WARRANTY DEED),0.02,True,AR
16-34793-000,5/10/1993,0.0,HIST(HISTORICAL),0.02,True,AR
16-34793-000,5/10/1993,50000.0,WD(WARRANTY DEED),0.02,True,AR
16-34793-000,5/3/1989,41000.0,WD(WARRANTY DEED),0.02,True,AR
16-34793-000,9/22/1988,34000.0,WD(WARRANTY DEED),0.02,True,AR
16-34793-000,3/20/1981,0.0,HIST(HISTORICAL),0.02,True,AR
16-34794-000,11/10/2016,84000.0,WD(WARRANTY DEED),0.03,True,AR
16-34794-000,4/29/2016,0.0,CERT(CERTIFICATE),0.03,True,AR
16-34794-000,4/1/2016,0.0,OTHER(OTHER DOCUMENT),0.03,True,AR
16-34794-000,6/11/2003,0.0,AMEND(AMENDMENT),0.03,True,AR
16-34794-000,8/6/1997,66000.0,WD(WARRANTY DEED),0.03,True,AR
16-34794-000,1/12/1990,56000.0,WD(WARRANTY DEED),0.03,True,AR
16-34794-000,10/5/1989,0.0,HIST(HISTORICAL),0.03,True,AR
16-34794-000,9/20/1989,0.0,QCD(QUITCLAIM DEED),0.03,True,AR
16-34794-000,9/2/1986,0.0,CONT(CONTRACT),0.03,True,AR
16-34794-000,8/29/1978,57000.0,WD(WARRANTY DEED),0.03,True,AR
16-34795-000,9/15/2015,83000.0,WD(WARRANTY DEED),0.06,True,FL
16-34795-000,6/30/2010,0.0,SWD(SPECIAL WARRANTY DEED),0.06,True,FL
16-34795-000,2/19/2010,0.0,SWD(SPECIAL WARRANTY DEED),0.06,True,FL
16-34795-000,2/1/2010,0.0,TRD(TRUSTEES DEED),0.06,True,FL
16-34795-000,8/7/2007,114000.0,WD(WARRANTY DEED),0.06,True,FL
16-34795-000,12/15/2004,94000.0,WD(WARRANTY DEED),0.06,True,FL
16-34795-000,1/14/2002,78000.0,WD(WARRANTY DEED),0.06,True,FL
16-34795-000,4/23/1999,75000.0,WD(WARRANTY DEED),0.06,True,FL
16-34795-000,11/3/1995,0.0,DC(DEATH CERTIFICATE),0.06,True,FL
16-34795-000,9/15/1977,66000.0,WD(WARRANTY DEED),0.06,True,FL
16-34796-000,10/9/2015,72000.0,SWD(SPECIAL WARRANTY DEED),0.06,True,FL
16-34796-000,8/4/2015,0.0,MTG-D(MORTGAGEE'S DEED),0.06,True,FL
16-34796-000,12/29/2004,101000.0,WD(WARRANTY DEED),0.06,True,FL
16-34796-000,4/16/2004,0.0,DC(DEATH CERTIFICATE),0.06,True,FL
16-34796-000,7/24/2003,0.0,WD(WARRANTY DEED),0.06,True,FL
16-34796-000,12/13/1980,0.0,DC(DEATH CERTIFICATE),0.06,True,FL
16-34796-000,12/16/1976,66000.0,WD(WARRANTY DEED),0.06,True,FL
16-34796-000,1/1/1800,0.0,HIST(HISTORICAL),0.06,True,FL
16-34797-000,9/12/2023,0.0,BD(BENEFICIARY DEED),0.04,True,AR
16-34797-000,6/22/2018,105000.0,WD(WARRANTY DEED),0.04,True,AR
16-34797-000,10/16/2015,75000.0,WD(WARRANTY DEED),0.04,True,AR
16-34797-000,8/4/2014,0.0,BD(BENEFICIARY DEED),0.04,True,AR
16-34797-000,8/7/2007,74000.0,WD(WARRANTY DEED),0.04,True,AR
16-34797-000,5/18/2007,0.0,CERT(CERTIFICATE),0.04,True,AR
16-34797-000,4/5/2007,0.0,DC(DEATH CERTIFICATE),0.04,True,AR
16-34797-000,8/2/2001,74000.0,WD(WARRANTY DEED),0.04,True,AR
16-34797-000,9/8/2000,73000.0,WD(WARRANTY DEED),0.04,True,AR
16-34797-000,6/30/1999,59000.0,WD(WARRANTY DEED),0.04,True,AR
16-34797-000,2/18/1999,0.0,WD(WARRANTY DEED),0.04,True,AR
16-34797-000,11/29/1990,0.0,WD(WARRANTY DEED),0.04,True,AR
16-34797-000,11/29/1990,0.0,TRAG(TRUST AGREEMENT),0.04,True,AR
16-34797-000,5/10/1985,75000.0,WD(WARRANTY DEED),0.04,True,AR
16-34798-000,4/18/2024,0.0,BD(BENEFICIARY DEED),0.04,True,AR
16-34798-000,8/23/2021,0.0,BD(BENEFICIARY DEED),0.04,True,AR
16-34798-000,3/26/2021,0.0,BD(BENEFICIARY DEED),0.04,True,AR
16-34798-000,9/11/2018,84000.0,WD(WARRANTY DEED),0.04,True,AR
16-34798-000,9/29/2005,82000.0,WD(WARRANTY DEED),0.04,True,AR
16-34798-000,6/2/1995,58000.0,WD(WARRANTY DEED),0.04,True,AR
16-34798-000,1/12/1987,0.0,WD(WARRANTY DEED),0.04,True,AR
16-34798-000,12/1/1978,0.0,CONT(CONTRACT),0.04,True,AR
16-34799-000,5/16/2025,272500.0,WD(WARRANTY DEED),0.03,True,AR
16-34799-000,3/16/2012,65000.0,WD(WARRANTY DEED),0.03,True,AR
16-34799-000,9/1/2000,75000.0,WD(WARRANTY DEED),0.03,True,AR
16-34799-000,8/4/1977,69000.0,WD(WARRANTY DEED),0.03,True,AR
16-34800-000,3/12/2025,215000.0,WD(WARRANTY DEED),0.02,True,AR
16-34800-000,9/25/2023,210000.0,WD(WARRANTY DEED),0.02,True,AR
16-34800-000,8/11/2021,125000.0,WD(WARRANTY DEED),0.02,True,AR
16-34800-000,8/9/2021,0.0,QCD(QUITCLAIM DEED),0.02,True,AR
16-34800-000,7/2/2004,73000.0,EXD(EXECUTOR-EXECUTRIX DEED),0.02,True,AR
16-34800-000,10/14/1996,51000.0,WD(WARRANTY DEED),0.02,True,AR
16-34800-000,2/17/1994,0.0,WD(WARRANTY DEED),0.02,True,AR
16-34800-000,5/9/1990,55000.0,WD(WARRANTY DEED),0.02,True,AR
16-34800-000,2/27/1989,0.0,WD(WARRANTY DEED),0.02,True,AR
16-34800-000,9/17/1987,58000.0,WD(WARRANTY DEED),0.02,True,AR
16-34800-000,1/2/1980,0.0,WD(WARRANTY DEED),0.02,True,AR
16-34801-000,2/12/2025,190000.0,WD(WARRANTY DEED),0.02,True,AR
16-34801-000,10/21/2022,0.0,CERT(CERTIFICATE),0.02,True,AR
16-34801-000,8/5/2020,124000.0,WD(WARRANTY DEED),0.02,True,AR
16-34801-000,3/28/2018,80000.0,WD(WARRANTY DEED),0.02,True,AR
16-34801-000,3/28/2018,0.0,CORRQC(CORRECTED QUIT CLAIM DEED),0.02,True,AR
16-34801-000,6/19/2017,0.0,DC(DEATH CERTIFICATE),0.02,True,AR
16-34801-000,9/2/2011,0.0,QCD(QUITCLAIM DEED),0.02,True,AR
16-34801-000,11/30/2010,33000.0,FD(FIDUCIARY DEED),0.02,True,AR
16-34801-000,3/1/2000,0.0,DC(DEATH CERTIFICATE),0.02,True,AR
16-34801-000,11/5/1990,54000.0,WD(WARRANTY DEED),0.02,True,AR
16-34801-000,4/22/1982,55000.0,WD(WARRANTY DEED),0.02,True,AR
16-34802-000,5/5/2020,0.0,QCD(QUITCLAIM DEED),0.03,True,AR
16-34802-000,10/26/2018,134000.0,WD(WARRANTY DEED),0.03,True,AR
16-34802-000,3/4/2016,82000.0,WD(WARRANTY DEED),0.03,True,AR
16-34802-000,12/18/2014,71000.0,WD(WARRANTY DEED),0.03,True,AR
16-34802-000,8/4/2014,0.0,BD(BENEFICIARY DEED),0.03,True,AR
16-34802-000,9/4/2002,74000.0,WD(WARRANTY DEED),0.03,True,AR
16-34802-000,9/4/2002,0.0,HIST(HISTORICAL),0.03,True,AR
16-34802-000,8/1/2000,74000.0,WD(WARRANTY DEED),0.03,True,AR
16-34802-000,7/3/2000,0.0,RD(REDEMPTION DEED),0.03,True,AR
16-34802-000,8/6/1992,65000.0,WD(WARRANTY DEED),0.03,True,AR
16-34802-000,2/27/1992,0.0,WD(WARRANTY DEED),0.03,True,AR
16-34802-000,6/13/1987,0.0,DC(DEATH CERTIFICATE),0.03,True,AR
16-34802-000,11/26/1979,0.0,WD(WARRANTY DEED),0.03,True,AR
16-34803-000,12/10/2021,198000.0,TRWD(TRUSTEES WARRANTY DEED),0.05,True,CA
16-34803-000,5/5/2017,0.0,CERT(CERTIFICATE),0.05,True,CA
16-34803-000,12/31/2015,71000.0,WD(WARRANTY DEED),0.05,True,CA
16-34803-000,9/27/2005,110000.0,WD(WARRANTY DEED),0.05,True,CA
16-34803-000,4/13/2000,0.0,QCD(QUITCLAIM DEED),0.05,True,CA
16-34803-000,2/15/2000,0.0,QCD(QUITCLAIM DEED),0.05,True,CA
16-34803-000,10/28/1996,0.0,TRAG(TRUST AGREEMENT),0.05,True,CA
16-34803-000,10/28/1996,0.0,TRAG(TRUST AGREEMENT),0.05,True,CA
16-34803-000,10/19/1993,78000.0,WD(WARRANTY DEED),0.05,True,CA
16-34803-000,7/14/1993,0.0,QCD(QUITCLAIM DEED),0.05,True,CA
16-34803-000,1/5/1981,0.0,WD(WARRANTY DEED),0.05,True,CA
16-34804-000,10/7/2024,0.0,BD(BENEFICIARY DEED),0.05,True,AR
16-34804-000,8/23/2024,0.0,BD(BENEFICIARY DEED),0.05,True,AR
16-34804-000,3/25/2015,61000.0,TRWD(TRUSTEES WARRANTY DEED),0.05,True,AR
16-34804-000,4/20/2014,0.0,DC(DEATH CERTIFICATE),0.05,True,AR
16-34804-000,7/26/2004,0.0,QCD(QUITCLAIM DEED),0.05,True,AR
16-34804-000,3/16/2004,84000.0,WD(WARRANTY DEED),0.05,True,AR
16-34804-000,9/26/1995,88000.0,WD(WARRANTY DEED),0.05,True,AR
16-34804-000,3/19/1993,80000.0,WD(WARRANTY DEED),0.05,True,AR
16-34804-000,3/2/1987,70000.0,WD(WARRANTY DEED),0.05,True,AR
16-34804-000,12/21/1982,79000.0,WD(WARRANTY DEED),0.05,True,AR
16-34805-000,2/28/2025,196500.0,EXD(EXECUTOR-EXECUTRIX DEED),0.04,True,AR
16-34805-000,1/24/2024,0.0,OBIT(OBITUARY),0.04,True,AR
16-34805-000,2/24/2018,0.0,QCD(QUITCLAIM DEED),0.04,True,AR
16-34805-000,1/27/2017,0.0,QCD(QUITCLAIM DEED),0.04,True,AR
16-34805-000,2/1/2006,98000.0,WD(WARRANTY DEED),0.04,True,AR
16-34805-000,8/15/1997,61000.0,WD(WARRANTY DEED),0.04,True,AR
16-34805-000,6/17/1997,0.0,DC(DEATH CERTIFICATE),0.04,True,AR
16-34805-000,12/31/1979,60000.0,WD(WARRANTY DEED),0.04,True,AR
16-34806-000,10/15/2024,0.0,BD(BENEFICIARY DEED),0.04,True,
16-34806-000,4/16/2019,121000.0,WD(WARRANTY DEED),0.04,True,
16-34806-000,11/1/2005,84000.0,WD(WARRANTY DEED),0.04,True,
16-34806-000,7/2/1996,59000.0,WD(WARRANTY DEED),0.04,True,
16-34806-000,8/22/1990,0.0,WD(WARRANTY DEED),0.04,True,
16-34806-000,10/30/1986,57000.0,WD(WARRANTY DEED),0.04,True,
16-34806-000,4/13/1984,0.0,DC(DEATH CERTIFICATE),0.04,True,
16-34807-000,12/29/1978,0.0,SWD(SPECIAL WARRANTY DEED),1.14,True,AR
16-34808-000,6/7/2024,245000.0,WD(WARRANTY DEED),0.06,True,OK
16-34808-000,6/7/2024,0.0,REVBD(REVOCATION OF BENEFICIARY DEED),0.06,True,OK
16-34808-000,9/22/2023,0.0,OBIT(OBITUARY),0.06,True,OK
16-34808-000,3/20/2018,0.0,BD(BENEFICIARY DEED),0.06,True,OK
16-34808-000,6/12/2014,96000.0,WD(WARRANTY DEED),0.06,True,OK
16-34808-000,10/2/2008,111000.0,WD(WARRANTY DEED),0.06,True,OK
16-34808-000,5/28/2002,90000.0,WD(WARRANTY DEED),0.06,True,OK
16-34808-000,12/20/2001,0.0,WD(WARRANTY DEED),0.06,True,OK
16-34808-000,12/20/2001,0.0,CERT(CERTIFICATE),0.06,True,OK
16-34808-000,9/29/1999,85000.0,WD(WARRANTY DEED),0.06,True,OK
16-34808-000,9/29/1999,0.0,WD(WARRANTY DEED),0.06,True,OK
16-34808-000,9/29/1999,0.0,MEMO(MEMORANDUM),0.06,True,OK
16-34808-000,10/8/1982,79000.0,WD(WARRANTY DEED),0.06,True,OK
16-34809-000,6/18/2022,0.0,WD(WARRANTY DEED),0.06,True,AR
16-34809-000,6/18/2022,0.0,CERT(CERTIFICATE),0.06,True,AR
16-34809-000,7/11/2016,85000.0,WD(WARRANTY DEED),0.06,True,AR
16-34809-000,3/2/2015,75000.0,WD(WARRANTY DEED),0.06,True,AR
16-34809-000,12/16/2009,0.0,BD(BENEFICIARY DEED),0.06,True,AR
16-34809-000,10/29/2009,109000.0,WD(WARRANTY DEED),0.06,True,AR
16-34809-000,2/8/2007,0.0,BD(BENEFICIARY DEED),0.06,True,AR
16-34809-000,1/28/2007,0.0,DC(DEATH CERTIFICATE),0.06,True,AR
16-34809-000,1/28/2007,0.0,DC(DEATH CERTIFICATE),0.06,True,AR
16-34809-000,7/16/2004,115000.0,WD(WARRANTY DEED),0.06,True,AR
16-34809-000,7/31/1986,85000.0,WD(WARRANTY DEED),0.06,True,AR
16-34809-000,4/3/1984,70000.0,WD(WARRANTY DEED),0.06,True,AR
16-34810-000,5/5/2017,0.0,CERT(CERTIFICATE),0.06,True,AR
16-34810-000,5/12/2015,83000.0,FD(FIDUCIARY DEED),0.06,True,AR
16-34810-000,2/14/2014,0.0,DC(DEATH CERTIFICATE),0.06,True,AR
16-34810-000,6/18/2001,0.0,DC(DEATH CERTIFICATE),0.06,True,AR
16-34810-000,11/5/1990,79000.0,WD(WARRANTY DEED),0.06,True,AR
16-34810-000,8/4/1987,0.0,WD(WARRANTY DEED),0.06,True,AR
16-34810-000,9/19/1983,95000.0,WD(WARRANTY DEED),0.06,True,AR
16-34811-000,8/26/2019,130000.0,WD(WARRANTY DEED),0.06,True,AR
16-34811-000,6/16/2017,127000.0,WD(WARRANTY DEED),0.06,True,AR
16-34811-000,6/24/2009,0.0,DC(DEATH CERTIFICATE),0.06,True,AR
16-34811-000,6/19/2006,122000.0,WD(WARRANTY DEED),0.06,True,AR
16-34811-000,8/11/2003,96000.0,WD(WARRANTY DEED),0.06,True,AR
16-34811-000,9/22/1992,0.0,QCD(QUITCLAIM DEED),0.06,True,AR
16-34811-000,7/21/1992,0.0,QCD(QUITCLAIM DEED),0.06,True,AR
16-34811-000,2/8/1977,58000.0,WD(WARRANTY DEED),0.06,True,AR
16-34812-000,10/13/2023,0.0,ADHL(AR DEPT OF HEALTH LIST),0.05,True,AR
16-34812-000,11/19/2014,0.0,WD(WARRANTY DEED),0.05,True,AR
16-34812-000,11/19/2014,0.0,CERT(CERTIFICATE),0.05,True,AR
16-34812-000,6/17/1980,0.0,HIST(HISTORICAL),0.05,True,AR
16-34813-000,1/4/2018,100000.0,WD(WARRANTY DEED),0.05,True,AR
16-34813-000,6/26/2017,72000.0,SWD(SPECIAL WARRANTY DEED),0.05,True,AR
16-34813-000,12/8/2016,0.0,MTG-D(MORTGAGEE'S DEED),0.05,True,AR
16-34813-000,7/29/2014,93000.0,WD(WARRANTY DEED),0.05,True,AR
16-34813-000,7/29/2014,0.0,BD(BENEFICIARY DEED),0.05,True,AR
16-34813-000,11/4/2013,0.0,BD(BENEFICIARY DEED),0.05,True,AR
16-34813-000,10/14/2011,69000.0,FD(FIDUCIARY DEED),0.05,True,AR
16-34813-000,4/28/2001,0.0,OTHER(OTHER DOCUMENT),0.05,True,AR
16-34813-000,11/23/1999,0.0,DC(DEATH CERTIFICATE),0.05,True,AR
16-34813-000,6/6/1991,73000.0,WD(WARRANTY DEED),0.05,True,AR
16-34813-000,10/2/1987,69000.0,WD(WARRANTY DEED),0.05,True,AR
16-34813-000,7/15/1977,63000.0,WD(WARRANTY DEED),0.05,True,AR
16-34814-000,11/30/2020,145000.0,WD(WARRANTY DEED),0.04,True,OK
16-34814-000,8/26/2019,130000.0,WD(WARRANTY DEED),0.04,True,OK
16-34814-000,5/8/2018,105000.0,WD(WARRANTY DEED),0.04,True,OK
16-34814-000,12/8/2017,88000.0,WD(WARRANTY DEED),0.04,True,OK
16-34814-000,11/1/2017,0.0,POA(POWER OF ATTORNEY),0.04,True,OK
16-34814-000,6/30/2010,0.0,BD(BENEFICIARY DEED),0.04,True,OK
16-34814-000,7/7/1988,52000.0,WD(WARRANTY DEED),0.04,True,OK
16-34814-000,9/22/1977,0.0,HIST(HISTORICAL),0.04,True,OK
16-34815-000,3/5/2022,116000.0,WD(WARRANTY DEED),0.03,True,AR
16-34815-000,12/11/2017,94000.0,WD(WARRANTY DEED),0.03,True,AR
16-34815-000,2/5/2010,68000.0,WD(WARRANTY DEED),0.03,True,AR
16-34815-000,9/27/2006,0.0,QCD(QUITCLAIM DEED),0.03,True,AR
16-34815-000,11/21/2003,79000.0,WD(WARRANTY DEED),0.03,True,AR
16-34815-000,4/29/1985,71500.0,WD(WARRANTY DEED),0.03,True,AR
16-34816-000,1/3/2001,51000.0,WD(WARRANTY DEED),0.02,True,AR
16-34816-000,10/15/1999,62000.0,WD(WARRANTY DEED),0.02,True,AR
16-34816-000,7/15/1981,0.0,CONT(CONTRACT),0.02,True,AR
16-34817-000,2/14/2020,50000.0,WD(WARRANTY DEED),0.02,True,AR
16-34817-000,1/22/2020,0.0,CORRQC(CORRECTED QUIT CLAIM DEED),0.02,True,AR
16-34817-000,10/31/2018,0.0,QCD(QUITCLAIM DEED),0.02,True,AR
16-34817-000,10/31/2018,0.0,FD(FIDUCIARY DEED),0.02,True,AR
16-34817-000,6/29/2017,0.0,AFF(AFFIDAVIT),0.02,True,AR
16-34817-000,8/27/2016,0.0,DC(DEATH CERTIFICATE),0.02,True,AR
16-34817-000,6/20/2006,79000.0,WD(WARRANTY DEED),0.02,True,AR
16-34817-000,6/20/2006,0.0,CERT(CERTIFICATE),0.02,True,AR
16-34817-000,6/23/2005,0.0,QCD(QUITCLAIM DEED),0.02,True,AR
16-34817-000,1/26/1998,48000.0,WD(WARRANTY DEED),0.02,True,AR
16-34817-000,5/29/1994,0.0,DC(DEATH CERTIFICATE),0.02,True,AR
16-34817-000,6/14/1989,50000.0,WD(WARRANTY DEED),0.02,True,AR
16-34817-000,10/28/1980,0.0,CORRWD(CORRECTED WARRANTY DEED),0.02,True,AR
16-34818-000,2/14/2020,50000.0,WD(WARRANTY DEED),0.03,True,AR
16-34818-000,1/22/2020,0.0,CORRQC(CORRECTED QUIT CLAIM DEED),0.03,True,AR
16-34818-000,10/31/2018,0.0,QCD(QUITCLAIM DEED),0.03,True,AR
16-34818-000,10/31/2018,0.0,FD(FIDUCIARY DEED),0.03,True,AR
16-34818-000,6/29/2017,0.0,AFF(AFFIDAVIT),0.03,True,AR
16-34818-000,8/27/2016,0.0,DC(DEATH CERTIFICATE),0.03,True,AR
16-34818-000,10/26/2012,2000.0,WD(WARRANTY DEED),0.03,True,AR
16-34818-000,10/17/2005,0.0,POA(POWER OF ATTORNEY),0.03,True,AR
16-34818-000,10/17/2005,0.0,POA(POWER OF ATTORNEY),0.03,True,AR
16-34818-000,10/17/2005,95000.0,WD(WARRANTY DEED),0.03,True,AR
16-34818-000,3/21/2005,95000.0,WD(WARRANTY DEED),0.03,True,AR
16-34818-000,11/20/1987,57000.0,WD(WARRANTY DEED),0.03,True,AR
16-34818-000,8/26/1983,65000.0,WD(WARRANTY DEED),0.03,True,AR
16-34819-000,12/29/1978,0.0,SWD(SPECIAL WARRANTY DEED),1.69,True,AR
16-34820-000,7/7/2017,115000.0,WD(WARRANTY DEED),0.06,True,AR
16-34820-000,6/23/2017,0.0,MEMO(MEMORANDUM),0.06,True,AR
16-34820-000,10/16/2003,98000.0,WD(WARRANTY DEED),0.06,True,AR
16-34820-000,9/23/1992,0.0,WD(WARRANTY DEED),0.06,True,AR
16-34820-000,8/19/1983,95000.0,WD(WARRANTY DEED),0.06,True,AR
16-34821-000,10/18/2022,0.0,QCD(QUITCLAIM DEED),0.04,True,AR
16-34821-000,10/18/2022,0.0,CERT(CERTIFICATE),0.04,True,AR
16-34821-000,12/5/2019,0.0,CERT(CERTIFICATE),0.04,True,AR
16-34821-000,11/26/2019,0.0,TRD(TRUSTEES DEED),0.04,True,AR
16-34821-000,11/26/2019,0.0,FD(FIDUCIARY DEED),0.04,True,AR
16-34821-000,11/26/2019,0.0,CERT(CERTIFICATE),0.04,True,AR
16-34821-000,10/26/2019,0.0,TRD(TRUSTEES DEED),0.04,True,AR
16-34821-000,10/11/2019,0.0,OR(ORDER),0.04,True,AR
16-34821-000,8/13/2015,59000.0,WD(WARRANTY DEED),0.04,True,AR
16-34821-000,8/13/2015,0.0,CERT(CERTIFICATE),0.04,True,AR
16-34821-000,7/18/2014,0.0,DC(DEATH CERTIFICATE),0.04,True,AR
16-34821-000,5/20/2013,0.0,DC(DEATH CERTIFICATE),0.04,True,AR
16-34821-000,10/4/2001,77000.0,WD(WARRANTY DEED),0.04,True,AR
16-34821-000,9/7/1999,55000.0,WD(WARRANTY DEED),0.04,True,AR
16-34821-000,9/7/1999,0.0,EXD(EXECUTOR-EXECUTRIX DEED),0.04,True,AR
16-34821-000,1/11/1999,0.0,FD(FIDUCIARY DEED),0.04,True,AR
16-34821-000,7/11/1996,0.0,POA(POWER OF ATTORNEY),0.04,True,AR
16-34821-000,11/1/1978,58000.0,WD(WARRANTY DEED),0.04,True,AR
16-34822-000,2/2/2016,0.0,QCD(QUITCLAIM DEED),0.03,True,AR
16-34822-000,8/13/2015,84000.0,WD(WARRANTY DEED),0.03,True,AR
16-34822-000,11/11/2013,0.0,AFF(AFFIDAVIT),0.03,True,AR
16-34822-000,9/17/2012,65000.0,WD(WARRANTY DEED),0.03,True,AR
16-34822-000,8/16/2010,0.0,CERT(CERTIFICATE),0.03,True,AR
16-34822-000,4/17/2007,0.0,WD(WARRANTY DEED),0.03,True,AR
16-34822-000,4/11/2007,0.0,CERT(CERTIFICATE),0.03,True,AR
16-34822-000,8/15/2001,0.0,WD(WARRANTY DEED),0.03,True,AR
16-34822-000,8/15/2001,90000.0,WD(WARRANTY DEED),0.03,True,AR
16-34822-000,2/6/2001,0.0,WD(WARRANTY DEED),0.03,True,AR
16-34822-000,12/21/1992,0.0,WD(WARRANTY DEED),0.03,True,AR
16-34822-000,8/27/1987,0.0,WD(WARRANTY DEED),0.03,True,AR
16-34822-000,4/3/1981,60000.0,WD(WARRANTY DEED),0.03,True,AR
16-34823-000,2/27/2020,126000.0,CWD(CORPORATION WARRANTY DEED),0.03,True,AR
16-34823-000,9/26/2019,80000.0,WD(WARRANTY DEED),0.03,True,AR
16-34823-000,4/9/2010,79000.0,WD(WARRANTY DEED),0.03,True,AR
16-34823-000,9/24/2007,0.0,WD(WARRANTY DEED),0.03,True,AR
16-34823-000,8/26/2004,120000.0,WD(WARRANTY DEED),0.03,True,AR
16-34823-000,9/23/2003,107000.0,WD(WARRANTY DEED),0.03,True,AR
16-34823-000,12/19/2000,89000.0,WD(WARRANTY DEED),0.03,True,AR
16-34823-000,12/29/1988,0.0,WD(WARRANTY DEED),0.03,True,AR
16-34823-000,4/25/1977,7000.0,WD(WARRANTY DEED),0.03,True,AR
16-34824-000,6/28/2024,275000.0,WD(WARRANTY DEED),0.06,True,CO
16-34824-000,12/8/2021,209000.0,WD(WARRANTY DEED),0.06,True,CO
16-34824-000,6/15/2021,165000.0,WD(WARRANTY DEED),0.06,True,CO
16-34824-000,6/7/2019,135000.0,TRWD(TRUSTEES WARRANTY DEED),0.06,True,CO
16-34824-000,9/25/2014,0.0,WD(WARRANTY DEED),0.06,True,CO
16-34824-000,9/25/2014,0.0,CERT(CERTIFICATE),0.06,True,CO
16-34824-000,7/17/2014,0.0,BD(BENEFICIARY DEED),0.06,True,CO
16-34824-000,1/16/2004,112000.0,WD(WARRANTY DEED),0.06,True,CO
16-34824-000,4/22/1992,0.0,DEC(DECREE),0.06,True,CO
16-34824-000,9/11/1991,84000.0,WD(WARRANTY DEED),0.06,True,CO
16-34824-000,9/11/1991,0.0,WD(WARRANTY DEED),0.06,True,CO
16-34824-000,3/29/1989,0.0,ML(MARRIAGE LICENSE),0.06,True,CO
16-34824-000,11/5/1983,0.0,DC(DEATH CERTIFICATE),0.06,True,CO
16-34824-000,6/9/1977,60000.0,WD(WARRANTY DEED),0.06,True,CO
16-34825-000,8/15/2023,250000.0,WD(WARRANTY DEED),0.06,True,AR
16-34825-000,2/20/2018,120000.0,WD(WARRANTY DEED),0.06,True,AR
16-34825-000,10/31/2014,87000.0,WD(WARRANTY DEED),0.06,True,AR
16-34825-000,11/13/2003,104000.0,WD(WARRANTY DEED),0.06,True,AR
16-34825-000,11/12/2003,104000.0,WD(WARRANTY DEED),0.06,True,AR
16-34825-000,10/2/2001,0.0,DC(DEATH CERTIFICATE),0.06,True,AR
16-34825-000,10/1/2001,99000.0,WD(WARRANTY DEED),0.06,True,AR
16-34825-000,10/27/1999,90000.0,WD(WARRANTY DEED),0.06,True,AR
16-34825-000,8/13/1993,90000.0,WD(WARRANTY DEED),0.06,True,AR
16-34825-000,4/1/1992,0.0,WD(WARRANTY DEED),0.06,True,AR
16-34825-000,4/1/1992,0.0,TRAG(TRUST AGREEMENT),0.06,True,AR
16-34825-000,2/21/1992,84000.0,WD(WARRANTY DEED),0.06,True,AR
16-34825-000,12/29/1989,0.0,WD(WARRANTY DEED),0.06,True,AR
16-34825-000,7/7/1989,74000.0,WD(WARRANTY DEED),0.06,True,AR
16-34825-000,11/23/1983,0.0,WD(WARRANTY DEED),0.06,True,AR
16-34826-000,7/12/2010,0.0,WD(WARRANTY DEED),0.04,True,AR
16-34826-000,7/12/2010,0.0,CERT(CERTIFICATE),0.04,True,AR
16-34826-000,11/5/2009,115000.0,WD(WARRANTY DEED),0.04,True,AR
16-34826-000,9/16/2002,78000.0,WD(WARRANTY DEED),0.04,True,AR
16-34826-000,9/16/2002,0.0,HIST(HISTORICAL),0.04,True,AR
16-34826-000,1/29/1997,0.0,WD(WARRANTY DEED),0.04,True,AR
16-34826-000,10/17/1989,72000.0,WD(WARRANTY DEED),0.04,True,AR
16-34826-000,7/18/1986,0.0,WD(WARRANTY DEED),0.04,True,AR
16-34826-000,8/26/1980,0.0,WD(WARRANTY DEED),0.04,True,AR
16-34827-000,6/24/2022,203000.0,WD(WARRANTY DEED),0.02,True,AR
16-34827-000,2/27/2020,100000.0,WD(WARRANTY DEED),0.02,True,AR
16-34827-000,4/29/2019,88000.0,WD(WARRANTY DEED),0.02,True,AR
16-34827-000,11/7/2012,63000.0,WD(WARRANTY DEED),0.02,True,AR
16-34827-000,6/25/2010,58000.0,WD(WARRANTY DEED),0.02,True,AR
16-34827-000,3/29/2001,49000.0,WD(WARRANTY DEED),0.02,True,AR
16-34827-000,3/20/2001,0.0,CERT(CERTIFICATE),0.02,True,AR
16-34827-000,3/19/2001,0.0,CERT(CERTIFICATE),0.02,True,AR
16-34827-000,1/8/2001,0.0,WD(WARRANTY DEED),0.02,True,AR
16-34827-000,6/16/1992,0.0,WD(WARRANTY DEED),0.02,True,AR
16-34827-000,7/15/1981,60000.0,WD(WARRANTY DEED),0.02,True,AR
16-34828-000,4/26/2017,0.0,BD(BENEFICIARY DEED),0.02,True,AR
16-34828-000,6/5/2007,81000.0,WD(WARRANTY DEED),0.02,True,AR
16-34828-000,7/13/2004,65000.0,WD(WARRANTY DEED),0.02,True,AR
16-34828-000,12/4/2001,50000.0,WD(WARRANTY DEED),0.02,True,AR
16-34828-000,3/1/2000,49000.0,WD(WARRANTY DEED),0.02,True,AR
16-34828-000,2/5/1998,47000.0,WD(WARRANTY DEED),0.02,True,AR
16-34828-000,2/22/1991,42000.0,WD(WARRANTY DEED),0.02,True,AR
16-34828-000,8/14/1984,0.0,DC(DEATH CERTIFICATE),0.02,True,AR
16-34828-000,9/2/1977,7000.0,WD(WARRANTY DEED),0.02,True,AR
16-34829-000,10/8/2009,0.0,ROW(RIGHT OF WAY),0.04,True,AR
16-34829-000,1/16/2009,0.0,WD(WARRANTY DEED),0.04,True,AR
16-34829-000,1/5/2009,0.0,WD(WARRANTY DEED),0.04,True,AR
16-34829-000,8/22/2006,0.0,CERT(CERTIFICATE),0.04,True,AR
16-34829-000,8/22/2006,0.0,POA(POWER OF ATTORNEY),0.04,True,AR
16-34829-000,3/16/2005,88000.0,WD(WARRANTY DEED),0.04,True,AR
16-34829-000,9/14/2000,75000.0,WD(WARRANTY DEED),0.04,True,AR
16-34829-000,6/5/2000,64000.0,WD(WARRANTY DEED),0.04,True,AR
16-34829-000,8/12/1992,70000.0,WD(WARRANTY DEED),0.04,True,AR
16-34829-000,8/19/1977,7000.0,WD(WARRANTY DEED),0.04,True,AR
16-34830-000,7/22/2024,260000.0,WD(WARRANTY DEED),0.05,True,AR
16-34830-000,12/29/2023,0.0,WD(WARRANTY DEED),0.05,True,AR
16-34830-000,8/19/2019,127000.0,WD(WARRANTY DEED),0.05,True,AR
16-34830-000,12/13/2001,84000.0,WD(WARRANTY DEED),0.05,True,AR
16-34830-000,1/25/2001,0.0,WD(WARRANTY DEED),0.05,True,AR
16-34830-000,9/30/1986,0.0,DC(DEATH CERTIFICATE),0.05,True,AR
16-34830-000,7/17/1978,55000.0,WD(WARRANTY DEED),0.05,True,AR
16-34830-000,7/25/1977,59000.0,WD(WARRANTY DEED),0.05,True,AR
16-34831-000,6/4/2021,0.0,CERT(CERTIFICATE),0.05,True,AR
16-34831-000,11/6/2017,0.0,MEMO(MEMORANDUM),0.05,True,AR
16-34831-000,10/27/2017,83000.0,WD(WARRANTY DEED),0.05,True,AR
16-34831-000,4/15/2009,76000.0,WD(WARRANTY DEED),0.05,True,AR
16-34831-000,3/10/2008,68000.0,WD(WARRANTY DEED),0.05,True,AR
16-34831-000,11/26/2007,0.0,DC(DEATH CERTIFICATE),0.05,True,AR
16-34831-000,12/7/2001,0.0,QCD(QUITCLAIM DEED),0.05,True,AR
16-34831-000,11/9/2001,0.0,QCD(QUITCLAIM DEED),0.05,True,AR
16-34831-000,11/9/2001,68000.0,WD(WARRANTY DEED),0.05,True,AR
16-34831-000,10/15/1997,63000.0,WD(WARRANTY DEED),0.05,True,AR
16-34831-000,10/31/1996,0.0,DC(DEATH CERTIFICATE),0.05,True,AR
16-34831-000,11/13/1995,0.0,QCD(QUITCLAIM DEED),0.05,True,AR
16-34831-000,11/13/1995,75000.0,WD(WARRANTY DEED),0.05,True,AR
16-34831-000,11/3/1995,0.0,POA(POWER OF ATTORNEY),0.05,True,AR
16-34831-000,11/2/1994,76000.0,WD(WARRANTY DEED),0.05,True,AR
16-34831-000,10/18/1977,59000.0,WD(WARRANTY DEED),0.05,True,AR
16-34832-000,4/21/2022,6000.0,WD(WARRANTY DEED),0.03,True,AR
16-34832-000,8/6/2010,0.0,WD(WARRANTY DEED),0.03,True,AR
16-34832-000,12/21/2006,75000.0,WD(WARRANTY DEED),0.03,True,AR
16-34832-000,9/20/2006,0.0,TRAG(TRUST AGREEMENT),0.03,True,AR
16-34832-000,5/25/2001,47000.0,WD(WARRANTY DEED),0.03,True,AR
16-34832-000,9/28/1989,62000.0,WD(WARRANTY DEED),0.03,True,AR
16-34832-000,7/6/1981,60000.0,WD(WARRANTY DEED),0.03,True,AR
16-34833-000,4/21/2022,6000.0,WD(WARRANTY DEED),0.02,True,AR
16-34833-000,5/25/1995,47000.0,WD(WARRANTY DEED),0.02,True,AR
16-34833-000,8/27/1982,63000.0,WD(WARRANTY DEED),0.02,True,AR
16-34834-000,8/4/2009,0.0,QCD(QUITCLAIM DEED),0.03,True,IA
16-34834-000,6/29/2009,15000.0,WD(WARRANTY DEED),0.03,True,IA
16-34834-000,4/22/2008,0.0,MTG-D(MORTGAGEE'S DEED),0.03,True,IA
16-34834-000,4/16/2007,75000.0,WD(WARRANTY DEED),0.03,True,IA
16-34834-000,5/24/2001,47000.0,WD(WARRANTY DEED),0.03,True,IA
16-34834-000,5/16/2000,49000.0,WD(WARRANTY DEED),0.03,True,IA
16-34834-000,10/1/1993,52000.0,WD(WARRANTY DEED),0.03,True,IA
16-34834-000,8/7/1992,43000.0,WD(WARRANTY DEED),0.03,True,IA
16-34834-000,1/24/1992,0.0,WD(WARRANTY DEED),0.03,True,IA
16-34834-000,6/8/1983,73000.0,WD(WARRANTY DEED),0.03,True,IA
16-34835-000,12/29/1978,0.0,SWD(SPECIAL WARRANTY DEED),0.96,True,AR
16-34836-000,7/2/2015,76000.0,WD(WARRANTY DEED),0.05,True,AR
16-34836-000,5/12/2004,90000.0,WD(WARRANTY DEED),0.05,True,AR
16-34836-000,3/18/2003,0.0,WD(WARRANTY DEED),0.05,True,AR
16-34836-000,3/18/2003,0.0,WD(WARRANTY DEED),0.05,True,AR
16-34836-000,11/6/2000,0.0,CERT(CERTIFICATE),0.05,True,AR
16-34836-000,10/6/2000,77000.0,WD(WARRANTY DEED),0.05,True,AR
16-34836-000,6/7/1999,73000.0,WD(WARRANTY DEED),0.05,True,AR
16-34836-000,5/12/1994,80000.0,WD(WARRANTY DEED),0.05,True,AR
16-34836-000,10/2/1986,80000.0,WD(WARRANTY DEED),0.05,True,AR
16-34836-000,8/25/1980,68000.0,WD(WARRANTY DEED),0.05,True,AR
16-34837-000,3/28/2024,220000.0,WD(WARRANTY DEED),0.03,True,AR
16-34837-000,2/9/2024,180000.0,WD(WARRANTY DEED),0.03,True,AR
16-34837-000,10/16/2015,100000.0,WD(WARRANTY DEED),0.03,True,AR
16-34837-000,1/20/2005,92000.0,WD(WARRANTY DEED),0.03,True,AR
16-34837-000,9/3/2003,84000.0,WD(WARRANTY DEED),0.03,True,AR
16-34837-000,9/3/1992,65000.0,WD(WARRANTY DEED),0.03,True,AR
16-34837-000,9/10/1985,80000.0,WD(WARRANTY DEED),0.03,True,AR
16-34837-000,7/31/1981,75000.0,CWD(CORPORATION WARRANTY DEED),0.03,True,AR
16-34837-000,7/31/1981,0.0,CONT(CONTRACT),0.03,True,AR
16-34837-000,12/16/1977,0.0,WD(WARRANTY DEED),0.03,True,AR
16-34837-000,5/13/1977,67000.0,WD(WARRANTY DEED),0.03,True,AR
16-34838-000,9/1/2015,0.0,WD(WARRANTY DEED),0.05,True,AR
16-34838-000,5/12/2015,85000.0,WD(WARRANTY DEED),0.05,True,AR
16-34838-000,12/11/2003,82000.0,WD(WARRANTY DEED),0.05,True,AR
16-34838-000,3/22/2000,80000.0,WD(WARRANTY DEED),0.05,True,AR
16-34838-000,8/4/1997,77000.0,WD(WARRANTY DEED),0.05,True,AR
16-34838-000,12/28/1994,78000.0,WD(WARRANTY DEED),0.05,True,AR
16-34838-000,12/28/1994,0.0,MEMO(MEMORANDUM),0.05,True,AR
16-34838-000,12/28/1994,0.0,MEMO(MEMORANDUM),0.05,True,AR
16-34838-000,9/19/1990,0.0,WD(WARRANTY DEED),0.05,True,AR
16-34838-000,3/21/1989,78000.0,WD(WARRANTY DEED),0.05,True,AR
16-34838-000,5/13/1977,19000.0,WD(WARRANTY DEED),0.05,True,AR
16-34839-000,2/18/2021,132000.0,WD(WARRANTY DEED),0.03,True,MO
16-34839-000,4/16/2020,0.0,QCD(QUITCLAIM DEED),0.03,True,MO
16-34839-000,3/24/2014,0.0,SWD(SPECIAL WARRANTY DEED),0.03,True,MO
16-34839-000,8/20/2013,0.0,MTG-D(MORTGAGEE'S DEED),0.03,True,MO
16-34839-000,1/24/2007,80000.0,WD(WARRANTY DEED),0.03,True,MO
16-34839-000,1/24/2007,0.0,MEMO(MEMORANDUM),0.03,True,MO
16-34839-000,9/27/2005,75000.0,WD(WARRANTY DEED),0.03,True,MO
16-34839-000,8/29/1995,55000.0,WD(WARRANTY DEED),0.03,True,MO
16-34839-000,9/19/1986,60000.0,WD(WARRANTY DEED),0.03,True,MO
16-34839-000,9/19/1986,70000.0,WD(WARRANTY DEED),0.03,True,MO
16-34839-000,2/28/1982,0.0,HIST(HISTORICAL),0.03,True,MO
16-34840-000,4/16/2020,0.0,QCD(QUITCLAIM DEED),0.03,True,AR
16-34840-000,9/1/2016,61000.0,WD(WARRANTY DEED),0.03,True,AR
16-34840-000,6/17/2013,66000.0,WD(WARRANTY DEED),0.03,True,AR
16-34840-000,6/17/2013,0.0,CORRWD(CORRECTED WARRANTY DEED),0.03,True,AR
16-34840-000,6/17/2013,0.0,CERT(CERTIFICATE),0.03,True,AR
16-34840-000,3/14/2013,0.0,BD(BENEFICIARY DEED),0.03,True,AR
16-34840-000,3/14/2013,0.0,TRD(TRUSTEES DEED),0.03,True,AR
16-34840-000,1/10/2013,0.0,DC(DEATH CERTIFICATE),0.03,True,AR
16-34840-000,10/18/2005,0.0,WD(WARRANTY DEED),0.03,True,AR
16-34840-000,5/23/1995,68000.0,WD(WARRANTY DEED),0.03,True,AR
16-34840-000,6/30/1987,0.0,WD(WARRANTY DEED),0.03,True,AR
16-34840-000,5/29/1987,0.0,WD(WARRANTY DEED),0.03,True,AR
16-34840-000,8/31/1982,0.0,HIST(HISTORICAL),0.03,True,AR
16-34841-000,3/24/2017,80000.0,WD(WARRANTY DEED),0.05,True,AR
16-34841-000,8/10/2007,91000.0,WD(WARRANTY DEED),0.05,True,AR
16-34841-000,7/26/2005,37000.0,WD(WARRANTY DEED),0.05,True,AR
16-34841-000,4/18/1990,68000.0,WD(WARRANTY DEED),0.05,True,AR
16-34841-000,8/13/1987,65000.0,WD(WARRANTY DEED),0.05,True,AR
16-34841-000,6/17/1980,58000.0,WD(WARRANTY DEED),0.05,True,AR
16-34842-000,12/16/2022,200000.0,WD(WARRANTY DEED),0.05,True,AR
16-34842-000,1/15/2020,109000.0,WD(WARRANTY DEED),0.05,True,AR
16-34842-000,10/3/2013,70000.0,WD(WARRANTY DEED),0.05,True,AR
16-34842-000,6/21/2004,85000.0,WD(WARRANTY DEED),0.05,True,AR
16-34842-000,12/6/2001,54000.0,WD(WARRANTY DEED),0.05,True,AR
16-34842-000,11/15/1989,54000.0,WD(WARRANTY DEED),0.05,True,AR
16-34842-000,5/13/1977,7000.0,WD(WARRANTY DEED),0.05,True,AR
16-34843-000,10/8/2024,275000.0,TRWD(TRUSTEES WARRANTY DEED),0.05,True,AR
16-34843-000,12/20/2021,0.0,WD(WARRANTY DEED),0.05,True,AR
16-34843-000,12/20/2021,0.0,CERT(CERTIFICATE),0.05,True,AR
16-34843-000,7/19/2007,0.0,BD(BENEFICIARY DEED),0.05,True,AR
16-34843-000,7/19/2007,0.0,TRD(TRUSTEES DEED),0.05,True,AR
16-34843-000,7/19/2007,0.0,CERT(CERTIFICATE),0.05,True,AR
16-34843-000,12/8/1986,0.0,WD(WARRANTY DEED),0.05,True,AR
16-34843-000,8/8/1977,0.0,HIST(HISTORICAL),0.05,True,AR
16-34844-000,9/28/2023,0.0,QCD(QUITCLAIM DEED),0.02,True,AR
16-34844-000,6/25/2020,90000.0,WD(WARRANTY DEED),0.02,True,AR
16-34844-000,6/16/1997,0.0,DC(DEATH CERTIFICATE),0.02,True,AR
16-34844-000,8/6/1979,0.0,HIST(HISTORICAL),0.02,True,AR
16-34845-000,9/28/2023,0.0,QCD(QUITCLAIM DEED),0.03,True,AR
16-34845-000,7/8/2020,103000.0,WD(WARRANTY DEED),0.03,True,AR
16-34845-000,5/17/2006,82000.0,WD(WARRANTY DEED),0.03,True,AR
16-34845-000,5/17/2006,0.0,POA(POWER OF ATTORNEY),0.03,True,AR
16-34845-000,8/28/2001,60000.0,WD(WARRANTY DEED),0.03,True,AR
16-34845-000,8/17/1998,53000.0,WD(WARRANTY DEED),0.03,True,AR
16-34845-000,11/13/1990,0.0,QCD(QUITCLAIM DEED),0.03,True,AR
16-34845-000,4/7/1988,0.0,QCD(QUITCLAIM DEED),0.03,True,AR
16-34845-000,5/30/1979,50000.0,WD(WARRANTY DEED),0.03,True,AR
16-34846-000,6/1/2018,85000.0,WD(WARRANTY DEED),0.03,True,AR
16-34846-000,5/15/2013,0.0,QCD(QUITCLAIM DEED),0.03,True,AR
16-34846-000,1/10/2013,0.0,QCD(QUITCLAIM DEED),0.03,True,AR
16-34846-000,11/27/2012,0.0,QCD(QUITCLAIM DEED),0.03,True,AR
16-34846-000,3/30/2007,0.0,DC(DEATH CERTIFICATE),0.03,True,AR
16-34846-000,6/27/2005,0.0,QCD(QUITCLAIM DEED),0.03,True,AR
16-34846-000,6/16/2005,0.0,PET(PETITION),0.03,True,AR
16-34846-000,6/8/2005,75000.0,WD(WARRANTY DEED),0.03,True,AR
16-34846-000,4/15/1994,67000.0,WD(WARRANTY DEED),0.03,True,AR
16-34846-000,9/25/1990,0.0,WD(WARRANTY DEED),0.03,True,AR
16-34846-000,1/3/1989,0.0,DC(DEATH CERTIFICATE),0.03,True,AR
16-34846-000,5/23/1977,7000.0,WD(WARRANTY DEED),0.03,True,AR
16-34847-000,5/2/2022,0.0,QCD(QUITCLAIM DEED),0.02,True,AR
16-34847-000,3/8/2018,72000.0,WD(WARRANTY DEED),0.02,True,AR
16-34847-000,1/12/2010,73000.0,WD(WARRANTY DEED),0.02,True,AR
16-34847-000,3/13/2009,0.0,BD(BENEFICIARY DEED),0.02,True,AR
16-34847-000,6/15/2007,85000.0,WD(WARRANTY DEED),0.02,True,AR
16-34847-000,8/28/2000,57000.0,WD(WARRANTY DEED),0.02,True,AR
16-34847-000,9/5/1993,58000.0,WD(WARRANTY DEED),0.02,True,AR
16-34847-000,8/13/1984,60000.0,WD(WARRANTY DEED),0.02,True,AR
16-34847-000,2/8/1984,63000.0,WD(WARRANTY DEED),0.02,True,AR
16-34848-000,6/9/2025,0.0,QCD(QUITCLAIM DEED),0.02,True,AR
16-34848-000,4/26/2024,185000.0,TRWD(TRUSTEES WARRANTY DEED),0.02,True,AR
16-34848-000,8/14/2018,0.0,WD(WARRANTY DEED),0.02,True,AR
16-34848-000,8/14/2018,0.0,CERT(CERTIFICATE),0.02,True,AR
16-34848-000,4/23/2012,0.0,SWD(SPECIAL WARRANTY DEED),0.02,True,AR
16-34848-000,8/1/2011,0.0,WD(WARRANTY DEED),0.02,True,AR
16-34848-000,7/7/2011,0.0,TRD(TRUSTEES DEED),0.02,True,AR
16-34848-000,9/5/2006,79000.0,WD(WARRANTY DEED),0.02,True,AR
16-34848-000,9/21/2001,46000.0,WD(WARRANTY DEED),0.02,True,AR
16-34848-000,4/7/2000,0.0,WD(WARRANTY DEED),0.02,True,AR
16-34848-000,11/16/1983,60000.0,WD(WARRANTY DEED),0.02,True,AR
16-34849-000,7/10/2020,0.0,RD(REDEMPTION DEED),0.03,True,AR
16-34849-000,5/20/2016,76000.0,WD(WARRANTY DEED),0.03,True,AR
16-34849-000,5/20/2016,0.0,CERT(CERTIFICATE),0.03,True,AR
16-34849-000,4/20/2014,0.0,DC(DEATH CERTIFICATE),0.03,True,AR
16-34849-000,7/26/2004,0.0,QCD(QUITCLAIM DEED),0.03,True,AR
16-34849-000,10/27/2003,74000.0,WD(WARRANTY DEED),0.03,True,AR
16-34849-000,9/4/1990,27000.0,WD(WARRANTY DEED),0.03,True,AR
16-34849-000,5/13/1977,64000.0,WD(WARRANTY DEED),0.03,True,AR
16-34850-000,12/29/1978,0.0,SWD(SPECIAL WARRANTY DEED),1.59,True,AR
16-34851-000,6/30/2014,116000.0,WD(WARRANTY DEED),0.06,True,AR
16-34851-000,6/23/2014,0.0,AFF(AFFIDAVIT),0.06,True,AR
16-34851-000,10/15/2013,0.0,DC(DEATH CERTIFICATE),0.06,True,AR
16-34851-000,6/29/2004,98000.0,WD(WARRANTY DEED),0.06,True,AR
16-34851-000,2/3/2004,0.0,DC(DEATH CERTIFICATE),0.06,True,AR
16-34851-000,11/3/2003,0.0,DC(DEATH CERTIFICATE),0.06,True,AR
16-34851-000,9/15/1994,0.0,QCD(QUITCLAIM DEED),0.06,True,AR
16-34851-000,9/13/1994,0.0,MEMO(MEMORANDUM),0.06,True,AR
16-34851-000,2/23/1989,0.0,QCD(QUITCLAIM DEED),0.06,True,AR
16-34851-000,1/11/1978,0.0,WD(WARRANTY DEED),0.06,True,AR
16-34852-000,3/1/2023,53000.0,WD(WARRANTY DEED),0.06,True,AR
16-34852-000,4/15/2022,0.0,TRD(TRUSTEES DEED),0.06,True,AR
16-34852-000,11/22/2021,0.0,OTHER(OTHER DOCUMENT),0.06,True,AR
16-34852-000,4/17/2007,0.0,DC(DEATH CERTIFICATE),0.06,True,AR
16-34852-000,4/13/2007,0.0,WD(WARRANTY DEED),0.06,True,AR
16-34852-000,4/13/2007,0.0,MEMO(MEMORANDUM),0.06,True,AR
16-34852-000,1/6/1978,73000.0,WD(WARRANTY DEED),0.06,True,AR
16-34853-000,5/16/2025,225000.0,WD(WARRANTY DEED),0.03,True,AR
16-34853-000,8/3/2020,120000.0,WD(WARRANTY DEED),0.03,True,AR
16-34853-000,7/25/2013,74000.0,WD(WARRANTY DEED),0.03,True,AR
16-34853-000,1/12/2012,0.0,WD(WARRANTY DEED),0.03,True,AR
16-34853-000,10/13/2011,0.0,QCD(QUITCLAIM DEED),0.03,True,AR
16-34853-000,1/20/1993,0.0,WD(WARRANTY DEED),0.03,True,AR
16-34853-000,1/20/1993,0.0,AFF(AFFIDAVIT),0.03,True,AR
16-34853-000,1/20/1993,0.0,WD(WARRANTY DEED),0.03,True,AR
16-34853-000,11/20/1990,0.0,WD(WARRANTY DEED),0.03,True,AR
16-34853-000,1/13/1986,0.0,TRAG(TRUST AGREEMENT),0.03,True,AR
16-34853-000,2/28/1984,55000.0,WD(WARRANTY DEED),0.03,True,AR
16-34854-000,4/22/2021,145000.0,WD(WARRANTY DEED),0.02,True,AR
16-34854-000,8/17/2020,115000.0,WD(WARRANTY DEED),0.02,True,AR
16-34854-000,3/1/2011,0.0,SWD(SPECIAL WARRANTY DEED),0.02,True,AR
16-34854-000,11/16/2009,0.0,MTG-D(MORTGAGEE'S DEED),0.02,True,AR
16-34854-000,8/28/2009,0.0,SWD(SPECIAL WARRANTY DEED),0.02,True,AR
16-34854-000,7/22/2005,75000.0,WD(WARRANTY DEED),0.02,True,AR
16-34854-000,4/18/1997,49000.0,WD(WARRANTY DEED),0.02,True,AR
16-34854-000,8/22/1978,62000.0,WD(WARRANTY DEED),0.02,True,AR
16-34855-000,8/29/2019,110000.0,WD(WARRANTY DEED),0.03,True,AR
16-34855-000,5/2/2007,90000.0,WD(WARRANTY DEED),0.03,True,AR
16-34855-000,7/18/2006,86000.0,WD(WARRANTY DEED),0.03,True,AR
16-34855-000,7/18/2006,0.0,POA(POWER OF ATTORNEY),0.03,True,AR
16-34855-000,12/20/2005,79000.0,WD(WARRANTY DEED),0.03,True,AR
16-34855-000,8/23/2005,73000.0,WD(WARRANTY DEED),0.03,True,AR
16-34855-000,4/24/2002,0.0,QCD(QUITCLAIM DEED),0.03,True,AR
16-34855-000,8/29/2000,0.0,WD(WARRANTY DEED),0.03,True,AR
16-34855-000,8/7/2000,59000.0,WD(WARRANTY DEED),0.03,True,AR
16-34855-000,10/30/1996,49000.0,WD(WARRANTY DEED),0.03,True,AR
16-34855-000,12/1/1992,54000.0,WD(WARRANTY DEED),0.03,True,AR
16-34855-000,9/13/1989,51000.0,WD(WARRANTY DEED),0.03,True,AR
16-34855-000,1/28/1989,0.0,DC(DEATH CERTIFICATE),0.03,True,AR
16-34855-000,9/25/1980,0.0,WD(WARRANTY DEED),0.03,True,AR
16-34856-000,11/7/2018,0.0,QCD(QUITCLAIM DEED),0.05,True,AR
16-34856-000,6/2/2009,0.0,CERT(CERTIFICATE),0.05,True,AR
16-34856-000,6/1/2009,95000.0,EXD(EXECUTOR-EXECUTRIX DEED),0.05,True,AR
16-34856-000,4/4/2007,0.0,WD(WARRANTY DEED),0.05,True,AR
16-34856-000,10/8/2005,0.0,DC(DEATH CERTIFICATE),0.05,True,AR
16-34856-000,7/25/2005,0.0,WD(WARRANTY DEED),0.05,True,AR
16-34856-000,6/10/1996,0.0,QCD(QUITCLAIM DEED),0.05,True,AR
16-34856-000,4/2/1996,0.0,DC(DEATH CERTIFICATE),0.05,True,AR
16-34856-000,8/31/1981,68000.0,WD(WARRANTY DEED),0.05,True,AR
16-34857-000,9/13/2021,190000.0,WD(WARRANTY DEED),0.04,True,AR
16-34857-000,5/5/2019,0.0,DC(DEATH CERTIFICATE),0.04,True,AR
16-34857-000,10/6/2015,78000.0,WD(WARRANTY DEED),0.04,True,AR
16-34857-000,2/9/2015,0.0,WD(WARRANTY DEED),0.04,True,AR
16-34857-000,3/17/2010,0.0,SWD(SPECIAL WARRANTY DEED),0.04,True,AR
16-34857-000,4/30/2009,0.0,WD(WARRANTY DEED),0.04,True,AR
16-34857-000,4/30/2009,0.0,COMMD(COMMISSIONERS DEED),0.04,True,AR
16-34857-000,4/28/2006,112000.0,WD(WARRANTY DEED),0.04,True,AR
16-34857-000,5/14/2004,90000.0,WD(WARRANTY DEED),0.04,True,AR
16-34857-000,11/1/2002,68000.0,WD(WARRANTY DEED),0.04,True,AR
16-34857-000,9/8/1981,61000.0,WD(WARRANTY DEED),0.04,True,AR
16-34858-000,4/14/2025,0.0,ADHL(AR DEPT OF HEALTH LIST),0.06,True,AR
16-34858-000,4/22/2004,0.0,WD(WARRANTY DEED),0.06,True,AR
16-34858-000,4/19/2004,0.0,TRAG(TRUST AGREEMENT),0.06,True,AR
16-34858-000,4/19/2002,111000.0,WD(WARRANTY DEED),0.06,True,AR
16-34858-000,9/3/1999,105000.0,WD(WARRANTY DEED),0.06,True,AR
16-34858-000,8/18/1997,0.0,WD(WARRANTY DEED),0.06,True,AR
16-34858-000,2/12/1997,0.0,TRAG(TRUST AGREEMENT),0.06,True,AR
16-34858-000,10/21/1996,0.0,TRAG(TRUST AGREEMENT),0.06,True,AR
16-34858-000,10/18/1996,0.0,OTHER(OTHER DOCUMENT),0.06,True,AR
16-34858-000,9/16/1996,0.0,DC(DEATH CERTIFICATE),0.06,True,AR
16-34858-000,2/26/1996,0.0,WD(WARRANTY DEED),0.06,True,AR
16-34858-000,2/21/1996,0.0,TRAG(TRUST AGREEMENT),0.06,True,AR
16-34858-000,2/21/1996,0.0,TRAG(TRUST AGREEMENT),0.06,True,AR
16-34858-000,7/5/1977,53000.0,WD(WARRANTY DEED),0.06,True,AR
16-34859-000,2/22/2022,154000.0,WD(WARRANTY DEED),0.03,True,AR
16-34859-000,12/28/2016,75000.0,WD(WARRANTY DEED),0.03,True,AR
16-34859-000,10/29/2012,0.0,QCD(QUITCLAIM DEED),0.03,True,AR
16-34859-000,1/7/2011,61000.0,WD(WARRANTY DEED),0.03,True,AR
16-34859-000,3/10/2005,75000.0,TRD(TRUSTEES DEED),0.03,True,AR
16-34859-000,6/26/2004,0.0,DC(DEATH CERTIFICATE),0.03,True,AR
16-34859-000,2/12/1998,0.0,WD(WARRANTY DEED),0.03,True,AR
16-34859-000,7/29/1991,50000.0,WD(WARRANTY DEED),0.03,True,AR
16-34859-000,12/15/1989,43000.0,WD(WARRANTY DEED),0.03,True,AR
16-34859-000,9/19/1978,59000.0,WD(WARRANTY DEED),0.03,True,AR
16-34860-000,12/5/2024,0.0,ADHL(AR DEPT OF HEALTH LIST),0.02,True,AR
16-34860-000,12/27/2022,0.0,SWD(SPECIAL WARRANTY DEED),0.02,True,AR
16-34860-000,12/27/2022,0.0,CERT(CERTIFICATE),0.02,True,AR
16-34860-000,10/18/2017,0.0,BD(BENEFICIARY DEED),0.02,True,AR
16-34860-000,10/17/2017,77000.0,WD(WARRANTY DEED),0.02,True,AR
16-34860-000,1/31/1994,48000.0,WD(WARRANTY DEED),0.02,True,AR
16-34860-000,10/21/1992,46000.0,WD(WARRANTY DEED),0.02,True,AR
16-34860-000,4/6/1978,57000.0,WD(WARRANTY DEED),0.02,True,AR
16-34861-000,2/27/2023,185000.0,WD(WARRANTY DEED),0.03,True,AR
16-34861-000,11/15/2022,105000.0,WD(WARRANTY DEED),0.03,True,AR
16-34861-000,2/17/2010,60000.0,WD(WARRANTY DEED),0.03,True,AR
16-34861-000,2/20/2009,40000.0,WD(WARRANTY DEED),0.03,True,AR
16-34861-000,9/11/2008,0.0,WD(WARRANTY DEED),0.03,True,AR
16-34861-000,10/24/2007,0.0,WD(WARRANTY DEED),0.03,True,AR
16-34861-000,10/24/2007,0.0,MTG-D(MORTGAGEE'S DEED),0.03,True,AR
16-34861-000,3/28/2006,84000.0,WD(WARRANTY DEED),0.03,True,AR
16-34861-000,6/29/2004,64000.0,WD(WARRANTY DEED),0.03,True,AR
16-34861-000,6/28/2004,0.0,MEMO(MEMORANDUM),0.03,True,AR
16-34861-000,7/29/1998,0.0,QCD(QUITCLAIM DEED),0.03,True,AR
16-34861-000,8/1/1995,55000.0,WD(WARRANTY DEED),0.03,True,AR
16-34861-000,9/13/1993,52000.0,WD(WARRANTY DEED),0.03,True,AR
16-34861-000,8/1/1990,42000.0,WD(WARRANTY DEED),0.03,True,AR
16-34861-000,9/21/1984,64000.0,WD(WARRANTY DEED),0.03,True,AR
16-34862-000,9/30/2024,275000.0,WD(WARRANTY DEED),0.03,True,AR
16-34862-000,5/19/2023,250000.0,WD(WARRANTY DEED),0.03,True,AR
16-34862-000,5/23/2018,113000.0,WD(WARRANTY DEED),0.03,True,AR
16-34862-000,6/16/2017,0.0,DC(DEATH CERTIFICATE),0.03,True,AR
16-34862-000,8/23/2011,0.0,BD(BENEFICIARY DEED),0.03,True,AR
16-34862-000,8/15/2011,0.0,QCD(QUITCLAIM DEED),0.03,True,AR
16-34862-000,8/25/2000,0.0,QCD(QUITCLAIM DEED),0.03,True,AR
16-34862-000,5/2/1997,64000.0,WD(WARRANTY DEED),0.03,True,AR
16-34862-000,2/5/1997,0.0,QCD(QUITCLAIM DEED),0.03,True,AR
16-34862-000,6/21/1996,59000.0,WD(WARRANTY DEED),0.03,True,AR
16-34862-000,7/5/1990,75000.0,WD(WARRANTY DEED),0.03,True,AR
16-34862-000,8/7/1989,0.0,QCD(QUITCLAIM DEED),0.03,True,AR
16-34862-000,6/3/1982,80000.0,WD(WARRANTY DEED),0.03,True,AR
16-34862-000,1/1/1800,0.0,WD(WARRANTY DEED),0.03,True,AR
16-34863-000,3/5/2020,86000.0,TRWD(TRUSTEES WARRANTY DEED),0.02,True,AR
16-34863-000,4/23/2019,0.0,WD(WARRANTY DEED),0.02,True,AR
16-34863-000,4/23/2019,0.0,CERT(CERTIFICATE),0.02,True,AR
16-34863-000,9/5/2018,0.0,DC(DEATH CERTIFICATE),0.02,True,AR
16-34863-000,9/5/2018,0.0,DC(DEATH CERTIFICATE),0.02,True,AR
16-34863-000,9/5/2018,0.0,DC(DEATH CERTIFICATE),0.02,True,AR
16-34863-000,11/15/2004,62000.0,WD(WARRANTY DEED),0.02,True,AR
16-34863-000,11/20/2001,52000.0,WD(WARRANTY DEED),0.02,True,AR
16-34863-000,4/5/1988,59000.0,WD(WARRANTY DEED),0.02,True,AR
16-34863-000,5/31/1983,55000.0,WD(WARRANTY DEED),0.02,True,AR
16-34864-000,10/23/2020,0.0,QCD(QUITCLAIM DEED),0.02,True,AR
16-34864-000,7/2/2020,107000.0,WD(WARRANTY DEED),0.02,True,AR
16-34864-000,2/12/2007,80000.0,CORRWD(CORRECTED WARRANTY DEED),0.02,True,AR
16-34864-000,1/24/2007,0.0,WD(WARRANTY DEED),0.02,True,AR
16-34864-000,7/21/1998,0.0,RD(REDEMPTION DEED),0.02,True,AR
16-34864-000,7/1/1998,0.0,WD(WARRANTY DEED),0.02,True,AR
16-34864-000,5/15/1998,0.0,WD(WARRANTY DEED),0.02,True,AR
16-34864-000,7/7/1994,59000.0,CWD(CORPORATION WARRANTY DEED),0.02,True,AR
16-34864-000,4/4/1994,58000.0,WD(WARRANTY DEED),0.02,True,AR
16-34864-000,7/1/1991,58000.0,WD(WARRANTY DEED),0.02,True,AR
16-34864-000,8/14/1987,65000.0,WD(WARRANTY DEED),0.02,True,AR
16-34864-000,2/3/1984,65000.0,WD(WARRANTY DEED),0.02,True,AR
16-34865-000,7/16/2021,165000.0,WD(WARRANTY DEED),0.03,True,AR
16-34865-000,9/19/2017,123000.0,TRWD(TRUSTEES WARRANTY DEED),0.03,True,AR
16-34865-000,7/21/2017,0.0,AFF(AFFIDAVIT),0.03,True,AR
16-34865-000,7/21/2017,0.0,AFF(AFFIDAVIT),0.03,True,AR
16-34865-000,9/10/2007,0.0,DEED(GRANT DEED),0.03,True,AR
16-34865-000,4/5/1993,66000.0,WD(WARRANTY DEED),0.03,True,AR
16-34865-000,7/13/1977,56000.0,WD(WARRANTY DEED),0.03,True,AR
16-34866-000,4/23/2019,0.0,WD(WARRANTY DEED),0.07,True,AR
16-34866-000,4/23/2019,0.0,CERT(CERTIFICATE),0.07,True,AR
16-34866-000,9/5/2018,0.0,DC(DEATH CERTIFICATE),0.07,True,AR
16-34866-000,9/5/2018,0.0,DC(DEATH CERTIFICATE),0.07,True,AR
16-34866-000,9/5/2018,0.0,DC(DEATH CERTIFICATE),0.07,True,AR
16-34866-000,3/26/2003,75000.0,WD(WARRANTY DEED),0.07,True,AR
16-34866-000,7/7/2002,0.0,DC(DEATH CERTIFICATE),0.07,True,AR
16-34866-000,7/5/1977,64000.0,WD(WARRANTY DEED),0.07,True,AR
16-34867-000,11/17/2022,215000.0,TRWD(TRUSTEES WARRANTY DEED),0.06,True,AR
16-34867-000,11/16/2022,0.0,AFF(AFFIDAVIT),0.06,True,AR
16-34867-000,6/25/2020,0.0,FD(FIDUCIARY DEED),0.06,True,AR
16-34867-000,6/8/2020,0.0,TRAG(TRUST AGREEMENT),0.06,True,AR
16-34867-000,6/8/2020,112000.0,TRWD(TRUSTEES WARRANTY DEED),0.06,True,AR
16-34867-000,12/20/2019,0.0,FD(FIDUCIARY DEED),0.06,True,AR
16-34867-000,2/26/2019,0.0,OR(ORDER),0.06,True,AR
16-34867-000,9/5/2018,0.0,DC(DEATH CERTIFICATE),0.06,True,AR
16-34867-000,9/5/2018,0.0,DC(DEATH CERTIFICATE),0.06,True,AR
16-34867-000,9/5/2018,0.0,DC(DEATH CERTIFICATE),0.06,True,AR
16-34867-000,8/16/2012,0.0,SWD(SPECIAL WARRANTY DEED),0.06,True,AR
16-34867-000,3/8/2012,0.0,WD(WARRANTY DEED),0.06,True,AR
16-34867-000,7/1/2002,86000.0,WD(WARRANTY DEED),0.06,True,AR
16-34867-000,7/7/1995,0.0,QCD(QUITCLAIM DEED),0.06,True,AR
16-34867-000,7/6/1995,0.0,TRAG(TRUST AGREEMENT),0.06,True,AR
16-34867-000,6/16/1986,0.0,DC(DEATH CERTIFICATE),0.06,True,AR
16-34867-000,6/16/1986,0.0,DC(DEATH CERTIFICATE),0.06,True,AR
16-34867-000,10/30/1985,59000.0,WD(WARRANTY DEED),0.06,True,AR
16-35323-000,4/11/2018,0.0,BD(BENEFICIARY DEED),0.2,True,AR
16-35323-000,4/9/2018,172000.0,WD(WARRANTY DEED),0.2,True,AR
16-35323-000,3/13/2015,0.0,BD(BENEFICIARY DEED),0.2,True,AR
16-35323-000,2/3/2014,0.0,DC(DEATH CERTIFICATE),0.2,True,AR
16-35323-000,4/5/2013,162000.0,WD(WARRANTY DEED),0.2,True,AR
16-35323-000,2/10/2012,0.0,TRD(TRUSTEES DEED),0.2,True,AR
16-35323-000,12/9/2005,0.0,POA(POWER OF ATTORNEY),0.2,True,AR
16-35323-000,6/9/2005,0.0,CERT(CERTIFICATE),0.2,True,AR
16-35323-000,6/9/2005,0.0,CERT(CERTIFICATE),0.2,True,AR
16-35323-000,6/24/2003,0.0,DC(DEATH CERTIFICATE),0.2,True,AR
16-35323-000,12/10/1990,0.0,WD(WARRANTY DEED),0.2,True,AR
16-35323-000,1/2/1986,135000.0,WD(WARRANTY DEED),0.2,True,AR
16-35324-000,5/14/2020,0.0,QCD(QUITCLAIM DEED),0.09,True,MO
16-35324-000,3/5/2020,175000.0,TRWD(TRUSTEES WARRANTY DEED),0.09,True,MO
16-35324-000,5/5/2014,0.0,WD(WARRANTY DEED),0.09,True,MO
16-35324-000,5/5/2014,0.0,CERT(CERTIFICATE),0.09,True,MO
16-35324-000,9/5/2013,146000.0,WD(WARRANTY DEED),0.09,True,MO
16-35324-000,4/17/2013,0.0,WD(WARRANTY DEED),0.09,True,MO
16-35324-000,4/17/2013,0.0,CERT(CERTIFICATE),0.09,True,MO
16-35324-000,1/16/2004,0.0,DC(DEATH CERTIFICATE),0.09,True,MO
16-35324-000,1/16/2004,0.0,QCD(QUITCLAIM DEED),0.09,True,MO
16-35324-000,3/20/1996,0.0,WD(WARRANTY DEED),0.09,True,MO
16-35324-000,9/13/1994,0.0,WD(WARRANTY DEED),0.09,True,MO
16-35324-000,7/13/1990,122000.0,WD(WARRANTY DEED),0.09,True,MO
16-35324-000,9/16/1986,137000.0,WD(WARRANTY DEED),0.09,True,MO
16-35325-000,7/22/2015,163000.0,WD(WARRANTY DEED),0.11,True,AR
16-35325-000,6/5/2014,0.0,TRAG(TRUST AGREEMENT),0.11,True,AR
16-35325-000,5/13/2011,157000.0,WD(WARRANTY DEED),0.11,True,AR
16-35325-000,5/13/2011,0.0,CERT(CERTIFICATE),0.11,True,AR
16-35325-000,7/21/2004,153000.0,WD(WARRANTY DEED),0.11,True,AR
16-35325-000,3/19/1996,140000.0,WD(WARRANTY DEED),0.11,True,AR
16-35325-000,9/30/1987,0.0,WD(WARRANTY DEED),0.11,True,AR
16-35325-000,1/2/1986,131000.0,WD(WARRANTY DEED),0.11,True,AR
16-35326-000,8/8/2019,167000.0,WD(WARRANTY DEED),0.1,True,AR
16-35326-000,6/15/2012,149000.0,WD(WARRANTY DEED),0.1,True,AR
16-35326-000,8/21/2006,0.0,CERT(CERTIFICATE),0.1,True,AR
16-35326-000,9/4/1996,136000.0,WD(WARRANTY DEED),0.1,True,AR
16-35326-000,11/2/1990,125000.0,WD(WARRANTY DEED),0.1,True,AR
16-35326-000,4/4/1986,141000.0,WD(WARRANTY DEED),0.1,True,AR
16-35327-000,11/20/2023,288000.0,TRWD(TRUSTEES WARRANTY DEED),0.11,True,AR
16-35327-000,11/20/2023,0.0,CERT(CERTIFICATE),0.11,True,AR
16-35327-000,2/19/2019,195000.0,WD(WARRANTY DEED),0.11,True,AR
16-35327-000,11/5/2007,163000.0,WD(WARRANTY DEED),0.11,True,AR
16-35327-000,10/5/2004,0.0,QCD(QUITCLAIM DEED),0.11,True,AR
16-35327-000,7/7/2000,150000.0,WD(WARRANTY DEED),0.11,True,AR
16-35327-000,9/1/1998,149000.0,WD(WARRANTY DEED),0.11,True,AR
16-35327-000,2/28/1997,147000.0,WD(WARRANTY DEED),0.11,True,AR
16-35327-000,10/16/1995,140000.0,WD(WARRANTY DEED),0.11,True,AR
16-35327-000,1/14/1988,0.0,WD(WARRANTY DEED),0.11,True,AR
16-35327-000,10/5/1987,110000.0,WD(WARRANTY DEED),0.11,True,AR
16-35327-000,4/4/1986,163000.0,WD(WARRANTY DEED),0.11,True,AR
16-35328-000,10/13/2021,0.0,BD(BENEFICIARY DEED),0.06,True,AR
16-35328-000,7/6/2021,228000.0,WD(WARRANTY DEED),0.06,True,AR
16-35328-000,10/29/2013,115000.0,WD(WARRANTY DEED),0.06,True,AR
16-35328-000,9/3/2013,0.0,CERT(CERTIFICATE),0.06,True,AR
16-35328-000,9/26/2005,0.0,WD(WARRANTY DEED),0.06,True,AR
16-35328-000,8/30/2005,0.0,CERT(CERTIFICATE),0.06,True,AR
16-35328-000,6/18/1987,0.0,DC(DEATH CERTIFICATE),0.06,True,AR
16-35328-000,1/8/1987,125000.0,WD(WARRANTY DEED),0.06,True,AR
16-35329-000,12/14/2015,133000.0,WD(WARRANTY DEED),0.06,True,AR
16-35329-000,12/1/2014,0.0,OTHER(OTHER DOCUMENT),0.06,True,AR
16-35329-000,4/17/2013,125000.0,WD(WARRANTY DEED),0.06,True,AR
16-35329-000,9/27/2008,150000.0,WD(WARRANTY DEED),0.06,True,AR
16-35329-000,2/4/2000,107000.0,WD(WARRANTY DEED),0.06,True,AR
16-35329-000,2/23/1995,108000.0,WD(WARRANTY DEED),0.06,True,AR
16-35329-000,7/23/1987,59500.0,WD(WARRANTY DEED),0.06,True,AR
16-35330-000,12/7/2021,0.0,CERT(CERTIFICATE),0.06,True,AR
16-35330-000,2/3/2014,0.0,WD(WARRANTY DEED),0.06,True,AR
16-35330-000,2/3/2014,0.0,CERT(CERTIFICATE),0.06,True,AR
16-35330-000,5/3/2013,110000.0,WD(WARRANTY DEED),0.06,True,AR
16-35330-000,5/1/2013,0.0,QCD(QUITCLAIM DEED),0.06,True,AR
16-35330-000,4/20/2013,0.0,OTHER(OTHER DOCUMENT),0.06,True,AR
16-35330-000,1/21/2010,0.0,WD(WARRANTY DEED),0.06,True,AR
16-35330-000,1/21/2010,0.0,TRAG(TRUST AGREEMENT),0.06,True,AR
16-35330-000,1/12/2006,140000.0,WD(WARRANTY DEED),0.06,True,AR
16-35330-000,10/21/1996,119000.0,WD(WARRANTY DEED),0.06,True,AR
16-35330-000,4/13/1993,110000.0,WD(WARRANTY DEED),0.06,True,AR
16-35330-000,6/7/1988,0.0,WD(WARRANTY DEED),0.06,True,AR
16-35330-000,10/14/1986,124000.0,WD(WARRANTY DEED),0.06,True,AR
16-35331-000,11/27/2023,235000.0,TRWD(TRUSTEES WARRANTY DEED),0.06,True,OK
16-35331-000,11/27/2023,0.0,CERT(CERTIFICATE),0.06,True,OK
16-35331-000,8/8/2023,0.0,DC(DEATH CERTIFICATE),0.06,True,OK
16-35331-000,11/27/2017,0.0,CERT(CERTIFICATE),0.06,True,OK
16-35331-000,5/12/2017,0.0,CERT(CERTIFICATE),0.06,True,OK
16-35331-000,8/24/2011,0.0,CERT(CERTIFICATE),0.06,True,OK
16-35331-000,4/28/2004,113000.0,WD(WARRANTY DEED),0.06,True,OK
16-35331-000,6/28/1999,0.0,OR(ORDER),0.06,True,OK
16-35331-000,6/7/1999,108000.0,EXD(EXECUTOR-EXECUTRIX DEED),0.06,True,OK
16-35331-000,6/7/1999,168000.0,EXD(EXECUTOR-EXECUTRIX DEED),0.06,True,OK
16-35331-000,11/10/1998,40000.0,TRWD(TRUSTEES WARRANTY DEED),0.06,True,OK
16-35331-000,7/15/1998,0.0,DC(DEATH CERTIFICATE),0.06,True,OK
16-35331-000,3/28/1997,0.0,WD(WARRANTY DEED),0.06,True,OK
16-35331-000,3/28/1997,0.0,CERT(CERTIFICATE),0.06,True,OK
16-35331-000,6/20/1996,0.0,POA(POWER OF ATTORNEY),0.06,True,OK
16-35331-000,12/12/1985,0.0,ML(MARRIAGE LICENSE),0.06,True,OK
16-35331-000,12/12/1985,137000.0,WD(WARRANTY DEED),0.06,True,OK
16-35332-000,9/10/2018,0.0,FD(FIDUCIARY DEED),0.09,True,IA
16-35332-000,12/17/2015,0.0,WD(WARRANTY DEED),0.09,True,IA
16-35332-000,5/30/1997,140000.0,WD(WARRANTY DEED),0.09,True,IA
16-35332-000,12/20/1988,130000.0,WD(WARRANTY DEED),0.09,True,IA
16-35332-000,4/11/1986,127000.0,WD(WARRANTY DEED),0.09,True,IA
16-35333-000,4/3/2013,0.0,QCD(QUITCLAIM DEED),0.06,True,AR
16-35333-000,9/21/2012,113000.0,WD(WARRANTY DEED),0.06,True,AR
16-35333-000,9/22/1994,0.0,WD(WARRANTY DEED),0.06,True,AR
16-35333-000,8/26/1993,109000.0,WD(WARRANTY DEED),0.06,True,AR
16-35333-000,10/16/1987,118000.0,WD(WARRANTY DEED),0.06,True,AR
16-35334-000,5/28/2021,0.0,BD(BENEFICIARY DEED),0.06,True,AR
16-35334-000,8/10/2020,190000.0,WD(WARRANTY DEED),0.06,True,AR
16-35334-000,5/15/2015,115000.0,WD(WARRANTY DEED),0.06,True,AR
16-35334-000,9/6/1994,0.0,QCD(QUITCLAIM DEED),0.06,True,AR
16-35334-000,1/13/1994,0.0,TRAG(TRUST AGREEMENT),0.06,True,AR
16-35334-000,5/22/1992,132000.0,WD(WARRANTY DEED),0.06,True,AR
16-35334-000,12/15/1986,131000.0,WD(WARRANTY DEED),0.06,True,AR
16-35335-000,5/18/2021,248000.0,WD(WARRANTY DEED),0.08,True,AR
16-35335-000,2/10/2021,0.0,CERT(CERTIFICATE),0.08,True,AR
16-35335-000,1/15/2021,0.0,DC(DEATH CERTIFICATE),0.08,True,AR
16-35335-000,11/27/2017,0.0,CERT(CERTIFICATE),0.08,True,AR
16-35335-000,7/15/2013,0.0,CERT(CERTIFICATE),0.08,True,AR
16-35335-000,11/5/2009,0.0,CERT(CERTIFICATE),0.08,True,AR
16-35335-000,9/7/2009,0.0,WD(WARRANTY DEED),0.08,True,AR
16-35335-000,7/17/2009,0.0,WD(WARRANTY DEED),0.08,True,AR
16-35335-000,6/25/2009,0.0,QCD(QUITCLAIM DEED),0.08,True,AR
16-35335-000,8/15/2007,0.0,WD(WARRANTY DEED),0.08,True,AR
16-35335-000,8/15/2007,0.0,WD(WARRANTY DEED),0.08,True,AR
16-35335-000,7/24/2007,220000.0,WD(WARRANTY DEED),0.08,True,AR
16-35335-000,1/13/2004,185000.0,WD(WARRANTY DEED),0.08,True,AR
16-35335-000,2/1/2002,155000.0,WD(WARRANTY DEED),0.08,True,AR
16-35335-000,2/1/2002,0.0,DC(DEATH CERTIFICATE),0.08,True,AR
16-35335-000,10/1/2001,0.0,WD(WARRANTY DEED),0.08,True,AR
16-35335-000,10/1/2001,0.0,CERT(CERTIFICATE),0.08,True,AR
16-35335-000,8/26/1998,147000.0,WD(WARRANTY DEED),0.08,True,AR
16-35335-000,9/12/1995,0.0,WD(WARRANTY DEED),0.08,True,AR
16-35335-000,9/12/1995,0.0,CERT(CERTIFICATE),0.08,True,AR
16-35335-000,6/25/1986,160000.0,WD(WARRANTY DEED),0.08,True,AR
16-35336-000,8/2/2019,173000.0,WD(WARRANTY DEED),0.06,True,AR
16-35336-000,11/7/2014,100000.0,WD(WARRANTY DEED),0.06,True,AR
16-35336-000,8/21/2014,0.0,TRAG(TRUST AGREEMENT),0.06,True,AR
16-35336-000,6/14/2011,0.0,WD(WARRANTY DEED),0.06,True,AR
16-35336-000,8/9/2001,0.0,DC(DEATH CERTIFICATE),0.06,True,AR
16-35336-000,10/27/1995,0.0,WD(WARRANTY DEED),0.06,True,AR
16-35336-000,10/27/1995,0.0,TRAG(TRUST AGREEMENT),0.06,True,AR
16-35336-000,8/1/1995,118000.0,WD(WARRANTY DEED),0.06,True,AR
16-35336-000,4/4/1986,135000.0,WD(WARRANTY DEED),0.06,True,AR
16-35337-000,2/17/2017,0.0,BD(BENEFICIARY DEED),0.06,True,AR
16-35337-000,2/15/2017,149000.0,WD(WARRANTY DEED),0.06,True,AR
16-35337-000,3/21/2016,144000.0,WD(WARRANTY DEED),0.06,True,AR
16-35337-000,3/30/2006,154000.0,WD(WARRANTY DEED),0.06,True,AR
16-35337-000,2/10/2006,250000.0,WD(WARRANTY DEED),0.06,True,AR
16-35337-000,12/29/2005,0.0,DC(DEATH CERTIFICATE),0.06,True,AR
16-35337-000,9/2/1988,102000.0,WD(WARRANTY DEED),0.06,True,AR
16-35337-000,4/4/1986,73000.0,WD(WARRANTY DEED),0.06,True,AR
16-35338-000,5/7/2021,0.0,DC(DEATH CERTIFICATE),0.08,True,AR
16-35338-000,8/6/2018,0.0,CERT(CERTIFICATE),0.08,True,AR
16-35338-000,4/26/2006,180000.0,WD(WARRANTY DEED),0.08,True,AR
16-35338-000,2/10/2006,250000.0,WD(WARRANTY DEED),0.08,True,AR
16-35338-000,12/29/2005,0.0,DC(DEATH CERTIFICATE),0.08,True,AR
16-35338-000,4/4/1986,149000.0,WD(WARRANTY DEED),0.08,True,AR
16-35339-000,5/7/1987,0.0,WD(WARRANTY DEED),4.23,False,AR
16-35339-001,5/7/1987,0.0,WD(WARRANTY DEED),0.7,False,AR
16-40213-000,10/23/2020,405000.0,SWD(SPECIAL WARRANTY DEED),0.51,True,AR
16-40213-000,12/30/1997,0.0,WD(WARRANTY DEED),0.51,True,AR
16-40214-000,10/12/2022,0.0,QCD(QUITCLAIM DEED),0.69,True,AR
16-40214-000,8/30/2019,0.0,WD(WARRANTY DEED),0.69,True,AR
16-40214-000,6/22/2007,650000.0,WD(WARRANTY DEED),0.69,True,AR
16-40214-000,6/22/2007,0.0,QCD(QUITCLAIM DEED),0.69,True,AR
16-40216-000,7/2/2013,0.0,QCD(QUITCLAIM DEED),5.97,True,AR
16-40216-000,12/30/1997,0.0,WD(WARRANTY DEED),5.97,True,AR
16-40221-800,8/12/2016,0.0,QCD(QUITCLAIM DEED),0.25,True,AR
16-40221-800,12/30/1997,0.0,WD(WARRANTY DEED),0.25,True,AR
16-40221-800,1/10/1997,0.0,SWD(SPECIAL WARRANTY DEED),0.25,True,AR
16-40221-801,12/21/2009,0.0,QCD(QUITCLAIM DEED),3.51,False,AR
16-40221-801,12/20/2000,0.0,QCD(QUITCLAIM DEED),3.51,False,AR
16-40221-801,5/14/1999,175000.0,CWD(CORPORATION WARRANTY DEED),3.51,False,AR
16-40221-801,5/14/1999,0.0,QCD(QUITCLAIM DEED),3.51,False,AR
16-40221-801,12/30/1997,0.0,WD(WARRANTY DEED),3.51,False,AR
16-40221-802,2/12/2016,525000.0,SWD(SPECIAL WARRANTY DEED),1.23,True,AR
16-40221-802,9/22/2008,0.0,DEED(GRANT DEED),1.23,True,AR
16-40221-802,5/14/1999,175000.0,CWD(CORPORATION WARRANTY DEED),1.23,True,AR
16-40221-802,5/14/1999,0.0,QCD(QUITCLAIM DEED),1.23,True,AR
16-40221-803,1/31/2013,925000.0,SWD(SPECIAL WARRANTY DEED),1.43,True,IA
16-40221-803,1/31/2013,0.0,SWD(SPECIAL WARRANTY DEED),1.43,True,IA
16-40221-803,12/19/2000,0.0,QCD(QUITCLAIM DEED),1.43,True,IA
16-40221-900,12/22/2010,0.0,QCD(QUITCLAIM DEED),1.41,False,AR
16-40221-900,12/30/1997,0.0,WD(WARRANTY DEED),1.41,False,AR
16-40221-900,12/19/1997,0.0,SWD(SPECIAL WARRANTY DEED),1.41,False,AR
16-40221-900,1/10/1997,0.0,SWD(SPECIAL WARRANTY DEED),1.41,False,AR
16-40826-061,12/20/2021,0.0,QCD(QUITCLAIM DEED),0.05,True,NC
16-40826-061,10/14/2021,0.0,QCD(QUITCLAIM DEED),0.05,True,NC
16-40826-061,9/26/2012,0.0,QCD(QUITCLAIM DEED),0.05,True,NC
16-40826-061,10/6/2000,0.0,QCD(QUITCLAIM DEED),0.05,True,NC
16-40826-062,12/20/2021,0.0,QCD(QUITCLAIM DEED),0.05,True,NC
16-40826-062,10/14/2021,0.0,QCD(QUITCLAIM DEED),0.05,True,NC
16-40826-062,9/26/2012,0.0,QCD(QUITCLAIM DEED),0.05,True,NC
16-40826-062,10/6/2000,0.0,QCD(QUITCLAIM DEED),0.05,True,NC
16-40826-063,12/20/2021,0.0,QCD(QUITCLAIM DEED),0.04,True,NC
16-40826-063,10/14/2021,0.0,QCD(QUITCLAIM DEED),0.04,True,NC
16-40826-063,9/26/2012,0.0,QCD(QUITCLAIM DEED),0.04,True,NC
16-40826-063,10/6/2000,0.0,QCD(QUITCLAIM DEED),0.04,True,NC
16-40826-064,12/20/2021,0.0,QCD(QUITCLAIM DEED),0.04,True,NC
16-40826-064,10/14/2021,0.0,QCD(QUITCLAIM DEED),0.04,True,NC
16-40826-064,9/26/2012,0.0,QCD(QUITCLAIM DEED),0.04,True,NC
16-40826-064,10/6/2000,0.0,QCD(QUITCLAIM DEED),0.04,True,NC
16-40826-065,12/20/2021,0.0,QCD(QUITCLAIM DEED),0.05,True,NC
16-40826-065,10/14/2021,0.0,QCD(QUITCLAIM DEED),0.05,True,NC
16-40826-065,9/26/2012,0.0,QCD(QUITCLAIM DEED),0.05,True,NC
16-40826-065,10/6/2000,0.0,QCD(QUITCLAIM DEED),0.05,True,NC
16-40826-066,12/20/2021,0.0,QCD(QUITCLAIM DEED),0.05,True,NC
16-40826-066,10/14/2021,0.0,QCD(QUITCLAIM DEED),0.05,True,NC
16-40826-066,9/26/2012,0.0,QCD(QUITCLAIM DEED),0.05,True,NC
16-40826-066,10/6/2000,0.0,QCD(QUITCLAIM DEED),0.05,True,NC
16-40827-245,12/20/2021,0.0,QCD(QUITCLAIM DEED),0.04,True,NC
16-40827-245,10/14/2021,0.0,QCD(QUITCLAIM DEED),0.04,True,NC
16-40827-245,9/26/2012,0.0,QCD(QUITCLAIM DEED),0.04,True,NC
16-40827-245,10/6/2000,0.0,QCD(QUITCLAIM DEED),0.04,True,NC
16-40827-246,12/20/2021,0.0,QCD(QUITCLAIM DEED),0.04,True,NC
16-40827-246,10/14/2021,0.0,QCD(QUITCLAIM DEED),0.04,True,NC
16-40827-246,9/26/2012,0.0,QCD(QUITCLAIM DEED),0.04,True,NC
16-40827-246,10/6/2000,0.0,QCD(QUITCLAIM DEED),0.04,True,NC
16-40827-247,12/20/2021,0.0,QCD(QUITCLAIM DEED),0.04,True,NC
16-40827-247,10/14/2021,0.0,QCD(QUITCLAIM DEED),0.04,True,NC
16-40827-247,9/26/2012,0.0,QCD(QUITCLAIM DEED),0.04,True,NC
16-40827-247,10/6/2000,0.0,QCD(QUITCLAIM DEED),0.04,True,NC
16-40827-248,12/20/2021,0.0,QCD(QUITCLAIM DEED),0.04,True,NC
16-40827-248,10/14/2021,0.0,QCD(QUITCLAIM DEED),0.04,True,NC
16-40827-248,9/26/2012,0.0,QCD(QUITCLAIM DEED),0.04,True,NC
16-40827-248,10/6/2000,0.0,QCD(QUITCLAIM DEED),0.04,True,NC
16-40827-251,12/20/2021,0.0,QCD(QUITCLAIM DEED),0.04,True,NC
16-40827-251,10/14/2021,0.0,QCD(QUITCLAIM DEED),0.04,True,NC
16-40827-251,9/26/2012,0.0,QCD(QUITCLAIM DEED),0.04,True,NC
16-40827-251,10/6/2000,0.0,QCD(QUITCLAIM DEED),0.04,True,NC
16-40827-252,12/20/2021,0.0,QCD(QUITCLAIM DEED),0.04,True,NC
16-40827-252,10/14/2021,0.0,QCD(QUITCLAIM DEED),0.04,True,NC
16-40827-252,9/26/2012,0.0,QCD(QUITCLAIM DEED),0.04,True,NC
16-40827-252,10/6/2000,0.0,QCD(QUITCLAIM DEED),0.04,True,NC
16-40827-253,12/20/2021,0.0,QCD(QUITCLAIM DEED),0.04,True,NC
16-40827-253,10/14/2021,0.0,QCD(QUITCLAIM DEED),0.04,True,NC
16-40827-253,9/26/2012,0.0,QCD(QUITCLAIM DEED),0.04,True,NC
16-40827-253,10/6/2000,0.0,QCD(QUITCLAIM DEED),0.04,True,NC
16-40827-254,12/20/2021,0.0,QCD(QUITCLAIM DEED),0.04,True,NC
16-40827-254,10/14/2021,0.0,QCD(QUITCLAIM DEED),0.04,True,NC
16-40827-254,9/26/2012,0.0,QCD(QUITCLAIM DEED),0.04,True,NC
16-40827-254,10/6/2000,0.0,QCD(QUITCLAIM DEED),0.04,True,NC
16-40827-255,12/20/2021,0.0,QCD(QUITCLAIM DEED),0.04,True,NC
16-40827-255,10/14/2021,0.0,QCD(QUITCLAIM DEED),0.04,True,NC
16-40827-255,9/26/2012,0.0,QCD(QUITCLAIM DEED),0.04,True,NC
16-40827-255,10/6/2000,0.0,QCD(QUITCLAIM DEED),0.04,True,NC
16-40827-256,12/20/2021,0.0,QCD(QUITCLAIM DEED),0.04,True,NC
16-40827-256,10/14/2021,0.0,QCD(QUITCLAIM DEED),0.04,True,NC
16-40827-256,9/26/2012,0.0,QCD(QUITCLAIM DEED),0.04,True,NC
16-40827-256,10/6/2000,0.0,QCD(QUITCLAIM DEED),0.04,True,NC
16-40837-000,12/20/2021,0.0,QCD(QUITCLAIM DEED),4.52,True,NC
16-40837-000,12/20/2021,0.0,QCD(QUITCLAIM DEED),4.52,True,NC
16-40837-000,10/14/2021,0.0,QCD(QUITCLAIM DEED),4.52,True,NC
16-40837-000,12/18/2020,0.0,SWD(SPECIAL WARRANTY DEED),4.52,True,NC
16-40837-000,1/21/2013,146000.0,SWD(SPECIAL WARRANTY DEED),4.52,True,NC
16-40837-000,10/6/2000,0.0,QCD(QUITCLAIM DEED),4.52,True,NC
16-40838-000,12/20/2021,0.0,QCD(QUITCLAIM DEED),0.3,False,NC
16-40838-000,10/14/2021,0.0,QCD(QUITCLAIM DEED),0.3,False,NC
16-40838-000,9/26/2012,0.0,QCD(QUITCLAIM DEED),0.3,False,NC
16-40838-000,9/26/2012,0.0,QCD(QUITCLAIM DEED),0.3,False,NC
16-40838-000,10/6/2000,0.0,QCD(QUITCLAIM DEED),0.3,False,NC
16-40838-001,12/20/2021,0.0,QCD(QUITCLAIM DEED),0.51,False,NC
16-40838-001,10/14/2021,0.0,QCD(QUITCLAIM DEED),0.51,False,NC
16-40838-001,9/26/2012,0.0,QCD(QUITCLAIM DEED),0.51,False,NC
16-40838-001,10/6/2000,0.0,QCD(QUITCLAIM DEED),0.51,False,NC
16-40839-000,12/20/2021,0.0,QCD(QUITCLAIM DEED),0.9,True,AR
16-40839-000,10/14/2021,0.0,QCD(QUITCLAIM DEED),0.9,True,AR
16-40839-000,12/18/2020,0.0,PP(PARENT PARCEL (FOR SPLIT)),0.9,True,AR
16-40839-000,9/26/2012,0.0,QCD(QUITCLAIM DEED),0.9,True,AR
16-40839-000,10/6/2000,0.0,QCD(QUITCLAIM DEED),0.9,True,AR
16-40839-001,12/20/2021,0.0,QCD(QUITCLAIM DEED),0.13,False,NC
16-40839-001,12/20/2021,0.0,QCD(QUITCLAIM DEED),0.13,False,NC
16-40839-001,10/14/2021,0.0,QCD(QUITCLAIM DEED),0.13,False,NC
16-40839-001,12/18/2020,0.0,SWD(SPECIAL WARRANTY DEED),0.13,False,NC
16-40839-001,10/6/2000,0.0,QCD(QUITCLAIM DEED),0.13,False,NC
16-70323-001,12/21/2009,0.0,QCD(QUITCLAIM DEED),1.49,False,AR
16-70323-002,12/29/1986,0.0,WD(WARRANTY DEED),5.04,False,AR
16-70323-003,12/20/2021,0.0,QCD(QUITCLAIM DEED),0.64,False,AR
16-70323-003,10/14/2021,0.0,QCD(QUITCLAIM DEED),0.64,False,AR
16-70323-003,12/22/2010,0.0,QCD(QUITCLAIM DEED),0.64,False,AR
16-70323-004,10/27/2017,2647000.0,SWD(SPECIAL WARRANTY DEED),1.53,False,AR
16-70323-004,12/21/2009,0.0,QCD(QUITCLAIM DEED),1.53,False,AR
16-70323-005,12/29/1986,0.0,WD(WARRANTY DEED),2.89,False,AR
16-70323-006,12/21/2009,0.0,QCD(QUITCLAIM DEED),0.7,False,AR
16-70324-000,12/21/2009,0.0,QCD(QUITCLAIM DEED),114.15,True,AR
16-70324-000,12/29/1986,0.0,SWD(SPECIAL WARRANTY DEED),114.15,True,AR
16-70324-000,12/29/1986,0.0,OTHER(OTHER DOCUMENT),114.15,True,AR
16-70324-000,12/29/1986,0.0,SWD(SPECIAL WARRANTY DEED),114.15,True,AR
16-70324-000,12/29/1986,0.0,OTHER(OTHER DOCUMENT),114.15,True,AR
16-70325-000,12/21/1973,0.0,WD(WARRANTY DEED),1.28,False,AR
